sample_id,building_id,date,class_id,class_name,window_start,window_end,window_days,constant_hours,ledoit_wolf_shrinkage,image_path
BN056_2019-07-31,BN056,2019-07-31,1,typical,2019-07-25,2019-07-31,7,0,0.2763054829352616,images/typical/BN056/2019-07-31.png
BN056_2019-08-01,BN056,2019-08-01,1,typical,2019-07-26,2019-08-01,7,0,0.22024680531790716,images/typical/BN056/2019-08-01.png
BN056_2019-08-02,BN056,2019-08-02,1,typical,2019-07-27,2019-08-02,7,0,0.28813374860823315,images/typical/BN056/2019-08-02.png
BN056_2019-08-03,BN056,2019-08-03,1,typical,2019-07-28,2019-08-03,7,0,0.2634348235307937,images/typical/BN056/2019-08-03.png
BN056_2019-08-04,BN056,2019-08-04,1,typical,2019-07-29,2019-08-04,7,0,0.2542830107992384,images/typical/BN056/2019-08-04.png
BN056_2019-08-05,BN056,2019-08-05,1,typical,2019-07-30,2019-08-05,7,0,0.2556366227145924,images/typical/BN056/2019-08-05.png
BN056_2019-08-06,BN056,2019-08-06,1,typical,2019-07-31,2019-08-06,7,0,0.4092460515147395,images/typical/BN056/2019-08-06.png
BN056_2019-08-07,BN056,2019-08-07,1,typical,2019-08-01,2019-08-07,7,0,0.4034359505415004,images/typical/BN056/2019-08-07.png
BN056_2019-08-08,BN056,2019-08-08,1,typical,2019-08-02,2019-08-08,7,0,0.39644175480046484,images/typical/BN056/2019-08-08.png
BN056_2019-08-09,BN056,2019-08-09,1,typical,2019-08-03,2019-08-09,7,0,0.40511424504599425,images/typical/BN056/2019-08-09.png
BN056_2019-08-10,BN056,2019-08-10,2,peak dominant,2019-08-04,2019-08-10,7,0,0.42234517188977394,images/peak_dominant/BN056/2019-08-10.png
BN056_2019-08-11,BN056,2019-08-11,2,peak dominant,2019-08-05,2019-08-11,7,0,0.2492359027896904,images/peak_dominant/BN056/2019-08-11.png
BN056_2019-08-12,BN056,2019-08-12,1,typical,2019-08-06,2019-08-12,7,0,0.21960283778306544,images/typical/BN056/2019-08-12.png
BN056_2019-08-13,BN056,2019-08-13,1,typical,2019-08-07,2019-08-13,7,0,0.1908317348116058,images/typical/BN056/2019-08-13.png
BN056_2019-08-14,BN056,2019-08-14,1,typical,2019-08-08,2019-08-14,7,0,0.17010664976733614,images/typical/BN056/2019-08-14.png
BN056_2019-08-15,BN056,2019-08-15,1,typical,2019-08-09,2019-08-15,7,0,0.1626735545391081,images/typical/BN056/2019-08-15.png
BN056_2019-08-16,BN056,2019-08-16,1,typical,2019-08-10,2019-08-16,7,0,0.15444961194191828,images/typical/BN056/2019-08-16.png
BN056_2019-08-17,BN056,2019-08-17,1,typical,2019-08-11,2019-08-17,7,0,0.2494509541191124,images/typical/BN056/2019-08-17.png
BN056_2019-08-18,BN056,2019-08-18,2,peak dominant,2019-08-12,2019-08-18,7,0,0.229315862703403,images/peak_dominant/BN056/2019-08-18.png
BN056_2019-08-19,BN056,2019-08-19,1,typical,2019-08-13,2019-08-19,7,0,0.23646101286889712,images/typical/BN056/2019-08-19.png
BN056_2019-08-20,BN056,2019-08-20,1,typical,2019-08-14,2019-08-20,7,0,0.23044728459122193,images/typical/BN056/2019-08-20.png
BN056_2019-08-21,BN056,2019-08-21,1,typical,2019-08-15,2019-08-21,7,0,0.22418683643095055,images/typical/BN056/2019-08-21.png
BN056_2019-08-22,BN056,2019-08-22,1,typical,2019-08-16,2019-08-22,7,0,0.20245198778236473,images/typical/BN056/2019-08-22.png
BN056_2019-08-23,BN056,2019-08-23,1,typical,2019-08-17,2019-08-23,7,0,0.19378876457141556,images/typical/BN056/2019-08-23.png
BN056_2019-08-24,BN056,2019-08-24,1,typical,2019-08-18,2019-08-24,7,0,0.215073416931172,images/typical/BN056/2019-08-24.png
BN056_2019-08-25,BN056,2019-08-25,1,typical,2019-08-19,2019-08-25,7,0,0.13927759365493406,images/typical/BN056/2019-08-25.png
BN056_2019-08-26,BN056,2019-08-26,1,typical,2019-08-20,2019-08-26,7,0,0.1256489798076826,images/typical/BN056/2019-08-26.png
BN056_2019-08-27,BN056,2019-08-27,2,peak dominant,2019-08-21,2019-08-27,7,0,0.13683343857423774,images/peak_dominant/BN056/2019-08-27.png
BN056_2019-08-28,BN056,2019-08-28,1,typical,2019-08-22,2019-08-28,7,0,0.23400872976307185,images/typical/BN056/2019-08-28.png
BN056_2019-08-29,BN056,2019-08-29,1,typical,2019-08-23,2019-08-29,7,0,0.29510976480486356,images/typical/BN056/2019-08-29.png
BN056_2019-08-30,BN056,2019-08-30,1,typical,2019-08-24,2019-08-30,7,0,0.2822883267639574,images/typical/BN056/2019-08-30.png
BN056_2019-08-31,BN056,2019-08-31,2,peak dominant,2019-08-25,2019-08-31,7,0,0.2819774565302949,images/peak_dominant/BN056/2019-08-31.png
BN056_2019-09-01,BN056,2019-09-01,1,typical,2019-08-26,2019-09-01,7,0,0.27733586091121976,images/typical/BN056/2019-09-01.png
BN056_2019-09-02,BN056,2019-09-02,1,typical,2019-08-27,2019-09-02,7,0,0.2747599892355129,images/typical/BN056/2019-09-02.png
BN056_2019-09-03,BN056,2019-09-03,1,typical,2019-08-28,2019-09-03,7,0,0.2886191628581956,images/typical/BN056/2019-09-03.png
BN056_2019-09-04,BN056,2019-09-04,1,typical,2019-08-29,2019-09-04,7,0,0.216471585537033,images/typical/BN056/2019-09-04.png
BN056_2019-09-05,BN056,2019-09-05,1,typical,2019-08-30,2019-09-05,7,0,0.13862736385907284,images/typical/BN056/2019-09-05.png
BN056_2019-09-06,BN056,2019-09-06,1,typical,2019-08-31,2019-09-06,7,0,0.12648924559719768,images/typical/BN056/2019-09-06.png
BN056_2019-09-07,BN056,2019-09-07,1,typical,2019-09-01,2019-09-07,7,0,0.15153205508720882,images/typical/BN056/2019-09-07.png
BN056_2019-09-08,BN056,2019-09-08,2,peak dominant,2019-09-02,2019-09-08,7,0,0.15482391446924326,images/peak_dominant/BN056/2019-09-08.png
BN056_2019-09-09,BN056,2019-09-09,1,typical,2019-09-03,2019-09-09,7,0,0.20079749806247724,images/typical/BN056/2019-09-09.png
BN056_2019-09-10,BN056,2019-09-10,1,typical,2019-09-04,2019-09-10,7,0,0.19798697747755464,images/typical/BN056/2019-09-10.png
BN056_2019-09-11,BN056,2019-09-11,2,peak dominant,2019-09-05,2019-09-11,7,0,0.2976697067281463,images/peak_dominant/BN056/2019-09-11.png
BN056_2019-09-12,BN056,2019-09-12,1,typical,2019-09-06,2019-09-12,7,0,0.3492156597762964,images/typical/BN056/2019-09-12.png
BN056_2019-09-13,BN056,2019-09-13,1,typical,2019-09-07,2019-09-13,7,0,0.45186892396380635,images/typical/BN056/2019-09-13.png
BN056_2019-09-14,BN056,2019-09-14,2,peak dominant,2019-09-08,2019-09-14,7,0,0.3544565370078825,images/peak_dominant/BN056/2019-09-14.png
BN056_2019-09-15,BN056,2019-09-15,2,peak dominant,2019-09-09,2019-09-15,7,0,0.3883151345939557,images/peak_dominant/BN056/2019-09-15.png
BN056_2019-09-16,BN056,2019-09-16,1,typical,2019-09-10,2019-09-16,7,0,0.37211953437639506,images/typical/BN056/2019-09-16.png
BN056_2019-09-17,BN056,2019-09-17,2,peak dominant,2019-09-11,2019-09-17,7,0,0.4184854908183217,images/peak_dominant/BN056/2019-09-17.png
BN056_2019-09-18,BN056,2019-09-18,2,peak dominant,2019-09-12,2019-09-18,7,0,0.458216835938623,images/peak_dominant/BN056/2019-09-18.png
BN056_2019-09-19,BN056,2019-09-19,2,peak dominant,2019-09-13,2019-09-19,7,0,0.4921210707324288,images/peak_dominant/BN056/2019-09-19.png
BN056_2019-09-20,BN056,2019-09-20,2,peak dominant,2019-09-14,2019-09-20,7,0,0.46514211559475394,images/peak_dominant/BN056/2019-09-20.png
BN056_2019-09-21,BN056,2019-09-21,2,peak dominant,2019-09-15,2019-09-21,7,0,0.37341667602804085,images/peak_dominant/BN056/2019-09-21.png
BN056_2019-09-22,BN056,2019-09-22,2,peak dominant,2019-09-16,2019-09-22,7,0,0.19774038560195048,images/peak_dominant/BN056/2019-09-22.png
BN056_2019-09-23,BN056,2019-09-23,2,peak dominant,2019-09-17,2019-09-23,7,0,0.24328732793009877,images/peak_dominant/BN056/2019-09-23.png
BN056_2019-09-24,BN056,2019-09-24,2,peak dominant,2019-09-18,2019-09-24,7,0,0.27660714422684607,images/peak_dominant/BN056/2019-09-24.png
BN056_2019-09-25,BN056,2019-09-25,2,peak dominant,2019-09-19,2019-09-25,7,0,0.33794539287005165,images/peak_dominant/BN056/2019-09-25.png
BN056_2019-09-26,BN056,2019-09-26,2,peak dominant,2019-09-20,2019-09-26,7,0,0.3200943910910174,images/peak_dominant/BN056/2019-09-26.png
BN056_2019-09-27,BN056,2019-09-27,2,peak dominant,2019-09-21,2019-09-27,7,0,0.31419805536900414,images/peak_dominant/BN056/2019-09-27.png
BN056_2019-09-28,BN056,2019-09-28,2,peak dominant,2019-09-22,2019-09-28,7,0,0.3610626463585583,images/peak_dominant/BN056/2019-09-28.png
BN056_2019-09-29,BN056,2019-09-29,2,peak dominant,2019-09-23,2019-09-29,7,0,0.31181741499684246,images/peak_dominant/BN056/2019-09-29.png
BN056_2019-09-30,BN056,2019-09-30,2,peak dominant,2019-09-24,2019-09-30,7,0,0.36616955310695787,images/peak_dominant/BN056/2019-09-30.png
BN056_2019-10-01,BN056,2019-10-01,2,peak dominant,2019-09-25,2019-10-01,7,0,0.4190315866455707,images/peak_dominant/BN056/2019-10-01.png
BN056_2019-10-02,BN056,2019-10-02,2,peak dominant,2019-09-26,2019-10-02,7,0,0.3310930308852399,images/peak_dominant/BN056/2019-10-02.png
BN056_2019-10-03,BN056,2019-10-03,2,peak dominant,2019-09-27,2019-10-03,7,0,0.24119873094775465,images/peak_dominant/BN056/2019-10-03.png
BN056_2019-10-04,BN056,2019-10-04,2,peak dominant,2019-09-28,2019-10-04,7,0,0.17775576831678308,images/peak_dominant/BN056/2019-10-04.png
BN056_2019-10-05,BN056,2019-10-05,2,peak dominant,2019-09-29,2019-10-05,7,0,0.3513210341934071,images/peak_dominant/BN056/2019-10-05.png
BN056_2019-10-06,BN056,2019-10-06,2,peak dominant,2019-09-30,2019-10-06,7,0,0.23117948071136496,images/peak_dominant/BN056/2019-10-06.png
BN056_2019-10-07,BN056,2019-10-07,2,peak dominant,2019-10-01,2019-10-07,7,0,0.20290540147017258,images/peak_dominant/BN056/2019-10-07.png
BN056_2019-10-08,BN056,2019-10-08,2,peak dominant,2019-10-02,2019-10-08,7,0,0.2183540501764934,images/peak_dominant/BN056/2019-10-08.png
BN056_2019-10-09,BN056,2019-10-09,2,peak dominant,2019-10-03,2019-10-09,7,0,0.22629990469614022,images/peak_dominant/BN056/2019-10-09.png
BN056_2019-10-10,BN056,2019-10-10,2,peak dominant,2019-10-04,2019-10-10,7,0,0.24806219054660156,images/peak_dominant/BN056/2019-10-10.png
BN056_2019-10-11,BN056,2019-10-11,2,peak dominant,2019-10-05,2019-10-11,7,0,0.3068412995366495,images/peak_dominant/BN056/2019-10-11.png
BN056_2019-10-12,BN056,2019-10-12,2,peak dominant,2019-10-06,2019-10-12,7,0,0.17777976103993973,images/peak_dominant/BN056/2019-10-12.png
BN056_2019-10-13,BN056,2019-10-13,2,peak dominant,2019-10-07,2019-10-13,7,0,0.14079326737799025,images/peak_dominant/BN056/2019-10-13.png
BN056_2019-10-14,BN056,2019-10-14,2,peak dominant,2019-10-08,2019-10-14,7,0,0.228233868809624,images/peak_dominant/BN056/2019-10-14.png
BN056_2019-10-15,BN056,2019-10-15,2,peak dominant,2019-10-09,2019-10-15,7,0,0.22808223526780022,images/peak_dominant/BN056/2019-10-15.png
BN056_2019-10-16,BN056,2019-10-16,2,peak dominant,2019-10-10,2019-10-16,7,0,0.22124261477125737,images/peak_dominant/BN056/2019-10-16.png
BN056_2019-10-17,BN056,2019-10-17,2,peak dominant,2019-10-11,2019-10-17,7,0,0.20207224208299207,images/peak_dominant/BN056/2019-10-17.png
BN056_2019-10-18,BN056,2019-10-18,2,peak dominant,2019-10-12,2019-10-18,7,0,0.19786670022107766,images/peak_dominant/BN056/2019-10-18.png
BN056_2019-10-19,BN056,2019-10-19,2,peak dominant,2019-10-13,2019-10-19,7,0,0.21615781474360082,images/peak_dominant/BN056/2019-10-19.png
BN056_2019-10-20,BN056,2019-10-20,2,peak dominant,2019-10-14,2019-10-20,7,0,0.1887167201708064,images/peak_dominant/BN056/2019-10-20.png
BN056_2019-10-21,BN056,2019-10-21,2,peak dominant,2019-10-15,2019-10-21,7,0,0.17736942110330584,images/peak_dominant/BN056/2019-10-21.png
BN056_2019-10-22,BN056,2019-10-22,2,peak dominant,2019-10-16,2019-10-22,7,0,0.17332108958610415,images/peak_dominant/BN056/2019-10-22.png
BN056_2019-10-23,BN056,2019-10-23,2,peak dominant,2019-10-17,2019-10-23,7,0,0.2147251878210281,images/peak_dominant/BN056/2019-10-23.png
BN056_2019-10-24,BN056,2019-10-24,2,peak dominant,2019-10-18,2019-10-24,7,0,0.2753426660937009,images/peak_dominant/BN056/2019-10-24.png
BN056_2019-10-25,BN056,2019-10-25,2,peak dominant,2019-10-19,2019-10-25,7,0,0.29306886028536305,images/peak_dominant/BN056/2019-10-25.png
BN056_2019-10-26,BN056,2019-10-26,2,peak dominant,2019-10-20,2019-10-26,7,0,0.20252682052259424,images/peak_dominant/BN056/2019-10-26.png
BN056_2019-10-27,BN056,2019-10-27,2,peak dominant,2019-10-21,2019-10-27,7,0,0.1636947763627632,images/peak_dominant/BN056/2019-10-27.png
BN056_2019-10-28,BN056,2019-10-28,2,peak dominant,2019-10-22,2019-10-28,7,0,0.24043284291608127,images/peak_dominant/BN056/2019-10-28.png
BN056_2019-10-29,BN056,2019-10-29,2,peak dominant,2019-10-23,2019-10-29,7,0,0.41185930442053714,images/peak_dominant/BN056/2019-10-29.png
BN056_2019-10-30,BN056,2019-10-30,2,peak dominant,2019-10-24,2019-10-30,7,0,0.33164537505452146,images/peak_dominant/BN056/2019-10-30.png
BN056_2019-10-31,BN056,2019-10-31,2,peak dominant,2019-10-25,2019-10-31,7,0,0.30850281541033414,images/peak_dominant/BN056/2019-10-31.png
BN056_2019-11-01,BN056,2019-11-01,2,peak dominant,2019-10-26,2019-11-01,7,0,0.3268830913516504,images/peak_dominant/BN056/2019-11-01.png
BN056_2019-11-02,BN056,2019-11-02,2,peak dominant,2019-10-27,2019-11-02,7,0,0.3516985318439506,images/peak_dominant/BN056/2019-11-02.png
BN056_2019-11-03,BN056,2019-11-03,2,peak dominant,2019-10-28,2019-11-03,7,0,0.36024165631910815,images/peak_dominant/BN056/2019-11-03.png
BN056_2019-11-04,BN056,2019-11-04,2,peak dominant,2019-10-29,2019-11-04,7,0,0.308886048370334,images/peak_dominant/BN056/2019-11-04.png
BN056_2019-11-05,BN056,2019-11-05,2,peak dominant,2019-10-30,2019-11-05,7,0,0.2089511993017443,images/peak_dominant/BN056/2019-11-05.png
BN056_2019-11-06,BN056,2019-11-06,2,peak dominant,2019-10-31,2019-11-06,7,0,0.11906138731702474,images/peak_dominant/BN056/2019-11-06.png
BN056_2019-11-07,BN056,2019-11-07,2,peak dominant,2019-11-01,2019-11-07,7,0,0.12579972173365714,images/peak_dominant/BN056/2019-11-07.png
BN056_2019-11-08,BN056,2019-11-08,2,peak dominant,2019-11-02,2019-11-08,7,0,0.284364668978387,images/peak_dominant/BN056/2019-11-08.png
BN056_2019-11-09,BN056,2019-11-09,2,peak dominant,2019-11-03,2019-11-09,7,0,0.6010324031836095,images/peak_dominant/BN056/2019-11-09.png
BN056_2019-11-10,BN056,2019-11-10,2,peak dominant,2019-11-04,2019-11-10,7,0,0.4106356237372434,images/peak_dominant/BN056/2019-11-10.png
BN056_2019-11-11,BN056,2019-11-11,2,peak dominant,2019-11-05,2019-11-11,7,0,0.41425742022999285,images/peak_dominant/BN056/2019-11-11.png
BN056_2019-11-12,BN056,2019-11-12,2,peak dominant,2019-11-06,2019-11-12,7,0,0.40691012551216055,images/peak_dominant/BN056/2019-11-12.png
BN056_2019-11-13,BN056,2019-11-13,2,peak dominant,2019-11-07,2019-11-13,7,0,0.43647254353742765,images/peak_dominant/BN056/2019-11-13.png
BN056_2019-11-14,BN056,2019-11-14,2,peak dominant,2019-11-08,2019-11-14,7,0,0.4237797421013044,images/peak_dominant/BN056/2019-11-14.png
BN056_2019-11-15,BN056,2019-11-15,2,peak dominant,2019-11-09,2019-11-15,7,0,0.3996689034348542,images/peak_dominant/BN056/2019-11-15.png
BN056_2019-11-16,BN056,2019-11-16,2,peak dominant,2019-11-10,2019-11-16,7,0,0.5320729040814925,images/peak_dominant/BN056/2019-11-16.png
BN056_2019-11-17,BN056,2019-11-17,2,peak dominant,2019-11-11,2019-11-17,7,0,0.5142434848118606,images/peak_dominant/BN056/2019-11-17.png
BN056_2019-11-18,BN056,2019-11-18,2,peak dominant,2019-11-12,2019-11-18,7,0,0.5200860101057195,images/peak_dominant/BN056/2019-11-18.png
BN056_2019-11-19,BN056,2019-11-19,1,typical,2019-11-13,2019-11-19,7,0,0.43202277602486017,images/typical/BN056/2019-11-19.png
BN056_2019-11-20,BN056,2019-11-20,2,peak dominant,2019-11-14,2019-11-20,7,0,0.3688629105185591,images/peak_dominant/BN056/2019-11-20.png
BN056_2019-11-21,BN056,2019-11-21,2,peak dominant,2019-11-15,2019-11-21,7,0,0.3367356758042487,images/peak_dominant/BN056/2019-11-21.png
BN056_2019-11-22,BN056,2019-11-22,2,peak dominant,2019-11-16,2019-11-22,7,0,0.33434082588932656,images/peak_dominant/BN056/2019-11-22.png
BN056_2019-11-23,BN056,2019-11-23,2,peak dominant,2019-11-17,2019-11-23,7,0,0.17529550917600514,images/peak_dominant/BN056/2019-11-23.png
BN056_2019-11-24,BN056,2019-11-24,2,peak dominant,2019-11-18,2019-11-24,7,0,0.42064182188887833,images/peak_dominant/BN056/2019-11-24.png
BN056_2019-11-25,BN056,2019-11-25,2,peak dominant,2019-11-19,2019-11-25,7,0,0.41021871643302177,images/peak_dominant/BN056/2019-11-25.png
BN056_2019-11-26,BN056,2019-11-26,2,peak dominant,2019-11-20,2019-11-26,7,0,0.446414641944722,images/peak_dominant/BN056/2019-11-26.png
BN056_2019-11-27,BN056,2019-11-27,2,peak dominant,2019-11-21,2019-11-27,7,0,0.46977340875672724,images/peak_dominant/BN056/2019-11-27.png
BN056_2019-11-28,BN056,2019-11-28,0,low activity,2019-11-22,2019-11-28,7,0,0.3855660717530371,images/low_activity/BN056/2019-11-28.png
BN056_2019-11-29,BN056,2019-11-29,2,peak dominant,2019-11-23,2019-11-29,7,0,0.4259514035568394,images/peak_dominant/BN056/2019-11-29.png
BN056_2019-11-30,BN056,2019-11-30,2,peak dominant,2019-11-24,2019-11-30,7,0,0.3792437194282692,images/peak_dominant/BN056/2019-11-30.png
BN056_2019-12-01,BN056,2019-12-01,2,peak dominant,2019-11-25,2019-12-01,7,0,0.2592224934756908,images/peak_dominant/BN056/2019-12-01.png
BN056_2019-12-02,BN056,2019-12-02,1,typical,2019-11-26,2019-12-02,7,0,0.20268213548043804,images/typical/BN056/2019-12-02.png
BN056_2019-12-03,BN056,2019-12-03,2,peak dominant,2019-11-27,2019-12-03,7,0,0.22697207369165795,images/peak_dominant/BN056/2019-12-03.png
BN056_2019-12-04,BN056,2019-12-04,2,peak dominant,2019-11-28,2019-12-04,7,0,0.23350145806226635,images/peak_dominant/BN056/2019-12-04.png
BN056_2019-12-05,BN056,2019-12-05,2,peak dominant,2019-11-29,2019-12-05,7,0,0.24183223113914895,images/peak_dominant/BN056/2019-12-05.png
BN056_2019-12-06,BN056,2019-12-06,1,typical,2019-11-30,2019-12-06,7,0,0.17412718397201554,images/typical/BN056/2019-12-06.png
BN056_2019-12-07,BN056,2019-12-07,0,low activity,2019-12-01,2019-12-07,7,0,0.4423301615052775,images/low_activity/BN056/2019-12-07.png
BN056_2019-12-08,BN056,2019-12-08,0,low activity,2019-12-02,2019-12-08,7,0,0.210815583256719,images/low_activity/BN056/2019-12-08.png
BN056_2019-12-09,BN056,2019-12-09,2,peak dominant,2019-12-03,2019-12-09,7,0,0.25071758818488377,images/peak_dominant/BN056/2019-12-09.png
BN056_2019-12-10,BN056,2019-12-10,2,peak dominant,2019-12-04,2019-12-10,7,0,0.2490035057473237,images/peak_dominant/BN056/2019-12-10.png
BN056_2019-12-11,BN056,2019-12-11,2,peak dominant,2019-12-05,2019-12-11,7,0,0.26143030720924454,images/peak_dominant/BN056/2019-12-11.png
BN056_2019-12-12,BN056,2019-12-12,2,peak dominant,2019-12-06,2019-12-12,7,0,0.2592801642033502,images/peak_dominant/BN056/2019-12-12.png
BN056_2019-12-13,BN056,2019-12-13,2,peak dominant,2019-12-07,2019-12-13,7,0,0.31585277967154957,images/peak_dominant/BN056/2019-12-13.png
BN056_2019-12-14,BN056,2019-12-14,0,low activity,2019-12-08,2019-12-14,7,0,0.4840282683643121,images/low_activity/BN056/2019-12-14.png
BN056_2019-12-15,BN056,2019-12-15,2,peak dominant,2019-12-09,2019-12-15,7,0,0.3423832649486047,images/peak_dominant/BN056/2019-12-15.png
BN056_2019-12-16,BN056,2019-12-16,2,peak dominant,2019-12-10,2019-12-16,7,0,0.4490009930523627,images/peak_dominant/BN056/2019-12-16.png
BN056_2019-12-17,BN056,2019-12-17,2,peak dominant,2019-12-11,2019-12-17,7,0,0.37667744572485845,images/peak_dominant/BN056/2019-12-17.png
BN056_2019-12-18,BN056,2019-12-18,2,peak dominant,2019-12-12,2019-12-18,7,0,0.2726997243956771,images/peak_dominant/BN056/2019-12-18.png
BN056_2019-12-19,BN056,2019-12-19,2,peak dominant,2019-12-13,2019-12-19,7,0,0.3566523062481197,images/peak_dominant/BN056/2019-12-19.png
BN056_2019-12-20,BN056,2019-12-20,2,peak dominant,2019-12-14,2019-12-20,7,0,0.41148481255020586,images/peak_dominant/BN056/2019-12-20.png
BN056_2019-12-21,BN056,2019-12-21,2,peak dominant,2019-12-15,2019-12-21,7,0,0.4321761700742521,images/peak_dominant/BN056/2019-12-21.png
BN056_2019-12-22,BN056,2019-12-22,0,low activity,2019-12-16,2019-12-22,7,0,0.38750270093599043,images/low_activity/BN056/2019-12-22.png
BN056_2019-12-23,BN056,2019-12-23,0,low activity,2019-12-17,2019-12-23,7,0,0.18513366268683182,images/low_activity/BN056/2019-12-23.png
BN056_2019-12-24,BN056,2019-12-24,0,low activity,2019-12-18,2019-12-24,7,0,0.08932247762336216,images/low_activity/BN056/2019-12-24.png
BN056_2019-12-25,BN056,2019-12-25,2,peak dominant,2019-12-19,2019-12-25,7,0,0.15528190309728748,images/peak_dominant/BN056/2019-12-25.png
BN056_2019-12-26,BN056,2019-12-26,2,peak dominant,2019-12-20,2019-12-26,7,0,0.23585126854925523,images/peak_dominant/BN056/2019-12-26.png
BN056_2019-12-27,BN056,2019-12-27,1,typical,2019-12-21,2019-12-27,7,0,0.3072090534241322,images/typical/BN056/2019-12-27.png
BN056_2019-12-28,BN056,2019-12-28,2,peak dominant,2019-12-22,2019-12-28,7,0,0.2907684812608658,images/peak_dominant/BN056/2019-12-28.png
BN056_2019-12-29,BN056,2019-12-29,2,peak dominant,2019-12-23,2019-12-29,7,0,0.17876964493577605,images/peak_dominant/BN056/2019-12-29.png
BN056_2019-12-30,BN056,2019-12-30,0,low activity,2019-12-24,2019-12-30,7,0,0.1740540730799126,images/low_activity/BN056/2019-12-30.png
BN056_2019-12-31,BN056,2019-12-31,0,low activity,2019-12-25,2019-12-31,7,0,0.16902249605853806,images/low_activity/BN056/2019-12-31.png
BN056_2020-01-01,BN056,2020-01-01,2,peak dominant,2019-12-26,2020-01-01,7,0,0.13651000301593438,images/peak_dominant/BN056/2020-01-01.png
BN056_2020-01-02,BN056,2020-01-02,2,peak dominant,2019-12-27,2020-01-02,7,0,0.10297545138053346,images/peak_dominant/BN056/2020-01-02.png
BN056_2020-01-03,BN056,2020-01-03,2,peak dominant,2019-12-28,2020-01-03,7,0,0.19753796970185938,images/peak_dominant/BN056/2020-01-03.png
BN056_2020-01-04,BN056,2020-01-04,2,peak dominant,2019-12-29,2020-01-04,7,0,0.17136922368371782,images/peak_dominant/BN056/2020-01-04.png
BN056_2020-01-05,BN056,2020-01-05,2,peak dominant,2019-12-30,2020-01-05,7,0,0.15209944761975608,images/peak_dominant/BN056/2020-01-05.png
BN056_2020-01-06,BN056,2020-01-06,2,peak dominant,2019-12-31,2020-01-06,7,0,0.4986090074503007,images/peak_dominant/BN056/2020-01-06.png
BN056_2020-01-07,BN056,2020-01-07,2,peak dominant,2020-01-01,2020-01-07,7,0,0.31051671112715523,images/peak_dominant/BN056/2020-01-07.png
BN056_2020-01-08,BN056,2020-01-08,2,peak dominant,2020-01-02,2020-01-08,7,0,0.2779197749461561,images/peak_dominant/BN056/2020-01-08.png
BN056_2020-01-09,BN056,2020-01-09,2,peak dominant,2020-01-03,2020-01-09,7,0,0.20049314721449918,images/peak_dominant/BN056/2020-01-09.png
BN056_2020-01-10,BN056,2020-01-10,2,peak dominant,2020-01-04,2020-01-10,7,0,0.22155686358914986,images/peak_dominant/BN056/2020-01-10.png
BN056_2020-01-11,BN056,2020-01-11,2,peak dominant,2020-01-05,2020-01-11,7,0,0.2635180817577079,images/peak_dominant/BN056/2020-01-11.png
BN056_2020-01-12,BN056,2020-01-12,2,peak dominant,2020-01-06,2020-01-12,7,0,0.2503157490243653,images/peak_dominant/BN056/2020-01-12.png
BN056_2020-01-13,BN056,2020-01-13,2,peak dominant,2020-01-07,2020-01-13,7,0,0.2347850852391757,images/peak_dominant/BN056/2020-01-13.png
BN056_2020-01-14,BN056,2020-01-14,2,peak dominant,2020-01-08,2020-01-14,7,0,0.21679812962340594,images/peak_dominant/BN056/2020-01-14.png
BN056_2020-01-15,BN056,2020-01-15,2,peak dominant,2020-01-09,2020-01-15,7,0,0.16571068382807838,images/peak_dominant/BN056/2020-01-15.png
BN056_2020-01-16,BN056,2020-01-16,2,peak dominant,2020-01-10,2020-01-16,7,0,0.14849079022610218,images/peak_dominant/BN056/2020-01-16.png
BN056_2020-01-17,BN056,2020-01-17,2,peak dominant,2020-01-11,2020-01-17,7,0,0.18571890376302358,images/peak_dominant/BN056/2020-01-17.png
BN056_2020-01-18,BN056,2020-01-18,2,peak dominant,2020-01-12,2020-01-18,7,0,0.22104671909592866,images/peak_dominant/BN056/2020-01-18.png
BN056_2020-01-19,BN056,2020-01-19,2,peak dominant,2020-01-13,2020-01-19,7,0,0.239068363153926,images/peak_dominant/BN056/2020-01-19.png
BN056_2020-01-20,BN056,2020-01-20,1,typical,2020-01-14,2020-01-20,7,0,0.2614439384505013,images/typical/BN056/2020-01-20.png
BN056_2020-01-21,BN056,2020-01-21,2,peak dominant,2020-01-15,2020-01-21,7,0,0.27954486480249013,images/peak_dominant/BN056/2020-01-21.png
BN056_2020-01-22,BN056,2020-01-22,2,peak dominant,2020-01-16,2020-01-22,7,0,0.2954752393192873,images/peak_dominant/BN056/2020-01-22.png
BN056_2020-01-23,BN056,2020-01-23,2,peak dominant,2020-01-17,2020-01-23,7,0,0.33166095301150567,images/peak_dominant/BN056/2020-01-23.png
BN056_2020-01-24,BN056,2020-01-24,2,peak dominant,2020-01-18,2020-01-24,7,0,0.34720754216865857,images/peak_dominant/BN056/2020-01-24.png
BN056_2020-01-25,BN056,2020-01-25,2,peak dominant,2020-01-19,2020-01-25,7,0,0.543986257524593,images/peak_dominant/BN056/2020-01-25.png
BN056_2020-01-26,BN056,2020-01-26,2,peak dominant,2020-01-20,2020-01-26,7,0,0.6008241738552325,images/peak_dominant/BN056/2020-01-26.png
BN056_2020-01-27,BN056,2020-01-27,2,peak dominant,2020-01-21,2020-01-27,7,0,0.3555190300047836,images/peak_dominant/BN056/2020-01-27.png
BN056_2020-01-28,BN056,2020-01-28,2,peak dominant,2020-01-22,2020-01-28,7,0,0.3701646011623248,images/peak_dominant/BN056/2020-01-28.png
BN056_2020-01-29,BN056,2020-01-29,2,peak dominant,2020-01-23,2020-01-29,7,0,0.41958436086318834,images/peak_dominant/BN056/2020-01-29.png
BN056_2020-01-30,BN056,2020-01-30,2,peak dominant,2020-01-24,2020-01-30,7,0,0.4256409053255697,images/peak_dominant/BN056/2020-01-30.png
BN056_2020-01-31,BN056,2020-01-31,2,peak dominant,2020-01-25,2020-01-31,7,0,0.43625349073374126,images/peak_dominant/BN056/2020-01-31.png
BN056_2020-02-01,BN056,2020-02-01,2,peak dominant,2020-01-26,2020-02-01,7,0,0.3797063961756867,images/peak_dominant/BN056/2020-02-01.png
BN056_2020-02-02,BN056,2020-02-02,2,peak dominant,2020-01-27,2020-02-02,7,0,0.2579216476669069,images/peak_dominant/BN056/2020-02-02.png
BN056_2020-02-03,BN056,2020-02-03,2,peak dominant,2020-01-28,2020-02-03,7,0,0.2768325491805498,images/peak_dominant/BN056/2020-02-03.png
BN056_2020-02-04,BN056,2020-02-04,2,peak dominant,2020-01-29,2020-02-04,7,0,0.39726973061724613,images/peak_dominant/BN056/2020-02-04.png
BN056_2020-02-05,BN056,2020-02-05,2,peak dominant,2020-01-30,2020-02-05,7,0,0.205831089594518,images/peak_dominant/BN056/2020-02-05.png
BN056_2020-02-06,BN056,2020-02-06,2,peak dominant,2020-01-31,2020-02-06,7,0,0.17639083206824263,images/peak_dominant/BN056/2020-02-06.png
BN056_2020-02-07,BN056,2020-02-07,2,peak dominant,2020-02-01,2020-02-07,7,0,0.20985468980468716,images/peak_dominant/BN056/2020-02-07.png
BN056_2020-02-08,BN056,2020-02-08,2,peak dominant,2020-02-02,2020-02-08,7,0,0.31081189897170747,images/peak_dominant/BN056/2020-02-08.png
BN056_2020-02-09,BN056,2020-02-09,2,peak dominant,2020-02-03,2020-02-09,7,0,0.3195024938463733,images/peak_dominant/BN056/2020-02-09.png
BN056_2020-02-10,BN056,2020-02-10,2,peak dominant,2020-02-04,2020-02-10,7,0,0.35761995402135127,images/peak_dominant/BN056/2020-02-10.png
BN056_2020-02-11,BN056,2020-02-11,2,peak dominant,2020-02-05,2020-02-11,7,0,0.4175941097756218,images/peak_dominant/BN056/2020-02-11.png
BN056_2020-02-12,BN056,2020-02-12,2,peak dominant,2020-02-06,2020-02-12,7,0,0.6016169719710596,images/peak_dominant/BN056/2020-02-12.png
BN056_2020-02-13,BN056,2020-02-13,2,peak dominant,2020-02-07,2020-02-13,7,0,0.5858667704836751,images/peak_dominant/BN056/2020-02-13.png
BN056_2020-02-14,BN056,2020-02-14,2,peak dominant,2020-02-08,2020-02-14,7,0,0.5305841912220275,images/peak_dominant/BN056/2020-02-14.png
BN056_2020-02-15,BN056,2020-02-15,2,peak dominant,2020-02-09,2020-02-15,7,0,0.432671326772945,images/peak_dominant/BN056/2020-02-15.png
BN056_2020-02-16,BN056,2020-02-16,2,peak dominant,2020-02-10,2020-02-16,7,0,0.181880734394705,images/peak_dominant/BN056/2020-02-16.png
BN056_2020-02-17,BN056,2020-02-17,2,peak dominant,2020-02-11,2020-02-17,7,0,0.20842735559478975,images/peak_dominant/BN056/2020-02-17.png
BN056_2020-02-18,BN056,2020-02-18,2,peak dominant,2020-02-12,2020-02-18,7,0,0.15373443693150812,images/peak_dominant/BN056/2020-02-18.png
BN056_2020-02-19,BN056,2020-02-19,2,peak dominant,2020-02-13,2020-02-19,7,0,0.15923714085556148,images/peak_dominant/BN056/2020-02-19.png
BN056_2020-02-20,BN056,2020-02-20,2,peak dominant,2020-02-14,2020-02-20,7,0,0.15225454960345716,images/peak_dominant/BN056/2020-02-20.png
BN056_2020-02-21,BN056,2020-02-21,2,peak dominant,2020-02-15,2020-02-21,7,0,0.1748773145751275,images/peak_dominant/BN056/2020-02-21.png
BN056_2020-02-22,BN056,2020-02-22,2,peak dominant,2020-02-16,2020-02-22,7,0,0.4751586068175706,images/peak_dominant/BN056/2020-02-22.png
BN056_2020-02-23,BN056,2020-02-23,2,peak dominant,2020-02-17,2020-02-23,7,0,0.49863714918035884,images/peak_dominant/BN056/2020-02-23.png
BN056_2020-02-24,BN056,2020-02-24,2,peak dominant,2020-02-18,2020-02-24,7,0,0.4487797988263216,images/peak_dominant/BN056/2020-02-24.png
BN056_2020-02-25,BN056,2020-02-25,2,peak dominant,2020-02-19,2020-02-25,7,0,0.3445163084788527,images/peak_dominant/BN056/2020-02-25.png
BN056_2020-02-26,BN056,2020-02-26,2,peak dominant,2020-02-20,2020-02-26,7,0,0.26997166743350764,images/peak_dominant/BN056/2020-02-26.png
BN056_2020-02-27,BN056,2020-02-27,2,peak dominant,2020-02-21,2020-02-27,7,0,0.26238045090260415,images/peak_dominant/BN056/2020-02-27.png
BN056_2020-02-28,BN056,2020-02-28,2,peak dominant,2020-02-22,2020-02-28,7,0,0.16229542214522008,images/peak_dominant/BN056/2020-02-28.png
BN056_2020-02-29,BN056,2020-02-29,2,peak dominant,2020-02-23,2020-02-29,7,0,0.41991254029275704,images/peak_dominant/BN056/2020-02-29.png
BN056_2020-03-01,BN056,2020-03-01,2,peak dominant,2020-02-24,2020-03-01,7,0,0.5129457071231244,images/peak_dominant/BN056/2020-03-01.png
BN056_2020-03-02,BN056,2020-03-02,2,peak dominant,2020-02-25,2020-03-02,7,0,0.4519688071592086,images/peak_dominant/BN056/2020-03-02.png
BN056_2020-03-03,BN056,2020-03-03,2,peak dominant,2020-02-26,2020-03-03,7,0,0.4445526957443982,images/peak_dominant/BN056/2020-03-03.png
BN056_2020-03-04,BN056,2020-03-04,2,peak dominant,2020-02-27,2020-03-04,7,0,0.46865328734658285,images/peak_dominant/BN056/2020-03-04.png
BN056_2020-03-05,BN056,2020-03-05,2,peak dominant,2020-02-28,2020-03-05,7,0,0.44896802424360016,images/peak_dominant/BN056/2020-03-05.png
BN056_2020-03-06,BN056,2020-03-06,2,peak dominant,2020-02-29,2020-03-06,7,0,0.18797943951700594,images/peak_dominant/BN056/2020-03-06.png
BN056_2020-03-07,BN056,2020-03-07,2,peak dominant,2020-03-01,2020-03-07,7,0,0.3565920573575172,images/peak_dominant/BN056/2020-03-07.png
BN056_2020-03-08,BN056,2020-03-08,2,peak dominant,2020-03-02,2020-03-08,7,0,0.46915440471562386,images/peak_dominant/BN056/2020-03-08.png
BN056_2020-03-09,BN056,2020-03-09,2,peak dominant,2020-03-03,2020-03-09,7,0,0.5576841619039878,images/peak_dominant/BN056/2020-03-09.png
BN056_2020-03-10,BN056,2020-03-10,1,typical,2020-03-04,2020-03-10,7,0,0.5098614872434948,images/typical/BN056/2020-03-10.png
BN056_2020-03-11,BN056,2020-03-11,1,typical,2020-03-05,2020-03-11,7,0,0.15304940601899153,images/typical/BN056/2020-03-11.png
BN056_2020-03-12,BN056,2020-03-12,1,typical,2020-03-06,2020-03-12,7,0,0.05916064153799963,images/typical/BN056/2020-03-12.png
BN056_2020-03-13,BN056,2020-03-13,2,peak dominant,2020-03-07,2020-03-13,7,0,0.1047143066853732,images/peak_dominant/BN056/2020-03-13.png
BN056_2020-03-14,BN056,2020-03-14,2,peak dominant,2020-03-08,2020-03-14,7,0,0.17708077193810984,images/peak_dominant/BN056/2020-03-14.png
BN056_2020-03-15,BN056,2020-03-15,2,peak dominant,2020-03-09,2020-03-15,7,0,0.08308003994334746,images/peak_dominant/BN056/2020-03-15.png
BN056_2020-03-16,BN056,2020-03-16,2,peak dominant,2020-03-10,2020-03-16,7,0,0.08811387125577486,images/peak_dominant/BN056/2020-03-16.png
BN056_2020-03-17,BN056,2020-03-17,2,peak dominant,2020-03-11,2020-03-17,7,0,0.11815734122988758,images/peak_dominant/BN056/2020-03-17.png
BN056_2020-03-18,BN056,2020-03-18,2,peak dominant,2020-03-12,2020-03-18,7,0,0.18630242445296372,images/peak_dominant/BN056/2020-03-18.png
BN056_2020-03-19,BN056,2020-03-19,2,peak dominant,2020-03-13,2020-03-19,7,0,0.2567201236611105,images/peak_dominant/BN056/2020-03-19.png
BN056_2020-03-20,BN056,2020-03-20,2,peak dominant,2020-03-14,2020-03-20,7,0,0.2842939864781088,images/peak_dominant/BN056/2020-03-20.png
BN056_2020-03-21,BN056,2020-03-21,2,peak dominant,2020-03-15,2020-03-21,7,0,0.26727484415036923,images/peak_dominant/BN056/2020-03-21.png
BN056_2020-03-22,BN056,2020-03-22,2,peak dominant,2020-03-16,2020-03-22,7,0,0.24284928177569998,images/peak_dominant/BN056/2020-03-22.png
BN056_2020-03-23,BN056,2020-03-23,2,peak dominant,2020-03-17,2020-03-23,7,0,0.2522270103683979,images/peak_dominant/BN056/2020-03-23.png
BN056_2020-03-24,BN056,2020-03-24,2,peak dominant,2020-03-18,2020-03-24,7,0,0.19862022716531294,images/peak_dominant/BN056/2020-03-24.png
BN056_2020-03-25,BN056,2020-03-25,2,peak dominant,2020-03-19,2020-03-25,7,0,0.19124166367235576,images/peak_dominant/BN056/2020-03-25.png
BN056_2020-03-26,BN056,2020-03-26,2,peak dominant,2020-03-20,2020-03-26,7,0,0.33037162305037693,images/peak_dominant/BN056/2020-03-26.png
BN056_2020-03-27,BN056,2020-03-27,2,peak dominant,2020-03-21,2020-03-27,7,0,0.38138820444073185,images/peak_dominant/BN056/2020-03-27.png
BN056_2020-03-28,BN056,2020-03-28,2,peak dominant,2020-03-22,2020-03-28,7,0,0.36729790981285465,images/peak_dominant/BN056/2020-03-28.png
BN056_2020-03-29,BN056,2020-03-29,2,peak dominant,2020-03-23,2020-03-29,7,0,0.31983794317758973,images/peak_dominant/BN056/2020-03-29.png
BN056_2020-03-30,BN056,2020-03-30,2,peak dominant,2020-03-24,2020-03-30,7,0,0.27300037358296075,images/peak_dominant/BN056/2020-03-30.png
BN056_2020-03-31,BN056,2020-03-31,2,peak dominant,2020-03-25,2020-03-31,7,0,0.21124677579850953,images/peak_dominant/BN056/2020-03-31.png
BN056_2020-04-01,BN056,2020-04-01,2,peak dominant,2020-03-26,2020-04-01,7,0,0.2983953647255552,images/peak_dominant/BN056/2020-04-01.png
BN056_2020-04-02,BN056,2020-04-02,2,peak dominant,2020-03-27,2020-04-02,7,0,0.37378273910813414,images/peak_dominant/BN056/2020-04-02.png
BN056_2020-04-03,BN056,2020-04-03,2,peak dominant,2020-03-28,2020-04-03,7,0,0.3623794305529748,images/peak_dominant/BN056/2020-04-03.png
BN056_2020-04-04,BN056,2020-04-04,2,peak dominant,2020-03-29,2020-04-04,7,0,0.44668563842014286,images/peak_dominant/BN056/2020-04-04.png
BN056_2020-04-05,BN056,2020-04-05,2,peak dominant,2020-03-30,2020-04-05,7,0,0.5025466793544732,images/peak_dominant/BN056/2020-04-05.png
BN056_2020-04-06,BN056,2020-04-06,2,peak dominant,2020-03-31,2020-04-06,7,0,0.5036898614292619,images/peak_dominant/BN056/2020-04-06.png
BN056_2020-04-07,BN056,2020-04-07,2,peak dominant,2020-04-01,2020-04-07,7,0,0.38788289867048487,images/peak_dominant/BN056/2020-04-07.png
BN056_2020-04-08,BN056,2020-04-08,2,peak dominant,2020-04-02,2020-04-08,7,0,0.6109071694816296,images/peak_dominant/BN056/2020-04-08.png
BN056_2020-04-09,BN056,2020-04-09,2,peak dominant,2020-04-03,2020-04-09,7,0,0.5928451179412247,images/peak_dominant/BN056/2020-04-09.png
BN056_2020-04-10,BN056,2020-04-10,2,peak dominant,2020-04-04,2020-04-10,7,0,0.6161041138249918,images/peak_dominant/BN056/2020-04-10.png
BN056_2020-04-11,BN056,2020-04-11,2,peak dominant,2020-04-05,2020-04-11,7,0,0.3734349897057906,images/peak_dominant/BN056/2020-04-11.png
BN056_2020-04-12,BN056,2020-04-12,2,peak dominant,2020-04-06,2020-04-12,7,0,0.33408917556101575,images/peak_dominant/BN056/2020-04-12.png
BN056_2020-04-13,BN056,2020-04-13,2,peak dominant,2020-04-07,2020-04-13,7,0,0.2009275336544876,images/peak_dominant/BN056/2020-04-13.png
BN056_2020-04-14,BN056,2020-04-14,2,peak dominant,2020-04-08,2020-04-14,7,0,0.15799979948912912,images/peak_dominant/BN056/2020-04-14.png
BN056_2020-04-15,BN056,2020-04-15,2,peak dominant,2020-04-09,2020-04-15,7,0,0.1583577800756304,images/peak_dominant/BN056/2020-04-15.png
BN056_2020-04-16,BN056,2020-04-16,2,peak dominant,2020-04-10,2020-04-16,7,0,0.1659753365206742,images/peak_dominant/BN056/2020-04-16.png
BN056_2020-04-17,BN056,2020-04-17,2,peak dominant,2020-04-11,2020-04-17,7,0,0.1634805021194833,images/peak_dominant/BN056/2020-04-17.png
BN056_2020-04-18,BN056,2020-04-18,2,peak dominant,2020-04-12,2020-04-18,7,0,0.4014252726451937,images/peak_dominant/BN056/2020-04-18.png
BN056_2020-04-19,BN056,2020-04-19,2,peak dominant,2020-04-13,2020-04-19,7,0,0.4850422217234876,images/peak_dominant/BN056/2020-04-19.png
BN056_2020-04-20,BN056,2020-04-20,2,peak dominant,2020-04-14,2020-04-20,7,0,0.5733370104186718,images/peak_dominant/BN056/2020-04-20.png
BN056_2020-04-21,BN056,2020-04-21,2,peak dominant,2020-04-15,2020-04-21,7,0,0.5958778695991505,images/peak_dominant/BN056/2020-04-21.png
BN056_2020-04-22,BN056,2020-04-22,2,peak dominant,2020-04-16,2020-04-22,7,0,0.5885378114857485,images/peak_dominant/BN056/2020-04-22.png
BN056_2020-04-23,BN056,2020-04-23,2,peak dominant,2020-04-17,2020-04-23,7,0,0.5660310283436417,images/peak_dominant/BN056/2020-04-23.png
BN056_2020-04-24,BN056,2020-04-24,2,peak dominant,2020-04-18,2020-04-24,7,0,0.5472329922772547,images/peak_dominant/BN056/2020-04-24.png
BN056_2020-04-25,BN056,2020-04-25,2,peak dominant,2020-04-19,2020-04-25,7,0,0.39279274150938415,images/peak_dominant/BN056/2020-04-25.png
BN056_2020-04-26,BN056,2020-04-26,2,peak dominant,2020-04-20,2020-04-26,7,0,0.20628150518674734,images/peak_dominant/BN056/2020-04-26.png
BN056_2020-04-27,BN056,2020-04-27,2,peak dominant,2020-04-21,2020-04-27,7,0,0.26596304728498793,images/peak_dominant/BN056/2020-04-27.png
BN056_2020-04-28,BN056,2020-04-28,2,peak dominant,2020-04-22,2020-04-28,7,0,0.37716545160460735,images/peak_dominant/BN056/2020-04-28.png
BN056_2020-04-29,BN056,2020-04-29,2,peak dominant,2020-04-23,2020-04-29,7,0,0.3070992187733614,images/peak_dominant/BN056/2020-04-29.png
BN056_2020-04-30,BN056,2020-04-30,2,peak dominant,2020-04-24,2020-04-30,7,0,0.5563778737023699,images/peak_dominant/BN056/2020-04-30.png
BN056_2020-05-01,BN056,2020-05-01,2,peak dominant,2020-04-25,2020-05-01,7,0,0.6095444377395602,images/peak_dominant/BN056/2020-05-01.png
BN056_2020-05-02,BN056,2020-05-02,2,peak dominant,2020-04-26,2020-05-02,7,0,0.616072913642503,images/peak_dominant/BN056/2020-05-02.png
BN056_2020-05-03,BN056,2020-05-03,2,peak dominant,2020-04-27,2020-05-03,7,0,0.6047149326087781,images/peak_dominant/BN056/2020-05-03.png
BN056_2020-05-04,BN056,2020-05-04,2,peak dominant,2020-04-28,2020-05-04,7,0,0.6041184385168034,images/peak_dominant/BN056/2020-05-04.png
BN056_2020-05-05,BN056,2020-05-05,2,peak dominant,2020-04-29,2020-05-05,7,0,0.5949553411452617,images/peak_dominant/BN056/2020-05-05.png
BN056_2020-05-06,BN056,2020-05-06,2,peak dominant,2020-04-30,2020-05-06,7,0,0.5114473661384344,images/peak_dominant/BN056/2020-05-06.png
BN056_2020-05-07,BN056,2020-05-07,2,peak dominant,2020-05-01,2020-05-07,7,0,0.4850994552197265,images/peak_dominant/BN056/2020-05-07.png
BN056_2020-05-08,BN056,2020-05-08,2,peak dominant,2020-05-02,2020-05-08,7,0,0.2050714201176075,images/peak_dominant/BN056/2020-05-08.png
BN056_2020-05-09,BN056,2020-05-09,2,peak dominant,2020-05-03,2020-05-09,7,0,0.529327121519038,images/peak_dominant/BN056/2020-05-09.png
BN056_2020-05-10,BN056,2020-05-10,2,peak dominant,2020-05-04,2020-05-10,7,0,0.2788178126199091,images/peak_dominant/BN056/2020-05-10.png
BN056_2020-05-11,BN056,2020-05-11,2,peak dominant,2020-05-05,2020-05-11,7,0,0.3028237791182773,images/peak_dominant/BN056/2020-05-11.png
BN056_2020-05-12,BN056,2020-05-12,2,peak dominant,2020-05-06,2020-05-12,7,0,0.27598899679714267,images/peak_dominant/BN056/2020-05-12.png
BN056_2020-05-13,BN056,2020-05-13,2,peak dominant,2020-05-07,2020-05-13,7,0,0.21096698454411336,images/peak_dominant/BN056/2020-05-13.png
BN056_2020-05-14,BN056,2020-05-14,2,peak dominant,2020-05-08,2020-05-14,7,0,0.22531301699732353,images/peak_dominant/BN056/2020-05-14.png
BN056_2020-05-15,BN056,2020-05-15,2,peak dominant,2020-05-09,2020-05-15,7,0,0.2193779867713186,images/peak_dominant/BN056/2020-05-15.png
BN056_2020-05-16,BN056,2020-05-16,2,peak dominant,2020-05-10,2020-05-16,7,0,0.5643285054689405,images/peak_dominant/BN056/2020-05-16.png
BN056_2020-05-17,BN056,2020-05-17,2,peak dominant,2020-05-11,2020-05-17,7,0,0.5721024429713951,images/peak_dominant/BN056/2020-05-17.png
BN056_2020-05-18,BN056,2020-05-18,2,peak dominant,2020-05-12,2020-05-18,7,0,0.5665155493347095,images/peak_dominant/BN056/2020-05-18.png
BN056_2020-05-19,BN056,2020-05-19,2,peak dominant,2020-05-13,2020-05-19,7,0,0.5245476616564337,images/peak_dominant/BN056/2020-05-19.png
BN056_2020-05-20,BN056,2020-05-20,2,peak dominant,2020-05-14,2020-05-20,7,0,0.41496645025602114,images/peak_dominant/BN056/2020-05-20.png
BN056_2020-05-21,BN056,2020-05-21,2,peak dominant,2020-05-15,2020-05-21,7,0,0.1846774973617582,images/peak_dominant/BN056/2020-05-21.png
BN056_2020-05-22,BN056,2020-05-22,2,peak dominant,2020-05-16,2020-05-22,7,0,0.1872082840376139,images/peak_dominant/BN056/2020-05-22.png
BN056_2020-05-23,BN056,2020-05-23,2,peak dominant,2020-05-17,2020-05-23,7,0,0.26581248363301085,images/peak_dominant/BN056/2020-05-23.png
BN056_2020-05-24,BN056,2020-05-24,2,peak dominant,2020-05-18,2020-05-24,7,0,0.34251791322252834,images/peak_dominant/BN056/2020-05-24.png
BN056_2020-05-25,BN056,2020-05-25,2,peak dominant,2020-05-19,2020-05-25,7,0,0.3456197849657381,images/peak_dominant/BN056/2020-05-25.png
BN056_2020-05-26,BN056,2020-05-26,2,peak dominant,2020-05-20,2020-05-26,7,0,0.2855097736038987,images/peak_dominant/BN056/2020-05-26.png
BN056_2020-05-27,BN056,2020-05-27,2,peak dominant,2020-05-21,2020-05-27,7,0,0.20794674817157616,images/peak_dominant/BN056/2020-05-27.png
BN056_2020-05-28,BN056,2020-05-28,2,peak dominant,2020-05-22,2020-05-28,7,0,0.16443491833496351,images/peak_dominant/BN056/2020-05-28.png
BN056_2020-05-29,BN056,2020-05-29,2,peak dominant,2020-05-23,2020-05-29,7,0,0.12238753615957063,images/peak_dominant/BN056/2020-05-29.png
BN056_2020-05-30,BN056,2020-05-30,2,peak dominant,2020-05-24,2020-05-30,7,0,0.2047206635003982,images/peak_dominant/BN056/2020-05-30.png
BN056_2020-05-31,BN056,2020-05-31,2,peak dominant,2020-05-25,2020-05-31,7,0,0.18238752053921214,images/peak_dominant/BN056/2020-05-31.png
BN056_2020-06-01,BN056,2020-06-01,2,peak dominant,2020-05-26,2020-06-01,7,0,0.26560889841080043,images/peak_dominant/BN056/2020-06-01.png
BN056_2020-06-02,BN056,2020-06-02,2,peak dominant,2020-05-27,2020-06-02,7,0,0.3255003275071319,images/peak_dominant/BN056/2020-06-02.png
BN056_2020-06-03,BN056,2020-06-03,2,peak dominant,2020-05-28,2020-06-03,7,0,0.24681379034694506,images/peak_dominant/BN056/2020-06-03.png
BN056_2020-06-04,BN056,2020-06-04,2,peak dominant,2020-05-29,2020-06-04,7,0,0.24511268283011287,images/peak_dominant/BN056/2020-06-04.png
BN056_2020-06-05,BN056,2020-06-05,2,peak dominant,2020-05-30,2020-06-05,7,0,0.5116427506807711,images/peak_dominant/BN056/2020-06-05.png
BN056_2020-06-06,BN056,2020-06-06,2,peak dominant,2020-05-31,2020-06-06,7,0,0.44051848833534296,images/peak_dominant/BN056/2020-06-06.png
BN056_2020-06-07,BN056,2020-06-07,2,peak dominant,2020-06-01,2020-06-07,7,0,0.2206551457778774,images/peak_dominant/BN056/2020-06-07.png
BN056_2020-06-08,BN056,2020-06-08,2,peak dominant,2020-06-02,2020-06-08,7,0,0.16238641520762423,images/peak_dominant/BN056/2020-06-08.png
BN056_2020-06-09,BN056,2020-06-09,2,peak dominant,2020-06-03,2020-06-09,7,0,0.1371829448117197,images/peak_dominant/BN056/2020-06-09.png
BN056_2020-06-10,BN056,2020-06-10,2,peak dominant,2020-06-04,2020-06-10,7,0,0.24584470899477623,images/peak_dominant/BN056/2020-06-10.png
BN056_2020-06-11,BN056,2020-06-11,2,peak dominant,2020-06-05,2020-06-11,7,0,0.3473299762627082,images/peak_dominant/BN056/2020-06-11.png
BN056_2020-06-12,BN056,2020-06-12,2,peak dominant,2020-06-06,2020-06-12,7,0,0.18140397223947805,images/peak_dominant/BN056/2020-06-12.png
BN056_2020-06-13,BN056,2020-06-13,2,peak dominant,2020-06-07,2020-06-13,7,0,0.18170597414456457,images/peak_dominant/BN056/2020-06-13.png
BN056_2020-06-14,BN056,2020-06-14,2,peak dominant,2020-06-08,2020-06-14,7,0,0.1970189965551479,images/peak_dominant/BN056/2020-06-14.png
BN056_2020-06-15,BN056,2020-06-15,2,peak dominant,2020-06-09,2020-06-15,7,0,0.3396582509683779,images/peak_dominant/BN056/2020-06-15.png
BN056_2020-06-16,BN056,2020-06-16,2,peak dominant,2020-06-10,2020-06-16,7,0,0.25561156718277445,images/peak_dominant/BN056/2020-06-16.png
BN056_2020-06-17,BN056,2020-06-17,2,peak dominant,2020-06-11,2020-06-17,7,0,0.23296114906456863,images/peak_dominant/BN056/2020-06-17.png
BN056_2020-06-18,BN056,2020-06-18,2,peak dominant,2020-06-12,2020-06-18,7,0,0.2521273679852183,images/peak_dominant/BN056/2020-06-18.png
BN056_2020-06-19,BN056,2020-06-19,2,peak dominant,2020-06-13,2020-06-19,7,0,0.2530064055201849,images/peak_dominant/BN056/2020-06-19.png
BN056_2020-06-20,BN056,2020-06-20,2,peak dominant,2020-06-14,2020-06-20,7,0,0.2568159061416712,images/peak_dominant/BN056/2020-06-20.png
BN056_2020-06-21,BN056,2020-06-21,2,peak dominant,2020-06-15,2020-06-21,7,0,0.26612166928965897,images/peak_dominant/BN056/2020-06-21.png
BN056_2020-06-22,BN056,2020-06-22,2,peak dominant,2020-06-16,2020-06-22,7,0,0.32812777597861315,images/peak_dominant/BN056/2020-06-22.png
BN056_2020-06-23,BN056,2020-06-23,2,peak dominant,2020-06-17,2020-06-23,7,0,0.25564663366769036,images/peak_dominant/BN056/2020-06-23.png
BN056_2020-06-24,BN056,2020-06-24,2,peak dominant,2020-06-18,2020-06-24,7,0,0.21157037024249167,images/peak_dominant/BN056/2020-06-24.png
BN056_2020-06-25,BN056,2020-06-25,2,peak dominant,2020-06-19,2020-06-25,7,0,0.2629237042199655,images/peak_dominant/BN056/2020-06-25.png
BN056_2020-06-26,BN056,2020-06-26,2,peak dominant,2020-06-20,2020-06-26,7,0,0.2618504004469558,images/peak_dominant/BN056/2020-06-26.png
BN056_2020-06-27,BN056,2020-06-27,2,peak dominant,2020-06-21,2020-06-27,7,0,0.3110502068243166,images/peak_dominant/BN056/2020-06-27.png
BN056_2020-06-28,BN056,2020-06-28,2,peak dominant,2020-06-22,2020-06-28,7,0,0.28562579413927575,images/peak_dominant/BN056/2020-06-28.png
BN056_2020-06-29,BN056,2020-06-29,2,peak dominant,2020-06-23,2020-06-29,7,0,0.34087659134009984,images/peak_dominant/BN056/2020-06-29.png
BN056_2020-06-30,BN056,2020-06-30,2,peak dominant,2020-06-24,2020-06-30,7,0,0.2965136632730234,images/peak_dominant/BN056/2020-06-30.png
BN073_2019-07-31,BN073,2019-07-31,1,typical,2019-07-25,2019-07-31,7,0,0.33690250663382526,images/typical/BN073/2019-07-31.png
BN073_2019-08-01,BN073,2019-08-01,1,typical,2019-07-26,2019-08-01,7,0,0.32938982806973927,images/typical/BN073/2019-08-01.png
BN073_2019-08-02,BN073,2019-08-02,1,typical,2019-07-27,2019-08-02,7,0,0.324307656394415,images/typical/BN073/2019-08-02.png
BN073_2019-08-03,BN073,2019-08-03,1,typical,2019-07-28,2019-08-03,7,0,0.36377023782576484,images/typical/BN073/2019-08-03.png
BN073_2019-08-04,BN073,2019-08-04,1,typical,2019-07-29,2019-08-04,7,0,0.33682094915222055,images/typical/BN073/2019-08-04.png
BN073_2019-08-05,BN073,2019-08-05,1,typical,2019-07-30,2019-08-05,7,0,0.5127149064745604,images/typical/BN073/2019-08-05.png
BN073_2019-08-06,BN073,2019-08-06,1,typical,2019-07-31,2019-08-06,7,0,0.5442472061495714,images/typical/BN073/2019-08-06.png
BN073_2019-08-07,BN073,2019-08-07,1,typical,2019-08-01,2019-08-07,7,0,0.6339363152796632,images/typical/BN073/2019-08-07.png
BN073_2019-08-08,BN073,2019-08-08,1,typical,2019-08-02,2019-08-08,7,0,0.6347445385445607,images/typical/BN073/2019-08-08.png
BN073_2019-08-09,BN073,2019-08-09,1,typical,2019-08-03,2019-08-09,7,0,0.45593204667488607,images/typical/BN073/2019-08-09.png
BN073_2019-08-10,BN073,2019-08-10,1,typical,2019-08-04,2019-08-10,7,0,0.4571666496783541,images/typical/BN073/2019-08-10.png
BN073_2019-08-11,BN073,2019-08-11,1,typical,2019-08-05,2019-08-11,7,0,0.4582255683604154,images/typical/BN073/2019-08-11.png
BN073_2019-08-12,BN073,2019-08-12,1,typical,2019-08-06,2019-08-12,7,0,0.44998339640463075,images/typical/BN073/2019-08-12.png
BN073_2019-08-13,BN073,2019-08-13,1,typical,2019-08-07,2019-08-13,7,0,0.6332612685874833,images/typical/BN073/2019-08-13.png
BN073_2019-08-14,BN073,2019-08-14,1,typical,2019-08-08,2019-08-14,7,0,0.6205074981707117,images/typical/BN073/2019-08-14.png
BN073_2019-08-15,BN073,2019-08-15,1,typical,2019-08-09,2019-08-15,7,0,0.6229216679269673,images/typical/BN073/2019-08-15.png
BN073_2019-08-16,BN073,2019-08-16,1,typical,2019-08-10,2019-08-16,7,0,0.38974082318809367,images/typical/BN073/2019-08-16.png
BN073_2019-08-17,BN073,2019-08-17,1,typical,2019-08-11,2019-08-17,7,0,0.508596354618836,images/typical/BN073/2019-08-17.png
BN073_2019-08-18,BN073,2019-08-18,1,typical,2019-08-12,2019-08-18,7,0,0.49151082557631126,images/typical/BN073/2019-08-18.png
BN073_2019-08-19,BN073,2019-08-19,1,typical,2019-08-13,2019-08-19,7,0,0.5427293946672351,images/typical/BN073/2019-08-19.png
BN073_2019-08-20,BN073,2019-08-20,1,typical,2019-08-14,2019-08-20,7,0,0.4807184685882961,images/typical/BN073/2019-08-20.png
BN073_2019-08-21,BN073,2019-08-21,2,peak dominant,2019-08-15,2019-08-21,7,0,0.4059426725789381,images/peak_dominant/BN073/2019-08-21.png
BN073_2019-08-22,BN073,2019-08-22,1,typical,2019-08-16,2019-08-22,7,0,0.3606183800801709,images/typical/BN073/2019-08-22.png
BN073_2019-08-23,BN073,2019-08-23,2,peak dominant,2019-08-17,2019-08-23,7,0,0.3935020885851838,images/peak_dominant/BN073/2019-08-23.png
BN073_2019-08-24,BN073,2019-08-24,1,typical,2019-08-18,2019-08-24,7,0,0.4962954472517495,images/typical/BN073/2019-08-24.png
BN073_2019-08-25,BN073,2019-08-25,1,typical,2019-08-19,2019-08-25,7,0,0.4712205072115583,images/typical/BN073/2019-08-25.png
BN073_2019-08-26,BN073,2019-08-26,1,typical,2019-08-20,2019-08-26,7,0,0.5236518796669724,images/typical/BN073/2019-08-26.png
BN073_2019-08-27,BN073,2019-08-27,1,typical,2019-08-21,2019-08-27,7,0,0.4321617335382115,images/typical/BN073/2019-08-27.png
BN073_2019-08-28,BN073,2019-08-28,1,typical,2019-08-22,2019-08-28,7,0,0.42120009102542827,images/typical/BN073/2019-08-28.png
BN073_2019-08-29,BN073,2019-08-29,1,typical,2019-08-23,2019-08-29,7,0,0.3793821666850725,images/typical/BN073/2019-08-29.png
BN073_2019-08-30,BN073,2019-08-30,1,typical,2019-08-24,2019-08-30,7,0,0.36637050241701286,images/typical/BN073/2019-08-30.png
BN073_2019-08-31,BN073,2019-08-31,1,typical,2019-08-25,2019-08-31,7,0,0.2675046055236405,images/typical/BN073/2019-08-31.png
BN073_2019-09-01,BN073,2019-09-01,1,typical,2019-08-26,2019-09-01,7,0,0.33063254645585644,images/typical/BN073/2019-09-01.png
BN073_2019-09-02,BN073,2019-09-02,1,typical,2019-08-27,2019-09-02,7,0,0.17380859986767108,images/typical/BN073/2019-09-02.png
BN073_2019-09-03,BN073,2019-09-03,1,typical,2019-08-28,2019-09-03,7,0,0.1749750909553755,images/typical/BN073/2019-09-03.png
BN073_2019-09-04,BN073,2019-09-04,1,typical,2019-08-29,2019-09-04,7,0,0.15158629962493186,images/typical/BN073/2019-09-04.png
BN073_2019-09-05,BN073,2019-09-05,1,typical,2019-08-30,2019-09-05,7,0,0.212969445569296,images/typical/BN073/2019-09-05.png
BN073_2019-09-06,BN073,2019-09-06,1,typical,2019-08-31,2019-09-06,7,0,0.395742382583977,images/typical/BN073/2019-09-06.png
BN073_2019-09-07,BN073,2019-09-07,1,typical,2019-09-01,2019-09-07,7,0,0.4382909392789521,images/typical/BN073/2019-09-07.png
BN073_2019-09-08,BN073,2019-09-08,1,typical,2019-09-02,2019-09-08,7,0,0.5310615835741912,images/typical/BN073/2019-09-08.png
BN073_2019-09-09,BN073,2019-09-09,1,typical,2019-09-03,2019-09-09,7,0,0.5033587989044292,images/typical/BN073/2019-09-09.png
BN073_2019-09-10,BN073,2019-09-10,1,typical,2019-09-04,2019-09-10,7,0,0.5199824929008734,images/typical/BN073/2019-09-10.png
BN073_2019-09-11,BN073,2019-09-11,1,typical,2019-09-05,2019-09-11,7,0,0.4919740108478018,images/typical/BN073/2019-09-11.png
BN073_2019-09-12,BN073,2019-09-12,1,typical,2019-09-06,2019-09-12,7,0,0.4873926798306859,images/typical/BN073/2019-09-12.png
BN073_2019-09-13,BN073,2019-09-13,1,typical,2019-09-07,2019-09-13,7,0,0.6143503077254631,images/typical/BN073/2019-09-13.png
BN073_2019-09-14,BN073,2019-09-14,2,peak dominant,2019-09-08,2019-09-14,7,0,0.6626727744216904,images/peak_dominant/BN073/2019-09-14.png
BN073_2019-09-15,BN073,2019-09-15,1,typical,2019-09-09,2019-09-15,7,0,0.630566903715494,images/typical/BN073/2019-09-15.png
BN073_2019-09-16,BN073,2019-09-16,1,typical,2019-09-10,2019-09-16,7,0,0.650112636626595,images/typical/BN073/2019-09-16.png
BN073_2019-09-17,BN073,2019-09-17,1,typical,2019-09-11,2019-09-17,7,0,0.6551541327408233,images/typical/BN073/2019-09-17.png
BN073_2019-09-18,BN073,2019-09-18,1,typical,2019-09-12,2019-09-18,7,0,0.6230799253287796,images/typical/BN073/2019-09-18.png
BN073_2019-09-19,BN073,2019-09-19,2,peak dominant,2019-09-13,2019-09-19,7,0,0.6282118033095135,images/peak_dominant/BN073/2019-09-19.png
BN073_2019-09-20,BN073,2019-09-20,1,typical,2019-09-14,2019-09-20,7,0,0.602551574885696,images/typical/BN073/2019-09-20.png
BN073_2019-09-21,BN073,2019-09-21,1,typical,2019-09-15,2019-09-21,7,0,0.6589197149294523,images/typical/BN073/2019-09-21.png
BN073_2019-09-22,BN073,2019-09-22,1,typical,2019-09-16,2019-09-22,7,0,0.6166179460508223,images/typical/BN073/2019-09-22.png
BN073_2019-09-23,BN073,2019-09-23,1,typical,2019-09-17,2019-09-23,7,0,0.6211137044345642,images/typical/BN073/2019-09-23.png
BN073_2019-09-24,BN073,2019-09-24,1,typical,2019-09-18,2019-09-24,7,0,0.5731272002356343,images/typical/BN073/2019-09-24.png
BN073_2019-09-25,BN073,2019-09-25,1,typical,2019-09-19,2019-09-25,7,0,0.35937570220239445,images/typical/BN073/2019-09-25.png
BN073_2019-09-26,BN073,2019-09-26,1,typical,2019-09-20,2019-09-26,7,0,0.31470987725758476,images/typical/BN073/2019-09-26.png
BN073_2019-09-27,BN073,2019-09-27,1,typical,2019-09-21,2019-09-27,7,0,0.3376262455002719,images/typical/BN073/2019-09-27.png
BN073_2019-09-28,BN073,2019-09-28,1,typical,2019-09-22,2019-09-28,7,0,0.35667321543738684,images/typical/BN073/2019-09-28.png
BN073_2019-09-29,BN073,2019-09-29,1,typical,2019-09-23,2019-09-29,7,0,0.37862519067312855,images/typical/BN073/2019-09-29.png
BN073_2019-09-30,BN073,2019-09-30,1,typical,2019-09-24,2019-09-30,7,0,0.4076317048084146,images/typical/BN073/2019-09-30.png
BN073_2019-10-01,BN073,2019-10-01,1,typical,2019-09-25,2019-10-01,7,0,0.4757069669001225,images/typical/BN073/2019-10-01.png
BN073_2019-10-02,BN073,2019-10-02,1,typical,2019-09-26,2019-10-02,7,0,0.5974943929813927,images/typical/BN073/2019-10-02.png
BN073_2019-10-03,BN073,2019-10-03,1,typical,2019-09-27,2019-10-03,7,0,0.4501300418045584,images/typical/BN073/2019-10-03.png
BN073_2019-10-04,BN073,2019-10-04,1,typical,2019-09-28,2019-10-04,7,0,0.33925241939370276,images/typical/BN073/2019-10-04.png
BN073_2019-10-05,BN073,2019-10-05,1,typical,2019-09-29,2019-10-05,7,0,0.3606536443612461,images/typical/BN073/2019-10-05.png
BN073_2019-10-06,BN073,2019-10-06,1,typical,2019-09-30,2019-10-06,7,0,0.3042655047063849,images/typical/BN073/2019-10-06.png
BN073_2019-10-07,BN073,2019-10-07,1,typical,2019-10-01,2019-10-07,7,0,0.2924660045088062,images/typical/BN073/2019-10-07.png
BN073_2019-10-08,BN073,2019-10-08,1,typical,2019-10-02,2019-10-08,7,0,0.2639868923621259,images/typical/BN073/2019-10-08.png
BN073_2019-10-09,BN073,2019-10-09,1,typical,2019-10-03,2019-10-09,7,0,0.23371778815977112,images/typical/BN073/2019-10-09.png
BN073_2019-10-10,BN073,2019-10-10,1,typical,2019-10-04,2019-10-10,7,0,0.2133496351411637,images/typical/BN073/2019-10-10.png
BN073_2019-10-11,BN073,2019-10-11,1,typical,2019-10-05,2019-10-11,7,0,0.2073310890299029,images/typical/BN073/2019-10-11.png
BN073_2019-10-12,BN073,2019-10-12,1,typical,2019-10-06,2019-10-12,7,0,0.26480321258743666,images/typical/BN073/2019-10-12.png
BN073_2019-10-13,BN073,2019-10-13,1,typical,2019-10-07,2019-10-13,7,0,0.1742943502985574,images/typical/BN073/2019-10-13.png
BN073_2019-10-14,BN073,2019-10-14,1,typical,2019-10-08,2019-10-14,7,0,0.5081877099441391,images/typical/BN073/2019-10-14.png
BN073_2019-10-15,BN073,2019-10-15,1,typical,2019-10-09,2019-10-15,7,0,0.4250563024794209,images/typical/BN073/2019-10-15.png
BN073_2019-10-16,BN073,2019-10-16,1,typical,2019-10-10,2019-10-16,7,0,0.3010445778322318,images/typical/BN073/2019-10-16.png
BN073_2019-10-17,BN073,2019-10-17,1,typical,2019-10-11,2019-10-17,7,0,0.28919608954687875,images/typical/BN073/2019-10-17.png
BN073_2019-10-18,BN073,2019-10-18,1,typical,2019-10-12,2019-10-18,7,0,0.3544599150477744,images/typical/BN073/2019-10-18.png
BN073_2019-10-19,BN073,2019-10-19,1,typical,2019-10-13,2019-10-19,7,0,0.5596618049978799,images/typical/BN073/2019-10-19.png
BN073_2019-10-20,BN073,2019-10-20,1,typical,2019-10-14,2019-10-20,7,0,0.5390892707528763,images/typical/BN073/2019-10-20.png
BN073_2019-10-21,BN073,2019-10-21,1,typical,2019-10-15,2019-10-21,7,0,0.40225154279525965,images/typical/BN073/2019-10-21.png
BN073_2019-10-22,BN073,2019-10-22,1,typical,2019-10-16,2019-10-22,7,0,0.38848532663361096,images/typical/BN073/2019-10-22.png
BN073_2019-10-23,BN073,2019-10-23,1,typical,2019-10-17,2019-10-23,7,0,0.4322400596754403,images/typical/BN073/2019-10-23.png
BN073_2019-10-24,BN073,2019-10-24,1,typical,2019-10-18,2019-10-24,7,0,0.38956164808121346,images/typical/BN073/2019-10-24.png
BN073_2019-10-25,BN073,2019-10-25,1,typical,2019-10-19,2019-10-25,7,0,0.33157608120795373,images/typical/BN073/2019-10-25.png
BN073_2019-10-26,BN073,2019-10-26,1,typical,2019-10-20,2019-10-26,7,0,0.3669444739682982,images/typical/BN073/2019-10-26.png
BN073_2019-10-27,BN073,2019-10-27,1,typical,2019-10-21,2019-10-27,7,0,0.3019151217837776,images/typical/BN073/2019-10-27.png
BN073_2019-10-28,BN073,2019-10-28,1,typical,2019-10-22,2019-10-28,7,0,0.34183784823413005,images/typical/BN073/2019-10-28.png
BN073_2019-10-29,BN073,2019-10-29,1,typical,2019-10-23,2019-10-29,7,0,0.3152558568214056,images/typical/BN073/2019-10-29.png
BN073_2019-10-30,BN073,2019-10-30,1,typical,2019-10-24,2019-10-30,7,0,0.2854849388329751,images/typical/BN073/2019-10-30.png
BN073_2019-10-31,BN073,2019-10-31,1,typical,2019-10-25,2019-10-31,7,0,0.21167001938969612,images/typical/BN073/2019-10-31.png
BN073_2019-11-01,BN073,2019-11-01,1,typical,2019-10-26,2019-11-01,7,0,0.27010279942545634,images/typical/BN073/2019-11-01.png
BN073_2019-11-02,BN073,2019-11-02,1,typical,2019-10-27,2019-11-02,7,0,0.6225293204714709,images/typical/BN073/2019-11-02.png
BN073_2019-11-03,BN073,2019-11-03,1,typical,2019-10-28,2019-11-03,7,0,0.5916392639088464,images/typical/BN073/2019-11-03.png
BN073_2019-11-04,BN073,2019-11-04,1,typical,2019-10-29,2019-11-04,7,0,0.638669893339822,images/typical/BN073/2019-11-04.png
BN073_2019-11-05,BN073,2019-11-05,1,typical,2019-10-30,2019-11-05,7,0,0.4137874977997132,images/typical/BN073/2019-11-05.png
BN073_2019-11-06,BN073,2019-11-06,1,typical,2019-10-31,2019-11-06,7,0,0.3922130453628949,images/typical/BN073/2019-11-06.png
BN073_2019-11-07,BN073,2019-11-07,1,typical,2019-11-01,2019-11-07,7,0,0.35791799443898875,images/typical/BN073/2019-11-07.png
BN073_2019-11-08,BN073,2019-11-08,1,typical,2019-11-02,2019-11-08,7,0,0.4895109690818758,images/typical/BN073/2019-11-08.png
BN073_2019-11-09,BN073,2019-11-09,1,typical,2019-11-03,2019-11-09,7,0,0.5855132797184852,images/typical/BN073/2019-11-09.png
BN073_2019-11-10,BN073,2019-11-10,1,typical,2019-11-04,2019-11-10,7,0,0.5286499979989272,images/typical/BN073/2019-11-10.png
BN073_2019-11-11,BN073,2019-11-11,1,typical,2019-11-05,2019-11-11,7,0,0.5225271852744885,images/typical/BN073/2019-11-11.png
BN073_2019-11-12,BN073,2019-11-12,1,typical,2019-11-06,2019-11-12,7,0,0.4892820080446913,images/typical/BN073/2019-11-12.png
BN073_2019-11-13,BN073,2019-11-13,1,typical,2019-11-07,2019-11-13,7,0,0.4209027994348225,images/typical/BN073/2019-11-13.png
BN073_2019-11-14,BN073,2019-11-14,1,typical,2019-11-08,2019-11-14,7,0,0.518545105189899,images/typical/BN073/2019-11-14.png
BN073_2019-11-15,BN073,2019-11-15,1,typical,2019-11-09,2019-11-15,7,0,0.4741249967476857,images/typical/BN073/2019-11-15.png
BN073_2019-11-16,BN073,2019-11-16,1,typical,2019-11-10,2019-11-16,7,0,0.5374680992435457,images/typical/BN073/2019-11-16.png
BN073_2019-11-17,BN073,2019-11-17,1,typical,2019-11-11,2019-11-17,7,0,0.5410928300671246,images/typical/BN073/2019-11-17.png
BN073_2019-11-18,BN073,2019-11-18,1,typical,2019-11-12,2019-11-18,7,0,0.5451054297667831,images/typical/BN073/2019-11-18.png
BN073_2019-11-19,BN073,2019-11-19,1,typical,2019-11-13,2019-11-19,7,0,0.43366040497658026,images/typical/BN073/2019-11-19.png
BN073_2019-11-20,BN073,2019-11-20,1,typical,2019-11-14,2019-11-20,7,0,0.25748843152110934,images/typical/BN073/2019-11-20.png
BN073_2019-11-21,BN073,2019-11-21,1,typical,2019-11-15,2019-11-21,7,0,0.2928653709368315,images/typical/BN073/2019-11-21.png
BN073_2019-11-22,BN073,2019-11-22,1,typical,2019-11-16,2019-11-22,7,0,0.26096997236900016,images/typical/BN073/2019-11-22.png
BN073_2019-11-23,BN073,2019-11-23,1,typical,2019-11-17,2019-11-23,7,0,0.2547116706987874,images/typical/BN073/2019-11-23.png
BN073_2019-11-24,BN073,2019-11-24,1,typical,2019-11-18,2019-11-24,7,0,0.28054914954236276,images/typical/BN073/2019-11-24.png
BN073_2019-11-25,BN073,2019-11-25,1,typical,2019-11-19,2019-11-25,7,0,0.3348878346405674,images/typical/BN073/2019-11-25.png
BN073_2019-11-26,BN073,2019-11-26,1,typical,2019-11-20,2019-11-26,7,0,0.34418954663797935,images/typical/BN073/2019-11-26.png
BN073_2019-11-27,BN073,2019-11-27,1,typical,2019-11-21,2019-11-27,7,0,0.3561187413984256,images/typical/BN073/2019-11-27.png
BN073_2019-11-28,BN073,2019-11-28,1,typical,2019-11-22,2019-11-28,7,0,0.485088520505682,images/typical/BN073/2019-11-28.png
BN073_2019-11-29,BN073,2019-11-29,1,typical,2019-11-23,2019-11-29,7,0,0.5181495157796048,images/typical/BN073/2019-11-29.png
BN073_2019-11-30,BN073,2019-11-30,1,typical,2019-11-24,2019-11-30,7,0,0.509167913532066,images/typical/BN073/2019-11-30.png
BN073_2019-12-01,BN073,2019-12-01,1,typical,2019-11-25,2019-12-01,7,0,0.40133233083807773,images/typical/BN073/2019-12-01.png
BN073_2019-12-02,BN073,2019-12-02,1,typical,2019-11-26,2019-12-02,7,0,0.4151784630263601,images/typical/BN073/2019-12-02.png
BN073_2019-12-03,BN073,2019-12-03,1,typical,2019-11-27,2019-12-03,7,0,0.2735508836092364,images/typical/BN073/2019-12-03.png
BN073_2019-12-04,BN073,2019-12-04,1,typical,2019-11-28,2019-12-04,7,0,0.30915578545399475,images/typical/BN073/2019-12-04.png
BN073_2019-12-05,BN073,2019-12-05,1,typical,2019-11-29,2019-12-05,7,0,0.31829687796713974,images/typical/BN073/2019-12-05.png
BN073_2019-12-06,BN073,2019-12-06,1,typical,2019-11-30,2019-12-06,7,0,0.39567566956350037,images/typical/BN073/2019-12-06.png
BN073_2019-12-07,BN073,2019-12-07,1,typical,2019-12-01,2019-12-07,7,0,0.42550623340087784,images/typical/BN073/2019-12-07.png
BN073_2019-12-08,BN073,2019-12-08,1,typical,2019-12-02,2019-12-08,7,0,0.4330386331789496,images/typical/BN073/2019-12-08.png
BN073_2019-12-09,BN073,2019-12-09,1,typical,2019-12-03,2019-12-09,7,0,0.43243870473343266,images/typical/BN073/2019-12-09.png
BN073_2019-12-10,BN073,2019-12-10,1,typical,2019-12-04,2019-12-10,7,0,0.3346928272340787,images/typical/BN073/2019-12-10.png
BN073_2019-12-11,BN073,2019-12-11,1,typical,2019-12-05,2019-12-11,7,0,0.3061581177554062,images/typical/BN073/2019-12-11.png
BN073_2019-12-12,BN073,2019-12-12,1,typical,2019-12-06,2019-12-12,7,0,0.27731657925502534,images/typical/BN073/2019-12-12.png
BN073_2019-12-13,BN073,2019-12-13,1,typical,2019-12-07,2019-12-13,7,0,0.24572245138903337,images/typical/BN073/2019-12-13.png
BN073_2019-12-14,BN073,2019-12-14,1,typical,2019-12-08,2019-12-14,7,0,0.3129503295190659,images/typical/BN073/2019-12-14.png
BN073_2019-12-15,BN073,2019-12-15,1,typical,2019-12-09,2019-12-15,7,0,0.6074444321066258,images/typical/BN073/2019-12-15.png
BN073_2019-12-16,BN073,2019-12-16,1,typical,2019-12-10,2019-12-16,7,0,0.5889857088177358,images/typical/BN073/2019-12-16.png
BN073_2019-12-17,BN073,2019-12-17,1,typical,2019-12-11,2019-12-17,7,0,0.5686475561245538,images/typical/BN073/2019-12-17.png
BN073_2019-12-18,BN073,2019-12-18,1,typical,2019-12-12,2019-12-18,7,0,0.4780667217281783,images/typical/BN073/2019-12-18.png
BN073_2019-12-19,BN073,2019-12-19,1,typical,2019-12-13,2019-12-19,7,0,0.632936817279269,images/typical/BN073/2019-12-19.png
BN073_2019-12-20,BN073,2019-12-20,1,typical,2019-12-14,2019-12-20,7,0,0.6145673703823913,images/typical/BN073/2019-12-20.png
BN073_2019-12-21,BN073,2019-12-21,1,typical,2019-12-15,2019-12-21,7,0,0.3919111585420737,images/typical/BN073/2019-12-21.png
BN073_2019-12-22,BN073,2019-12-22,1,typical,2019-12-16,2019-12-22,7,0,0.6115518969202275,images/typical/BN073/2019-12-22.png
BN073_2019-12-23,BN073,2019-12-23,1,typical,2019-12-17,2019-12-23,7,0,0.5639021305135463,images/typical/BN073/2019-12-23.png
BN073_2019-12-24,BN073,2019-12-24,1,typical,2019-12-18,2019-12-24,7,0,0.20939995545156964,images/typical/BN073/2019-12-24.png
BN073_2019-12-25,BN073,2019-12-25,1,typical,2019-12-19,2019-12-25,7,0,0.17173112394101814,images/typical/BN073/2019-12-25.png
BN073_2019-12-26,BN073,2019-12-26,1,typical,2019-12-20,2019-12-26,7,0,0.19585357241944745,images/typical/BN073/2019-12-26.png
BN073_2019-12-27,BN073,2019-12-27,1,typical,2019-12-21,2019-12-27,7,0,0.1717988684566555,images/typical/BN073/2019-12-27.png
BN073_2019-12-28,BN073,2019-12-28,1,typical,2019-12-22,2019-12-28,7,0,0.16241886686566023,images/typical/BN073/2019-12-28.png
BN073_2019-12-29,BN073,2019-12-29,1,typical,2019-12-23,2019-12-29,7,0,0.21861693653091133,images/typical/BN073/2019-12-29.png
BN073_2019-12-30,BN073,2019-12-30,1,typical,2019-12-24,2019-12-30,7,0,0.2818333103894573,images/typical/BN073/2019-12-30.png
BN073_2019-12-31,BN073,2019-12-31,1,typical,2019-12-25,2019-12-31,7,0,0.2618783772871162,images/typical/BN073/2019-12-31.png
BN073_2020-01-01,BN073,2020-01-01,1,typical,2019-12-26,2020-01-01,7,0,0.18515801354910386,images/typical/BN073/2020-01-01.png
BN073_2020-01-02,BN073,2020-01-02,1,typical,2019-12-27,2020-01-02,7,0,0.1218780831926553,images/typical/BN073/2020-01-02.png
BN073_2020-01-03,BN073,2020-01-03,1,typical,2019-12-28,2020-01-03,7,0,0.1919209486305098,images/typical/BN073/2020-01-03.png
BN073_2020-01-04,BN073,2020-01-04,1,typical,2019-12-29,2020-01-04,7,0,0.18488626505390499,images/typical/BN073/2020-01-04.png
BN073_2020-01-05,BN073,2020-01-05,1,typical,2019-12-30,2020-01-05,7,0,0.18137984138144495,images/typical/BN073/2020-01-05.png
BN073_2020-01-06,BN073,2020-01-06,1,typical,2019-12-31,2020-01-06,7,0,0.6058753657444407,images/typical/BN073/2020-01-06.png
BN073_2020-01-07,BN073,2020-01-07,1,typical,2020-01-01,2020-01-07,7,0,0.3941270184932384,images/typical/BN073/2020-01-07.png
BN073_2020-01-08,BN073,2020-01-08,1,typical,2020-01-02,2020-01-08,7,0,0.2762534689253428,images/typical/BN073/2020-01-08.png
BN073_2020-01-09,BN073,2020-01-09,1,typical,2020-01-03,2020-01-09,7,0,0.3978582226222622,images/typical/BN073/2020-01-09.png
BN073_2020-01-10,BN073,2020-01-10,1,typical,2020-01-04,2020-01-10,7,0,0.41238182562697834,images/typical/BN073/2020-01-10.png
BN073_2020-01-11,BN073,2020-01-11,1,typical,2020-01-05,2020-01-11,7,0,0.5282018351185738,images/typical/BN073/2020-01-11.png
BN073_2020-01-12,BN073,2020-01-12,1,typical,2020-01-06,2020-01-12,7,0,0.6014261242345912,images/typical/BN073/2020-01-12.png
BN073_2020-01-13,BN073,2020-01-13,1,typical,2020-01-07,2020-01-13,7,0,0.6046668073152172,images/typical/BN073/2020-01-13.png
BN073_2020-01-14,BN073,2020-01-14,1,typical,2020-01-08,2020-01-14,7,0,0.5262867330665569,images/typical/BN073/2020-01-14.png
BN073_2020-01-15,BN073,2020-01-15,1,typical,2020-01-09,2020-01-15,7,0,0.4137485102258746,images/typical/BN073/2020-01-15.png
BN073_2020-01-16,BN073,2020-01-16,1,typical,2020-01-10,2020-01-16,7,0,0.6025597882655673,images/typical/BN073/2020-01-16.png
BN073_2020-01-17,BN073,2020-01-17,1,typical,2020-01-11,2020-01-17,7,0,0.6064239712561573,images/typical/BN073/2020-01-17.png
BN073_2020-01-18,BN073,2020-01-18,1,typical,2020-01-12,2020-01-18,7,0,0.6011684710039883,images/typical/BN073/2020-01-18.png
BN073_2020-01-19,BN073,2020-01-19,1,typical,2020-01-13,2020-01-19,7,0,0.6035540188324895,images/typical/BN073/2020-01-19.png
BN073_2020-01-20,BN073,2020-01-20,1,typical,2020-01-14,2020-01-20,7,0,0.47249210981188466,images/typical/BN073/2020-01-20.png
BN073_2020-01-21,BN073,2020-01-21,1,typical,2020-01-15,2020-01-21,7,0,0.17860109531158672,images/typical/BN073/2020-01-21.png
BN073_2020-01-22,BN073,2020-01-22,1,typical,2020-01-16,2020-01-22,7,0,0.22330311468994551,images/typical/BN073/2020-01-22.png
BN073_2020-01-23,BN073,2020-01-23,1,typical,2020-01-17,2020-01-23,7,0,0.38842553594322426,images/typical/BN073/2020-01-23.png
BN073_2020-01-24,BN073,2020-01-24,1,typical,2020-01-18,2020-01-24,7,0,0.3271798071537137,images/typical/BN073/2020-01-24.png
BN073_2020-01-25,BN073,2020-01-25,1,typical,2020-01-19,2020-01-25,7,0,0.3174674440387447,images/typical/BN073/2020-01-25.png
BN073_2020-01-26,BN073,2020-01-26,1,typical,2020-01-20,2020-01-26,7,0,0.2980628008163456,images/typical/BN073/2020-01-26.png
BN073_2020-01-27,BN073,2020-01-27,1,typical,2020-01-21,2020-01-27,7,0,0.47380892426781307,images/typical/BN073/2020-01-27.png
BN073_2020-01-28,BN073,2020-01-28,1,typical,2020-01-22,2020-01-28,7,0,0.4430713710427236,images/typical/BN073/2020-01-28.png
BN073_2020-01-29,BN073,2020-01-29,1,typical,2020-01-23,2020-01-29,7,0,0.45696656297744,images/typical/BN073/2020-01-29.png
BN073_2020-01-30,BN073,2020-01-30,1,typical,2020-01-24,2020-01-30,7,0,0.438510916042105,images/typical/BN073/2020-01-30.png
BN073_2020-01-31,BN073,2020-01-31,1,typical,2020-01-25,2020-01-31,7,0,0.4835924449666679,images/typical/BN073/2020-01-31.png
BN073_2020-02-01,BN073,2020-02-01,1,typical,2020-01-26,2020-02-01,7,0,0.5007919592876454,images/typical/BN073/2020-02-01.png
BN073_2020-02-02,BN073,2020-02-02,1,typical,2020-01-27,2020-02-02,7,0,0.4857551584348754,images/typical/BN073/2020-02-02.png
BN073_2020-02-03,BN073,2020-02-03,1,typical,2020-01-28,2020-02-03,7,0,0.23803310073873485,images/typical/BN073/2020-02-03.png
BN073_2020-02-04,BN073,2020-02-04,1,typical,2020-01-29,2020-02-04,7,0,0.22807313734801807,images/typical/BN073/2020-02-04.png
BN073_2020-02-05,BN073,2020-02-05,1,typical,2020-01-30,2020-02-05,7,0,0.25341518297847115,images/typical/BN073/2020-02-05.png
BN073_2020-02-06,BN073,2020-02-06,1,typical,2020-01-31,2020-02-06,7,0,0.26581574900717114,images/typical/BN073/2020-02-06.png
BN073_2020-02-07,BN073,2020-02-07,1,typical,2020-02-01,2020-02-07,7,0,0.26679742208716245,images/typical/BN073/2020-02-07.png
BN073_2020-02-08,BN073,2020-02-08,1,typical,2020-02-02,2020-02-08,7,0,0.2680354116101487,images/typical/BN073/2020-02-08.png
BN073_2020-02-09,BN073,2020-02-09,1,typical,2020-02-03,2020-02-09,7,0,0.340202609583181,images/typical/BN073/2020-02-09.png
BN073_2020-02-10,BN073,2020-02-10,1,typical,2020-02-04,2020-02-10,7,0,0.6391684259918815,images/typical/BN073/2020-02-10.png
BN073_2020-02-11,BN073,2020-02-11,1,typical,2020-02-05,2020-02-11,7,0,0.48531439136394755,images/typical/BN073/2020-02-11.png
BN073_2020-02-12,BN073,2020-02-12,1,typical,2020-02-06,2020-02-12,7,0,0.6300444887012563,images/typical/BN073/2020-02-12.png
BN073_2020-02-13,BN073,2020-02-13,1,typical,2020-02-07,2020-02-13,7,0,0.5583229335901131,images/typical/BN073/2020-02-13.png
BN073_2020-02-14,BN073,2020-02-14,1,typical,2020-02-08,2020-02-14,7,0,0.5211262953278486,images/typical/BN073/2020-02-14.png
BN073_2020-02-15,BN073,2020-02-15,1,typical,2020-02-09,2020-02-15,7,0,0.4551086563248131,images/typical/BN073/2020-02-15.png
BN073_2020-02-16,BN073,2020-02-16,1,typical,2020-02-10,2020-02-16,7,0,0.42592562907674725,images/typical/BN073/2020-02-16.png
BN073_2020-02-17,BN073,2020-02-17,1,typical,2020-02-11,2020-02-17,7,0,0.5995923648350695,images/typical/BN073/2020-02-17.png
BN073_2020-02-18,BN073,2020-02-18,1,typical,2020-02-12,2020-02-18,7,0,0.4097552192741901,images/typical/BN073/2020-02-18.png
BN073_2020-02-19,BN073,2020-02-19,1,typical,2020-02-13,2020-02-19,7,0,0.4409825956798913,images/typical/BN073/2020-02-19.png
BN073_2020-02-20,BN073,2020-02-20,1,typical,2020-02-14,2020-02-20,7,0,0.42314557248328605,images/typical/BN073/2020-02-20.png
BN073_2020-02-21,BN073,2020-02-21,1,typical,2020-02-15,2020-02-21,7,0,0.5454447165231074,images/typical/BN073/2020-02-21.png
BN073_2020-02-22,BN073,2020-02-22,1,typical,2020-02-16,2020-02-22,7,0,0.3509036849139826,images/typical/BN073/2020-02-22.png
BN073_2020-02-23,BN073,2020-02-23,2,peak dominant,2020-02-17,2020-02-23,7,0,0.44566288659516623,images/peak_dominant/BN073/2020-02-23.png
BN073_2020-02-24,BN073,2020-02-24,1,typical,2020-02-18,2020-02-24,7,0,0.4063927295362285,images/typical/BN073/2020-02-24.png
BN073_2020-02-25,BN073,2020-02-25,2,peak dominant,2020-02-19,2020-02-25,7,0,0.3253394917182252,images/peak_dominant/BN073/2020-02-25.png
BN073_2020-02-26,BN073,2020-02-26,2,peak dominant,2020-02-20,2020-02-26,7,0,0.2597722253536948,images/peak_dominant/BN073/2020-02-26.png
BN073_2020-02-27,BN073,2020-02-27,1,typical,2020-02-21,2020-02-27,7,0,0.2533004118466642,images/typical/BN073/2020-02-27.png
BN073_2020-02-28,BN073,2020-02-28,1,typical,2020-02-22,2020-02-28,7,0,0.1999399371685288,images/typical/BN073/2020-02-28.png
BN073_2020-02-29,BN073,2020-02-29,2,peak dominant,2020-02-23,2020-02-29,7,0,0.36030689495372653,images/peak_dominant/BN073/2020-02-29.png
BN073_2020-03-01,BN073,2020-03-01,1,typical,2020-02-24,2020-03-01,7,0,0.5724211041636259,images/typical/BN073/2020-03-01.png
BN073_2020-03-02,BN073,2020-03-02,1,typical,2020-02-25,2020-03-02,7,0,0.43396465507754145,images/typical/BN073/2020-03-02.png
BN073_2020-03-03,BN073,2020-03-03,1,typical,2020-02-26,2020-03-03,7,0,0.4421754931727947,images/typical/BN073/2020-03-03.png
BN073_2020-03-04,BN073,2020-03-04,1,typical,2020-02-27,2020-03-04,7,0,0.45942158691321316,images/typical/BN073/2020-03-04.png
BN073_2020-03-05,BN073,2020-03-05,1,typical,2020-02-28,2020-03-05,7,0,0.45892087168686374,images/typical/BN073/2020-03-05.png
BN073_2020-03-06,BN073,2020-03-06,2,peak dominant,2020-02-29,2020-03-06,7,0,0.5312937407496062,images/peak_dominant/BN073/2020-03-06.png
BN073_2020-03-07,BN073,2020-03-07,2,peak dominant,2020-03-01,2020-03-07,7,0,0.45917670332198485,images/peak_dominant/BN073/2020-03-07.png
BN073_2020-03-08,BN073,2020-03-08,1,typical,2020-03-02,2020-03-08,7,0,0.347783140275672,images/typical/BN073/2020-03-08.png
BN073_2020-03-09,BN073,2020-03-09,2,peak dominant,2020-03-03,2020-03-09,7,0,0.5183084167946697,images/peak_dominant/BN073/2020-03-09.png
BN073_2020-03-10,BN073,2020-03-10,1,typical,2020-03-04,2020-03-10,7,0,0.491802572539198,images/typical/BN073/2020-03-10.png
BN073_2020-03-11,BN073,2020-03-11,1,typical,2020-03-05,2020-03-11,7,0,0.21245773738907847,images/typical/BN073/2020-03-11.png
BN073_2020-03-12,BN073,2020-03-12,1,typical,2020-03-06,2020-03-12,7,0,0.0899012597014934,images/typical/BN073/2020-03-12.png
BN073_2020-03-13,BN073,2020-03-13,2,peak dominant,2020-03-07,2020-03-13,7,0,0.1351192660717497,images/peak_dominant/BN073/2020-03-13.png
BN073_2020-03-14,BN073,2020-03-14,2,peak dominant,2020-03-08,2020-03-14,7,0,0.13925230374601114,images/peak_dominant/BN073/2020-03-14.png
BN073_2020-03-15,BN073,2020-03-15,2,peak dominant,2020-03-09,2020-03-15,7,0,0.10331268245358513,images/peak_dominant/BN073/2020-03-15.png
BN073_2020-03-16,BN073,2020-03-16,2,peak dominant,2020-03-10,2020-03-16,7,0,0.10947939207831407,images/peak_dominant/BN073/2020-03-16.png
BN073_2020-03-17,BN073,2020-03-17,2,peak dominant,2020-03-11,2020-03-17,7,0,0.1681138825250146,images/peak_dominant/BN073/2020-03-17.png
BN073_2020-03-18,BN073,2020-03-18,1,typical,2020-03-12,2020-03-18,7,0,0.3045889245261851,images/typical/BN073/2020-03-18.png
BN073_2020-03-19,BN073,2020-03-19,1,typical,2020-03-13,2020-03-19,7,0,0.3398470050975517,images/typical/BN073/2020-03-19.png
BN073_2020-03-20,BN073,2020-03-20,2,peak dominant,2020-03-14,2020-03-20,7,0,0.3389772603001164,images/peak_dominant/BN073/2020-03-20.png
BN073_2020-03-21,BN073,2020-03-21,2,peak dominant,2020-03-15,2020-03-21,7,0,0.3470092708998146,images/peak_dominant/BN073/2020-03-21.png
BN073_2020-03-22,BN073,2020-03-22,2,peak dominant,2020-03-16,2020-03-22,7,0,0.36786254857805534,images/peak_dominant/BN073/2020-03-22.png
BN073_2020-03-23,BN073,2020-03-23,2,peak dominant,2020-03-17,2020-03-23,7,0,0.35504447252983473,images/peak_dominant/BN073/2020-03-23.png
BN073_2020-03-24,BN073,2020-03-24,2,peak dominant,2020-03-18,2020-03-24,7,0,0.2589445301203819,images/peak_dominant/BN073/2020-03-24.png
BN073_2020-03-25,BN073,2020-03-25,2,peak dominant,2020-03-19,2020-03-25,7,0,0.2609839631936643,images/peak_dominant/BN073/2020-03-25.png
BN073_2020-03-26,BN073,2020-03-26,2,peak dominant,2020-03-20,2020-03-26,7,0,0.32978486447956923,images/peak_dominant/BN073/2020-03-26.png
BN073_2020-03-27,BN073,2020-03-27,2,peak dominant,2020-03-21,2020-03-27,7,0,0.27415534866542896,images/peak_dominant/BN073/2020-03-27.png
BN073_2020-03-28,BN073,2020-03-28,2,peak dominant,2020-03-22,2020-03-28,7,0,0.23771485826131014,images/peak_dominant/BN073/2020-03-28.png
BN073_2020-03-29,BN073,2020-03-29,2,peak dominant,2020-03-23,2020-03-29,7,0,0.36713358080579134,images/peak_dominant/BN073/2020-03-29.png
BN073_2020-03-30,BN073,2020-03-30,2,peak dominant,2020-03-24,2020-03-30,7,0,0.29996345212379,images/peak_dominant/BN073/2020-03-30.png
BN073_2020-03-31,BN073,2020-03-31,1,typical,2020-03-25,2020-03-31,7,0,0.19157975280254508,images/typical/BN073/2020-03-31.png
BN073_2020-04-01,BN073,2020-04-01,2,peak dominant,2020-03-26,2020-04-01,7,0,0.37143301010631,images/peak_dominant/BN073/2020-04-01.png
BN073_2020-04-02,BN073,2020-04-02,2,peak dominant,2020-03-27,2020-04-02,7,0,0.5726929259813316,images/peak_dominant/BN073/2020-04-02.png
BN073_2020-04-03,BN073,2020-04-03,2,peak dominant,2020-03-28,2020-04-03,7,0,0.5740227692850512,images/peak_dominant/BN073/2020-04-03.png
BN073_2020-04-04,BN073,2020-04-04,2,peak dominant,2020-03-29,2020-04-04,7,0,0.570561092018285,images/peak_dominant/BN073/2020-04-04.png
BN073_2020-04-05,BN073,2020-04-05,2,peak dominant,2020-03-30,2020-04-05,7,0,0.5585086791399768,images/peak_dominant/BN073/2020-04-05.png
BN073_2020-04-06,BN073,2020-04-06,2,peak dominant,2020-03-31,2020-04-06,7,0,0.5439579058571928,images/peak_dominant/BN073/2020-04-06.png
BN073_2020-04-07,BN073,2020-04-07,2,peak dominant,2020-04-01,2020-04-07,7,0,0.605507918759308,images/peak_dominant/BN073/2020-04-07.png
BN073_2020-04-08,BN073,2020-04-08,2,peak dominant,2020-04-02,2020-04-08,7,0,0.6219752048798873,images/peak_dominant/BN073/2020-04-08.png
BN073_2020-04-09,BN073,2020-04-09,2,peak dominant,2020-04-03,2020-04-09,7,0,0.612166725020016,images/peak_dominant/BN073/2020-04-09.png
BN073_2020-04-10,BN073,2020-04-10,2,peak dominant,2020-04-04,2020-04-10,7,0,0.4790147813694717,images/peak_dominant/BN073/2020-04-10.png
BN073_2020-04-11,BN073,2020-04-11,2,peak dominant,2020-04-05,2020-04-11,7,0,0.29355443145731325,images/peak_dominant/BN073/2020-04-11.png
BN073_2020-04-12,BN073,2020-04-12,2,peak dominant,2020-04-06,2020-04-12,7,0,0.30212795703815937,images/peak_dominant/BN073/2020-04-12.png
BN073_2020-04-13,BN073,2020-04-13,1,typical,2020-04-07,2020-04-13,7,0,0.18899297090436123,images/typical/BN073/2020-04-13.png
BN073_2020-04-14,BN073,2020-04-14,2,peak dominant,2020-04-08,2020-04-14,7,0,0.17933052018189954,images/peak_dominant/BN073/2020-04-14.png
BN073_2020-04-15,BN073,2020-04-15,2,peak dominant,2020-04-09,2020-04-15,7,0,0.20056708296990913,images/peak_dominant/BN073/2020-04-15.png
BN073_2020-04-16,BN073,2020-04-16,2,peak dominant,2020-04-10,2020-04-16,7,0,0.2031854554718652,images/peak_dominant/BN073/2020-04-16.png
BN073_2020-04-17,BN073,2020-04-17,2,peak dominant,2020-04-11,2020-04-17,7,0,0.19302940338665833,images/peak_dominant/BN073/2020-04-17.png
BN073_2020-04-18,BN073,2020-04-18,2,peak dominant,2020-04-12,2020-04-18,7,0,0.537573152495227,images/peak_dominant/BN073/2020-04-18.png
BN073_2020-04-19,BN073,2020-04-19,2,peak dominant,2020-04-13,2020-04-19,7,0,0.5893284297708143,images/peak_dominant/BN073/2020-04-19.png
BN073_2020-04-20,BN073,2020-04-20,2,peak dominant,2020-04-14,2020-04-20,7,0,0.5944736529997273,images/peak_dominant/BN073/2020-04-20.png
BN073_2020-04-21,BN073,2020-04-21,2,peak dominant,2020-04-15,2020-04-21,7,0,0.5755542580185989,images/peak_dominant/BN073/2020-04-21.png
BN073_2020-04-22,BN073,2020-04-22,2,peak dominant,2020-04-16,2020-04-22,7,0,0.5711941321991869,images/peak_dominant/BN073/2020-04-22.png
BN073_2020-04-23,BN073,2020-04-23,2,peak dominant,2020-04-17,2020-04-23,7,0,0.5664207340477168,images/peak_dominant/BN073/2020-04-23.png
BN073_2020-04-24,BN073,2020-04-24,2,peak dominant,2020-04-18,2020-04-24,7,0,0.6123678919578169,images/peak_dominant/BN073/2020-04-24.png
BN073_2020-04-25,BN073,2020-04-25,2,peak dominant,2020-04-19,2020-04-25,7,0,0.4077593084909663,images/peak_dominant/BN073/2020-04-25.png
BN073_2020-04-26,BN073,2020-04-26,2,peak dominant,2020-04-20,2020-04-26,7,0,0.3603820195184067,images/peak_dominant/BN073/2020-04-26.png
BN073_2020-04-27,BN073,2020-04-27,2,peak dominant,2020-04-21,2020-04-27,7,0,0.3631836092859428,images/peak_dominant/BN073/2020-04-27.png
BN073_2020-04-28,BN073,2020-04-28,2,peak dominant,2020-04-22,2020-04-28,7,0,0.4892967851682449,images/peak_dominant/BN073/2020-04-28.png
BN073_2020-04-29,BN073,2020-04-29,2,peak dominant,2020-04-23,2020-04-29,7,0,0.5260404240484085,images/peak_dominant/BN073/2020-04-29.png
BN073_2020-04-30,BN073,2020-04-30,2,peak dominant,2020-04-24,2020-04-30,7,0,0.600472054325054,images/peak_dominant/BN073/2020-04-30.png
BN073_2020-05-01,BN073,2020-05-01,2,peak dominant,2020-04-25,2020-05-01,7,0,0.6127858408031703,images/peak_dominant/BN073/2020-05-01.png
BN073_2020-05-02,BN073,2020-05-02,2,peak dominant,2020-04-26,2020-05-02,7,0,0.608744907670711,images/peak_dominant/BN073/2020-05-02.png
BN073_2020-05-03,BN073,2020-05-03,2,peak dominant,2020-04-27,2020-05-03,7,0,0.6048021052991147,images/peak_dominant/BN073/2020-05-03.png
BN073_2020-05-04,BN073,2020-05-04,2,peak dominant,2020-04-28,2020-05-04,7,0,0.6053464826272166,images/peak_dominant/BN073/2020-05-04.png
BN073_2020-05-05,BN073,2020-05-05,2,peak dominant,2020-04-29,2020-05-05,7,0,0.6054489266891454,images/peak_dominant/BN073/2020-05-05.png
BN073_2020-05-06,BN073,2020-05-06,2,peak dominant,2020-04-30,2020-05-06,7,0,0.580484137823559,images/peak_dominant/BN073/2020-05-06.png
BN073_2020-05-07,BN073,2020-05-07,2,peak dominant,2020-05-01,2020-05-07,7,0,0.6506941998280903,images/peak_dominant/BN073/2020-05-07.png
BN073_2020-05-08,BN073,2020-05-08,2,peak dominant,2020-05-02,2020-05-08,7,0,0.4291217995796136,images/peak_dominant/BN073/2020-05-08.png
BN073_2020-05-09,BN073,2020-05-09,2,peak dominant,2020-05-03,2020-05-09,7,0,0.5236774911585902,images/peak_dominant/BN073/2020-05-09.png
BN073_2020-05-10,BN073,2020-05-10,2,peak dominant,2020-05-04,2020-05-10,7,0,0.47318261996576494,images/peak_dominant/BN073/2020-05-10.png
BN073_2020-05-11,BN073,2020-05-11,2,peak dominant,2020-05-05,2020-05-11,7,0,0.4664345066873744,images/peak_dominant/BN073/2020-05-11.png
BN073_2020-05-12,BN073,2020-05-12,2,peak dominant,2020-05-06,2020-05-12,7,0,0.44545208918402934,images/peak_dominant/BN073/2020-05-12.png
BN073_2020-05-13,BN073,2020-05-13,2,peak dominant,2020-05-07,2020-05-13,7,0,0.45398512316775147,images/peak_dominant/BN073/2020-05-13.png
BN073_2020-05-14,BN073,2020-05-14,1,typical,2020-05-08,2020-05-14,7,0,0.4541302510367193,images/typical/BN073/2020-05-14.png
BN073_2020-05-15,BN073,2020-05-15,2,peak dominant,2020-05-09,2020-05-15,7,0,0.4550688337846812,images/peak_dominant/BN073/2020-05-15.png
BN073_2020-05-16,BN073,2020-05-16,1,typical,2020-05-10,2020-05-16,7,0,0.5388666438669285,images/typical/BN073/2020-05-16.png
BN073_2020-05-17,BN073,2020-05-17,1,typical,2020-05-11,2020-05-17,7,0,0.2594171150243793,images/typical/BN073/2020-05-17.png
BN073_2020-05-18,BN073,2020-05-18,2,peak dominant,2020-05-12,2020-05-18,7,0,0.536265751668928,images/peak_dominant/BN073/2020-05-18.png
BN073_2020-05-19,BN073,2020-05-19,2,peak dominant,2020-05-13,2020-05-19,7,0,0.5748726928659572,images/peak_dominant/BN073/2020-05-19.png
BN073_2020-05-20,BN073,2020-05-20,2,peak dominant,2020-05-14,2020-05-20,7,0,0.5109016512957606,images/peak_dominant/BN073/2020-05-20.png
BN073_2020-05-21,BN073,2020-05-21,1,typical,2020-05-15,2020-05-21,7,0,0.3661517587032607,images/typical/BN073/2020-05-21.png
BN073_2020-05-22,BN073,2020-05-22,1,typical,2020-05-16,2020-05-22,7,0,0.3515404050699722,images/typical/BN073/2020-05-22.png
BN073_2020-05-23,BN073,2020-05-23,1,typical,2020-05-17,2020-05-23,7,0,0.48069888117305726,images/typical/BN073/2020-05-23.png
BN073_2020-05-24,BN073,2020-05-24,2,peak dominant,2020-05-18,2020-05-24,7,0,0.4998848236882621,images/peak_dominant/BN073/2020-05-24.png
BN073_2020-05-25,BN073,2020-05-25,2,peak dominant,2020-05-19,2020-05-25,7,0,0.507868567911138,images/peak_dominant/BN073/2020-05-25.png
BN073_2020-05-26,BN073,2020-05-26,1,typical,2020-05-20,2020-05-26,7,0,0.36548269868890476,images/typical/BN073/2020-05-26.png
BN073_2020-05-27,BN073,2020-05-27,1,typical,2020-05-21,2020-05-27,7,0,0.3405187776044964,images/typical/BN073/2020-05-27.png
BN073_2020-05-28,BN073,2020-05-28,1,typical,2020-05-22,2020-05-28,7,0,0.24057167194231466,images/typical/BN073/2020-05-28.png
BN073_2020-05-29,BN073,2020-05-29,1,typical,2020-05-23,2020-05-29,7,0,0.15846286515033023,images/typical/BN073/2020-05-29.png
BN073_2020-05-30,BN073,2020-05-30,1,typical,2020-05-24,2020-05-30,7,0,0.22742427351804334,images/typical/BN073/2020-05-30.png
BN073_2020-05-31,BN073,2020-05-31,1,typical,2020-05-25,2020-05-31,7,0,0.4394574169277001,images/typical/BN073/2020-05-31.png
BN073_2020-06-01,BN073,2020-06-01,1,typical,2020-05-26,2020-06-01,7,0,0.5344830924366172,images/typical/BN073/2020-06-01.png
BN073_2020-06-02,BN073,2020-06-02,1,typical,2020-05-27,2020-06-02,7,0,0.5183017792802335,images/typical/BN073/2020-06-02.png
BN073_2020-06-03,BN073,2020-06-03,1,typical,2020-05-28,2020-06-03,7,0,0.4450821590102446,images/typical/BN073/2020-06-03.png
BN073_2020-06-04,BN073,2020-06-04,1,typical,2020-05-29,2020-06-04,7,0,0.35330572618896905,images/typical/BN073/2020-06-04.png
BN073_2020-06-05,BN073,2020-06-05,1,typical,2020-05-30,2020-06-05,7,0,0.5746395333526138,images/typical/BN073/2020-06-05.png
BN073_2020-06-06,BN073,2020-06-06,1,typical,2020-05-31,2020-06-06,7,0,0.5336333115700471,images/typical/BN073/2020-06-06.png
BN073_2020-06-07,BN073,2020-06-07,2,peak dominant,2020-06-01,2020-06-07,7,0,0.4982952960830347,images/peak_dominant/BN073/2020-06-07.png
BN073_2020-06-08,BN073,2020-06-08,2,peak dominant,2020-06-02,2020-06-08,7,0,0.45663522939112033,images/peak_dominant/BN073/2020-06-08.png
BN073_2020-06-09,BN073,2020-06-09,1,typical,2020-06-03,2020-06-09,7,0,0.4462206550441096,images/typical/BN073/2020-06-09.png
BN073_2020-06-10,BN073,2020-06-10,1,typical,2020-06-04,2020-06-10,7,0,0.4785838448626281,images/typical/BN073/2020-06-10.png
BN073_2020-06-11,BN073,2020-06-11,1,typical,2020-06-05,2020-06-11,7,0,0.5289146815144816,images/typical/BN073/2020-06-11.png
BN073_2020-06-12,BN073,2020-06-12,1,typical,2020-06-06,2020-06-12,7,0,0.216247687873779,images/typical/BN073/2020-06-12.png
BN073_2020-06-13,BN073,2020-06-13,1,typical,2020-06-07,2020-06-13,7,0,0.13227195139858064,images/typical/BN073/2020-06-13.png
BN073_2020-06-14,BN073,2020-06-14,1,typical,2020-06-08,2020-06-14,7,0,0.19117337129572706,images/typical/BN073/2020-06-14.png
BN073_2020-06-15,BN073,2020-06-15,1,typical,2020-06-09,2020-06-15,7,0,0.25433104339325974,images/typical/BN073/2020-06-15.png
BN073_2020-06-16,BN073,2020-06-16,1,typical,2020-06-10,2020-06-16,7,0,0.2680351648344442,images/typical/BN073/2020-06-16.png
BN073_2020-06-17,BN073,2020-06-17,1,typical,2020-06-11,2020-06-17,7,0,0.38222591400227096,images/typical/BN073/2020-06-17.png
BN073_2020-06-18,BN073,2020-06-18,1,typical,2020-06-12,2020-06-18,7,0,0.36870533336864864,images/typical/BN073/2020-06-18.png
BN073_2020-06-19,BN073,2020-06-19,1,typical,2020-06-13,2020-06-19,7,0,0.347870353543985,images/typical/BN073/2020-06-19.png
BN073_2020-06-20,BN073,2020-06-20,1,typical,2020-06-14,2020-06-20,7,0,0.4465311880798948,images/typical/BN073/2020-06-20.png
BN073_2020-06-21,BN073,2020-06-21,1,typical,2020-06-15,2020-06-21,7,0,0.5607657862895088,images/typical/BN073/2020-06-21.png
BN073_2020-06-22,BN073,2020-06-22,1,typical,2020-06-16,2020-06-22,7,0,0.5730622877195161,images/typical/BN073/2020-06-22.png
BN073_2020-06-23,BN073,2020-06-23,1,typical,2020-06-17,2020-06-23,7,0,0.36228129500358236,images/typical/BN073/2020-06-23.png
BN073_2020-06-24,BN073,2020-06-24,1,typical,2020-06-18,2020-06-24,7,0,0.432942295392859,images/typical/BN073/2020-06-24.png
BN073_2020-06-25,BN073,2020-06-25,1,typical,2020-06-19,2020-06-25,7,0,0.5829151310311298,images/typical/BN073/2020-06-25.png
BN073_2020-06-26,BN073,2020-06-26,1,typical,2020-06-20,2020-06-26,7,0,0.613986938806444,images/typical/BN073/2020-06-26.png
BN073_2020-06-27,BN073,2020-06-27,1,typical,2020-06-21,2020-06-27,7,0,0.5894772775168041,images/typical/BN073/2020-06-27.png
BN073_2020-06-28,BN073,2020-06-28,1,typical,2020-06-22,2020-06-28,7,0,0.6002315237151342,images/typical/BN073/2020-06-28.png
BN073_2020-06-29,BN073,2020-06-29,1,typical,2020-06-23,2020-06-29,7,0,0.48851716599755546,images/typical/BN073/2020-06-29.png
BN073_2020-06-30,BN073,2020-06-30,1,typical,2020-06-24,2020-06-30,7,0,0.5252111011919932,images/typical/BN073/2020-06-30.png
BN077_2019-07-31,BN077,2019-07-31,2,peak dominant,2019-07-25,2019-07-31,7,0,0.22059187354770976,images/peak_dominant/BN077/2019-07-31.png
BN077_2019-08-01,BN077,2019-08-01,0,low activity,2019-07-26,2019-08-01,7,0,0.2167353686303349,images/low_activity/BN077/2019-08-01.png
BN077_2019-08-02,BN077,2019-08-02,2,peak dominant,2019-07-27,2019-08-02,7,0,0.21495722502108286,images/peak_dominant/BN077/2019-08-02.png
BN077_2019-08-03,BN077,2019-08-03,2,peak dominant,2019-07-28,2019-08-03,7,0,0.21367298491101722,images/peak_dominant/BN077/2019-08-03.png
BN077_2019-08-04,BN077,2019-08-04,2,peak dominant,2019-07-29,2019-08-04,7,0,0.21379219013535194,images/peak_dominant/BN077/2019-08-04.png
BN077_2019-08-05,BN077,2019-08-05,0,low activity,2019-07-30,2019-08-05,7,0,0.2162008918119536,images/low_activity/BN077/2019-08-05.png
BN077_2019-08-06,BN077,2019-08-06,0,low activity,2019-07-31,2019-08-06,7,0,0.19526148680738975,images/low_activity/BN077/2019-08-06.png
BN077_2019-08-07,BN077,2019-08-07,0,low activity,2019-08-01,2019-08-07,7,0,0.09721318714218335,images/low_activity/BN077/2019-08-07.png
BN077_2019-08-08,BN077,2019-08-08,0,low activity,2019-08-02,2019-08-08,7,0,0.15411177298267623,images/low_activity/BN077/2019-08-08.png
BN077_2019-08-09,BN077,2019-08-09,0,low activity,2019-08-03,2019-08-09,7,0,0.15385904142360252,images/low_activity/BN077/2019-08-09.png
BN077_2019-08-10,BN077,2019-08-10,2,peak dominant,2019-08-04,2019-08-10,7,0,0.3706839249933208,images/peak_dominant/BN077/2019-08-10.png
BN077_2019-08-11,BN077,2019-08-11,2,peak dominant,2019-08-05,2019-08-11,7,0,0.35989353263718543,images/peak_dominant/BN077/2019-08-11.png
BN077_2019-08-12,BN077,2019-08-12,2,peak dominant,2019-08-06,2019-08-12,7,0,0.25626250486692154,images/peak_dominant/BN077/2019-08-12.png
BN077_2019-08-13,BN077,2019-08-13,0,low activity,2019-08-07,2019-08-13,7,0,0.0948457391296464,images/low_activity/BN077/2019-08-13.png
BN077_2019-08-14,BN077,2019-08-14,2,peak dominant,2019-08-08,2019-08-14,7,0,0.14492200907029662,images/peak_dominant/BN077/2019-08-14.png
BN077_2019-08-15,BN077,2019-08-15,2,peak dominant,2019-08-09,2019-08-15,7,0,0.2794737498091133,images/peak_dominant/BN077/2019-08-15.png
BN077_2019-08-16,BN077,2019-08-16,0,low activity,2019-08-10,2019-08-16,7,0,0.26358287754159804,images/low_activity/BN077/2019-08-16.png
BN077_2019-08-17,BN077,2019-08-17,2,peak dominant,2019-08-11,2019-08-17,7,0,0.4733682665550332,images/peak_dominant/BN077/2019-08-17.png
BN077_2019-08-18,BN077,2019-08-18,2,peak dominant,2019-08-12,2019-08-18,7,0,0.6037818565497762,images/peak_dominant/BN077/2019-08-18.png
BN077_2019-08-19,BN077,2019-08-19,1,typical,2019-08-13,2019-08-19,7,0,0.5633390963112749,images/typical/BN077/2019-08-19.png
BN077_2019-08-20,BN077,2019-08-20,2,peak dominant,2019-08-14,2019-08-20,7,0,0.563007935501149,images/peak_dominant/BN077/2019-08-20.png
BN077_2019-08-21,BN077,2019-08-21,2,peak dominant,2019-08-15,2019-08-21,7,0,0.5545093424833827,images/peak_dominant/BN077/2019-08-21.png
BN077_2019-08-22,BN077,2019-08-22,2,peak dominant,2019-08-16,2019-08-22,7,0,0.5743826452917579,images/peak_dominant/BN077/2019-08-22.png
BN077_2019-08-23,BN077,2019-08-23,2,peak dominant,2019-08-17,2019-08-23,7,0,0.5901414431310613,images/peak_dominant/BN077/2019-08-23.png
BN077_2019-08-24,BN077,2019-08-24,2,peak dominant,2019-08-18,2019-08-24,7,0,0.6014595791383935,images/peak_dominant/BN077/2019-08-24.png
BN077_2019-08-25,BN077,2019-08-25,2,peak dominant,2019-08-19,2019-08-25,7,0,0.5998006860452036,images/peak_dominant/BN077/2019-08-25.png
BN077_2019-08-26,BN077,2019-08-26,2,peak dominant,2019-08-20,2019-08-26,7,0,0.46438843940517394,images/peak_dominant/BN077/2019-08-26.png
BN077_2019-08-27,BN077,2019-08-27,2,peak dominant,2019-08-21,2019-08-27,7,0,0.18366282220156618,images/peak_dominant/BN077/2019-08-27.png
BN077_2019-08-28,BN077,2019-08-28,2,peak dominant,2019-08-22,2019-08-28,7,0,0.2522890586688436,images/peak_dominant/BN077/2019-08-28.png
BN077_2019-08-29,BN077,2019-08-29,2,peak dominant,2019-08-23,2019-08-29,7,0,0.3178562122657784,images/peak_dominant/BN077/2019-08-29.png
BN077_2019-08-30,BN077,2019-08-30,2,peak dominant,2019-08-24,2019-08-30,7,0,0.3571228934499576,images/peak_dominant/BN077/2019-08-30.png
BN077_2019-08-31,BN077,2019-08-31,2,peak dominant,2019-08-25,2019-08-31,7,0,0.34067463081648247,images/peak_dominant/BN077/2019-08-31.png
BN077_2019-09-01,BN077,2019-09-01,2,peak dominant,2019-08-26,2019-09-01,7,0,0.40872655929051394,images/peak_dominant/BN077/2019-09-01.png
BN077_2019-09-02,BN077,2019-09-02,2,peak dominant,2019-08-27,2019-09-02,7,0,0.42617780901747415,images/peak_dominant/BN077/2019-09-02.png
BN077_2019-09-03,BN077,2019-09-03,2,peak dominant,2019-08-28,2019-09-03,7,0,0.4303339025426025,images/peak_dominant/BN077/2019-09-03.png
BN077_2019-09-04,BN077,2019-09-04,2,peak dominant,2019-08-29,2019-09-04,7,0,0.4887993814681497,images/peak_dominant/BN077/2019-09-04.png
BN077_2019-09-05,BN077,2019-09-05,2,peak dominant,2019-08-30,2019-09-05,7,0,0.5773792820824571,images/peak_dominant/BN077/2019-09-05.png
BN077_2019-09-06,BN077,2019-09-06,2,peak dominant,2019-08-31,2019-09-06,7,0,0.6623826559411674,images/peak_dominant/BN077/2019-09-06.png
BN077_2019-09-07,BN077,2019-09-07,2,peak dominant,2019-09-01,2019-09-07,7,0,0.590760163599655,images/peak_dominant/BN077/2019-09-07.png
BN077_2019-09-08,BN077,2019-09-08,2,peak dominant,2019-09-02,2019-09-08,7,0,0.3222377721431811,images/peak_dominant/BN077/2019-09-08.png
BN077_2019-09-09,BN077,2019-09-09,2,peak dominant,2019-09-03,2019-09-09,7,0,0.3155929392889372,images/peak_dominant/BN077/2019-09-09.png
BN077_2019-09-10,BN077,2019-09-10,2,peak dominant,2019-09-04,2019-09-10,7,0,0.5868633220333311,images/peak_dominant/BN077/2019-09-10.png
BN077_2019-09-11,BN077,2019-09-11,2,peak dominant,2019-09-05,2019-09-11,7,0,0.5856721373353592,images/peak_dominant/BN077/2019-09-11.png
BN077_2019-09-12,BN077,2019-09-12,2,peak dominant,2019-09-06,2019-09-12,7,0,0.6162624044137901,images/peak_dominant/BN077/2019-09-12.png
BN077_2019-09-13,BN077,2019-09-13,2,peak dominant,2019-09-07,2019-09-13,7,0,0.5083435229156925,images/peak_dominant/BN077/2019-09-13.png
BN077_2019-09-14,BN077,2019-09-14,2,peak dominant,2019-09-08,2019-09-14,7,0,0.49688221971005814,images/peak_dominant/BN077/2019-09-14.png
BN077_2019-09-15,BN077,2019-09-15,2,peak dominant,2019-09-09,2019-09-15,7,0,0.46986367128572487,images/peak_dominant/BN077/2019-09-15.png
BN077_2019-09-16,BN077,2019-09-16,2,peak dominant,2019-09-10,2019-09-16,7,0,0.40080465665535014,images/peak_dominant/BN077/2019-09-16.png
BN077_2019-09-17,BN077,2019-09-17,2,peak dominant,2019-09-11,2019-09-17,7,0,0.3994805322090858,images/peak_dominant/BN077/2019-09-17.png
BN077_2019-09-18,BN077,2019-09-18,2,peak dominant,2019-09-12,2019-09-18,7,0,0.5227088096488484,images/peak_dominant/BN077/2019-09-18.png
BN077_2019-09-19,BN077,2019-09-19,2,peak dominant,2019-09-13,2019-09-19,7,0,0.22125988559296486,images/peak_dominant/BN077/2019-09-19.png
BN077_2019-09-20,BN077,2019-09-20,2,peak dominant,2019-09-14,2019-09-20,7,0,0.20641925036827038,images/peak_dominant/BN077/2019-09-20.png
BN077_2019-09-21,BN077,2019-09-21,2,peak dominant,2019-09-15,2019-09-21,7,0,0.22026623190625522,images/peak_dominant/BN077/2019-09-21.png
BN077_2019-09-22,BN077,2019-09-22,2,peak dominant,2019-09-16,2019-09-22,7,0,0.157657340270183,images/peak_dominant/BN077/2019-09-22.png
BN077_2019-09-23,BN077,2019-09-23,2,peak dominant,2019-09-17,2019-09-23,7,0,0.30768890126689585,images/peak_dominant/BN077/2019-09-23.png
BN077_2019-09-24,BN077,2019-09-24,2,peak dominant,2019-09-18,2019-09-24,7,0,0.39299878869539406,images/peak_dominant/BN077/2019-09-24.png
BN077_2019-09-25,BN077,2019-09-25,2,peak dominant,2019-09-19,2019-09-25,7,0,0.36520042946721315,images/peak_dominant/BN077/2019-09-25.png
BN077_2019-09-26,BN077,2019-09-26,2,peak dominant,2019-09-20,2019-09-26,7,0,0.2601311029035211,images/peak_dominant/BN077/2019-09-26.png
BN077_2019-09-27,BN077,2019-09-27,2,peak dominant,2019-09-21,2019-09-27,7,0,0.29117591094951945,images/peak_dominant/BN077/2019-09-27.png
BN077_2019-09-28,BN077,2019-09-28,2,peak dominant,2019-09-22,2019-09-28,7,0,0.27309114039241966,images/peak_dominant/BN077/2019-09-28.png
BN077_2019-09-29,BN077,2019-09-29,2,peak dominant,2019-09-23,2019-09-29,7,0,0.18817147982218435,images/peak_dominant/BN077/2019-09-29.png
BN077_2019-09-30,BN077,2019-09-30,2,peak dominant,2019-09-24,2019-09-30,7,0,0.2554935203083554,images/peak_dominant/BN077/2019-09-30.png
BN077_2019-10-01,BN077,2019-10-01,2,peak dominant,2019-09-25,2019-10-01,7,0,0.2521641669732063,images/peak_dominant/BN077/2019-10-01.png
BN077_2019-10-02,BN077,2019-10-02,2,peak dominant,2019-09-26,2019-10-02,7,0,0.44720725436205977,images/peak_dominant/BN077/2019-10-02.png
BN077_2019-10-03,BN077,2019-10-03,2,peak dominant,2019-09-27,2019-10-03,7,0,0.44424568330472264,images/peak_dominant/BN077/2019-10-03.png
BN077_2019-10-04,BN077,2019-10-04,2,peak dominant,2019-09-28,2019-10-04,7,0,0.3309813447796168,images/peak_dominant/BN077/2019-10-04.png
BN077_2019-10-05,BN077,2019-10-05,2,peak dominant,2019-09-29,2019-10-05,7,0,0.3487734041191245,images/peak_dominant/BN077/2019-10-05.png
BN077_2019-10-06,BN077,2019-10-06,2,peak dominant,2019-09-30,2019-10-06,7,0,0.39508079865087176,images/peak_dominant/BN077/2019-10-06.png
BN077_2019-10-07,BN077,2019-10-07,2,peak dominant,2019-10-01,2019-10-07,7,0,0.3339679112173281,images/peak_dominant/BN077/2019-10-07.png
BN077_2019-10-08,BN077,2019-10-08,2,peak dominant,2019-10-02,2019-10-08,7,0,0.2872305604447073,images/peak_dominant/BN077/2019-10-08.png
BN077_2019-10-09,BN077,2019-10-09,2,peak dominant,2019-10-03,2019-10-09,7,0,0.21408123026791373,images/peak_dominant/BN077/2019-10-09.png
BN077_2019-10-10,BN077,2019-10-10,2,peak dominant,2019-10-04,2019-10-10,7,0,0.20979758574293056,images/peak_dominant/BN077/2019-10-10.png
BN077_2019-10-11,BN077,2019-10-11,2,peak dominant,2019-10-05,2019-10-11,7,0,0.20933856962722588,images/peak_dominant/BN077/2019-10-11.png
BN077_2019-10-12,BN077,2019-10-12,2,peak dominant,2019-10-06,2019-10-12,7,0,0.21199884245149234,images/peak_dominant/BN077/2019-10-12.png
BN077_2019-10-13,BN077,2019-10-13,2,peak dominant,2019-10-07,2019-10-13,7,0,0.20711140203428327,images/peak_dominant/BN077/2019-10-13.png
BN077_2019-10-14,BN077,2019-10-14,2,peak dominant,2019-10-08,2019-10-14,7,0,0.20386389936387322,images/peak_dominant/BN077/2019-10-14.png
BN077_2019-10-15,BN077,2019-10-15,2,peak dominant,2019-10-09,2019-10-15,7,0,0.2033635980087594,images/peak_dominant/BN077/2019-10-15.png
BN077_2019-10-16,BN077,2019-10-16,2,peak dominant,2019-10-10,2019-10-16,7,0,0.19926802929233453,images/peak_dominant/BN077/2019-10-16.png
BN077_2019-10-17,BN077,2019-10-17,2,peak dominant,2019-10-11,2019-10-17,7,0,0.19486328064902234,images/peak_dominant/BN077/2019-10-17.png
BN077_2019-10-18,BN077,2019-10-18,2,peak dominant,2019-10-12,2019-10-18,7,0,0.5362827494861547,images/peak_dominant/BN077/2019-10-18.png
BN077_2019-10-19,BN077,2019-10-19,2,peak dominant,2019-10-13,2019-10-19,7,0,0.32744182662719323,images/peak_dominant/BN077/2019-10-19.png
BN077_2019-10-20,BN077,2019-10-20,2,peak dominant,2019-10-14,2019-10-20,7,0,0.33991533670935126,images/peak_dominant/BN077/2019-10-20.png
BN077_2019-10-21,BN077,2019-10-21,2,peak dominant,2019-10-15,2019-10-21,7,0,0.32820579194411953,images/peak_dominant/BN077/2019-10-21.png
BN077_2019-10-22,BN077,2019-10-22,2,peak dominant,2019-10-16,2019-10-22,7,0,0.3346119360032191,images/peak_dominant/BN077/2019-10-22.png
BN077_2019-10-23,BN077,2019-10-23,2,peak dominant,2019-10-17,2019-10-23,7,0,0.3380359762228054,images/peak_dominant/BN077/2019-10-23.png
BN077_2019-10-24,BN077,2019-10-24,2,peak dominant,2019-10-18,2019-10-24,7,0,0.3337445495950879,images/peak_dominant/BN077/2019-10-24.png
BN077_2019-10-25,BN077,2019-10-25,2,peak dominant,2019-10-19,2019-10-25,7,0,0.5494404774319571,images/peak_dominant/BN077/2019-10-25.png
BN077_2019-10-26,BN077,2019-10-26,2,peak dominant,2019-10-20,2019-10-26,7,0,0.6615698944510497,images/peak_dominant/BN077/2019-10-26.png
BN077_2019-10-27,BN077,2019-10-27,2,peak dominant,2019-10-21,2019-10-27,7,0,0.1859354394672415,images/peak_dominant/BN077/2019-10-27.png
BN077_2019-10-28,BN077,2019-10-28,2,peak dominant,2019-10-22,2019-10-28,7,0,0.18151263390837385,images/peak_dominant/BN077/2019-10-28.png
BN077_2019-10-29,BN077,2019-10-29,2,peak dominant,2019-10-23,2019-10-29,7,0,0.1881258752831124,images/peak_dominant/BN077/2019-10-29.png
BN077_2019-10-30,BN077,2019-10-30,2,peak dominant,2019-10-24,2019-10-30,7,0,0.08292802231912147,images/peak_dominant/BN077/2019-10-30.png
BN077_2019-10-31,BN077,2019-10-31,2,peak dominant,2019-10-25,2019-10-31,7,0,0.08618747188178386,images/peak_dominant/BN077/2019-10-31.png
BN077_2019-11-01,BN077,2019-11-01,2,peak dominant,2019-10-26,2019-11-01,7,0,0.20771811294156844,images/peak_dominant/BN077/2019-11-01.png
BN077_2019-11-02,BN077,2019-11-02,2,peak dominant,2019-10-27,2019-11-02,7,0,0.19667003997711416,images/peak_dominant/BN077/2019-11-02.png
BN077_2019-11-03,BN077,2019-11-03,2,peak dominant,2019-10-28,2019-11-03,7,0,0.1952217757993644,images/peak_dominant/BN077/2019-11-03.png
BN077_2019-11-04,BN077,2019-11-04,2,peak dominant,2019-10-29,2019-11-04,7,1,0.5887427379305268,images/peak_dominant/BN077/2019-11-04.png
BN077_2019-11-05,BN077,2019-11-05,2,peak dominant,2019-10-30,2019-11-05,7,1,0.45382033853601983,images/peak_dominant/BN077/2019-11-05.png
BN077_2019-11-06,BN077,2019-11-06,2,peak dominant,2019-10-31,2019-11-06,7,1,0.5763453323911031,images/peak_dominant/BN077/2019-11-06.png
BN077_2019-11-07,BN077,2019-11-07,2,peak dominant,2019-11-01,2019-11-07,7,1,0.5660486689860272,images/peak_dominant/BN077/2019-11-07.png
BN077_2019-11-08,BN077,2019-11-08,2,peak dominant,2019-11-02,2019-11-08,7,1,0.6373326009040602,images/peak_dominant/BN077/2019-11-08.png
BN077_2019-11-09,BN077,2019-11-09,1,typical,2019-11-03,2019-11-09,7,0,0.6580835287882563,images/typical/BN077/2019-11-09.png
BN077_2019-11-10,BN077,2019-11-10,2,peak dominant,2019-11-04,2019-11-10,7,0,0.658041641340318,images/peak_dominant/BN077/2019-11-10.png
BN077_2019-11-11,BN077,2019-11-11,2,peak dominant,2019-11-05,2019-11-11,7,0,0.6485545544623079,images/peak_dominant/BN077/2019-11-11.png
BN077_2019-11-12,BN077,2019-11-12,2,peak dominant,2019-11-06,2019-11-12,7,0,0.6564987589810509,images/peak_dominant/BN077/2019-11-12.png
BN077_2019-11-13,BN077,2019-11-13,2,peak dominant,2019-11-07,2019-11-13,7,0,0.6569969629063899,images/peak_dominant/BN077/2019-11-13.png
BN077_2019-11-14,BN077,2019-11-14,2,peak dominant,2019-11-08,2019-11-14,7,0,0.6688916555400024,images/peak_dominant/BN077/2019-11-14.png
BN077_2019-11-15,BN077,2019-11-15,2,peak dominant,2019-11-09,2019-11-15,7,0,0.6429408581138704,images/peak_dominant/BN077/2019-11-15.png
BN077_2019-11-16,BN077,2019-11-16,2,peak dominant,2019-11-10,2019-11-16,7,0,0.6449583508507029,images/peak_dominant/BN077/2019-11-16.png
BN077_2019-11-17,BN077,2019-11-17,2,peak dominant,2019-11-11,2019-11-17,7,0,0.6459828482469371,images/peak_dominant/BN077/2019-11-17.png
BN077_2019-11-18,BN077,2019-11-18,2,peak dominant,2019-11-12,2019-11-18,7,0,0.6482943796375003,images/peak_dominant/BN077/2019-11-18.png
BN077_2019-11-19,BN077,2019-11-19,2,peak dominant,2019-11-13,2019-11-19,7,0,0.7042154008232226,images/peak_dominant/BN077/2019-11-19.png
BN077_2019-11-20,BN077,2019-11-20,2,peak dominant,2019-11-14,2019-11-20,7,0,0.7237338349635392,images/peak_dominant/BN077/2019-11-20.png
BN077_2019-11-21,BN077,2019-11-21,2,peak dominant,2019-11-15,2019-11-21,7,0,0.374154151154438,images/peak_dominant/BN077/2019-11-21.png
BN077_2019-11-22,BN077,2019-11-22,2,peak dominant,2019-11-16,2019-11-22,7,0,0.36047993488265695,images/peak_dominant/BN077/2019-11-22.png
BN077_2019-11-23,BN077,2019-11-23,2,peak dominant,2019-11-17,2019-11-23,7,0,0.20086591808931606,images/peak_dominant/BN077/2019-11-23.png
BN077_2019-11-24,BN077,2019-11-24,2,peak dominant,2019-11-18,2019-11-24,7,0,0.20081537189087703,images/peak_dominant/BN077/2019-11-24.png
BN077_2019-11-25,BN077,2019-11-25,2,peak dominant,2019-11-19,2019-11-25,7,0,0.20692777283934902,images/peak_dominant/BN077/2019-11-25.png
BN077_2019-11-26,BN077,2019-11-26,2,peak dominant,2019-11-20,2019-11-26,7,0,0.5741680219559224,images/peak_dominant/BN077/2019-11-26.png
BN077_2019-11-27,BN077,2019-11-27,2,peak dominant,2019-11-21,2019-11-27,7,0,0.6528381151719266,images/peak_dominant/BN077/2019-11-27.png
BN077_2019-11-28,BN077,2019-11-28,2,peak dominant,2019-11-22,2019-11-28,7,0,0.4661042740101154,images/peak_dominant/BN077/2019-11-28.png
BN077_2019-11-29,BN077,2019-11-29,2,peak dominant,2019-11-23,2019-11-29,7,0,0.35681895767479144,images/peak_dominant/BN077/2019-11-29.png
BN077_2019-11-30,BN077,2019-11-30,2,peak dominant,2019-11-24,2019-11-30,7,0,0.1417978629917537,images/peak_dominant/BN077/2019-11-30.png
BN077_2019-12-01,BN077,2019-12-01,2,peak dominant,2019-11-25,2019-12-01,7,0,0.14152833424015382,images/peak_dominant/BN077/2019-12-01.png
BN077_2019-12-02,BN077,2019-12-02,2,peak dominant,2019-11-26,2019-12-02,7,0,0.13790409057805886,images/peak_dominant/BN077/2019-12-02.png
BN077_2019-12-03,BN077,2019-12-03,2,peak dominant,2019-11-27,2019-12-03,7,0,0.07611213448075897,images/peak_dominant/BN077/2019-12-03.png
BN077_2019-12-04,BN077,2019-12-04,2,peak dominant,2019-11-28,2019-12-04,7,0,0.08028892659071059,images/peak_dominant/BN077/2019-12-04.png
BN077_2019-12-05,BN077,2019-12-05,2,peak dominant,2019-11-29,2019-12-05,7,0,0.0793941150410936,images/peak_dominant/BN077/2019-12-05.png
BN077_2019-12-06,BN077,2019-12-06,2,peak dominant,2019-11-30,2019-12-06,7,0,0.1345078468682513,images/peak_dominant/BN077/2019-12-06.png
BN077_2019-12-07,BN077,2019-12-07,2,peak dominant,2019-12-01,2019-12-07,7,0,0.13470956139863274,images/peak_dominant/BN077/2019-12-07.png
BN077_2019-12-08,BN077,2019-12-08,2,peak dominant,2019-12-02,2019-12-08,7,0,0.13469651558512544,images/peak_dominant/BN077/2019-12-08.png
BN077_2019-12-09,BN077,2019-12-09,2,peak dominant,2019-12-03,2019-12-09,7,1,0.40082418515015594,images/peak_dominant/BN077/2019-12-09.png
BN077_2019-12-10,BN077,2019-12-10,0,low activity,2019-12-04,2019-12-10,7,1,0.5414506958834544,images/low_activity/BN077/2019-12-10.png
BN077_2019-12-11,BN077,2019-12-11,0,low activity,2019-12-05,2019-12-11,7,1,0.15870041427228185,images/low_activity/BN077/2019-12-11.png
BN077_2019-12-12,BN077,2019-12-12,0,low activity,2019-12-06,2019-12-12,7,1,0.06556152804417058,images/low_activity/BN077/2019-12-12.png
BN077_2019-12-13,BN077,2019-12-13,0,low activity,2019-12-07,2019-12-13,7,1,0.08974803564436425,images/low_activity/BN077/2019-12-13.png
BN077_2019-12-14,BN077,2019-12-14,0,low activity,2019-12-08,2019-12-14,7,1,0.27945470775785336,images/low_activity/BN077/2019-12-14.png
BN077_2019-12-15,BN077,2019-12-15,0,low activity,2019-12-09,2019-12-15,7,1,0.6211488294367106,images/low_activity/BN077/2019-12-15.png
BN077_2019-12-16,BN077,2019-12-16,0,low activity,2019-12-10,2019-12-16,7,0,0.12244283277275643,images/low_activity/BN077/2019-12-16.png
BN077_2019-12-17,BN077,2019-12-17,0,low activity,2019-12-11,2019-12-17,7,0,0.16780176591630078,images/low_activity/BN077/2019-12-17.png
BN077_2019-12-18,BN077,2019-12-18,0,low activity,2019-12-12,2019-12-18,7,0,0.3353827594419526,images/low_activity/BN077/2019-12-18.png
BN077_2019-12-19,BN077,2019-12-19,0,low activity,2019-12-13,2019-12-19,7,0,0.48091578649415795,images/low_activity/BN077/2019-12-19.png
BN077_2019-12-20,BN077,2019-12-20,0,low activity,2019-12-14,2019-12-20,7,3,0.30653914962577594,images/low_activity/BN077/2019-12-20.png
BN077_2019-12-21,BN077,2019-12-21,0,low activity,2019-12-15,2019-12-21,7,4,0.3231396744674963,images/low_activity/BN077/2019-12-21.png
BN077_2019-12-22,BN077,2019-12-22,0,low activity,2019-12-16,2019-12-22,7,4,0.3180418649158343,images/low_activity/BN077/2019-12-22.png
BN077_2019-12-23,BN077,2019-12-23,0,low activity,2019-12-17,2019-12-23,7,5,0.623042499949053,images/low_activity/BN077/2019-12-23.png
BN077_2019-12-24,BN077,2019-12-24,0,low activity,2019-12-18,2019-12-24,7,6,0.6585387125485724,images/low_activity/BN077/2019-12-24.png
BN077_2019-12-25,BN077,2019-12-25,0,low activity,2019-12-19,2019-12-25,7,5,0.6095990331850663,images/low_activity/BN077/2019-12-25.png
BN077_2019-12-26,BN077,2019-12-26,0,low activity,2019-12-20,2019-12-26,7,6,0.6064123873774875,images/low_activity/BN077/2019-12-26.png
BN077_2019-12-27,BN077,2019-12-27,0,low activity,2019-12-21,2019-12-27,7,10,0.6015753441341467,images/low_activity/BN077/2019-12-27.png
BN077_2019-12-28,BN077,2019-12-28,0,low activity,2019-12-22,2019-12-28,7,7,0.5999662759107901,images/low_activity/BN077/2019-12-28.png
BN077_2019-12-29,BN077,2019-12-29,0,low activity,2019-12-23,2019-12-29,7,4,0.2540068469687105,images/low_activity/BN077/2019-12-29.png
BN077_2019-12-30,BN077,2019-12-30,0,low activity,2019-12-24,2019-12-30,7,6,0.04218608631015186,images/low_activity/BN077/2019-12-30.png
BN077_2019-12-31,BN077,2019-12-31,0,low activity,2019-12-25,2019-12-31,7,6,0.035609390063296775,images/low_activity/BN077/2019-12-31.png
BN077_2020-01-01,BN077,2020-01-01,0,low activity,2019-12-26,2020-01-01,7,4,0.04719713828450215,images/low_activity/BN077/2020-01-01.png
BN077_2020-01-02,BN077,2020-01-02,0,low activity,2019-12-27,2020-01-02,7,4,0.13268974583225046,images/low_activity/BN077/2020-01-02.png
BN077_2020-01-03,BN077,2020-01-03,0,low activity,2019-12-28,2020-01-03,7,3,0.272559777439618,images/low_activity/BN077/2020-01-03.png
BN077_2020-01-04,BN077,2020-01-04,0,low activity,2019-12-29,2020-01-04,7,3,0.15101670911891452,images/low_activity/BN077/2020-01-04.png
BN077_2020-01-05,BN077,2020-01-05,0,low activity,2019-12-30,2020-01-05,7,5,0.07785615212685416,images/low_activity/BN077/2020-01-05.png
BN077_2020-01-06,BN077,2020-01-06,0,low activity,2019-12-31,2020-01-06,7,4,0.10949242087889276,images/low_activity/BN077/2020-01-06.png
BN077_2020-01-07,BN077,2020-01-07,0,low activity,2020-01-01,2020-01-07,7,4,0.2304472597580631,images/low_activity/BN077/2020-01-07.png
BN077_2020-01-08,BN077,2020-01-08,0,low activity,2020-01-02,2020-01-08,7,3,0.6227518755811084,images/low_activity/BN077/2020-01-08.png
BN077_2020-01-09,BN077,2020-01-09,0,low activity,2020-01-03,2020-01-09,7,3,0.4267186769693255,images/low_activity/BN077/2020-01-09.png
BN077_2020-01-10,BN077,2020-01-10,0,low activity,2020-01-04,2020-01-10,7,3,0.6181563595690106,images/low_activity/BN077/2020-01-10.png
BN077_2020-01-11,BN077,2020-01-11,0,low activity,2020-01-05,2020-01-11,7,1,0.3698867314641153,images/low_activity/BN077/2020-01-11.png
BN077_2020-01-12,BN077,2020-01-12,0,low activity,2020-01-06,2020-01-12,7,0,0.2169614256226228,images/low_activity/BN077/2020-01-12.png
BN077_2020-01-13,BN077,2020-01-13,0,low activity,2020-01-07,2020-01-13,7,0,0.22689922320407085,images/low_activity/BN077/2020-01-13.png
BN077_2020-01-14,BN077,2020-01-14,2,peak dominant,2020-01-08,2020-01-14,7,0,0.6216295702276801,images/peak_dominant/BN077/2020-01-14.png
BN077_2020-01-15,BN077,2020-01-15,2,peak dominant,2020-01-09,2020-01-15,7,0,0.43612722487276984,images/peak_dominant/BN077/2020-01-15.png
BN077_2020-01-16,BN077,2020-01-16,2,peak dominant,2020-01-10,2020-01-16,7,0,0.2988005608260191,images/peak_dominant/BN077/2020-01-16.png
BN077_2020-01-17,BN077,2020-01-17,2,peak dominant,2020-01-11,2020-01-17,7,0,0.3196647510372789,images/peak_dominant/BN077/2020-01-17.png
BN077_2020-01-18,BN077,2020-01-18,2,peak dominant,2020-01-12,2020-01-18,7,0,0.20544083660984985,images/peak_dominant/BN077/2020-01-18.png
BN077_2020-01-19,BN077,2020-01-19,2,peak dominant,2020-01-13,2020-01-19,7,0,0.12831036782756447,images/peak_dominant/BN077/2020-01-19.png
BN077_2020-01-20,BN077,2020-01-20,2,peak dominant,2020-01-14,2020-01-20,7,0,0.15898310513817335,images/peak_dominant/BN077/2020-01-20.png
BN077_2020-01-21,BN077,2020-01-21,2,peak dominant,2020-01-15,2020-01-21,7,1,0.10384374268479972,images/peak_dominant/BN077/2020-01-21.png
BN077_2020-01-22,BN077,2020-01-22,2,peak dominant,2020-01-16,2020-01-22,7,0,0.2259503398800346,images/peak_dominant/BN077/2020-01-22.png
BN077_2020-01-23,BN077,2020-01-23,2,peak dominant,2020-01-17,2020-01-23,7,0,0.22241371561823509,images/peak_dominant/BN077/2020-01-23.png
BN077_2020-01-24,BN077,2020-01-24,2,peak dominant,2020-01-18,2020-01-24,7,0,0.524445661081227,images/peak_dominant/BN077/2020-01-24.png
BN077_2020-01-25,BN077,2020-01-25,2,peak dominant,2020-01-19,2020-01-25,7,0,0.5144097819077826,images/peak_dominant/BN077/2020-01-25.png
BN077_2020-01-26,BN077,2020-01-26,2,peak dominant,2020-01-20,2020-01-26,7,1,0.5200986580401149,images/peak_dominant/BN077/2020-01-26.png
BN077_2020-01-27,BN077,2020-01-27,2,peak dominant,2020-01-21,2020-01-27,7,2,0.5224972442567659,images/peak_dominant/BN077/2020-01-27.png
BN077_2020-01-28,BN077,2020-01-28,2,peak dominant,2020-01-22,2020-01-28,7,2,0.1427618747197471,images/peak_dominant/BN077/2020-01-28.png
BN077_2020-01-29,BN077,2020-01-29,2,peak dominant,2020-01-23,2020-01-29,7,3,0.1437979346052126,images/peak_dominant/BN077/2020-01-29.png
BN077_2020-01-30,BN077,2020-01-30,2,peak dominant,2020-01-24,2020-01-30,7,2,0.1442326462099317,images/peak_dominant/BN077/2020-01-30.png
BN077_2020-01-31,BN077,2020-01-31,2,peak dominant,2020-01-25,2020-01-31,7,1,0.14410249316213147,images/peak_dominant/BN077/2020-01-31.png
BN077_2020-02-01,BN077,2020-02-01,2,peak dominant,2020-01-26,2020-02-01,7,0,0.14435746302067368,images/peak_dominant/BN077/2020-02-01.png
BN077_2020-02-02,BN077,2020-02-02,2,peak dominant,2020-01-27,2020-02-02,7,0,0.14343929101897926,images/peak_dominant/BN077/2020-02-02.png
BN077_2020-02-03,BN077,2020-02-03,2,peak dominant,2020-01-28,2020-02-03,7,0,0.14394006594249983,images/peak_dominant/BN077/2020-02-03.png
BN077_2020-02-04,BN077,2020-02-04,2,peak dominant,2020-01-29,2020-02-04,7,0,0.12219895980565973,images/peak_dominant/BN077/2020-02-04.png
BN077_2020-02-05,BN077,2020-02-05,2,peak dominant,2020-01-30,2020-02-05,7,0,0.12309922902079565,images/peak_dominant/BN077/2020-02-05.png
BN077_2020-02-06,BN077,2020-02-06,2,peak dominant,2020-01-31,2020-02-06,7,0,0.1336143941259712,images/peak_dominant/BN077/2020-02-06.png
BN077_2020-02-07,BN077,2020-02-07,2,peak dominant,2020-02-01,2020-02-07,7,0,0.13409187839526077,images/peak_dominant/BN077/2020-02-07.png
BN077_2020-02-08,BN077,2020-02-08,2,peak dominant,2020-02-02,2020-02-08,7,0,0.1339051759605868,images/peak_dominant/BN077/2020-02-08.png
BN077_2020-02-09,BN077,2020-02-09,2,peak dominant,2020-02-03,2020-02-09,7,0,0.13293056738507264,images/peak_dominant/BN077/2020-02-09.png
BN077_2020-02-10,BN077,2020-02-10,2,peak dominant,2020-02-04,2020-02-10,7,0,0.1359917607169526,images/peak_dominant/BN077/2020-02-10.png
BN077_2020-02-11,BN077,2020-02-11,2,peak dominant,2020-02-05,2020-02-11,7,0,0.14052983059568291,images/peak_dominant/BN077/2020-02-11.png
BN077_2020-02-12,BN077,2020-02-12,2,peak dominant,2020-02-06,2020-02-12,7,0,0.14211422366540832,images/peak_dominant/BN077/2020-02-12.png
BN077_2020-02-13,BN077,2020-02-13,2,peak dominant,2020-02-07,2020-02-13,7,0,0.1426792390160163,images/peak_dominant/BN077/2020-02-13.png
BN077_2020-02-14,BN077,2020-02-14,2,peak dominant,2020-02-08,2020-02-14,7,0,0.14257737244327331,images/peak_dominant/BN077/2020-02-14.png
BN077_2020-02-15,BN077,2020-02-15,2,peak dominant,2020-02-09,2020-02-15,7,0,0.28591092633929555,images/peak_dominant/BN077/2020-02-15.png
BN077_2020-02-16,BN077,2020-02-16,2,peak dominant,2020-02-10,2020-02-16,7,0,0.6658289368772866,images/peak_dominant/BN077/2020-02-16.png
BN077_2020-02-17,BN077,2020-02-17,2,peak dominant,2020-02-11,2020-02-17,7,0,0.6653772681141048,images/peak_dominant/BN077/2020-02-17.png
BN077_2020-02-18,BN077,2020-02-18,2,peak dominant,2020-02-12,2020-02-18,7,0,0.6641719795742927,images/peak_dominant/BN077/2020-02-18.png
BN077_2020-02-19,BN077,2020-02-19,2,peak dominant,2020-02-13,2020-02-19,7,0,0.6631690265504124,images/peak_dominant/BN077/2020-02-19.png
BN077_2020-02-20,BN077,2020-02-20,2,peak dominant,2020-02-14,2020-02-20,7,1,0.6616699483080283,images/peak_dominant/BN077/2020-02-20.png
BN077_2020-02-21,BN077,2020-02-21,2,peak dominant,2020-02-15,2020-02-21,7,1,0.6604206156489028,images/peak_dominant/BN077/2020-02-21.png
BN077_2020-02-22,BN077,2020-02-22,2,peak dominant,2020-02-16,2020-02-22,7,1,0.6496703581858049,images/peak_dominant/BN077/2020-02-22.png
BN077_2020-02-23,BN077,2020-02-23,2,peak dominant,2020-02-17,2020-02-23,7,2,0.1508724460174189,images/peak_dominant/BN077/2020-02-23.png
BN077_2020-02-24,BN077,2020-02-24,2,peak dominant,2020-02-18,2020-02-24,7,2,0.51285919534073,images/peak_dominant/BN077/2020-02-24.png
BN077_2020-02-25,BN077,2020-02-25,2,peak dominant,2020-02-19,2020-02-25,7,1,0.3853861027000719,images/peak_dominant/BN077/2020-02-25.png
BN077_2020-02-26,BN077,2020-02-26,2,peak dominant,2020-02-20,2020-02-26,7,0,0.4149106331951907,images/peak_dominant/BN077/2020-02-26.png
BN077_2020-02-27,BN077,2020-02-27,2,peak dominant,2020-02-21,2020-02-27,7,0,0.42012502807883584,images/peak_dominant/BN077/2020-02-27.png
BN077_2020-02-28,BN077,2020-02-28,2,peak dominant,2020-02-22,2020-02-28,7,0,0.4201543447523079,images/peak_dominant/BN077/2020-02-28.png
BN077_2020-02-29,BN077,2020-02-29,2,peak dominant,2020-02-23,2020-02-29,7,0,0.4247713811346557,images/peak_dominant/BN077/2020-02-29.png
BN077_2020-03-01,BN077,2020-03-01,2,peak dominant,2020-02-24,2020-03-01,7,0,0.423522042949715,images/peak_dominant/BN077/2020-03-01.png
BN077_2020-03-02,BN077,2020-03-02,2,peak dominant,2020-02-25,2020-03-02,7,0,0.08991932278797261,images/peak_dominant/BN077/2020-03-02.png
BN077_2020-03-03,BN077,2020-03-03,2,peak dominant,2020-02-26,2020-03-03,7,1,0.14423286127797333,images/peak_dominant/BN077/2020-03-03.png
BN077_2020-03-04,BN077,2020-03-04,2,peak dominant,2020-02-27,2020-03-04,7,1,0.14597784722502963,images/peak_dominant/BN077/2020-03-04.png
BN077_2020-03-05,BN077,2020-03-05,2,peak dominant,2020-02-28,2020-03-05,7,1,0.14583729579919172,images/peak_dominant/BN077/2020-03-05.png
BN077_2020-03-06,BN077,2020-03-06,2,peak dominant,2020-02-29,2020-03-06,7,0,0.14534470943593714,images/peak_dominant/BN077/2020-03-06.png
BN077_2020-03-07,BN077,2020-03-07,2,peak dominant,2020-03-01,2020-03-07,7,0,0.1462067727437577,images/peak_dominant/BN077/2020-03-07.png
BN077_2020-03-08,BN077,2020-03-08,2,peak dominant,2020-03-02,2020-03-08,7,0,0.14514972238021281,images/peak_dominant/BN077/2020-03-08.png
BN077_2020-03-09,BN077,2020-03-09,2,peak dominant,2020-03-03,2020-03-09,7,0,0.14550667576710258,images/peak_dominant/BN077/2020-03-09.png
BN077_2020-03-10,BN077,2020-03-10,2,peak dominant,2020-03-04,2020-03-10,7,0,0.1459142312948068,images/peak_dominant/BN077/2020-03-10.png
BN077_2020-03-11,BN077,2020-03-11,2,peak dominant,2020-03-05,2020-03-11,7,0,0.5288778084117836,images/peak_dominant/BN077/2020-03-11.png
BN077_2020-03-12,BN077,2020-03-12,0,low activity,2020-03-06,2020-03-12,7,0,0.24044150653738602,images/low_activity/BN077/2020-03-12.png
BN077_2020-03-13,BN077,2020-03-13,0,low activity,2020-03-07,2020-03-13,7,0,0.1133072377857781,images/low_activity/BN077/2020-03-13.png
BN077_2020-03-14,BN077,2020-03-14,0,low activity,2020-03-08,2020-03-14,7,1,0.09183539365362825,images/low_activity/BN077/2020-03-14.png
BN077_2020-03-15,BN077,2020-03-15,2,peak dominant,2020-03-09,2020-03-15,7,1,0.09195960176454897,images/peak_dominant/BN077/2020-03-15.png
BN077_2020-03-16,BN077,2020-03-16,2,peak dominant,2020-03-10,2020-03-16,7,2,0.09146079480439784,images/peak_dominant/BN077/2020-03-16.png
BN077_2020-03-17,BN077,2020-03-17,2,peak dominant,2020-03-11,2020-03-17,7,2,0.24206295766024966,images/peak_dominant/BN077/2020-03-17.png
BN077_2020-03-18,BN077,2020-03-18,0,low activity,2020-03-12,2020-03-18,7,3,0.23532692397173438,images/low_activity/BN077/2020-03-18.png
BN077_2020-03-19,BN077,2020-03-19,0,low activity,2020-03-13,2020-03-19,7,3,0.23530814234178696,images/low_activity/BN077/2020-03-19.png
BN077_2020-03-20,BN077,2020-03-20,0,low activity,2020-03-14,2020-03-20,7,3,0.23531282766997638,images/low_activity/BN077/2020-03-20.png
BN077_2020-03-21,BN077,2020-03-21,0,low activity,2020-03-15,2020-03-21,7,3,0.23532388792390024,images/low_activity/BN077/2020-03-21.png
BN077_2020-03-22,BN077,2020-03-22,0,low activity,2020-03-16,2020-03-22,7,3,0.5969564630833513,images/low_activity/BN077/2020-03-22.png
BN077_2020-03-23,BN077,2020-03-23,0,low activity,2020-03-17,2020-03-23,7,2,0.6211115088218953,images/low_activity/BN077/2020-03-23.png
BN077_2020-03-24,BN077,2020-03-24,0,low activity,2020-03-18,2020-03-24,7,5,0.6157707749919984,images/low_activity/BN077/2020-03-24.png
BN077_2020-03-25,BN077,2020-03-25,0,low activity,2020-03-19,2020-03-25,7,3,0.6158276981462376,images/low_activity/BN077/2020-03-25.png
BN077_2020-03-26,BN077,2020-03-26,0,low activity,2020-03-20,2020-03-26,7,3,0.6158394366505112,images/low_activity/BN077/2020-03-26.png
BN077_2020-03-27,BN077,2020-03-27,0,low activity,2020-03-21,2020-03-27,7,3,0.13550759487105604,images/low_activity/BN077/2020-03-27.png
BN077_2020-03-28,BN077,2020-03-28,0,low activity,2020-03-22,2020-03-28,7,3,0.1355092136895982,images/low_activity/BN077/2020-03-28.png
BN077_2020-03-29,BN077,2020-03-29,0,low activity,2020-03-23,2020-03-29,7,3,0.13550876144844515,images/low_activity/BN077/2020-03-29.png
BN077_2020-03-30,BN077,2020-03-30,0,low activity,2020-03-24,2020-03-30,7,4,0.01340002093241217,images/low_activity/BN077/2020-03-30.png
BN077_2020-03-31,BN077,2020-03-31,0,low activity,2020-03-25,2020-03-31,7,3,0.10262440425456096,images/low_activity/BN077/2020-03-31.png
BN077_2020-04-01,BN077,2020-04-01,0,low activity,2020-03-26,2020-04-01,7,3,0.10257643945756763,images/low_activity/BN077/2020-04-01.png
BN077_2020-04-02,BN077,2020-04-02,0,low activity,2020-03-27,2020-04-02,7,3,0.1053600140741005,images/low_activity/BN077/2020-04-02.png
BN077_2020-04-03,BN077,2020-04-03,0,low activity,2020-03-28,2020-04-03,7,3,0.07271192537225817,images/low_activity/BN077/2020-04-03.png
BN077_2020-04-04,BN077,2020-04-04,0,low activity,2020-03-29,2020-04-04,7,0,0.04347720600268908,images/low_activity/BN077/2020-04-04.png
BN077_2020-04-05,BN077,2020-04-05,2,peak dominant,2020-03-30,2020-04-05,7,0,0.16598630739963283,images/peak_dominant/BN077/2020-04-05.png
BN077_2020-04-06,BN077,2020-04-06,0,low activity,2020-03-31,2020-04-06,7,0,0.044476484647527986,images/low_activity/BN077/2020-04-06.png
BN077_2020-04-07,BN077,2020-04-07,0,low activity,2020-04-01,2020-04-07,7,1,0.04820532217874497,images/low_activity/BN077/2020-04-07.png
BN077_2020-04-08,BN077,2020-04-08,0,low activity,2020-04-02,2020-04-08,7,1,0.048460932112971145,images/low_activity/BN077/2020-04-08.png
BN077_2020-04-09,BN077,2020-04-09,2,peak dominant,2020-04-03,2020-04-09,7,1,0.16133203695454604,images/peak_dominant/BN077/2020-04-09.png
BN077_2020-04-10,BN077,2020-04-10,0,low activity,2020-04-04,2020-04-10,7,1,0.045100428473661094,images/low_activity/BN077/2020-04-10.png
BN077_2020-04-11,BN077,2020-04-11,0,low activity,2020-04-05,2020-04-11,7,0,0.12542799455762746,images/low_activity/BN077/2020-04-11.png
BN077_2020-04-12,BN077,2020-04-12,0,low activity,2020-04-06,2020-04-12,7,0,0.3023926737162358,images/low_activity/BN077/2020-04-12.png
BN077_2020-04-13,BN077,2020-04-13,0,low activity,2020-04-07,2020-04-13,7,0,0.30270817325896554,images/low_activity/BN077/2020-04-13.png
BN077_2020-04-14,BN077,2020-04-14,0,low activity,2020-04-08,2020-04-14,7,1,0.44877317124273985,images/low_activity/BN077/2020-04-14.png
BN077_2020-04-15,BN077,2020-04-15,0,low activity,2020-04-09,2020-04-15,7,0,0.30682676891660166,images/low_activity/BN077/2020-04-15.png
BN077_2020-04-16,BN077,2020-04-16,0,low activity,2020-04-10,2020-04-16,7,3,0.13179845115343894,images/low_activity/BN077/2020-04-16.png
BN077_2020-04-17,BN077,2020-04-17,0,low activity,2020-04-11,2020-04-17,7,3,0.11362680228326547,images/low_activity/BN077/2020-04-17.png
BN077_2020-04-18,BN077,2020-04-18,0,low activity,2020-04-12,2020-04-18,7,1,0.11865819589037323,images/low_activity/BN077/2020-04-18.png
BN077_2020-04-19,BN077,2020-04-19,0,low activity,2020-04-13,2020-04-19,7,1,0.11436088319297792,images/low_activity/BN077/2020-04-19.png
BN077_2020-04-20,BN077,2020-04-20,0,low activity,2020-04-14,2020-04-20,7,1,0.04587331466061287,images/low_activity/BN077/2020-04-20.png
BN077_2020-04-21,BN077,2020-04-21,0,low activity,2020-04-15,2020-04-21,7,1,0.04599321795552922,images/low_activity/BN077/2020-04-21.png
BN077_2020-04-22,BN077,2020-04-22,0,low activity,2020-04-16,2020-04-22,7,1,0.046733980280294546,images/low_activity/BN077/2020-04-22.png
BN077_2020-04-23,BN077,2020-04-23,0,low activity,2020-04-17,2020-04-23,7,0,0.11862028159308462,images/low_activity/BN077/2020-04-23.png
BN077_2020-04-24,BN077,2020-04-24,2,peak dominant,2020-04-18,2020-04-24,7,0,0.3668484139370614,images/peak_dominant/BN077/2020-04-24.png
BN077_2020-04-25,BN077,2020-04-25,0,low activity,2020-04-19,2020-04-25,7,0,0.35942109284264934,images/low_activity/BN077/2020-04-25.png
BN077_2020-04-26,BN077,2020-04-26,0,low activity,2020-04-20,2020-04-26,7,0,0.3497239236675499,images/low_activity/BN077/2020-04-26.png
BN077_2020-04-27,BN077,2020-04-27,0,low activity,2020-04-21,2020-04-27,7,0,0.340717571293344,images/low_activity/BN077/2020-04-27.png
BN077_2020-04-28,BN077,2020-04-28,0,low activity,2020-04-22,2020-04-28,7,0,0.3341391793772456,images/low_activity/BN077/2020-04-28.png
BN077_2020-04-29,BN077,2020-04-29,2,peak dominant,2020-04-23,2020-04-29,7,0,0.3976498668153877,images/peak_dominant/BN077/2020-04-29.png
BN077_2020-04-30,BN077,2020-04-30,0,low activity,2020-04-24,2020-04-30,7,0,0.32458928571716994,images/low_activity/BN077/2020-04-30.png
BN077_2020-05-01,BN077,2020-05-01,2,peak dominant,2020-04-25,2020-05-01,7,0,0.2586742079433497,images/peak_dominant/BN077/2020-05-01.png
BN077_2020-05-02,BN077,2020-05-02,0,low activity,2020-04-26,2020-05-02,7,0,0.25534631618967346,images/low_activity/BN077/2020-05-02.png
BN077_2020-05-03,BN077,2020-05-03,0,low activity,2020-04-27,2020-05-03,7,0,0.24325454842319588,images/low_activity/BN077/2020-05-03.png
BN077_2020-05-04,BN077,2020-05-04,0,low activity,2020-04-28,2020-05-04,7,0,0.24104632062135026,images/low_activity/BN077/2020-05-04.png
BN077_2020-05-05,BN077,2020-05-05,2,peak dominant,2020-04-29,2020-05-05,7,0,0.12368366197161496,images/peak_dominant/BN077/2020-05-05.png
BN077_2020-05-06,BN077,2020-05-06,2,peak dominant,2020-04-30,2020-05-06,7,0,0.15381872992807769,images/peak_dominant/BN077/2020-05-06.png
BN077_2020-05-07,BN077,2020-05-07,2,peak dominant,2020-05-01,2020-05-07,7,0,0.17940929490582475,images/peak_dominant/BN077/2020-05-07.png
BN077_2020-05-08,BN077,2020-05-08,0,low activity,2020-05-02,2020-05-08,7,0,0.22007606600954707,images/low_activity/BN077/2020-05-08.png
BN077_2020-05-09,BN077,2020-05-09,0,low activity,2020-05-03,2020-05-09,7,0,0.2589348936965948,images/low_activity/BN077/2020-05-09.png
BN077_2020-05-10,BN077,2020-05-10,0,low activity,2020-05-04,2020-05-10,7,0,0.23826125123464614,images/low_activity/BN077/2020-05-10.png
BN077_2020-05-11,BN077,2020-05-11,0,low activity,2020-05-05,2020-05-11,7,0,0.23294216225298783,images/low_activity/BN077/2020-05-11.png
BN077_2020-05-12,BN077,2020-05-12,0,low activity,2020-05-06,2020-05-12,7,0,0.18174411228383974,images/low_activity/BN077/2020-05-12.png
BN077_2020-05-13,BN077,2020-05-13,2,peak dominant,2020-05-07,2020-05-13,7,0,0.08545170005153545,images/peak_dominant/BN077/2020-05-13.png
BN077_2020-05-14,BN077,2020-05-14,0,low activity,2020-05-08,2020-05-14,7,0,0.09611750377095424,images/low_activity/BN077/2020-05-14.png
BN077_2020-05-15,BN077,2020-05-15,0,low activity,2020-05-09,2020-05-15,7,0,0.09110693491077612,images/low_activity/BN077/2020-05-15.png
BN077_2020-05-16,BN077,2020-05-16,0,low activity,2020-05-10,2020-05-16,7,0,0.08095264007271488,images/low_activity/BN077/2020-05-16.png
BN077_2020-05-17,BN077,2020-05-17,0,low activity,2020-05-11,2020-05-17,7,0,0.08366813554446674,images/low_activity/BN077/2020-05-17.png
BN077_2020-05-18,BN077,2020-05-18,0,low activity,2020-05-12,2020-05-18,7,0,0.05505264083388877,images/low_activity/BN077/2020-05-18.png
BN077_2020-05-19,BN077,2020-05-19,0,low activity,2020-05-13,2020-05-19,7,0,0.05779446568160102,images/low_activity/BN077/2020-05-19.png
BN077_2020-05-20,BN077,2020-05-20,2,peak dominant,2020-05-14,2020-05-20,7,0,0.05971660308615886,images/peak_dominant/BN077/2020-05-20.png
BN077_2020-05-21,BN077,2020-05-21,0,low activity,2020-05-15,2020-05-21,7,0,0.053597425006799426,images/low_activity/BN077/2020-05-21.png
BN077_2020-05-22,BN077,2020-05-22,0,low activity,2020-05-16,2020-05-22,7,0,0.054614025162484606,images/low_activity/BN077/2020-05-22.png
BN077_2020-05-23,BN077,2020-05-23,2,peak dominant,2020-05-17,2020-05-23,7,0,0.10287188684097921,images/peak_dominant/BN077/2020-05-23.png
BN077_2020-05-24,BN077,2020-05-24,2,peak dominant,2020-05-18,2020-05-24,7,0,0.198738996943693,images/peak_dominant/BN077/2020-05-24.png
BN077_2020-05-25,BN077,2020-05-25,2,peak dominant,2020-05-19,2020-05-25,7,1,0.2555922328876493,images/peak_dominant/BN077/2020-05-25.png
BN077_2020-05-26,BN077,2020-05-26,2,peak dominant,2020-05-20,2020-05-26,7,1,0.6619233927231228,images/peak_dominant/BN077/2020-05-26.png
BN077_2020-05-27,BN077,2020-05-27,2,peak dominant,2020-05-21,2020-05-27,7,1,0.6624130191483947,images/peak_dominant/BN077/2020-05-27.png
BN077_2020-05-28,BN077,2020-05-28,0,low activity,2020-05-22,2020-05-28,7,0,0.6699170714999807,images/low_activity/BN077/2020-05-28.png
BN077_2020-05-29,BN077,2020-05-29,0,low activity,2020-05-23,2020-05-29,7,0,0.6706887761450511,images/low_activity/BN077/2020-05-29.png
BN077_2020-05-30,BN077,2020-05-30,2,peak dominant,2020-05-24,2020-05-30,7,0,0.6694705179697388,images/peak_dominant/BN077/2020-05-30.png
BN077_2020-05-31,BN077,2020-05-31,2,peak dominant,2020-05-25,2020-05-31,7,0,0.6692267525340233,images/peak_dominant/BN077/2020-05-31.png
BN077_2020-06-01,BN077,2020-06-01,2,peak dominant,2020-05-26,2020-06-01,7,0,0.666488270632438,images/peak_dominant/BN077/2020-06-01.png
BN077_2020-06-02,BN077,2020-06-02,2,peak dominant,2020-05-27,2020-06-02,7,0,0.6583572601819336,images/peak_dominant/BN077/2020-06-02.png
BN077_2020-06-03,BN077,2020-06-03,2,peak dominant,2020-05-28,2020-06-03,7,0,0.660389924681461,images/peak_dominant/BN077/2020-06-03.png
BN077_2020-06-04,BN077,2020-06-04,2,peak dominant,2020-05-29,2020-06-04,7,0,0.6673840383524097,images/peak_dominant/BN077/2020-06-04.png
BN077_2020-06-05,BN077,2020-06-05,0,low activity,2020-05-30,2020-06-05,7,0,0.6697594869420845,images/low_activity/BN077/2020-06-05.png
BN077_2020-06-06,BN077,2020-06-06,2,peak dominant,2020-05-31,2020-06-06,7,1,0.655534230828585,images/peak_dominant/BN077/2020-06-06.png
BN077_2020-06-07,BN077,2020-06-07,2,peak dominant,2020-06-01,2020-06-07,7,1,0.6394087306552806,images/peak_dominant/BN077/2020-06-07.png
BN077_2020-06-08,BN077,2020-06-08,2,peak dominant,2020-06-02,2020-06-08,7,1,0.6390357333815824,images/peak_dominant/BN077/2020-06-08.png
BN077_2020-06-09,BN077,2020-06-09,0,low activity,2020-06-03,2020-06-09,7,1,0.48679371292494916,images/low_activity/BN077/2020-06-09.png
BN077_2020-06-10,BN077,2020-06-10,0,low activity,2020-06-04,2020-06-10,7,1,0.19188760354247297,images/low_activity/BN077/2020-06-10.png
BN077_2020-06-11,BN077,2020-06-11,2,peak dominant,2020-06-05,2020-06-11,7,1,0.19434053833755238,images/peak_dominant/BN077/2020-06-11.png
BN077_2020-06-12,BN077,2020-06-12,0,low activity,2020-06-06,2020-06-12,7,0,0.20304528080582127,images/low_activity/BN077/2020-06-12.png
BN077_2020-06-13,BN077,2020-06-13,2,peak dominant,2020-06-07,2020-06-13,7,0,0.2087867169103033,images/peak_dominant/BN077/2020-06-13.png
BN077_2020-06-14,BN077,2020-06-14,2,peak dominant,2020-06-08,2020-06-14,7,0,0.20842549767999102,images/peak_dominant/BN077/2020-06-14.png
BN077_2020-06-15,BN077,2020-06-15,2,peak dominant,2020-06-09,2020-06-15,7,0,0.20513520494823098,images/peak_dominant/BN077/2020-06-15.png
BN077_2020-06-16,BN077,2020-06-16,0,low activity,2020-06-10,2020-06-16,7,0,0.19860984662874703,images/low_activity/BN077/2020-06-16.png
BN077_2020-06-17,BN077,2020-06-17,0,low activity,2020-06-11,2020-06-17,7,0,0.19290922434816266,images/low_activity/BN077/2020-06-17.png
BN077_2020-06-18,BN077,2020-06-18,2,peak dominant,2020-06-12,2020-06-18,7,0,0.19012070255831526,images/peak_dominant/BN077/2020-06-18.png
BN077_2020-06-19,BN077,2020-06-19,0,low activity,2020-06-13,2020-06-19,7,0,0.17836851652816424,images/low_activity/BN077/2020-06-19.png
BN077_2020-06-20,BN077,2020-06-20,2,peak dominant,2020-06-14,2020-06-20,7,0,0.1803998739273336,images/peak_dominant/BN077/2020-06-20.png
BN077_2020-06-21,BN077,2020-06-21,2,peak dominant,2020-06-15,2020-06-21,7,0,0.17823708723326576,images/peak_dominant/BN077/2020-06-21.png
BN077_2020-06-22,BN077,2020-06-22,2,peak dominant,2020-06-16,2020-06-22,7,0,0.1667545367819084,images/peak_dominant/BN077/2020-06-22.png
BN077_2020-06-23,BN077,2020-06-23,0,low activity,2020-06-17,2020-06-23,7,0,0.10460376355712071,images/low_activity/BN077/2020-06-23.png
BN077_2020-06-24,BN077,2020-06-24,2,peak dominant,2020-06-18,2020-06-24,7,0,0.23679997180720594,images/peak_dominant/BN077/2020-06-24.png
BN077_2020-06-25,BN077,2020-06-25,2,peak dominant,2020-06-19,2020-06-25,7,0,0.2272466780493642,images/peak_dominant/BN077/2020-06-25.png
BN077_2020-06-26,BN077,2020-06-26,0,low activity,2020-06-20,2020-06-26,7,0,0.22511722961827416,images/low_activity/BN077/2020-06-26.png
BN077_2020-06-27,BN077,2020-06-27,2,peak dominant,2020-06-21,2020-06-27,7,0,0.22484679327651957,images/peak_dominant/BN077/2020-06-27.png
BN077_2020-06-28,BN077,2020-06-28,2,peak dominant,2020-06-22,2020-06-28,7,0,0.2260976420630409,images/peak_dominant/BN077/2020-06-28.png
BN077_2020-06-29,BN077,2020-06-29,2,peak dominant,2020-06-23,2020-06-29,7,0,0.21208030664498526,images/peak_dominant/BN077/2020-06-29.png
BN077_2020-06-30,BN077,2020-06-30,0,low activity,2020-06-24,2020-06-30,7,0,0.18008865784452072,images/low_activity/BN077/2020-06-30.png
BN079_2019-07-31,BN079,2019-07-31,1,typical,2019-07-25,2019-07-31,7,0,0.3162867934449289,images/typical/BN079/2019-07-31.png
BN079_2019-08-01,BN079,2019-08-01,1,typical,2019-07-26,2019-08-01,7,0,0.30299056588628787,images/typical/BN079/2019-08-01.png
BN079_2019-08-02,BN079,2019-08-02,1,typical,2019-07-27,2019-08-02,7,0,0.3128851278700543,images/typical/BN079/2019-08-02.png
BN079_2019-08-03,BN079,2019-08-03,1,typical,2019-07-28,2019-08-03,7,0,0.2884343605322447,images/typical/BN079/2019-08-03.png
BN079_2019-08-04,BN079,2019-08-04,1,typical,2019-07-29,2019-08-04,7,0,0.22831645257274874,images/typical/BN079/2019-08-04.png
BN079_2019-08-05,BN079,2019-08-05,1,typical,2019-07-30,2019-08-05,7,0,0.21938008242077883,images/typical/BN079/2019-08-05.png
BN079_2019-08-06,BN079,2019-08-06,1,typical,2019-07-31,2019-08-06,7,0,0.2300459437711634,images/typical/BN079/2019-08-06.png
BN079_2019-08-07,BN079,2019-08-07,1,typical,2019-08-01,2019-08-07,7,0,0.2537079548496648,images/typical/BN079/2019-08-07.png
BN079_2019-08-08,BN079,2019-08-08,1,typical,2019-08-02,2019-08-08,7,0,0.2830764484269281,images/typical/BN079/2019-08-08.png
BN079_2019-08-09,BN079,2019-08-09,1,typical,2019-08-03,2019-08-09,7,0,0.2750722949051739,images/typical/BN079/2019-08-09.png
BN079_2019-08-10,BN079,2019-08-10,1,typical,2019-08-04,2019-08-10,7,0,0.2393598144801364,images/typical/BN079/2019-08-10.png
BN079_2019-08-11,BN079,2019-08-11,1,typical,2019-08-05,2019-08-11,7,0,0.27715531923570313,images/typical/BN079/2019-08-11.png
BN079_2019-08-12,BN079,2019-08-12,1,typical,2019-08-06,2019-08-12,7,0,0.3948758484668213,images/typical/BN079/2019-08-12.png
BN079_2019-08-13,BN079,2019-08-13,1,typical,2019-08-07,2019-08-13,7,0,0.5416227370645095,images/typical/BN079/2019-08-13.png
BN079_2019-08-14,BN079,2019-08-14,1,typical,2019-08-08,2019-08-14,7,0,0.5265488151320177,images/typical/BN079/2019-08-14.png
BN079_2019-08-15,BN079,2019-08-15,1,typical,2019-08-09,2019-08-15,7,0,0.4811616225492814,images/typical/BN079/2019-08-15.png
BN079_2019-08-16,BN079,2019-08-16,1,typical,2019-08-10,2019-08-16,7,0,0.31870555103397885,images/typical/BN079/2019-08-16.png
BN079_2019-08-17,BN079,2019-08-17,1,typical,2019-08-11,2019-08-17,7,0,0.40158455377096536,images/typical/BN079/2019-08-17.png
BN079_2019-08-18,BN079,2019-08-18,1,typical,2019-08-12,2019-08-18,7,0,0.48265026619740936,images/typical/BN079/2019-08-18.png
BN079_2019-08-19,BN079,2019-08-19,1,typical,2019-08-13,2019-08-19,7,0,0.46801204720266487,images/typical/BN079/2019-08-19.png
BN079_2019-08-20,BN079,2019-08-20,1,typical,2019-08-14,2019-08-20,7,0,0.269724445475172,images/typical/BN079/2019-08-20.png
BN079_2019-08-21,BN079,2019-08-21,1,typical,2019-08-15,2019-08-21,7,0,0.21238626632061777,images/typical/BN079/2019-08-21.png
BN079_2019-08-22,BN079,2019-08-22,1,typical,2019-08-16,2019-08-22,7,0,0.1844707865145364,images/typical/BN079/2019-08-22.png
BN079_2019-08-23,BN079,2019-08-23,1,typical,2019-08-17,2019-08-23,7,0,0.13268100768083382,images/typical/BN079/2019-08-23.png
BN079_2019-08-24,BN079,2019-08-24,1,typical,2019-08-18,2019-08-24,7,0,0.22538215602988418,images/typical/BN079/2019-08-24.png
BN079_2019-08-25,BN079,2019-08-25,1,typical,2019-08-19,2019-08-25,7,0,0.27422781501471505,images/typical/BN079/2019-08-25.png
BN079_2019-08-26,BN079,2019-08-26,1,typical,2019-08-20,2019-08-26,7,0,0.36622777416454133,images/typical/BN079/2019-08-26.png
BN079_2019-08-27,BN079,2019-08-27,1,typical,2019-08-21,2019-08-27,7,0,0.44555149470444455,images/typical/BN079/2019-08-27.png
BN079_2019-08-28,BN079,2019-08-28,1,typical,2019-08-22,2019-08-28,7,0,0.43474304479144016,images/typical/BN079/2019-08-28.png
BN079_2019-08-29,BN079,2019-08-29,1,typical,2019-08-23,2019-08-29,7,0,0.45644113351382865,images/typical/BN079/2019-08-29.png
BN079_2019-08-30,BN079,2019-08-30,1,typical,2019-08-24,2019-08-30,7,0,0.36129999493116416,images/typical/BN079/2019-08-30.png
BN079_2019-08-31,BN079,2019-08-31,1,typical,2019-08-25,2019-08-31,7,0,0.3878784564140783,images/typical/BN079/2019-08-31.png
BN079_2019-09-01,BN079,2019-09-01,1,typical,2019-08-26,2019-09-01,7,0,0.15825436954419383,images/typical/BN079/2019-09-01.png
BN079_2019-09-02,BN079,2019-09-02,1,typical,2019-08-27,2019-09-02,7,0,0.08125632498458765,images/typical/BN079/2019-09-02.png
BN079_2019-09-03,BN079,2019-09-03,1,typical,2019-08-28,2019-09-03,7,0,0.09505274156110038,images/typical/BN079/2019-09-03.png
BN079_2019-09-04,BN079,2019-09-04,1,typical,2019-08-29,2019-09-04,7,0,0.10505581253607693,images/typical/BN079/2019-09-04.png
BN079_2019-09-05,BN079,2019-09-05,1,typical,2019-08-30,2019-09-05,7,0,0.10357209786577874,images/typical/BN079/2019-09-05.png
BN079_2019-09-06,BN079,2019-09-06,1,typical,2019-08-31,2019-09-06,7,0,0.08838915099585727,images/typical/BN079/2019-09-06.png
BN079_2019-09-07,BN079,2019-09-07,1,typical,2019-09-01,2019-09-07,7,0,0.17576911143829302,images/typical/BN079/2019-09-07.png
BN079_2019-09-08,BN079,2019-09-08,1,typical,2019-09-02,2019-09-08,7,0,0.23924899628652752,images/typical/BN079/2019-09-08.png
BN079_2019-09-09,BN079,2019-09-09,1,typical,2019-09-03,2019-09-09,7,0,0.2944278289177524,images/typical/BN079/2019-09-09.png
BN079_2019-09-10,BN079,2019-09-10,1,typical,2019-09-04,2019-09-10,7,0,0.23623774972414513,images/typical/BN079/2019-09-10.png
BN079_2019-09-11,BN079,2019-09-11,1,typical,2019-09-05,2019-09-11,7,0,0.26081983961197197,images/typical/BN079/2019-09-11.png
BN079_2019-09-12,BN079,2019-09-12,1,typical,2019-09-06,2019-09-12,7,0,0.27929810012034306,images/typical/BN079/2019-09-12.png
BN079_2019-09-13,BN079,2019-09-13,1,typical,2019-09-07,2019-09-13,7,0,0.3435559933616167,images/typical/BN079/2019-09-13.png
BN079_2019-09-14,BN079,2019-09-14,1,typical,2019-09-08,2019-09-14,7,0,0.2617939895767791,images/typical/BN079/2019-09-14.png
BN079_2019-09-15,BN079,2019-09-15,1,typical,2019-09-09,2019-09-15,7,0,0.22285540520957373,images/typical/BN079/2019-09-15.png
BN079_2019-09-16,BN079,2019-09-16,1,typical,2019-09-10,2019-09-16,7,0,0.2739844906765817,images/typical/BN079/2019-09-16.png
BN079_2019-09-17,BN079,2019-09-17,1,typical,2019-09-11,2019-09-17,7,0,0.35285998047448514,images/typical/BN079/2019-09-17.png
BN079_2019-09-18,BN079,2019-09-18,1,typical,2019-09-12,2019-09-18,7,0,0.33659210156892055,images/typical/BN079/2019-09-18.png
BN079_2019-09-19,BN079,2019-09-19,1,typical,2019-09-13,2019-09-19,7,0,0.3269707466321331,images/typical/BN079/2019-09-19.png
BN079_2019-09-20,BN079,2019-09-20,1,typical,2019-09-14,2019-09-20,7,0,0.32451050898550204,images/typical/BN079/2019-09-20.png
BN079_2019-09-21,BN079,2019-09-21,1,typical,2019-09-15,2019-09-21,7,0,0.1675040504246348,images/typical/BN079/2019-09-21.png
BN079_2019-09-22,BN079,2019-09-22,1,typical,2019-09-16,2019-09-22,7,0,0.2499825037195062,images/typical/BN079/2019-09-22.png
BN079_2019-09-23,BN079,2019-09-23,1,typical,2019-09-17,2019-09-23,7,0,0.2791929570131403,images/typical/BN079/2019-09-23.png
BN079_2019-09-24,BN079,2019-09-24,1,typical,2019-09-18,2019-09-24,7,0,0.2739210430754686,images/typical/BN079/2019-09-24.png
BN079_2019-09-25,BN079,2019-09-25,1,typical,2019-09-19,2019-09-25,7,0,0.2397390334668514,images/typical/BN079/2019-09-25.png
BN079_2019-09-26,BN079,2019-09-26,1,typical,2019-09-20,2019-09-26,7,0,0.20716033519922245,images/typical/BN079/2019-09-26.png
BN079_2019-09-27,BN079,2019-09-27,1,typical,2019-09-21,2019-09-27,7,0,0.14980548015116862,images/typical/BN079/2019-09-27.png
BN079_2019-09-28,BN079,2019-09-28,1,typical,2019-09-22,2019-09-28,7,0,0.3046763718026734,images/typical/BN079/2019-09-28.png
BN079_2019-09-29,BN079,2019-09-29,1,typical,2019-09-23,2019-09-29,7,0,0.29206511871226903,images/typical/BN079/2019-09-29.png
BN079_2019-09-30,BN079,2019-09-30,1,typical,2019-09-24,2019-09-30,7,0,0.5670125440347488,images/typical/BN079/2019-09-30.png
BN079_2019-10-01,BN079,2019-10-01,1,typical,2019-09-25,2019-10-01,7,0,0.5885825813662681,images/typical/BN079/2019-10-01.png
BN079_2019-10-02,BN079,2019-10-02,1,typical,2019-09-26,2019-10-02,7,0,0.5862945751049142,images/typical/BN079/2019-10-02.png
BN079_2019-10-03,BN079,2019-10-03,1,typical,2019-09-27,2019-10-03,7,0,0.6343515222133417,images/typical/BN079/2019-10-03.png
BN079_2019-10-04,BN079,2019-10-04,1,typical,2019-09-28,2019-10-04,7,0,0.636696919310239,images/typical/BN079/2019-10-04.png
BN079_2019-10-05,BN079,2019-10-05,1,typical,2019-09-29,2019-10-05,7,0,0.5883645149863754,images/typical/BN079/2019-10-05.png
BN079_2019-10-06,BN079,2019-10-06,1,typical,2019-09-30,2019-10-06,7,0,0.5903038693723287,images/typical/BN079/2019-10-06.png
BN079_2019-10-07,BN079,2019-10-07,1,typical,2019-10-01,2019-10-07,7,0,0.3437193808159524,images/typical/BN079/2019-10-07.png
BN079_2019-10-08,BN079,2019-10-08,1,typical,2019-10-02,2019-10-08,7,0,0.3609236739596875,images/typical/BN079/2019-10-08.png
BN079_2019-10-09,BN079,2019-10-09,1,typical,2019-10-03,2019-10-09,7,0,0.36537382457069045,images/typical/BN079/2019-10-09.png
BN079_2019-10-10,BN079,2019-10-10,1,typical,2019-10-04,2019-10-10,7,0,0.3139695277747385,images/typical/BN079/2019-10-10.png
BN079_2019-10-11,BN079,2019-10-11,1,typical,2019-10-05,2019-10-11,7,0,0.3296014350545921,images/typical/BN079/2019-10-11.png
BN079_2019-10-12,BN079,2019-10-12,1,typical,2019-10-06,2019-10-12,7,0,0.3063743962144655,images/typical/BN079/2019-10-12.png
BN079_2019-10-13,BN079,2019-10-13,1,typical,2019-10-07,2019-10-13,7,0,0.2752596811501683,images/typical/BN079/2019-10-13.png
BN079_2019-10-14,BN079,2019-10-14,1,typical,2019-10-08,2019-10-14,7,0,0.5809165966497627,images/typical/BN079/2019-10-14.png
BN079_2019-10-15,BN079,2019-10-15,1,typical,2019-10-09,2019-10-15,7,0,0.6383803652814835,images/typical/BN079/2019-10-15.png
BN079_2019-10-16,BN079,2019-10-16,1,typical,2019-10-10,2019-10-16,7,0,0.6115294143870617,images/typical/BN079/2019-10-16.png
BN079_2019-10-17,BN079,2019-10-17,1,typical,2019-10-11,2019-10-17,7,0,0.4919990779707962,images/typical/BN079/2019-10-17.png
BN079_2019-10-18,BN079,2019-10-18,1,typical,2019-10-12,2019-10-18,7,0,0.497189281886968,images/typical/BN079/2019-10-18.png
BN079_2019-10-19,BN079,2019-10-19,1,typical,2019-10-13,2019-10-19,7,0,0.4837401900836699,images/typical/BN079/2019-10-19.png
BN079_2019-10-20,BN079,2019-10-20,1,typical,2019-10-14,2019-10-20,7,0,0.3729289508800474,images/typical/BN079/2019-10-20.png
BN079_2019-10-21,BN079,2019-10-21,1,typical,2019-10-15,2019-10-21,7,0,0.19035673118810426,images/typical/BN079/2019-10-21.png
BN079_2019-10-22,BN079,2019-10-22,1,typical,2019-10-16,2019-10-22,7,0,0.1870659786649712,images/typical/BN079/2019-10-22.png
BN079_2019-10-23,BN079,2019-10-23,1,typical,2019-10-17,2019-10-23,7,0,0.2929511512373596,images/typical/BN079/2019-10-23.png
BN079_2019-10-24,BN079,2019-10-24,1,typical,2019-10-18,2019-10-24,7,0,0.26626724859739825,images/typical/BN079/2019-10-24.png
BN079_2019-10-25,BN079,2019-10-25,1,typical,2019-10-19,2019-10-25,7,0,0.2653528896868238,images/typical/BN079/2019-10-25.png
BN079_2019-10-26,BN079,2019-10-26,1,typical,2019-10-20,2019-10-26,7,0,0.22991281107502975,images/typical/BN079/2019-10-26.png
BN079_2019-10-27,BN079,2019-10-27,1,typical,2019-10-21,2019-10-27,7,0,0.2732479528336921,images/typical/BN079/2019-10-27.png
BN079_2019-10-28,BN079,2019-10-28,1,typical,2019-10-22,2019-10-28,7,0,0.26980075644862284,images/typical/BN079/2019-10-28.png
BN079_2019-10-29,BN079,2019-10-29,1,typical,2019-10-23,2019-10-29,7,0,0.2541463275589198,images/typical/BN079/2019-10-29.png
BN079_2019-10-30,BN079,2019-10-30,1,typical,2019-10-24,2019-10-30,7,0,0.23639648705663424,images/typical/BN079/2019-10-30.png
BN079_2019-10-31,BN079,2019-10-31,1,typical,2019-10-25,2019-10-31,7,0,0.2457148252168935,images/typical/BN079/2019-10-31.png
BN079_2019-11-01,BN079,2019-11-01,1,typical,2019-10-26,2019-11-01,7,0,0.2430221197054451,images/typical/BN079/2019-11-01.png
BN079_2019-11-02,BN079,2019-11-02,1,typical,2019-10-27,2019-11-02,7,0,0.24945372396846427,images/typical/BN079/2019-11-02.png
BN079_2019-11-03,BN079,2019-11-03,1,typical,2019-10-28,2019-11-03,7,0,0.2242977413278213,images/typical/BN079/2019-11-03.png
BN079_2019-11-04,BN079,2019-11-04,1,typical,2019-10-29,2019-11-04,7,0,0.21870217808344394,images/typical/BN079/2019-11-04.png
BN079_2019-11-05,BN079,2019-11-05,1,typical,2019-10-30,2019-11-05,7,0,0.2572302918433986,images/typical/BN079/2019-11-05.png
BN079_2019-11-06,BN079,2019-11-06,1,typical,2019-10-31,2019-11-06,7,0,0.4246483889400031,images/typical/BN079/2019-11-06.png
BN079_2019-11-07,BN079,2019-11-07,1,typical,2019-11-01,2019-11-07,7,0,0.6078049087938917,images/typical/BN079/2019-11-07.png
BN079_2019-11-08,BN079,2019-11-08,1,typical,2019-11-02,2019-11-08,7,0,0.5917880082244779,images/typical/BN079/2019-11-08.png
BN079_2019-11-09,BN079,2019-11-09,1,typical,2019-11-03,2019-11-09,7,0,0.5928613923355621,images/typical/BN079/2019-11-09.png
BN079_2019-11-10,BN079,2019-11-10,1,typical,2019-11-04,2019-11-10,7,0,0.5994910563159537,images/typical/BN079/2019-11-10.png
BN079_2019-11-11,BN079,2019-11-11,1,typical,2019-11-05,2019-11-11,7,0,0.6123852539475113,images/typical/BN079/2019-11-11.png
BN079_2019-11-12,BN079,2019-11-12,1,typical,2019-11-06,2019-11-12,7,0,0.6310800527512853,images/typical/BN079/2019-11-12.png
BN079_2019-11-13,BN079,2019-11-13,1,typical,2019-11-07,2019-11-13,7,0,0.634342145007542,images/typical/BN079/2019-11-13.png
BN079_2019-11-14,BN079,2019-11-14,1,typical,2019-11-08,2019-11-14,7,0,0.6200421580739969,images/typical/BN079/2019-11-14.png
BN079_2019-11-15,BN079,2019-11-15,1,typical,2019-11-09,2019-11-15,7,0,0.6579443137840991,images/typical/BN079/2019-11-15.png
BN079_2019-11-16,BN079,2019-11-16,1,typical,2019-11-10,2019-11-16,7,0,0.6256867343342375,images/typical/BN079/2019-11-16.png
BN079_2019-11-17,BN079,2019-11-17,1,typical,2019-11-11,2019-11-17,7,0,0.5277781865796761,images/typical/BN079/2019-11-17.png
BN079_2019-11-18,BN079,2019-11-18,1,typical,2019-11-12,2019-11-18,7,0,0.5104731317573565,images/typical/BN079/2019-11-18.png
BN079_2019-11-19,BN079,2019-11-19,1,typical,2019-11-13,2019-11-19,7,0,0.5870819369540268,images/typical/BN079/2019-11-19.png
BN079_2019-11-20,BN079,2019-11-20,1,typical,2019-11-14,2019-11-20,7,0,0.39300284304113103,images/typical/BN079/2019-11-20.png
BN079_2019-11-21,BN079,2019-11-21,1,typical,2019-11-15,2019-11-21,7,0,0.586211822442315,images/typical/BN079/2019-11-21.png
BN079_2019-11-22,BN079,2019-11-22,1,typical,2019-11-16,2019-11-22,7,0,0.5756170627398732,images/typical/BN079/2019-11-22.png
BN079_2019-11-23,BN079,2019-11-23,1,typical,2019-11-17,2019-11-23,7,0,0.5618523748909287,images/typical/BN079/2019-11-23.png
BN079_2019-11-24,BN079,2019-11-24,1,typical,2019-11-18,2019-11-24,7,0,0.535461764225778,images/typical/BN079/2019-11-24.png
BN079_2019-11-25,BN079,2019-11-25,1,typical,2019-11-19,2019-11-25,7,0,0.5146840953556915,images/typical/BN079/2019-11-25.png
BN079_2019-11-26,BN079,2019-11-26,1,typical,2019-11-20,2019-11-26,7,0,0.5262443378429533,images/typical/BN079/2019-11-26.png
BN079_2019-11-27,BN079,2019-11-27,1,typical,2019-11-21,2019-11-27,7,0,0.5591543074126433,images/typical/BN079/2019-11-27.png
BN079_2019-11-28,BN079,2019-11-28,1,typical,2019-11-22,2019-11-28,7,0,0.3216861338558221,images/typical/BN079/2019-11-28.png
BN079_2019-11-29,BN079,2019-11-29,1,typical,2019-11-23,2019-11-29,7,0,0.3666943639835824,images/typical/BN079/2019-11-29.png
BN079_2019-11-30,BN079,2019-11-30,1,typical,2019-11-24,2019-11-30,7,0,0.3943394768773083,images/typical/BN079/2019-11-30.png
BN079_2019-12-01,BN079,2019-12-01,1,typical,2019-11-25,2019-12-01,7,0,0.4142056718696626,images/typical/BN079/2019-12-01.png
BN079_2019-12-02,BN079,2019-12-02,1,typical,2019-11-26,2019-12-02,7,0,0.40830955560658855,images/typical/BN079/2019-12-02.png
BN079_2019-12-03,BN079,2019-12-03,1,typical,2019-11-27,2019-12-03,7,0,0.42559116101052263,images/typical/BN079/2019-12-03.png
BN079_2019-12-04,BN079,2019-12-04,1,typical,2019-11-28,2019-12-04,7,0,0.45169407624083974,images/typical/BN079/2019-12-04.png
BN079_2019-12-05,BN079,2019-12-05,1,typical,2019-11-29,2019-12-05,7,0,0.3671299331011332,images/typical/BN079/2019-12-05.png
BN079_2019-12-06,BN079,2019-12-06,1,typical,2019-11-30,2019-12-06,7,0,0.45801786020336843,images/typical/BN079/2019-12-06.png
BN079_2019-12-07,BN079,2019-12-07,1,typical,2019-12-01,2019-12-07,7,0,0.45344131448181,images/typical/BN079/2019-12-07.png
BN079_2019-12-08,BN079,2019-12-08,1,typical,2019-12-02,2019-12-08,7,0,0.45368647268336354,images/typical/BN079/2019-12-08.png
BN079_2019-12-09,BN079,2019-12-09,1,typical,2019-12-03,2019-12-09,7,0,0.2596700310532826,images/typical/BN079/2019-12-09.png
BN079_2019-12-10,BN079,2019-12-10,1,typical,2019-12-04,2019-12-10,7,0,0.20399481001682443,images/typical/BN079/2019-12-10.png
BN079_2019-12-11,BN079,2019-12-11,1,typical,2019-12-05,2019-12-11,7,0,0.24431134534568752,images/typical/BN079/2019-12-11.png
BN079_2019-12-12,BN079,2019-12-12,1,typical,2019-12-06,2019-12-12,7,0,0.3111930193752446,images/typical/BN079/2019-12-12.png
BN079_2019-12-13,BN079,2019-12-13,1,typical,2019-12-07,2019-12-13,7,0,0.3719051442468395,images/typical/BN079/2019-12-13.png
BN079_2019-12-14,BN079,2019-12-14,1,typical,2019-12-08,2019-12-14,7,0,0.4842023071432863,images/typical/BN079/2019-12-14.png
BN079_2019-12-15,BN079,2019-12-15,1,typical,2019-12-09,2019-12-15,7,0,0.2295925341371763,images/typical/BN079/2019-12-15.png
BN079_2019-12-16,BN079,2019-12-16,1,typical,2019-12-10,2019-12-16,7,0,0.24146913342325835,images/typical/BN079/2019-12-16.png
BN079_2019-12-17,BN079,2019-12-17,1,typical,2019-12-11,2019-12-17,7,0,0.15963850289016432,images/typical/BN079/2019-12-17.png
BN079_2019-12-18,BN079,2019-12-18,1,typical,2019-12-12,2019-12-18,7,0,0.19217274878782015,images/typical/BN079/2019-12-18.png
BN079_2019-12-19,BN079,2019-12-19,1,typical,2019-12-13,2019-12-19,7,0,0.3682108080109727,images/typical/BN079/2019-12-19.png
BN079_2019-12-20,BN079,2019-12-20,1,typical,2019-12-14,2019-12-20,7,0,0.3733885586073886,images/typical/BN079/2019-12-20.png
BN079_2019-12-21,BN079,2019-12-21,1,typical,2019-12-15,2019-12-21,7,0,0.263965010452498,images/typical/BN079/2019-12-21.png
BN079_2019-12-22,BN079,2019-12-22,1,typical,2019-12-16,2019-12-22,7,0,0.19358122037760433,images/typical/BN079/2019-12-22.png
BN079_2019-12-23,BN079,2019-12-23,1,typical,2019-12-17,2019-12-23,7,0,0.19760218409533434,images/typical/BN079/2019-12-23.png
BN079_2019-12-24,BN079,2019-12-24,1,typical,2019-12-18,2019-12-24,7,0,0.33198194513593365,images/typical/BN079/2019-12-24.png
BN079_2019-12-25,BN079,2019-12-25,1,typical,2019-12-19,2019-12-25,7,0,0.578169716025977,images/typical/BN079/2019-12-25.png
BN079_2019-12-26,BN079,2019-12-26,1,typical,2019-12-20,2019-12-26,7,0,0.39096051588634473,images/typical/BN079/2019-12-26.png
BN079_2019-12-27,BN079,2019-12-27,1,typical,2019-12-21,2019-12-27,7,0,0.5659399566370577,images/typical/BN079/2019-12-27.png
BN079_2019-12-28,BN079,2019-12-28,1,typical,2019-12-22,2019-12-28,7,0,0.28226960764014686,images/typical/BN079/2019-12-28.png
BN079_2019-12-29,BN079,2019-12-29,1,typical,2019-12-23,2019-12-29,7,0,0.21385578884391995,images/typical/BN079/2019-12-29.png
BN079_2019-12-30,BN079,2019-12-30,1,typical,2019-12-24,2019-12-30,7,0,0.26353905949709505,images/typical/BN079/2019-12-30.png
BN079_2019-12-31,BN079,2019-12-31,1,typical,2019-12-25,2019-12-31,7,0,0.34115834158477243,images/typical/BN079/2019-12-31.png
BN079_2020-01-01,BN079,2020-01-01,1,typical,2019-12-26,2020-01-01,7,0,0.49757443904230697,images/typical/BN079/2020-01-01.png
BN079_2020-01-02,BN079,2020-01-02,1,typical,2019-12-27,2020-01-02,7,0,0.3628257012256782,images/typical/BN079/2020-01-02.png
BN079_2020-01-03,BN079,2020-01-03,1,typical,2019-12-28,2020-01-03,7,0,0.3727810847913854,images/typical/BN079/2020-01-03.png
BN079_2020-01-04,BN079,2020-01-04,1,typical,2019-12-29,2020-01-04,7,0,0.45987130917302543,images/typical/BN079/2020-01-04.png
BN079_2020-01-05,BN079,2020-01-05,1,typical,2019-12-30,2020-01-05,7,0,0.3619269233512025,images/typical/BN079/2020-01-05.png
BN079_2020-01-06,BN079,2020-01-06,1,typical,2019-12-31,2020-01-06,7,0,0.3531233248983579,images/typical/BN079/2020-01-06.png
BN079_2020-01-07,BN079,2020-01-07,1,typical,2020-01-01,2020-01-07,7,0,0.3005480692906747,images/typical/BN079/2020-01-07.png
BN079_2020-01-08,BN079,2020-01-08,1,typical,2020-01-02,2020-01-08,7,0,0.3061164481603926,images/typical/BN079/2020-01-08.png
BN079_2020-01-09,BN079,2020-01-09,1,typical,2020-01-03,2020-01-09,7,0,0.32964275805842025,images/typical/BN079/2020-01-09.png
BN079_2020-01-10,BN079,2020-01-10,1,typical,2020-01-04,2020-01-10,7,0,0.6103360511623102,images/typical/BN079/2020-01-10.png
BN079_2020-01-11,BN079,2020-01-11,1,typical,2020-01-05,2020-01-11,7,0,0.6229048014511726,images/typical/BN079/2020-01-11.png
BN079_2020-01-12,BN079,2020-01-12,1,typical,2020-01-06,2020-01-12,7,0,0.6344325328052134,images/typical/BN079/2020-01-12.png
BN079_2020-01-13,BN079,2020-01-13,1,typical,2020-01-07,2020-01-13,7,0,0.6293380139577996,images/typical/BN079/2020-01-13.png
BN079_2020-01-14,BN079,2020-01-14,1,typical,2020-01-08,2020-01-14,7,0,0.6204167127961295,images/typical/BN079/2020-01-14.png
BN079_2020-01-15,BN079,2020-01-15,1,typical,2020-01-09,2020-01-15,7,0,0.5936230102241613,images/typical/BN079/2020-01-15.png
BN079_2020-01-16,BN079,2020-01-16,1,typical,2020-01-10,2020-01-16,7,0,0.5372415913714291,images/typical/BN079/2020-01-16.png
BN079_2020-01-17,BN079,2020-01-17,1,typical,2020-01-11,2020-01-17,7,0,0.2007417586980525,images/typical/BN079/2020-01-17.png
BN079_2020-01-18,BN079,2020-01-18,1,typical,2020-01-12,2020-01-18,7,0,0.32138465090560386,images/typical/BN079/2020-01-18.png
BN079_2020-01-19,BN079,2020-01-19,1,typical,2020-01-13,2020-01-19,7,0,0.43439935872398466,images/typical/BN079/2020-01-19.png
BN079_2020-01-20,BN079,2020-01-20,1,typical,2020-01-14,2020-01-20,7,0,0.34021692849861707,images/typical/BN079/2020-01-20.png
BN079_2020-01-21,BN079,2020-01-21,1,typical,2020-01-15,2020-01-21,7,0,0.2841408987187802,images/typical/BN079/2020-01-21.png
BN079_2020-01-22,BN079,2020-01-22,1,typical,2020-01-16,2020-01-22,7,0,0.2909779580464008,images/typical/BN079/2020-01-22.png
BN079_2020-01-23,BN079,2020-01-23,1,typical,2020-01-17,2020-01-23,7,0,0.33755328795077727,images/typical/BN079/2020-01-23.png
BN079_2020-01-24,BN079,2020-01-24,1,typical,2020-01-18,2020-01-24,7,0,0.35873436556867555,images/typical/BN079/2020-01-24.png
BN079_2020-01-25,BN079,2020-01-25,1,typical,2020-01-19,2020-01-25,7,0,0.28326853041018724,images/typical/BN079/2020-01-25.png
BN079_2020-01-26,BN079,2020-01-26,1,typical,2020-01-20,2020-01-26,7,0,0.21695988980481265,images/typical/BN079/2020-01-26.png
BN079_2020-01-27,BN079,2020-01-27,1,typical,2020-01-21,2020-01-27,7,0,0.1690329205165951,images/typical/BN079/2020-01-27.png
BN079_2020-01-28,BN079,2020-01-28,1,typical,2020-01-22,2020-01-28,7,0,0.6154378741746578,images/typical/BN079/2020-01-28.png
BN079_2020-01-29,BN079,2020-01-29,1,typical,2020-01-23,2020-01-29,7,0,0.6186604910078493,images/typical/BN079/2020-01-29.png
BN079_2020-01-30,BN079,2020-01-30,1,typical,2020-01-24,2020-01-30,7,0,0.618643704871932,images/typical/BN079/2020-01-30.png
BN079_2020-01-31,BN079,2020-01-31,1,typical,2020-01-25,2020-01-31,7,0,0.6187362283355393,images/typical/BN079/2020-01-31.png
BN079_2020-02-01,BN079,2020-02-01,1,typical,2020-01-26,2020-02-01,7,0,0.6179550737960205,images/typical/BN079/2020-02-01.png
BN079_2020-02-02,BN079,2020-02-02,1,typical,2020-01-27,2020-02-02,7,0,0.6158440840334982,images/typical/BN079/2020-02-02.png
BN079_2020-02-03,BN079,2020-02-03,1,typical,2020-01-28,2020-02-03,7,0,0.6168893129333625,images/typical/BN079/2020-02-03.png
BN079_2020-02-04,BN079,2020-02-04,1,typical,2020-01-29,2020-02-04,7,0,0.268050645308272,images/typical/BN079/2020-02-04.png
BN079_2020-02-05,BN079,2020-02-05,1,typical,2020-01-30,2020-02-05,7,0,0.3041064124010288,images/typical/BN079/2020-02-05.png
BN079_2020-02-06,BN079,2020-02-06,1,typical,2020-01-31,2020-02-06,7,0,0.20119998675050388,images/typical/BN079/2020-02-06.png
BN079_2020-02-07,BN079,2020-02-07,1,typical,2020-02-01,2020-02-07,7,0,0.18481723684275053,images/typical/BN079/2020-02-07.png
BN079_2020-02-08,BN079,2020-02-08,1,typical,2020-02-02,2020-02-08,7,0,0.37465065412372234,images/typical/BN079/2020-02-08.png
BN079_2020-02-09,BN079,2020-02-09,1,typical,2020-02-03,2020-02-09,7,0,0.4429641336055709,images/typical/BN079/2020-02-09.png
BN079_2020-02-10,BN079,2020-02-10,1,typical,2020-02-04,2020-02-10,7,0,0.4375132910398453,images/typical/BN079/2020-02-10.png
BN079_2020-02-11,BN079,2020-02-11,1,typical,2020-02-05,2020-02-11,7,0,0.3806140176617366,images/typical/BN079/2020-02-11.png
BN079_2020-02-12,BN079,2020-02-12,1,typical,2020-02-06,2020-02-12,7,0,0.3780616532680947,images/typical/BN079/2020-02-12.png
BN079_2020-02-13,BN079,2020-02-13,1,typical,2020-02-07,2020-02-13,7,0,0.29708169205712376,images/typical/BN079/2020-02-13.png
BN079_2020-02-14,BN079,2020-02-14,1,typical,2020-02-08,2020-02-14,7,0,0.29133690461201417,images/typical/BN079/2020-02-14.png
BN079_2020-02-15,BN079,2020-02-15,1,typical,2020-02-09,2020-02-15,7,0,0.2791039855812504,images/typical/BN079/2020-02-15.png
BN079_2020-02-16,BN079,2020-02-16,1,typical,2020-02-10,2020-02-16,7,0,0.23354297770919555,images/typical/BN079/2020-02-16.png
BN079_2020-02-17,BN079,2020-02-17,1,typical,2020-02-11,2020-02-17,7,0,0.21325210082347051,images/typical/BN079/2020-02-17.png
BN079_2020-02-18,BN079,2020-02-18,1,typical,2020-02-12,2020-02-18,7,0,0.21363633698815185,images/typical/BN079/2020-02-18.png
BN079_2020-02-19,BN079,2020-02-19,1,typical,2020-02-13,2020-02-19,7,0,0.22808715915987862,images/typical/BN079/2020-02-19.png
BN079_2020-02-20,BN079,2020-02-20,1,typical,2020-02-14,2020-02-20,7,0,0.2695924795515921,images/typical/BN079/2020-02-20.png
BN079_2020-02-21,BN079,2020-02-21,1,typical,2020-02-15,2020-02-21,7,0,0.29273206429447657,images/typical/BN079/2020-02-21.png
BN079_2020-02-22,BN079,2020-02-22,1,typical,2020-02-16,2020-02-22,7,0,0.28716292162753665,images/typical/BN079/2020-02-22.png
BN079_2020-02-23,BN079,2020-02-23,1,typical,2020-02-17,2020-02-23,7,0,0.33503548764905355,images/typical/BN079/2020-02-23.png
BN079_2020-02-24,BN079,2020-02-24,1,typical,2020-02-18,2020-02-24,7,0,0.3208607703350204,images/typical/BN079/2020-02-24.png
BN079_2020-02-25,BN079,2020-02-25,1,typical,2020-02-19,2020-02-25,7,0,0.3475131009546185,images/typical/BN079/2020-02-25.png
BN079_2020-02-26,BN079,2020-02-26,1,typical,2020-02-20,2020-02-26,7,0,0.25735528056894963,images/typical/BN079/2020-02-26.png
BN079_2020-02-27,BN079,2020-02-27,1,typical,2020-02-21,2020-02-27,7,0,0.19652087452883843,images/typical/BN079/2020-02-27.png
BN079_2020-02-28,BN079,2020-02-28,1,typical,2020-02-22,2020-02-28,7,0,0.20119268796935413,images/typical/BN079/2020-02-28.png
BN079_2020-02-29,BN079,2020-02-29,1,typical,2020-02-23,2020-02-29,7,0,0.28552968599894374,images/typical/BN079/2020-02-29.png
BN079_2020-03-01,BN079,2020-03-01,1,typical,2020-02-24,2020-03-01,7,0,0.3231398159900335,images/typical/BN079/2020-03-01.png
BN079_2020-03-02,BN079,2020-03-02,1,typical,2020-02-25,2020-03-02,7,0,0.3152037889479653,images/typical/BN079/2020-03-02.png
BN079_2020-03-03,BN079,2020-03-03,1,typical,2020-02-26,2020-03-03,7,0,0.2386148132831174,images/typical/BN079/2020-03-03.png
BN079_2020-03-04,BN079,2020-03-04,1,typical,2020-02-27,2020-03-04,7,0,0.249314113682223,images/typical/BN079/2020-03-04.png
BN079_2020-03-05,BN079,2020-03-05,1,typical,2020-02-28,2020-03-05,7,0,0.30877151714355816,images/typical/BN079/2020-03-05.png
BN079_2020-03-06,BN079,2020-03-06,1,typical,2020-02-29,2020-03-06,7,0,0.32238388191999157,images/typical/BN079/2020-03-06.png
BN079_2020-03-07,BN079,2020-03-07,1,typical,2020-03-01,2020-03-07,7,0,0.2927480769245335,images/typical/BN079/2020-03-07.png
BN079_2020-03-08,BN079,2020-03-08,1,typical,2020-03-02,2020-03-08,7,0,0.3934275390757165,images/typical/BN079/2020-03-08.png
BN079_2020-03-09,BN079,2020-03-09,1,typical,2020-03-03,2020-03-09,7,0,0.4364836847786699,images/typical/BN079/2020-03-09.png
BN079_2020-03-10,BN079,2020-03-10,1,typical,2020-03-04,2020-03-10,7,0,0.43767815087611245,images/typical/BN079/2020-03-10.png
BN079_2020-03-11,BN079,2020-03-11,1,typical,2020-03-05,2020-03-11,7,0,0.3440221951232773,images/typical/BN079/2020-03-11.png
BN079_2020-03-12,BN079,2020-03-12,1,typical,2020-03-06,2020-03-12,7,0,0.22245861585473453,images/typical/BN079/2020-03-12.png
BN079_2020-03-13,BN079,2020-03-13,1,typical,2020-03-07,2020-03-13,7,0,0.24522515028722006,images/typical/BN079/2020-03-13.png
BN079_2020-03-14,BN079,2020-03-14,1,typical,2020-03-08,2020-03-14,7,0,0.26477986081454224,images/typical/BN079/2020-03-14.png
BN079_2020-03-15,BN079,2020-03-15,1,typical,2020-03-09,2020-03-15,7,0,0.2640510422564906,images/typical/BN079/2020-03-15.png
BN079_2020-03-16,BN079,2020-03-16,1,typical,2020-03-10,2020-03-16,7,0,0.18227215397123675,images/typical/BN079/2020-03-16.png
BN079_2020-03-17,BN079,2020-03-17,1,typical,2020-03-11,2020-03-17,7,0,0.22501745072894802,images/typical/BN079/2020-03-17.png
BN079_2020-03-18,BN079,2020-03-18,1,typical,2020-03-12,2020-03-18,7,0,0.40631320632107565,images/typical/BN079/2020-03-18.png
BN079_2020-03-19,BN079,2020-03-19,1,typical,2020-03-13,2020-03-19,7,0,0.4186182441964608,images/typical/BN079/2020-03-19.png
BN079_2020-03-20,BN079,2020-03-20,1,typical,2020-03-14,2020-03-20,7,0,0.36347495557689397,images/typical/BN079/2020-03-20.png
BN079_2020-03-21,BN079,2020-03-21,1,typical,2020-03-15,2020-03-21,7,0,0.3080012039922112,images/typical/BN079/2020-03-21.png
BN079_2020-03-22,BN079,2020-03-22,1,typical,2020-03-16,2020-03-22,7,0,0.34236289795739683,images/typical/BN079/2020-03-22.png
BN079_2020-03-23,BN079,2020-03-23,1,typical,2020-03-17,2020-03-23,7,0,0.4140808321972182,images/typical/BN079/2020-03-23.png
BN079_2020-03-24,BN079,2020-03-24,1,typical,2020-03-18,2020-03-24,7,0,0.47535483398709566,images/typical/BN079/2020-03-24.png
BN079_2020-03-25,BN079,2020-03-25,1,typical,2020-03-19,2020-03-25,7,0,0.42251952988464675,images/typical/BN079/2020-03-25.png
BN079_2020-03-26,BN079,2020-03-26,1,typical,2020-03-20,2020-03-26,7,0,0.2949124561533969,images/typical/BN079/2020-03-26.png
BN079_2020-03-27,BN079,2020-03-27,1,typical,2020-03-21,2020-03-27,7,0,0.2615580628276633,images/typical/BN079/2020-03-27.png
BN079_2020-03-28,BN079,2020-03-28,1,typical,2020-03-22,2020-03-28,7,0,0.2217112207645596,images/typical/BN079/2020-03-28.png
BN079_2020-03-29,BN079,2020-03-29,1,typical,2020-03-23,2020-03-29,7,0,0.1530896802146112,images/typical/BN079/2020-03-29.png
BN079_2020-03-30,BN079,2020-03-30,1,typical,2020-03-24,2020-03-30,7,0,0.12531653317748778,images/typical/BN079/2020-03-30.png
BN079_2020-03-31,BN079,2020-03-31,1,typical,2020-03-25,2020-03-31,7,0,0.11210979784760057,images/typical/BN079/2020-03-31.png
BN079_2020-04-01,BN079,2020-04-01,1,typical,2020-03-26,2020-04-01,7,0,0.20622251516363738,images/typical/BN079/2020-04-01.png
BN079_2020-04-02,BN079,2020-04-02,1,typical,2020-03-27,2020-04-02,7,0,0.6248205818888081,images/typical/BN079/2020-04-02.png
BN079_2020-04-03,BN079,2020-04-03,1,typical,2020-03-28,2020-04-03,7,0,0.706358093397725,images/typical/BN079/2020-04-03.png
BN079_2020-04-04,BN079,2020-04-04,1,typical,2020-03-29,2020-04-04,7,0,0.5693024577017968,images/typical/BN079/2020-04-04.png
BN079_2020-04-05,BN079,2020-04-05,1,typical,2020-03-30,2020-04-05,7,0,0.5030261156749458,images/typical/BN079/2020-04-05.png
BN079_2020-04-06,BN079,2020-04-06,1,typical,2020-03-31,2020-04-06,7,0,0.6208430002853782,images/typical/BN079/2020-04-06.png
BN079_2020-04-07,BN079,2020-04-07,1,typical,2020-04-01,2020-04-07,7,0,0.5110445376600457,images/typical/BN079/2020-04-07.png
BN079_2020-04-08,BN079,2020-04-08,1,typical,2020-04-02,2020-04-08,7,0,0.5454041862323735,images/typical/BN079/2020-04-08.png
BN079_2020-04-09,BN079,2020-04-09,1,typical,2020-04-03,2020-04-09,7,0,0.5477249804100216,images/typical/BN079/2020-04-09.png
BN079_2020-04-10,BN079,2020-04-10,1,typical,2020-04-04,2020-04-10,7,0,0.5160650444567255,images/typical/BN079/2020-04-10.png
BN079_2020-04-11,BN079,2020-04-11,1,typical,2020-04-05,2020-04-11,7,0,0.4503402067524386,images/typical/BN079/2020-04-11.png
BN079_2020-04-12,BN079,2020-04-12,1,typical,2020-04-06,2020-04-12,7,0,0.36668440670603925,images/typical/BN079/2020-04-12.png
BN079_2020-04-13,BN079,2020-04-13,1,typical,2020-04-07,2020-04-13,7,0,0.3462738531726103,images/typical/BN079/2020-04-13.png
BN079_2020-04-14,BN079,2020-04-14,1,typical,2020-04-08,2020-04-14,7,0,0.4022739306877144,images/typical/BN079/2020-04-14.png
BN079_2020-04-15,BN079,2020-04-15,1,typical,2020-04-09,2020-04-15,7,0,0.6774925938979391,images/typical/BN079/2020-04-15.png
BN079_2020-04-16,BN079,2020-04-16,1,typical,2020-04-10,2020-04-16,7,0,0.7081553171888487,images/typical/BN079/2020-04-16.png
BN079_2020-04-17,BN079,2020-04-17,1,typical,2020-04-11,2020-04-17,7,0,0.5156830356408111,images/typical/BN079/2020-04-17.png
BN079_2020-04-18,BN079,2020-04-18,1,typical,2020-04-12,2020-04-18,7,0,0.5107397310729831,images/typical/BN079/2020-04-18.png
BN079_2020-04-19,BN079,2020-04-19,1,typical,2020-04-13,2020-04-19,7,0,0.5119643431706812,images/typical/BN079/2020-04-19.png
BN079_2020-04-20,BN079,2020-04-20,1,typical,2020-04-14,2020-04-20,7,0,0.5532778294004695,images/typical/BN079/2020-04-20.png
BN079_2020-04-21,BN079,2020-04-21,1,typical,2020-04-15,2020-04-21,7,0,0.4848143789231025,images/typical/BN079/2020-04-21.png
BN079_2020-04-22,BN079,2020-04-22,1,typical,2020-04-16,2020-04-22,7,0,0.5437661859462576,images/typical/BN079/2020-04-22.png
BN079_2020-04-23,BN079,2020-04-23,1,typical,2020-04-17,2020-04-23,7,0,0.6130198895871704,images/typical/BN079/2020-04-23.png
BN079_2020-04-24,BN079,2020-04-24,1,typical,2020-04-18,2020-04-24,7,0,0.6175295750944002,images/typical/BN079/2020-04-24.png
BN079_2020-04-25,BN079,2020-04-25,1,typical,2020-04-19,2020-04-25,7,0,0.6584608608523929,images/typical/BN079/2020-04-25.png
BN079_2020-04-26,BN079,2020-04-26,1,typical,2020-04-20,2020-04-26,7,0,0.6402661451143458,images/typical/BN079/2020-04-26.png
BN079_2020-04-27,BN079,2020-04-27,1,typical,2020-04-21,2020-04-27,7,0,0.6366344067294407,images/typical/BN079/2020-04-27.png
BN079_2020-04-28,BN079,2020-04-28,1,typical,2020-04-22,2020-04-28,7,0,0.6314021103265262,images/typical/BN079/2020-04-28.png
BN079_2020-04-29,BN079,2020-04-29,1,typical,2020-04-23,2020-04-29,7,0,0.5412430196045386,images/typical/BN079/2020-04-29.png
BN079_2020-04-30,BN079,2020-04-30,1,typical,2020-04-24,2020-04-30,7,0,0.4067254942465899,images/typical/BN079/2020-04-30.png
BN079_2020-05-01,BN079,2020-05-01,1,typical,2020-04-25,2020-05-01,7,0,0.6156520615968166,images/typical/BN079/2020-05-01.png
BN079_2020-05-02,BN079,2020-05-02,1,typical,2020-04-26,2020-05-02,7,0,0.6178476341665848,images/typical/BN079/2020-05-02.png
BN079_2020-05-03,BN079,2020-05-03,1,typical,2020-04-27,2020-05-03,7,0,0.6070980755837556,images/typical/BN079/2020-05-03.png
BN079_2020-05-04,BN079,2020-05-04,1,typical,2020-04-28,2020-05-04,7,0,0.6174539207274339,images/typical/BN079/2020-05-04.png
BN079_2020-05-05,BN079,2020-05-05,1,typical,2020-04-29,2020-05-05,7,0,0.6123359360053795,images/typical/BN079/2020-05-05.png
BN079_2020-05-06,BN079,2020-05-06,1,typical,2020-04-30,2020-05-06,7,0,0.6131185460050311,images/typical/BN079/2020-05-06.png
BN079_2020-05-07,BN079,2020-05-07,1,typical,2020-05-01,2020-05-07,7,0,0.6139761080661651,images/typical/BN079/2020-05-07.png
BN079_2020-05-08,BN079,2020-05-08,1,typical,2020-05-02,2020-05-08,7,0,0.5949755593115897,images/typical/BN079/2020-05-08.png
BN079_2020-05-09,BN079,2020-05-09,1,typical,2020-05-03,2020-05-09,7,0,0.53608525761249,images/typical/BN079/2020-05-09.png
BN079_2020-05-10,BN079,2020-05-10,1,typical,2020-05-04,2020-05-10,7,0,0.47964025010642575,images/typical/BN079/2020-05-10.png
BN079_2020-05-11,BN079,2020-05-11,1,typical,2020-05-05,2020-05-11,7,0,0.5488639565032106,images/typical/BN079/2020-05-11.png
BN079_2020-05-12,BN079,2020-05-12,1,typical,2020-05-06,2020-05-12,7,0,0.5705223334868975,images/typical/BN079/2020-05-12.png
BN079_2020-05-13,BN079,2020-05-13,1,typical,2020-05-07,2020-05-13,7,0,0.484228488070121,images/typical/BN079/2020-05-13.png
BN079_2020-05-14,BN079,2020-05-14,1,typical,2020-05-08,2020-05-14,7,0,0.5236682033529726,images/typical/BN079/2020-05-14.png
BN079_2020-05-15,BN079,2020-05-15,1,typical,2020-05-09,2020-05-15,7,0,0.6227342931549174,images/typical/BN079/2020-05-15.png
BN079_2020-05-16,BN079,2020-05-16,1,typical,2020-05-10,2020-05-16,7,0,0.6359476395284507,images/typical/BN079/2020-05-16.png
BN079_2020-05-17,BN079,2020-05-17,1,typical,2020-05-11,2020-05-17,7,0,0.6439922884725914,images/typical/BN079/2020-05-17.png
BN079_2020-05-18,BN079,2020-05-18,1,typical,2020-05-12,2020-05-18,7,0,0.6204937918215635,images/typical/BN079/2020-05-18.png
BN079_2020-05-19,BN079,2020-05-19,1,typical,2020-05-13,2020-05-19,7,0,0.6162675653263793,images/typical/BN079/2020-05-19.png
BN079_2020-05-20,BN079,2020-05-20,1,typical,2020-05-14,2020-05-20,7,0,0.6169797580837643,images/typical/BN079/2020-05-20.png
BN079_2020-05-21,BN079,2020-05-21,1,typical,2020-05-15,2020-05-21,7,0,0.6151114206300297,images/typical/BN079/2020-05-21.png
BN079_2020-05-22,BN079,2020-05-22,1,typical,2020-05-16,2020-05-22,7,0,0.6124578928626312,images/typical/BN079/2020-05-22.png
BN079_2020-05-23,BN079,2020-05-23,1,typical,2020-05-17,2020-05-23,7,0,0.4535433207561815,images/typical/BN079/2020-05-23.png
BN079_2020-05-24,BN079,2020-05-24,1,typical,2020-05-18,2020-05-24,7,0,0.46360141435425306,images/typical/BN079/2020-05-24.png
BN079_2020-05-25,BN079,2020-05-25,1,typical,2020-05-19,2020-05-25,7,0,0.5290992517958851,images/typical/BN079/2020-05-25.png
BN079_2020-05-26,BN079,2020-05-26,1,typical,2020-05-20,2020-05-26,7,0,0.5199210906912278,images/typical/BN079/2020-05-26.png
BN079_2020-05-27,BN079,2020-05-27,1,typical,2020-05-21,2020-05-27,7,0,0.4709452040155515,images/typical/BN079/2020-05-27.png
BN079_2020-05-28,BN079,2020-05-28,1,typical,2020-05-22,2020-05-28,7,0,0.45134072486356636,images/typical/BN079/2020-05-28.png
BN079_2020-05-29,BN079,2020-05-29,1,typical,2020-05-23,2020-05-29,7,0,0.4627347963302504,images/typical/BN079/2020-05-29.png
BN079_2020-05-30,BN079,2020-05-30,1,typical,2020-05-24,2020-05-30,7,0,0.36950176198927404,images/typical/BN079/2020-05-30.png
BN079_2020-05-31,BN079,2020-05-31,1,typical,2020-05-25,2020-05-31,7,0,0.4348286337056995,images/typical/BN079/2020-05-31.png
BN079_2020-06-01,BN079,2020-06-01,1,typical,2020-05-26,2020-06-01,7,0,0.5102398401412953,images/typical/BN079/2020-06-01.png
BN079_2020-06-02,BN079,2020-06-02,1,typical,2020-05-27,2020-06-02,7,0,0.4917098369215631,images/typical/BN079/2020-06-02.png
BN079_2020-06-03,BN079,2020-06-03,1,typical,2020-05-28,2020-06-03,7,0,0.486166337107496,images/typical/BN079/2020-06-03.png
BN079_2020-06-04,BN079,2020-06-04,1,typical,2020-05-29,2020-06-04,7,0,0.32278038238675355,images/typical/BN079/2020-06-04.png
BN079_2020-06-05,BN079,2020-06-05,1,typical,2020-05-30,2020-06-05,7,0,0.2931939792456886,images/typical/BN079/2020-06-05.png
BN079_2020-06-06,BN079,2020-06-06,1,typical,2020-05-31,2020-06-06,7,0,0.48597917063161705,images/typical/BN079/2020-06-06.png
BN079_2020-06-07,BN079,2020-06-07,1,typical,2020-06-01,2020-06-07,7,0,0.5368853109211602,images/typical/BN079/2020-06-07.png
BN079_2020-06-08,BN079,2020-06-08,1,typical,2020-06-02,2020-06-08,7,0,0.4746007462211997,images/typical/BN079/2020-06-08.png
BN079_2020-06-09,BN079,2020-06-09,1,typical,2020-06-03,2020-06-09,7,0,0.48783922181848816,images/typical/BN079/2020-06-09.png
BN079_2020-06-10,BN079,2020-06-10,1,typical,2020-06-04,2020-06-10,7,0,0.5180752191459783,images/typical/BN079/2020-06-10.png
BN079_2020-06-11,BN079,2020-06-11,1,typical,2020-06-05,2020-06-11,7,0,0.68878028230288,images/typical/BN079/2020-06-11.png
BN079_2020-06-12,BN079,2020-06-12,1,typical,2020-06-06,2020-06-12,7,0,0.6117237299182527,images/typical/BN079/2020-06-12.png
BN079_2020-06-13,BN079,2020-06-13,1,typical,2020-06-07,2020-06-13,7,0,0.6434439993743614,images/typical/BN079/2020-06-13.png
BN079_2020-06-14,BN079,2020-06-14,1,typical,2020-06-08,2020-06-14,7,0,0.5425430345313103,images/typical/BN079/2020-06-14.png
BN079_2020-06-15,BN079,2020-06-15,1,typical,2020-06-09,2020-06-15,7,0,0.5396045674801491,images/typical/BN079/2020-06-15.png
BN079_2020-06-16,BN079,2020-06-16,1,typical,2020-06-10,2020-06-16,7,0,0.3068216925798693,images/typical/BN079/2020-06-16.png
BN079_2020-06-17,BN079,2020-06-17,1,typical,2020-06-11,2020-06-17,7,0,0.3177111431680522,images/typical/BN079/2020-06-17.png
BN079_2020-06-18,BN079,2020-06-18,1,typical,2020-06-12,2020-06-18,7,0,0.34639930538769326,images/typical/BN079/2020-06-18.png
BN079_2020-06-19,BN079,2020-06-19,1,typical,2020-06-13,2020-06-19,7,0,0.3596913618050213,images/typical/BN079/2020-06-19.png
BN079_2020-06-20,BN079,2020-06-20,1,typical,2020-06-14,2020-06-20,7,0,0.37276173834926374,images/typical/BN079/2020-06-20.png
BN079_2020-06-21,BN079,2020-06-21,1,typical,2020-06-15,2020-06-21,7,0,0.44208440742242,images/typical/BN079/2020-06-21.png
BN079_2020-06-22,BN079,2020-06-22,1,typical,2020-06-16,2020-06-22,7,0,0.4234175781612385,images/typical/BN079/2020-06-22.png
BN079_2020-06-23,BN079,2020-06-23,1,typical,2020-06-17,2020-06-23,7,0,0.3599534499774864,images/typical/BN079/2020-06-23.png
BN079_2020-06-24,BN079,2020-06-24,1,typical,2020-06-18,2020-06-24,7,0,0.21036108606730072,images/typical/BN079/2020-06-24.png
BN079_2020-06-25,BN079,2020-06-25,1,typical,2020-06-19,2020-06-25,7,0,0.1784359446048692,images/typical/BN079/2020-06-25.png
BN079_2020-06-26,BN079,2020-06-26,1,typical,2020-06-20,2020-06-26,7,0,0.23204122534398292,images/typical/BN079/2020-06-26.png
BN079_2020-06-27,BN079,2020-06-27,1,typical,2020-06-21,2020-06-27,7,0,0.5320413540188087,images/typical/BN079/2020-06-27.png
BN079_2020-06-28,BN079,2020-06-28,1,typical,2020-06-22,2020-06-28,7,0,0.38615766521181366,images/typical/BN079/2020-06-28.png
BN079_2020-06-29,BN079,2020-06-29,1,typical,2020-06-23,2020-06-29,7,0,0.5424877120303319,images/typical/BN079/2020-06-29.png
BN079_2020-06-30,BN079,2020-06-30,1,typical,2020-06-24,2020-06-30,7,0,0.6241480552867705,images/typical/BN079/2020-06-30.png
BN098_2019-07-31,BN098,2019-07-31,1,typical,2019-07-25,2019-07-31,7,0,0.358348542328882,images/typical/BN098/2019-07-31.png
BN098_2019-08-01,BN098,2019-08-01,1,typical,2019-07-26,2019-08-01,7,0,0.38005948717843097,images/typical/BN098/2019-08-01.png
BN098_2019-08-02,BN098,2019-08-02,1,typical,2019-07-27,2019-08-02,7,0,0.22302747579610724,images/typical/BN098/2019-08-02.png
BN098_2019-08-03,BN098,2019-08-03,1,typical,2019-07-28,2019-08-03,7,0,0.205741844000725,images/typical/BN098/2019-08-03.png
BN098_2019-08-04,BN098,2019-08-04,1,typical,2019-07-29,2019-08-04,7,0,0.18690126267653373,images/typical/BN098/2019-08-04.png
BN098_2019-08-05,BN098,2019-08-05,1,typical,2019-07-30,2019-08-05,7,0,0.18911257546800886,images/typical/BN098/2019-08-05.png
BN098_2019-08-06,BN098,2019-08-06,1,typical,2019-07-31,2019-08-06,7,0,0.2684630781659061,images/typical/BN098/2019-08-06.png
BN098_2019-08-07,BN098,2019-08-07,1,typical,2019-08-01,2019-08-07,7,0,0.18359091966663152,images/typical/BN098/2019-08-07.png
BN098_2019-08-08,BN098,2019-08-08,1,typical,2019-08-02,2019-08-08,7,0,0.19633784827876125,images/typical/BN098/2019-08-08.png
BN098_2019-08-09,BN098,2019-08-09,1,typical,2019-08-03,2019-08-09,7,0,0.39724529212814336,images/typical/BN098/2019-08-09.png
BN098_2019-08-10,BN098,2019-08-10,1,typical,2019-08-04,2019-08-10,7,0,0.39249896884183627,images/typical/BN098/2019-08-10.png
BN098_2019-08-11,BN098,2019-08-11,1,typical,2019-08-05,2019-08-11,7,0,0.35854456510554084,images/typical/BN098/2019-08-11.png
BN098_2019-08-12,BN098,2019-08-12,1,typical,2019-08-06,2019-08-12,7,0,0.3097583082970677,images/typical/BN098/2019-08-12.png
BN098_2019-08-13,BN098,2019-08-13,1,typical,2019-08-07,2019-08-13,7,0,0.1763855819814456,images/typical/BN098/2019-08-13.png
BN098_2019-08-14,BN098,2019-08-14,1,typical,2019-08-08,2019-08-14,7,0,0.23951959153235977,images/typical/BN098/2019-08-14.png
BN098_2019-08-15,BN098,2019-08-15,1,typical,2019-08-09,2019-08-15,7,0,0.1514907518870596,images/typical/BN098/2019-08-15.png
BN098_2019-08-16,BN098,2019-08-16,1,typical,2019-08-10,2019-08-16,7,0,0.15722569322258914,images/typical/BN098/2019-08-16.png
BN098_2019-08-17,BN098,2019-08-17,1,typical,2019-08-11,2019-08-17,7,0,0.19885685077399284,images/typical/BN098/2019-08-17.png
BN098_2019-08-18,BN098,2019-08-18,1,typical,2019-08-12,2019-08-18,7,0,0.18387204202255356,images/typical/BN098/2019-08-18.png
BN098_2019-08-19,BN098,2019-08-19,1,typical,2019-08-13,2019-08-19,7,0,0.22084349363606579,images/typical/BN098/2019-08-19.png
BN098_2019-08-20,BN098,2019-08-20,1,typical,2019-08-14,2019-08-20,7,0,0.21789072869381698,images/typical/BN098/2019-08-20.png
BN098_2019-08-21,BN098,2019-08-21,1,typical,2019-08-15,2019-08-21,7,0,0.19977817216034846,images/typical/BN098/2019-08-21.png
BN098_2019-08-22,BN098,2019-08-22,1,typical,2019-08-16,2019-08-22,7,0,0.2511232154984875,images/typical/BN098/2019-08-22.png
BN098_2019-08-23,BN098,2019-08-23,1,typical,2019-08-17,2019-08-23,7,0,0.231178957834166,images/typical/BN098/2019-08-23.png
BN098_2019-08-24,BN098,2019-08-24,1,typical,2019-08-18,2019-08-24,7,0,0.22347954986220636,images/typical/BN098/2019-08-24.png
BN098_2019-08-25,BN098,2019-08-25,1,typical,2019-08-19,2019-08-25,7,0,0.22867724142363946,images/typical/BN098/2019-08-25.png
BN098_2019-08-26,BN098,2019-08-26,2,peak dominant,2019-08-20,2019-08-26,7,0,0.24213067678187317,images/peak_dominant/BN098/2019-08-26.png
BN098_2019-08-27,BN098,2019-08-27,1,typical,2019-08-21,2019-08-27,7,0,0.15249368505712643,images/typical/BN098/2019-08-27.png
BN098_2019-08-28,BN098,2019-08-28,1,typical,2019-08-22,2019-08-28,7,0,0.11556532132199207,images/typical/BN098/2019-08-28.png
BN098_2019-08-29,BN098,2019-08-29,1,typical,2019-08-23,2019-08-29,7,0,0.11661960779459381,images/typical/BN098/2019-08-29.png
BN098_2019-08-30,BN098,2019-08-30,1,typical,2019-08-24,2019-08-30,7,0,0.11091431839770978,images/typical/BN098/2019-08-30.png
BN098_2019-08-31,BN098,2019-08-31,1,typical,2019-08-25,2019-08-31,7,0,0.10958909547470216,images/typical/BN098/2019-08-31.png
BN098_2019-09-01,BN098,2019-09-01,1,typical,2019-08-26,2019-09-01,7,0,0.10862600462440847,images/typical/BN098/2019-09-01.png
BN098_2019-09-02,BN098,2019-09-02,1,typical,2019-08-27,2019-09-02,7,0,0.0773201041822978,images/typical/BN098/2019-09-02.png
BN098_2019-09-03,BN098,2019-09-03,1,typical,2019-08-28,2019-09-03,7,0,0.14881230741396734,images/typical/BN098/2019-09-03.png
BN098_2019-09-04,BN098,2019-09-04,1,typical,2019-08-29,2019-09-04,7,0,0.11018430408144891,images/typical/BN098/2019-09-04.png
BN098_2019-09-05,BN098,2019-09-05,1,typical,2019-08-30,2019-09-05,7,0,0.10691424247877028,images/typical/BN098/2019-09-05.png
BN098_2019-09-06,BN098,2019-09-06,1,typical,2019-08-31,2019-09-06,7,0,0.10579752119219887,images/typical/BN098/2019-09-06.png
BN098_2019-09-07,BN098,2019-09-07,1,typical,2019-09-01,2019-09-07,7,0,0.13499602721736145,images/typical/BN098/2019-09-07.png
BN098_2019-09-08,BN098,2019-09-08,1,typical,2019-09-02,2019-09-08,7,0,0.17651637520687805,images/typical/BN098/2019-09-08.png
BN098_2019-09-09,BN098,2019-09-09,1,typical,2019-09-03,2019-09-09,7,0,0.24086333527511236,images/typical/BN098/2019-09-09.png
BN098_2019-09-10,BN098,2019-09-10,1,typical,2019-09-04,2019-09-10,7,0,0.20108905004533384,images/typical/BN098/2019-09-10.png
BN098_2019-09-11,BN098,2019-09-11,1,typical,2019-09-05,2019-09-11,7,0,0.28983045325175794,images/typical/BN098/2019-09-11.png
BN098_2019-09-12,BN098,2019-09-12,1,typical,2019-09-06,2019-09-12,7,0,0.38435668844904725,images/typical/BN098/2019-09-12.png
BN098_2019-09-13,BN098,2019-09-13,1,typical,2019-09-07,2019-09-13,7,0,0.586700001691653,images/typical/BN098/2019-09-13.png
BN098_2019-09-14,BN098,2019-09-14,1,typical,2019-09-08,2019-09-14,7,0,0.32445307504562726,images/typical/BN098/2019-09-14.png
BN098_2019-09-15,BN098,2019-09-15,1,typical,2019-09-09,2019-09-15,7,0,0.14842639162420213,images/typical/BN098/2019-09-15.png
BN098_2019-09-16,BN098,2019-09-16,1,typical,2019-09-10,2019-09-16,7,0,0.17977176994189703,images/typical/BN098/2019-09-16.png
BN098_2019-09-17,BN098,2019-09-17,1,typical,2019-09-11,2019-09-17,7,0,0.25428422165798004,images/typical/BN098/2019-09-17.png
BN098_2019-09-18,BN098,2019-09-18,1,typical,2019-09-12,2019-09-18,7,0,0.337926947940987,images/typical/BN098/2019-09-18.png
BN098_2019-09-19,BN098,2019-09-19,1,typical,2019-09-13,2019-09-19,7,0,0.33802254542687604,images/typical/BN098/2019-09-19.png
BN098_2019-09-20,BN098,2019-09-20,1,typical,2019-09-14,2019-09-20,7,0,0.31456186113863155,images/typical/BN098/2019-09-20.png
BN098_2019-09-21,BN098,2019-09-21,1,typical,2019-09-15,2019-09-21,7,0,0.4109282792038045,images/typical/BN098/2019-09-21.png
BN098_2019-09-22,BN098,2019-09-22,2,peak dominant,2019-09-16,2019-09-22,7,0,0.3992961297764092,images/peak_dominant/BN098/2019-09-22.png
BN098_2019-09-23,BN098,2019-09-23,1,typical,2019-09-17,2019-09-23,7,0,0.5319125557769967,images/typical/BN098/2019-09-23.png
BN098_2019-09-24,BN098,2019-09-24,1,typical,2019-09-18,2019-09-24,7,0,0.5050230692142453,images/typical/BN098/2019-09-24.png
BN098_2019-09-25,BN098,2019-09-25,1,typical,2019-09-19,2019-09-25,7,0,0.45181019841844533,images/typical/BN098/2019-09-25.png
BN098_2019-09-26,BN098,2019-09-26,1,typical,2019-09-20,2019-09-26,7,0,0.335781979568887,images/typical/BN098/2019-09-26.png
BN098_2019-09-27,BN098,2019-09-27,1,typical,2019-09-21,2019-09-27,7,0,0.2161771847432302,images/typical/BN098/2019-09-27.png
BN098_2019-09-28,BN098,2019-09-28,1,typical,2019-09-22,2019-09-28,7,0,0.26079562470350265,images/typical/BN098/2019-09-28.png
BN098_2019-09-29,BN098,2019-09-29,1,typical,2019-09-23,2019-09-29,7,0,0.30207699697130747,images/typical/BN098/2019-09-29.png
BN098_2019-09-30,BN098,2019-09-30,1,typical,2019-09-24,2019-09-30,7,0,0.2498211601637439,images/typical/BN098/2019-09-30.png
BN098_2019-10-01,BN098,2019-10-01,1,typical,2019-09-25,2019-10-01,7,0,0.2704098987759606,images/typical/BN098/2019-10-01.png
BN098_2019-10-02,BN098,2019-10-02,1,typical,2019-09-26,2019-10-02,7,0,0.3078583207589429,images/typical/BN098/2019-10-02.png
BN098_2019-10-03,BN098,2019-10-03,1,typical,2019-09-27,2019-10-03,7,0,0.4043840490648489,images/typical/BN098/2019-10-03.png
BN098_2019-10-04,BN098,2019-10-04,1,typical,2019-09-28,2019-10-04,7,0,0.4525070239540632,images/typical/BN098/2019-10-04.png
BN098_2019-10-05,BN098,2019-10-05,1,typical,2019-09-29,2019-10-05,7,0,0.4228333817614595,images/typical/BN098/2019-10-05.png
BN098_2019-10-06,BN098,2019-10-06,1,typical,2019-09-30,2019-10-06,7,0,0.336521850189539,images/typical/BN098/2019-10-06.png
BN098_2019-10-07,BN098,2019-10-07,2,peak dominant,2019-10-01,2019-10-07,7,0,0.28123759306332713,images/peak_dominant/BN098/2019-10-07.png
BN098_2019-10-08,BN098,2019-10-08,1,typical,2019-10-02,2019-10-08,7,0,0.28747826603114046,images/typical/BN098/2019-10-08.png
BN098_2019-10-09,BN098,2019-10-09,1,typical,2019-10-03,2019-10-09,7,0,0.2171290050657111,images/typical/BN098/2019-10-09.png
BN098_2019-10-10,BN098,2019-10-10,1,typical,2019-10-04,2019-10-10,7,0,0.2833743296620587,images/typical/BN098/2019-10-10.png
BN098_2019-10-11,BN098,2019-10-11,1,typical,2019-10-05,2019-10-11,7,0,0.31579560591087696,images/typical/BN098/2019-10-11.png
BN098_2019-10-12,BN098,2019-10-12,2,peak dominant,2019-10-06,2019-10-12,7,0,0.306368702521357,images/peak_dominant/BN098/2019-10-12.png
BN098_2019-10-13,BN098,2019-10-13,1,typical,2019-10-07,2019-10-13,7,0,0.307171100304277,images/typical/BN098/2019-10-13.png
BN098_2019-10-14,BN098,2019-10-14,1,typical,2019-10-08,2019-10-14,7,0,0.3025687241488166,images/typical/BN098/2019-10-14.png
BN098_2019-10-15,BN098,2019-10-15,1,typical,2019-10-09,2019-10-15,7,0,0.35510710037043863,images/typical/BN098/2019-10-15.png
BN098_2019-10-16,BN098,2019-10-16,1,typical,2019-10-10,2019-10-16,7,0,0.47505599309227287,images/typical/BN098/2019-10-16.png
BN098_2019-10-17,BN098,2019-10-17,1,typical,2019-10-11,2019-10-17,7,0,0.29039804789469104,images/typical/BN098/2019-10-17.png
BN098_2019-10-18,BN098,2019-10-18,1,typical,2019-10-12,2019-10-18,7,0,0.22929056146428375,images/typical/BN098/2019-10-18.png
BN098_2019-10-19,BN098,2019-10-19,1,typical,2019-10-13,2019-10-19,7,0,0.23218378453753066,images/typical/BN098/2019-10-19.png
BN098_2019-10-20,BN098,2019-10-20,1,typical,2019-10-14,2019-10-20,7,0,0.28514167786920663,images/typical/BN098/2019-10-20.png
BN098_2019-10-21,BN098,2019-10-21,1,typical,2019-10-15,2019-10-21,7,0,0.27745313359658424,images/typical/BN098/2019-10-21.png
BN098_2019-10-22,BN098,2019-10-22,1,typical,2019-10-16,2019-10-22,7,0,0.34183518442658095,images/typical/BN098/2019-10-22.png
BN098_2019-10-23,BN098,2019-10-23,1,typical,2019-10-17,2019-10-23,7,0,0.21631675781257548,images/typical/BN098/2019-10-23.png
BN098_2019-10-24,BN098,2019-10-24,1,typical,2019-10-18,2019-10-24,7,0,0.3439512910945716,images/typical/BN098/2019-10-24.png
BN098_2019-10-25,BN098,2019-10-25,1,typical,2019-10-19,2019-10-25,7,0,0.32924056901533183,images/typical/BN098/2019-10-25.png
BN098_2019-10-26,BN098,2019-10-26,1,typical,2019-10-20,2019-10-26,7,0,0.3500021004904881,images/typical/BN098/2019-10-26.png
BN098_2019-10-27,BN098,2019-10-27,1,typical,2019-10-21,2019-10-27,7,0,0.340383808493234,images/typical/BN098/2019-10-27.png
BN098_2019-10-28,BN098,2019-10-28,1,typical,2019-10-22,2019-10-28,7,0,0.3586843329461349,images/typical/BN098/2019-10-28.png
BN098_2019-10-29,BN098,2019-10-29,1,typical,2019-10-23,2019-10-29,7,0,0.39169184517233435,images/typical/BN098/2019-10-29.png
BN098_2019-10-30,BN098,2019-10-30,1,typical,2019-10-24,2019-10-30,7,0,0.44091892698842283,images/typical/BN098/2019-10-30.png
BN098_2019-10-31,BN098,2019-10-31,1,typical,2019-10-25,2019-10-31,7,0,0.41717010355019324,images/typical/BN098/2019-10-31.png
BN098_2019-11-01,BN098,2019-11-01,1,typical,2019-10-26,2019-11-01,7,0,0.4065189293393522,images/typical/BN098/2019-11-01.png
BN098_2019-11-02,BN098,2019-11-02,1,typical,2019-10-27,2019-11-02,7,0,0.32734345543856086,images/typical/BN098/2019-11-02.png
BN098_2019-11-03,BN098,2019-11-03,1,typical,2019-10-28,2019-11-03,7,0,0.30897990663401226,images/typical/BN098/2019-11-03.png
BN098_2019-11-04,BN098,2019-11-04,1,typical,2019-10-29,2019-11-04,7,0,0.2913237883942364,images/typical/BN098/2019-11-04.png
BN098_2019-11-05,BN098,2019-11-05,1,typical,2019-10-30,2019-11-05,7,0,0.2739122613899404,images/typical/BN098/2019-11-05.png
BN098_2019-11-06,BN098,2019-11-06,1,typical,2019-10-31,2019-11-06,7,0,0.25342177436742036,images/typical/BN098/2019-11-06.png
BN098_2019-11-07,BN098,2019-11-07,1,typical,2019-11-01,2019-11-07,7,0,0.2424991016207868,images/typical/BN098/2019-11-07.png
BN098_2019-11-08,BN098,2019-11-08,1,typical,2019-11-02,2019-11-08,7,0,0.2223662827911072,images/typical/BN098/2019-11-08.png
BN098_2019-11-09,BN098,2019-11-09,1,typical,2019-11-03,2019-11-09,7,0,0.22771752627131667,images/typical/BN098/2019-11-09.png
BN098_2019-11-10,BN098,2019-11-10,1,typical,2019-11-04,2019-11-10,7,0,0.23115733020442372,images/typical/BN098/2019-11-10.png
BN098_2019-11-11,BN098,2019-11-11,1,typical,2019-11-05,2019-11-11,7,0,0.16972950652953162,images/typical/BN098/2019-11-11.png
BN098_2019-11-12,BN098,2019-11-12,1,typical,2019-11-06,2019-11-12,7,0,0.17533583492474095,images/typical/BN098/2019-11-12.png
BN098_2019-11-13,BN098,2019-11-13,1,typical,2019-11-07,2019-11-13,7,0,0.15261462318740124,images/typical/BN098/2019-11-13.png
BN098_2019-11-14,BN098,2019-11-14,2,peak dominant,2019-11-08,2019-11-14,7,0,0.2672621407199105,images/peak_dominant/BN098/2019-11-14.png
BN098_2019-11-15,BN098,2019-11-15,1,typical,2019-11-09,2019-11-15,7,0,0.43421439624757613,images/typical/BN098/2019-11-15.png
BN098_2019-11-16,BN098,2019-11-16,1,typical,2019-11-10,2019-11-16,7,0,0.4350898395071526,images/typical/BN098/2019-11-16.png
BN098_2019-11-17,BN098,2019-11-17,1,typical,2019-11-11,2019-11-17,7,0,0.4334088819938956,images/typical/BN098/2019-11-17.png
BN098_2019-11-18,BN098,2019-11-18,1,typical,2019-11-12,2019-11-18,7,0,0.3235232399658524,images/typical/BN098/2019-11-18.png
BN098_2019-11-19,BN098,2019-11-19,1,typical,2019-11-13,2019-11-19,7,0,0.36182575118085114,images/typical/BN098/2019-11-19.png
BN098_2019-11-20,BN098,2019-11-20,1,typical,2019-11-14,2019-11-20,7,0,0.3348935489287485,images/typical/BN098/2019-11-20.png
BN098_2019-11-21,BN098,2019-11-21,1,typical,2019-11-15,2019-11-21,7,0,0.3081754141451629,images/typical/BN098/2019-11-21.png
BN098_2019-11-22,BN098,2019-11-22,1,typical,2019-11-16,2019-11-22,7,0,0.40638074502745697,images/typical/BN098/2019-11-22.png
BN098_2019-11-23,BN098,2019-11-23,1,typical,2019-11-17,2019-11-23,7,0,0.390115854638317,images/typical/BN098/2019-11-23.png
BN098_2019-11-24,BN098,2019-11-24,2,peak dominant,2019-11-18,2019-11-24,7,0,0.4062751528931977,images/peak_dominant/BN098/2019-11-24.png
BN098_2019-11-25,BN098,2019-11-25,1,typical,2019-11-19,2019-11-25,7,0,0.37715578995020826,images/typical/BN098/2019-11-25.png
BN098_2019-11-26,BN098,2019-11-26,1,typical,2019-11-20,2019-11-26,7,0,0.3428148981249951,images/typical/BN098/2019-11-26.png
BN098_2019-11-27,BN098,2019-11-27,1,typical,2019-11-21,2019-11-27,7,0,0.32524148687553983,images/typical/BN098/2019-11-27.png
BN098_2019-11-28,BN098,2019-11-28,1,typical,2019-11-22,2019-11-28,7,0,0.24374512485451658,images/typical/BN098/2019-11-28.png
BN098_2019-11-29,BN098,2019-11-29,1,typical,2019-11-23,2019-11-29,7,0,0.1518237484658573,images/typical/BN098/2019-11-29.png
BN098_2019-11-30,BN098,2019-11-30,1,typical,2019-11-24,2019-11-30,7,0,0.14430883030237837,images/typical/BN098/2019-11-30.png
BN098_2019-12-01,BN098,2019-12-01,1,typical,2019-11-25,2019-12-01,7,0,0.13728775209222274,images/typical/BN098/2019-12-01.png
BN098_2019-12-02,BN098,2019-12-02,1,typical,2019-11-26,2019-12-02,7,0,0.2035717360088532,images/typical/BN098/2019-12-02.png
BN098_2019-12-03,BN098,2019-12-03,2,peak dominant,2019-11-27,2019-12-03,7,0,0.24020202864817608,images/peak_dominant/BN098/2019-12-03.png
BN098_2019-12-04,BN098,2019-12-04,1,typical,2019-11-28,2019-12-04,7,0,0.213830587442002,images/typical/BN098/2019-12-04.png
BN098_2019-12-05,BN098,2019-12-05,1,typical,2019-11-29,2019-12-05,7,0,0.199796831161725,images/typical/BN098/2019-12-05.png
BN098_2019-12-06,BN098,2019-12-06,1,typical,2019-11-30,2019-12-06,7,0,0.30051495614436596,images/typical/BN098/2019-12-06.png
BN098_2019-12-07,BN098,2019-12-07,1,typical,2019-12-01,2019-12-07,7,0,0.38716978977745936,images/typical/BN098/2019-12-07.png
BN098_2019-12-08,BN098,2019-12-08,1,typical,2019-12-02,2019-12-08,7,0,0.39026914623108383,images/typical/BN098/2019-12-08.png
BN098_2019-12-09,BN098,2019-12-09,1,typical,2019-12-03,2019-12-09,7,0,0.32015747978284,images/typical/BN098/2019-12-09.png
BN098_2019-12-10,BN098,2019-12-10,1,typical,2019-12-04,2019-12-10,7,0,0.27340194963222253,images/typical/BN098/2019-12-10.png
BN098_2019-12-11,BN098,2019-12-11,1,typical,2019-12-05,2019-12-11,7,0,0.22567954244198624,images/typical/BN098/2019-12-11.png
BN098_2019-12-12,BN098,2019-12-12,1,typical,2019-12-06,2019-12-12,7,0,0.2559652292545842,images/typical/BN098/2019-12-12.png
BN098_2019-12-13,BN098,2019-12-13,1,typical,2019-12-07,2019-12-13,7,0,0.35603408580426105,images/typical/BN098/2019-12-13.png
BN098_2019-12-14,BN098,2019-12-14,1,typical,2019-12-08,2019-12-14,7,0,0.2942778780517657,images/typical/BN098/2019-12-14.png
BN098_2019-12-15,BN098,2019-12-15,1,typical,2019-12-09,2019-12-15,7,0,0.4010604749935696,images/typical/BN098/2019-12-15.png
BN098_2019-12-16,BN098,2019-12-16,1,typical,2019-12-10,2019-12-16,7,0,0.40577012336579216,images/typical/BN098/2019-12-16.png
BN098_2019-12-17,BN098,2019-12-17,1,typical,2019-12-11,2019-12-17,7,0,0.3334923051265405,images/typical/BN098/2019-12-17.png
BN098_2019-12-18,BN098,2019-12-18,1,typical,2019-12-12,2019-12-18,7,0,0.3509428671644884,images/typical/BN098/2019-12-18.png
BN098_2019-12-19,BN098,2019-12-19,1,typical,2019-12-13,2019-12-19,7,0,0.43642753655016275,images/typical/BN098/2019-12-19.png
BN098_2019-12-20,BN098,2019-12-20,1,typical,2019-12-14,2019-12-20,7,0,0.44898288656255897,images/typical/BN098/2019-12-20.png
BN098_2019-12-21,BN098,2019-12-21,1,typical,2019-12-15,2019-12-21,7,0,0.45529809724682113,images/typical/BN098/2019-12-21.png
BN098_2019-12-22,BN098,2019-12-22,1,typical,2019-12-16,2019-12-22,7,0,0.3762938475034476,images/typical/BN098/2019-12-22.png
BN098_2019-12-23,BN098,2019-12-23,2,peak dominant,2019-12-17,2019-12-23,7,0,0.3111530110169998,images/peak_dominant/BN098/2019-12-23.png
BN098_2019-12-24,BN098,2019-12-24,1,typical,2019-12-18,2019-12-24,7,0,0.25372450213819203,images/typical/BN098/2019-12-24.png
BN098_2019-12-25,BN098,2019-12-25,1,typical,2019-12-19,2019-12-25,7,0,0.2913223166983748,images/typical/BN098/2019-12-25.png
BN098_2019-12-26,BN098,2019-12-26,1,typical,2019-12-20,2019-12-26,7,0,0.5834511420811761,images/typical/BN098/2019-12-26.png
BN098_2019-12-27,BN098,2019-12-27,1,typical,2019-12-21,2019-12-27,7,0,0.4625836704536896,images/typical/BN098/2019-12-27.png
BN098_2019-12-28,BN098,2019-12-28,2,peak dominant,2019-12-22,2019-12-28,7,0,0.4807856380036223,images/peak_dominant/BN098/2019-12-28.png
BN098_2019-12-29,BN098,2019-12-29,1,typical,2019-12-23,2019-12-29,7,0,0.45828561532447337,images/typical/BN098/2019-12-29.png
BN098_2019-12-30,BN098,2019-12-30,1,typical,2019-12-24,2019-12-30,7,0,0.46884514803140664,images/typical/BN098/2019-12-30.png
BN098_2019-12-31,BN098,2019-12-31,1,typical,2019-12-25,2019-12-31,7,0,0.6086415849448329,images/typical/BN098/2019-12-31.png
BN098_2020-01-01,BN098,2020-01-01,1,typical,2019-12-26,2020-01-01,7,0,0.5312717190189589,images/typical/BN098/2020-01-01.png
BN098_2020-01-02,BN098,2020-01-02,1,typical,2019-12-27,2020-01-02,7,0,0.49252563185935017,images/typical/BN098/2020-01-02.png
BN098_2020-01-03,BN098,2020-01-03,1,typical,2019-12-28,2020-01-03,7,0,0.544197180626187,images/typical/BN098/2020-01-03.png
BN098_2020-01-04,BN098,2020-01-04,1,typical,2019-12-29,2020-01-04,7,0,0.5175023976647898,images/typical/BN098/2020-01-04.png
BN098_2020-01-05,BN098,2020-01-05,1,typical,2019-12-30,2020-01-05,7,0,0.5042129147422965,images/typical/BN098/2020-01-05.png
BN098_2020-01-06,BN098,2020-01-06,1,typical,2019-12-31,2020-01-06,7,0,0.5142751876263173,images/typical/BN098/2020-01-06.png
BN098_2020-01-07,BN098,2020-01-07,1,typical,2020-01-01,2020-01-07,7,0,0.4996108486797408,images/typical/BN098/2020-01-07.png
BN098_2020-01-08,BN098,2020-01-08,1,typical,2020-01-02,2020-01-08,7,0,0.28922891915366833,images/typical/BN098/2020-01-08.png
BN098_2020-01-09,BN098,2020-01-09,1,typical,2020-01-03,2020-01-09,7,0,0.2420045836682734,images/typical/BN098/2020-01-09.png
BN098_2020-01-10,BN098,2020-01-10,1,typical,2020-01-04,2020-01-10,7,0,0.3138117375356197,images/typical/BN098/2020-01-10.png
BN098_2020-01-11,BN098,2020-01-11,2,peak dominant,2020-01-05,2020-01-11,7,0,0.3794831179505798,images/peak_dominant/BN098/2020-01-11.png
BN098_2020-01-12,BN098,2020-01-12,1,typical,2020-01-06,2020-01-12,7,0,0.35635198548321717,images/typical/BN098/2020-01-12.png
BN098_2020-01-13,BN098,2020-01-13,1,typical,2020-01-07,2020-01-13,7,0,0.37214791715882467,images/typical/BN098/2020-01-13.png
BN098_2020-01-14,BN098,2020-01-14,1,typical,2020-01-08,2020-01-14,7,0,0.5888254856254761,images/typical/BN098/2020-01-14.png
BN098_2020-01-15,BN098,2020-01-15,1,typical,2020-01-09,2020-01-15,7,0,0.4519228069049047,images/typical/BN098/2020-01-15.png
BN098_2020-01-16,BN098,2020-01-16,1,typical,2020-01-10,2020-01-16,7,0,0.3905864462359702,images/typical/BN098/2020-01-16.png
BN098_2020-01-17,BN098,2020-01-17,1,typical,2020-01-11,2020-01-17,7,0,0.3879855842432131,images/typical/BN098/2020-01-17.png
BN098_2020-01-18,BN098,2020-01-18,2,peak dominant,2020-01-12,2020-01-18,7,0,0.43185962652884713,images/peak_dominant/BN098/2020-01-18.png
BN098_2020-01-19,BN098,2020-01-19,2,peak dominant,2020-01-13,2020-01-19,7,0,0.5339820226780523,images/peak_dominant/BN098/2020-01-19.png
BN098_2020-01-20,BN098,2020-01-20,1,typical,2020-01-14,2020-01-20,7,0,0.572306983931822,images/typical/BN098/2020-01-20.png
BN098_2020-01-21,BN098,2020-01-21,1,typical,2020-01-15,2020-01-21,7,0,0.44110021777176794,images/typical/BN098/2020-01-21.png
BN098_2020-01-22,BN098,2020-01-22,1,typical,2020-01-16,2020-01-22,7,0,0.5120156055528231,images/typical/BN098/2020-01-22.png
BN098_2020-01-23,BN098,2020-01-23,1,typical,2020-01-17,2020-01-23,7,0,0.529761925947058,images/typical/BN098/2020-01-23.png
BN098_2020-01-24,BN098,2020-01-24,1,typical,2020-01-18,2020-01-24,7,0,0.428680100408291,images/typical/BN098/2020-01-24.png
BN098_2020-01-25,BN098,2020-01-25,2,peak dominant,2020-01-19,2020-01-25,7,0,0.36627035328283297,images/peak_dominant/BN098/2020-01-25.png
BN098_2020-01-26,BN098,2020-01-26,1,typical,2020-01-20,2020-01-26,7,0,0.34648947594361185,images/typical/BN098/2020-01-26.png
BN098_2020-01-27,BN098,2020-01-27,1,typical,2020-01-21,2020-01-27,7,0,0.335774337032292,images/typical/BN098/2020-01-27.png
BN098_2020-01-28,BN098,2020-01-28,1,typical,2020-01-22,2020-01-28,7,0,0.2781071143883747,images/typical/BN098/2020-01-28.png
BN098_2020-01-29,BN098,2020-01-29,1,typical,2020-01-23,2020-01-29,7,0,0.44466457456610503,images/typical/BN098/2020-01-29.png
BN098_2020-01-30,BN098,2020-01-30,1,typical,2020-01-24,2020-01-30,7,0,0.4466036591777671,images/typical/BN098/2020-01-30.png
BN098_2020-01-31,BN098,2020-01-31,1,typical,2020-01-25,2020-01-31,7,0,0.3872727385541094,images/typical/BN098/2020-01-31.png
BN098_2020-02-01,BN098,2020-02-01,1,typical,2020-01-26,2020-02-01,7,0,0.3635589845049447,images/typical/BN098/2020-02-01.png
BN098_2020-02-02,BN098,2020-02-02,1,typical,2020-01-27,2020-02-02,7,0,0.362710052327561,images/typical/BN098/2020-02-02.png
BN098_2020-02-03,BN098,2020-02-03,1,typical,2020-01-28,2020-02-03,7,0,0.36663227731793596,images/typical/BN098/2020-02-03.png
BN098_2020-02-04,BN098,2020-02-04,1,typical,2020-01-29,2020-02-04,7,0,0.3686809455285461,images/typical/BN098/2020-02-04.png
BN098_2020-02-05,BN098,2020-02-05,2,peak dominant,2020-01-30,2020-02-05,7,0,0.19378531944807784,images/peak_dominant/BN098/2020-02-05.png
BN098_2020-02-06,BN098,2020-02-06,1,typical,2020-01-31,2020-02-06,7,0,0.19202042864526506,images/typical/BN098/2020-02-06.png
BN098_2020-02-07,BN098,2020-02-07,1,typical,2020-02-01,2020-02-07,7,0,0.18501332700267809,images/typical/BN098/2020-02-07.png
BN098_2020-02-08,BN098,2020-02-08,1,typical,2020-02-02,2020-02-08,7,0,0.18484487190695148,images/typical/BN098/2020-02-08.png
BN098_2020-02-09,BN098,2020-02-09,1,typical,2020-02-03,2020-02-09,7,0,0.19211122343065198,images/typical/BN098/2020-02-09.png
BN098_2020-02-10,BN098,2020-02-10,1,typical,2020-02-04,2020-02-10,7,0,0.2136121845826839,images/typical/BN098/2020-02-10.png
BN098_2020-02-11,BN098,2020-02-11,1,typical,2020-02-05,2020-02-11,7,0,0.20584828610426048,images/typical/BN098/2020-02-11.png
BN098_2020-02-12,BN098,2020-02-12,1,typical,2020-02-06,2020-02-12,7,0,0.2783733349388036,images/typical/BN098/2020-02-12.png
BN098_2020-02-13,BN098,2020-02-13,1,typical,2020-02-07,2020-02-13,7,0,0.27394313588474956,images/typical/BN098/2020-02-13.png
BN098_2020-02-14,BN098,2020-02-14,1,typical,2020-02-08,2020-02-14,7,0,0.2237973472443753,images/typical/BN098/2020-02-14.png
BN098_2020-02-15,BN098,2020-02-15,1,typical,2020-02-09,2020-02-15,7,0,0.3195177864367558,images/typical/BN098/2020-02-15.png
BN098_2020-02-16,BN098,2020-02-16,1,typical,2020-02-10,2020-02-16,7,0,0.3229441329759734,images/typical/BN098/2020-02-16.png
BN098_2020-02-17,BN098,2020-02-17,1,typical,2020-02-11,2020-02-17,7,0,0.32405141303902213,images/typical/BN098/2020-02-17.png
BN098_2020-02-18,BN098,2020-02-18,1,typical,2020-02-12,2020-02-18,7,0,0.2759982959843883,images/typical/BN098/2020-02-18.png
BN098_2020-02-19,BN098,2020-02-19,1,typical,2020-02-13,2020-02-19,7,0,0.3128425658040473,images/typical/BN098/2020-02-19.png
BN098_2020-02-20,BN098,2020-02-20,1,typical,2020-02-14,2020-02-20,7,0,0.31150034536196497,images/typical/BN098/2020-02-20.png
BN098_2020-02-21,BN098,2020-02-21,1,typical,2020-02-15,2020-02-21,7,0,0.3184544870653899,images/typical/BN098/2020-02-21.png
BN098_2020-02-22,BN098,2020-02-22,1,typical,2020-02-16,2020-02-22,7,0,0.33647841598515643,images/typical/BN098/2020-02-22.png
BN098_2020-02-23,BN098,2020-02-23,1,typical,2020-02-17,2020-02-23,7,0,0.32419788106166986,images/typical/BN098/2020-02-23.png
BN098_2020-02-24,BN098,2020-02-24,1,typical,2020-02-18,2020-02-24,7,0,0.24940544912648788,images/typical/BN098/2020-02-24.png
BN098_2020-02-25,BN098,2020-02-25,1,typical,2020-02-19,2020-02-25,7,0,0.2109161319649183,images/typical/BN098/2020-02-25.png
BN098_2020-02-26,BN098,2020-02-26,1,typical,2020-02-20,2020-02-26,7,0,0.2649476578959693,images/typical/BN098/2020-02-26.png
BN098_2020-02-27,BN098,2020-02-27,1,typical,2020-02-21,2020-02-27,7,0,0.27957366448561016,images/typical/BN098/2020-02-27.png
BN098_2020-02-28,BN098,2020-02-28,1,typical,2020-02-22,2020-02-28,7,0,0.2954527221551046,images/typical/BN098/2020-02-28.png
BN098_2020-02-29,BN098,2020-02-29,1,typical,2020-02-23,2020-02-29,7,0,0.20909454932067978,images/typical/BN098/2020-02-29.png
BN098_2020-03-01,BN098,2020-03-01,1,typical,2020-02-24,2020-03-01,7,0,0.20957285213753374,images/typical/BN098/2020-03-01.png
BN098_2020-03-02,BN098,2020-03-02,1,typical,2020-02-25,2020-03-02,7,0,0.2362469017997643,images/typical/BN098/2020-03-02.png
BN098_2020-03-03,BN098,2020-03-03,1,typical,2020-02-26,2020-03-03,7,0,0.2275960050217702,images/typical/BN098/2020-03-03.png
BN098_2020-03-04,BN098,2020-03-04,1,typical,2020-02-27,2020-03-04,7,0,0.27761580493843846,images/typical/BN098/2020-03-04.png
BN098_2020-03-05,BN098,2020-03-05,2,peak dominant,2020-02-28,2020-03-05,7,0,0.449537684314382,images/peak_dominant/BN098/2020-03-05.png
BN098_2020-03-06,BN098,2020-03-06,1,typical,2020-02-29,2020-03-06,7,0,0.44073961906526826,images/typical/BN098/2020-03-06.png
BN098_2020-03-07,BN098,2020-03-07,1,typical,2020-03-01,2020-03-07,7,0,0.49071100038093896,images/typical/BN098/2020-03-07.png
BN098_2020-03-08,BN098,2020-03-08,1,typical,2020-03-02,2020-03-08,7,0,0.48042542059893323,images/typical/BN098/2020-03-08.png
BN098_2020-03-09,BN098,2020-03-09,1,typical,2020-03-03,2020-03-09,7,0,0.5418416862990981,images/typical/BN098/2020-03-09.png
BN098_2020-03-10,BN098,2020-03-10,1,typical,2020-03-04,2020-03-10,7,0,0.3099656334233247,images/typical/BN098/2020-03-10.png
BN098_2020-03-11,BN098,2020-03-11,2,peak dominant,2020-03-05,2020-03-11,7,0,0.2911884853841863,images/peak_dominant/BN098/2020-03-11.png
BN098_2020-03-12,BN098,2020-03-12,1,typical,2020-03-06,2020-03-12,7,0,0.5172802861201091,images/typical/BN098/2020-03-12.png
BN098_2020-03-13,BN098,2020-03-13,1,typical,2020-03-07,2020-03-13,7,0,0.6159289567937354,images/typical/BN098/2020-03-13.png
BN098_2020-03-14,BN098,2020-03-14,1,typical,2020-03-08,2020-03-14,7,0,0.584967699169175,images/typical/BN098/2020-03-14.png
BN098_2020-03-15,BN098,2020-03-15,1,typical,2020-03-09,2020-03-15,7,0,0.5684605077754871,images/typical/BN098/2020-03-15.png
BN098_2020-03-16,BN098,2020-03-16,1,typical,2020-03-10,2020-03-16,7,0,0.47210375091146595,images/typical/BN098/2020-03-16.png
BN098_2020-03-17,BN098,2020-03-17,1,typical,2020-03-11,2020-03-17,7,0,0.3537964306348062,images/typical/BN098/2020-03-17.png
BN098_2020-03-18,BN098,2020-03-18,1,typical,2020-03-12,2020-03-18,7,0,0.6626411520389005,images/typical/BN098/2020-03-18.png
BN098_2020-03-19,BN098,2020-03-19,1,typical,2020-03-13,2020-03-19,7,0,0.6127599523839375,images/typical/BN098/2020-03-19.png
BN098_2020-03-20,BN098,2020-03-20,1,typical,2020-03-14,2020-03-20,7,0,0.5131933423469275,images/typical/BN098/2020-03-20.png
BN098_2020-03-21,BN098,2020-03-21,1,typical,2020-03-15,2020-03-21,7,0,0.522421579606918,images/typical/BN098/2020-03-21.png
BN098_2020-03-22,BN098,2020-03-22,1,typical,2020-03-16,2020-03-22,7,0,0.5074351341681315,images/typical/BN098/2020-03-22.png
BN098_2020-03-23,BN098,2020-03-23,1,typical,2020-03-17,2020-03-23,7,0,0.6478597578156567,images/typical/BN098/2020-03-23.png
BN098_2020-03-24,BN098,2020-03-24,2,peak dominant,2020-03-18,2020-03-24,7,0,0.6441469675243648,images/peak_dominant/BN098/2020-03-24.png
BN098_2020-03-25,BN098,2020-03-25,1,typical,2020-03-19,2020-03-25,7,0,0.6718197081822246,images/typical/BN098/2020-03-25.png
BN098_2020-03-26,BN098,2020-03-26,1,typical,2020-03-20,2020-03-26,7,0,0.2741498109751497,images/typical/BN098/2020-03-26.png
BN098_2020-03-27,BN098,2020-03-27,1,typical,2020-03-21,2020-03-27,7,0,0.6656704254081007,images/typical/BN098/2020-03-27.png
BN098_2020-03-28,BN098,2020-03-28,1,typical,2020-03-22,2020-03-28,7,0,0.6646033212909869,images/typical/BN098/2020-03-28.png
BN098_2020-03-29,BN098,2020-03-29,2,peak dominant,2020-03-23,2020-03-29,7,0,0.7054806952341449,images/peak_dominant/BN098/2020-03-29.png
BN098_2020-03-30,BN098,2020-03-30,1,typical,2020-03-24,2020-03-30,7,0,0.6981816988979426,images/typical/BN098/2020-03-30.png
BN098_2020-03-31,BN098,2020-03-31,1,typical,2020-03-25,2020-03-31,7,0,0.6971583741930385,images/typical/BN098/2020-03-31.png
BN098_2020-04-01,BN098,2020-04-01,1,typical,2020-03-26,2020-04-01,7,0,0.33223980930808994,images/typical/BN098/2020-04-01.png
BN098_2020-04-02,BN098,2020-04-02,1,typical,2020-03-27,2020-04-02,7,0,0.7005460038578688,images/typical/BN098/2020-04-02.png
BN098_2020-04-03,BN098,2020-04-03,1,typical,2020-03-28,2020-04-03,7,0,0.689758888622416,images/typical/BN098/2020-04-03.png
BN098_2020-04-04,BN098,2020-04-04,1,typical,2020-03-29,2020-04-04,7,0,0.6851902851573165,images/typical/BN098/2020-04-04.png
BN098_2020-04-05,BN098,2020-04-05,1,typical,2020-03-30,2020-04-05,7,0,0.6416453013843055,images/typical/BN098/2020-04-05.png
BN098_2020-04-06,BN098,2020-04-06,2,peak dominant,2020-03-31,2020-04-06,7,0,0.6531634950587835,images/peak_dominant/BN098/2020-04-06.png
BN098_2020-04-07,BN098,2020-04-07,1,typical,2020-04-01,2020-04-07,7,0,0.6415308251753568,images/typical/BN098/2020-04-07.png
BN098_2020-04-08,BN098,2020-04-08,1,typical,2020-04-02,2020-04-08,7,0,0.5408426926829951,images/typical/BN098/2020-04-08.png
BN098_2020-04-09,BN098,2020-04-09,2,peak dominant,2020-04-03,2020-04-09,7,0,0.39687089844083034,images/peak_dominant/BN098/2020-04-09.png
BN098_2020-04-10,BN098,2020-04-10,1,typical,2020-04-04,2020-04-10,7,0,0.365615552075905,images/typical/BN098/2020-04-10.png
BN098_2020-04-11,BN098,2020-04-11,1,typical,2020-04-05,2020-04-11,7,0,0.3785565070326499,images/typical/BN098/2020-04-11.png
BN098_2020-04-12,BN098,2020-04-12,1,typical,2020-04-06,2020-04-12,7,0,0.3984596403614904,images/typical/BN098/2020-04-12.png
BN098_2020-04-13,BN098,2020-04-13,2,peak dominant,2020-04-07,2020-04-13,7,0,0.5163200233920701,images/peak_dominant/BN098/2020-04-13.png
BN098_2020-04-14,BN098,2020-04-14,1,typical,2020-04-08,2020-04-14,7,0,0.5113800982039393,images/typical/BN098/2020-04-14.png
BN098_2020-04-15,BN098,2020-04-15,2,peak dominant,2020-04-09,2020-04-15,7,0,0.6698969284673351,images/peak_dominant/BN098/2020-04-15.png
BN098_2020-04-16,BN098,2020-04-16,1,typical,2020-04-10,2020-04-16,7,0,0.5898530724492096,images/typical/BN098/2020-04-16.png
BN098_2020-04-17,BN098,2020-04-17,2,peak dominant,2020-04-11,2020-04-17,7,0,0.6633855559691323,images/peak_dominant/BN098/2020-04-17.png
BN098_2020-04-18,BN098,2020-04-18,1,typical,2020-04-12,2020-04-18,7,0,0.6666250847520236,images/typical/BN098/2020-04-18.png
BN098_2020-04-19,BN098,2020-04-19,0,low activity,2020-04-13,2020-04-19,7,0,0.6843047372419658,images/low_activity/BN098/2020-04-19.png
BN098_2020-04-20,BN098,2020-04-20,0,low activity,2020-04-14,2020-04-20,7,0,0.609613294854591,images/low_activity/BN098/2020-04-20.png
BN098_2020-04-21,BN098,2020-04-21,0,low activity,2020-04-15,2020-04-21,7,0,0.6443892780424542,images/low_activity/BN098/2020-04-21.png
BN098_2020-04-22,BN098,2020-04-22,0,low activity,2020-04-16,2020-04-22,7,0,0.6859870357879939,images/low_activity/BN098/2020-04-22.png
BN098_2020-04-23,BN098,2020-04-23,2,peak dominant,2020-04-17,2020-04-23,7,0,0.6870379239546316,images/peak_dominant/BN098/2020-04-23.png
BN098_2020-04-24,BN098,2020-04-24,1,typical,2020-04-18,2020-04-24,7,0,0.7954567559337923,images/typical/BN098/2020-04-24.png
BN098_2020-04-25,BN098,2020-04-25,1,typical,2020-04-19,2020-04-25,7,0,0.7441159847358118,images/typical/BN098/2020-04-25.png
BN098_2020-04-26,BN098,2020-04-26,1,typical,2020-04-20,2020-04-26,7,0,0.6812118050353072,images/typical/BN098/2020-04-26.png
BN098_2020-04-27,BN098,2020-04-27,1,typical,2020-04-21,2020-04-27,7,0,0.6988815296574379,images/typical/BN098/2020-04-27.png
BN098_2020-04-28,BN098,2020-04-28,1,typical,2020-04-22,2020-04-28,7,0,0.7204796963264224,images/typical/BN098/2020-04-28.png
BN098_2020-04-29,BN098,2020-04-29,1,typical,2020-04-23,2020-04-29,7,0,0.6837273342068942,images/typical/BN098/2020-04-29.png
BN098_2020-04-30,BN098,2020-04-30,1,typical,2020-04-24,2020-04-30,7,0,0.607170510225331,images/typical/BN098/2020-04-30.png
BN098_2020-05-01,BN098,2020-05-01,1,typical,2020-04-25,2020-05-01,7,0,0.4786935115139607,images/typical/BN098/2020-05-01.png
BN098_2020-05-02,BN098,2020-05-02,1,typical,2020-04-26,2020-05-02,7,0,0.4062541793377237,images/typical/BN098/2020-05-02.png
BN098_2020-05-03,BN098,2020-05-03,1,typical,2020-04-27,2020-05-03,7,0,0.4042530714005476,images/typical/BN098/2020-05-03.png
BN098_2020-05-04,BN098,2020-05-04,1,typical,2020-04-28,2020-05-04,7,0,0.46832191387174577,images/typical/BN098/2020-05-04.png
BN098_2020-05-05,BN098,2020-05-05,1,typical,2020-04-29,2020-05-05,7,0,0.5220265043499437,images/typical/BN098/2020-05-05.png
BN098_2020-05-06,BN098,2020-05-06,2,peak dominant,2020-04-30,2020-05-06,7,0,0.6449721335439359,images/peak_dominant/BN098/2020-05-06.png
BN098_2020-05-07,BN098,2020-05-07,1,typical,2020-05-01,2020-05-07,7,0,0.7096330169301426,images/typical/BN098/2020-05-07.png
BN098_2020-05-08,BN098,2020-05-08,1,typical,2020-05-02,2020-05-08,7,0,0.8157324205043539,images/typical/BN098/2020-05-08.png
BN098_2020-05-09,BN098,2020-05-09,2,peak dominant,2020-05-03,2020-05-09,7,0,0.7683892075959201,images/peak_dominant/BN098/2020-05-09.png
BN098_2020-05-10,BN098,2020-05-10,1,typical,2020-05-04,2020-05-10,7,0,0.6322394574168742,images/typical/BN098/2020-05-10.png
BN098_2020-05-11,BN098,2020-05-11,2,peak dominant,2020-05-05,2020-05-11,7,0,0.6159277443078104,images/peak_dominant/BN098/2020-05-11.png
BN098_2020-05-12,BN098,2020-05-12,1,typical,2020-05-06,2020-05-12,7,0,0.609790854778282,images/typical/BN098/2020-05-12.png
BN098_2020-05-13,BN098,2020-05-13,1,typical,2020-05-07,2020-05-13,7,0,0.6080512013904696,images/typical/BN098/2020-05-13.png
BN098_2020-05-14,BN098,2020-05-14,1,typical,2020-05-08,2020-05-14,7,0,0.6094602607115831,images/typical/BN098/2020-05-14.png
BN098_2020-05-15,BN098,2020-05-15,1,typical,2020-05-09,2020-05-15,7,0,0.5990263402458929,images/typical/BN098/2020-05-15.png
BN098_2020-05-16,BN098,2020-05-16,2,peak dominant,2020-05-10,2020-05-16,7,0,0.5860756069593647,images/peak_dominant/BN098/2020-05-16.png
BN098_2020-05-17,BN098,2020-05-17,2,peak dominant,2020-05-11,2020-05-17,7,0,0.6209900600605058,images/peak_dominant/BN098/2020-05-17.png
BN098_2020-05-18,BN098,2020-05-18,1,typical,2020-05-12,2020-05-18,7,0,0.5836244072084332,images/typical/BN098/2020-05-18.png
BN098_2020-05-19,BN098,2020-05-19,1,typical,2020-05-13,2020-05-19,7,0,0.5523142920219184,images/typical/BN098/2020-05-19.png
BN098_2020-05-20,BN098,2020-05-20,1,typical,2020-05-14,2020-05-20,7,0,0.7310037033850735,images/typical/BN098/2020-05-20.png
BN098_2020-05-21,BN098,2020-05-21,2,peak dominant,2020-05-15,2020-05-21,7,0,0.7189060451069785,images/peak_dominant/BN098/2020-05-21.png
BN098_2020-05-22,BN098,2020-05-22,1,typical,2020-05-16,2020-05-22,7,0,0.5821039651859673,images/typical/BN098/2020-05-22.png
BN098_2020-05-23,BN098,2020-05-23,1,typical,2020-05-17,2020-05-23,7,0,0.6853247895352207,images/typical/BN098/2020-05-23.png
BN098_2020-05-24,BN098,2020-05-24,1,typical,2020-05-18,2020-05-24,7,0,0.7022203253470758,images/typical/BN098/2020-05-24.png
BN098_2020-05-25,BN098,2020-05-25,1,typical,2020-05-19,2020-05-25,7,0,0.6914320165650494,images/typical/BN098/2020-05-25.png
BN098_2020-05-26,BN098,2020-05-26,2,peak dominant,2020-05-20,2020-05-26,7,0,0.6862644693932435,images/peak_dominant/BN098/2020-05-26.png
BN098_2020-05-27,BN098,2020-05-27,1,typical,2020-05-21,2020-05-27,7,0,0.6659335077801009,images/typical/BN098/2020-05-27.png
BN098_2020-05-28,BN098,2020-05-28,1,typical,2020-05-22,2020-05-28,7,0,0.6612827979031416,images/typical/BN098/2020-05-28.png
BN098_2020-05-29,BN098,2020-05-29,1,typical,2020-05-23,2020-05-29,7,0,0.6801334661193935,images/typical/BN098/2020-05-29.png
BN098_2020-05-30,BN098,2020-05-30,1,typical,2020-05-24,2020-05-30,7,0,0.6414611354537304,images/typical/BN098/2020-05-30.png
BN098_2020-05-31,BN098,2020-05-31,1,typical,2020-05-25,2020-05-31,7,0,0.6701579592935846,images/typical/BN098/2020-05-31.png
BN098_2020-06-01,BN098,2020-06-01,1,typical,2020-05-26,2020-06-01,7,0,0.7111429397616283,images/typical/BN098/2020-06-01.png
BN098_2020-06-02,BN098,2020-06-02,1,typical,2020-05-27,2020-06-02,7,0,0.6638813245952874,images/typical/BN098/2020-06-02.png
BN098_2020-06-03,BN098,2020-06-03,1,typical,2020-05-28,2020-06-03,7,0,0.5630856468614144,images/typical/BN098/2020-06-03.png
BN098_2020-06-04,BN098,2020-06-04,1,typical,2020-05-29,2020-06-04,7,0,0.5723244360146859,images/typical/BN098/2020-06-04.png
BN098_2020-06-05,BN098,2020-06-05,1,typical,2020-05-30,2020-06-05,7,0,0.6307443606205828,images/typical/BN098/2020-06-05.png
BN098_2020-06-06,BN098,2020-06-06,2,peak dominant,2020-05-31,2020-06-06,7,0,0.6243077969165352,images/peak_dominant/BN098/2020-06-06.png
BN098_2020-06-07,BN098,2020-06-07,1,typical,2020-06-01,2020-06-07,7,0,0.6102476932233746,images/typical/BN098/2020-06-07.png
BN098_2020-06-08,BN098,2020-06-08,1,typical,2020-06-02,2020-06-08,7,0,0.5851618569640711,images/typical/BN098/2020-06-08.png
BN098_2020-06-09,BN098,2020-06-09,1,typical,2020-06-03,2020-06-09,7,0,0.5964084687342377,images/typical/BN098/2020-06-09.png
BN098_2020-06-10,BN098,2020-06-10,1,typical,2020-06-04,2020-06-10,7,0,0.5971224842859797,images/typical/BN098/2020-06-10.png
BN098_2020-06-11,BN098,2020-06-11,1,typical,2020-06-05,2020-06-11,7,0,0.6088986344827857,images/typical/BN098/2020-06-11.png
BN098_2020-06-12,BN098,2020-06-12,1,typical,2020-06-06,2020-06-12,7,0,0.7016991976199012,images/typical/BN098/2020-06-12.png
BN098_2020-06-13,BN098,2020-06-13,2,peak dominant,2020-06-07,2020-06-13,7,0,0.6433832013293744,images/peak_dominant/BN098/2020-06-13.png
BN098_2020-06-14,BN098,2020-06-14,1,typical,2020-06-08,2020-06-14,7,0,0.6877533638388251,images/typical/BN098/2020-06-14.png
BN098_2020-06-15,BN098,2020-06-15,1,typical,2020-06-09,2020-06-15,7,0,0.7147165440300361,images/typical/BN098/2020-06-15.png
BN098_2020-06-16,BN098,2020-06-16,1,typical,2020-06-10,2020-06-16,7,0,0.6941818437768876,images/typical/BN098/2020-06-16.png
BN098_2020-06-17,BN098,2020-06-17,1,typical,2020-06-11,2020-06-17,7,0,0.7512391231685948,images/typical/BN098/2020-06-17.png
BN098_2020-06-18,BN098,2020-06-18,2,peak dominant,2020-06-12,2020-06-18,7,0,0.7478195931183664,images/peak_dominant/BN098/2020-06-18.png
BN098_2020-06-19,BN098,2020-06-19,1,typical,2020-06-13,2020-06-19,7,0,0.775991963015174,images/typical/BN098/2020-06-19.png
BN098_2020-06-20,BN098,2020-06-20,2,peak dominant,2020-06-14,2020-06-20,7,0,0.7561601625136435,images/peak_dominant/BN098/2020-06-20.png
BN098_2020-06-21,BN098,2020-06-21,1,typical,2020-06-15,2020-06-21,7,0,0.7250434902392802,images/typical/BN098/2020-06-21.png
BN098_2020-06-22,BN098,2020-06-22,1,typical,2020-06-16,2020-06-22,7,0,0.6564422730184085,images/typical/BN098/2020-06-22.png
BN098_2020-06-23,BN098,2020-06-23,1,typical,2020-06-17,2020-06-23,7,0,0.6098073979598065,images/typical/BN098/2020-06-23.png
BN098_2020-06-24,BN098,2020-06-24,1,typical,2020-06-18,2020-06-24,7,0,0.6078507142747175,images/typical/BN098/2020-06-24.png
BN098_2020-06-25,BN098,2020-06-25,1,typical,2020-06-19,2020-06-25,7,0,0.6365118885237763,images/typical/BN098/2020-06-25.png
BN098_2020-06-26,BN098,2020-06-26,1,typical,2020-06-20,2020-06-26,7,0,0.5686807076042479,images/typical/BN098/2020-06-26.png
BN098_2020-06-27,BN098,2020-06-27,1,typical,2020-06-21,2020-06-27,7,0,0.5802412364465994,images/typical/BN098/2020-06-27.png
BN098_2020-06-28,BN098,2020-06-28,1,typical,2020-06-22,2020-06-28,7,0,0.5716807164065927,images/typical/BN098/2020-06-28.png
BN098_2020-06-29,BN098,2020-06-29,1,typical,2020-06-23,2020-06-29,7,0,0.6223168930258053,images/typical/BN098/2020-06-29.png
BN098_2020-06-30,BN098,2020-06-30,1,typical,2020-06-24,2020-06-30,7,0,0.6201969280426922,images/typical/BN098/2020-06-30.png
BN099_2019-07-31,BN099,2019-07-31,1,typical,2019-07-25,2019-07-31,7,0,0.23291457092264073,images/typical/BN099/2019-07-31.png
BN099_2019-08-01,BN099,2019-08-01,1,typical,2019-07-26,2019-08-01,7,0,0.2269478654051272,images/typical/BN099/2019-08-01.png
BN099_2019-08-02,BN099,2019-08-02,1,typical,2019-07-27,2019-08-02,7,0,0.24126710010939872,images/typical/BN099/2019-08-02.png
BN099_2019-08-03,BN099,2019-08-03,1,typical,2019-07-28,2019-08-03,7,0,0.2701423530366997,images/typical/BN099/2019-08-03.png
BN099_2019-08-04,BN099,2019-08-04,1,typical,2019-07-29,2019-08-04,7,0,0.28174592795440945,images/typical/BN099/2019-08-04.png
BN099_2019-08-05,BN099,2019-08-05,1,typical,2019-07-30,2019-08-05,7,0,0.2800214057340864,images/typical/BN099/2019-08-05.png
BN099_2019-08-06,BN099,2019-08-06,1,typical,2019-07-31,2019-08-06,7,0,0.5939435183153021,images/typical/BN099/2019-08-06.png
BN099_2019-08-07,BN099,2019-08-07,1,typical,2019-08-01,2019-08-07,7,0,0.6196959647723704,images/typical/BN099/2019-08-07.png
BN099_2019-08-08,BN099,2019-08-08,1,typical,2019-08-02,2019-08-08,7,0,0.6211879266841174,images/typical/BN099/2019-08-08.png
BN099_2019-08-09,BN099,2019-08-09,1,typical,2019-08-03,2019-08-09,7,0,0.6207051176887924,images/typical/BN099/2019-08-09.png
BN099_2019-08-10,BN099,2019-08-10,1,typical,2019-08-04,2019-08-10,7,0,0.6218773228335067,images/typical/BN099/2019-08-10.png
BN099_2019-08-11,BN099,2019-08-11,1,typical,2019-08-05,2019-08-11,7,0,0.6232559610358049,images/typical/BN099/2019-08-11.png
BN099_2019-08-12,BN099,2019-08-12,1,typical,2019-08-06,2019-08-12,7,0,0.6228812621209859,images/typical/BN099/2019-08-12.png
BN099_2019-08-13,BN099,2019-08-13,1,typical,2019-08-07,2019-08-13,7,0,0.19297205964886782,images/typical/BN099/2019-08-13.png
BN099_2019-08-14,BN099,2019-08-14,1,typical,2019-08-08,2019-08-14,7,0,0.3315709084759435,images/typical/BN099/2019-08-14.png
BN099_2019-08-15,BN099,2019-08-15,1,typical,2019-08-09,2019-08-15,7,0,0.338214382258915,images/typical/BN099/2019-08-15.png
BN099_2019-08-16,BN099,2019-08-16,1,typical,2019-08-10,2019-08-16,7,0,0.3551503577635015,images/typical/BN099/2019-08-16.png
BN099_2019-08-17,BN099,2019-08-17,1,typical,2019-08-11,2019-08-17,7,0,0.6925029810032992,images/typical/BN099/2019-08-17.png
BN099_2019-08-18,BN099,2019-08-18,1,typical,2019-08-12,2019-08-18,7,0,0.6595630795613302,images/typical/BN099/2019-08-18.png
BN099_2019-08-19,BN099,2019-08-19,1,typical,2019-08-13,2019-08-19,7,0,0.7162769900981626,images/typical/BN099/2019-08-19.png
BN099_2019-08-20,BN099,2019-08-20,1,typical,2019-08-14,2019-08-20,7,0,0.7026299942714876,images/typical/BN099/2019-08-20.png
BN099_2019-08-21,BN099,2019-08-21,1,typical,2019-08-15,2019-08-21,7,0,0.7256611839499854,images/typical/BN099/2019-08-21.png
BN099_2019-08-22,BN099,2019-08-22,1,typical,2019-08-16,2019-08-22,7,0,0.6488356534325405,images/typical/BN099/2019-08-22.png
BN099_2019-08-23,BN099,2019-08-23,1,typical,2019-08-17,2019-08-23,7,0,0.6678314075512068,images/typical/BN099/2019-08-23.png
BN099_2019-08-24,BN099,2019-08-24,1,typical,2019-08-18,2019-08-24,7,0,0.5054794644296599,images/typical/BN099/2019-08-24.png
BN099_2019-08-25,BN099,2019-08-25,1,typical,2019-08-19,2019-08-25,7,0,0.5166764675532756,images/typical/BN099/2019-08-25.png
BN099_2019-08-26,BN099,2019-08-26,1,typical,2019-08-20,2019-08-26,7,0,0.5530312333607983,images/typical/BN099/2019-08-26.png
BN099_2019-08-27,BN099,2019-08-27,1,typical,2019-08-21,2019-08-27,7,0,0.6068978699991215,images/typical/BN099/2019-08-27.png
BN099_2019-08-28,BN099,2019-08-28,1,typical,2019-08-22,2019-08-28,7,0,0.5590320418700143,images/typical/BN099/2019-08-28.png
BN099_2019-08-29,BN099,2019-08-29,1,typical,2019-08-23,2019-08-29,7,0,0.47151997735374857,images/typical/BN099/2019-08-29.png
BN099_2019-08-30,BN099,2019-08-30,1,typical,2019-08-24,2019-08-30,7,0,0.5090234377691958,images/typical/BN099/2019-08-30.png
BN099_2019-08-31,BN099,2019-08-31,1,typical,2019-08-25,2019-08-31,7,0,0.5343292258923926,images/typical/BN099/2019-08-31.png
BN099_2019-09-01,BN099,2019-09-01,1,typical,2019-08-26,2019-09-01,7,0,0.5664819254680602,images/typical/BN099/2019-09-01.png
BN099_2019-09-02,BN099,2019-09-02,1,typical,2019-08-27,2019-09-02,7,0,0.6099080472246178,images/typical/BN099/2019-09-02.png
BN099_2019-09-03,BN099,2019-09-03,1,typical,2019-08-28,2019-09-03,7,0,0.5742629249814246,images/typical/BN099/2019-09-03.png
BN099_2019-09-04,BN099,2019-09-04,1,typical,2019-08-29,2019-09-04,7,0,0.5426315995511442,images/typical/BN099/2019-09-04.png
BN099_2019-09-05,BN099,2019-09-05,1,typical,2019-08-30,2019-09-05,7,0,0.5522131739332706,images/typical/BN099/2019-09-05.png
BN099_2019-09-06,BN099,2019-09-06,1,typical,2019-08-31,2019-09-06,7,0,0.6524753380381124,images/typical/BN099/2019-09-06.png
BN099_2019-09-07,BN099,2019-09-07,1,typical,2019-09-01,2019-09-07,7,0,0.5112112376004889,images/typical/BN099/2019-09-07.png
BN099_2019-09-08,BN099,2019-09-08,1,typical,2019-09-02,2019-09-08,7,0,0.5297609201808197,images/typical/BN099/2019-09-08.png
BN099_2019-09-09,BN099,2019-09-09,1,typical,2019-09-03,2019-09-09,7,0,0.5453379098056708,images/typical/BN099/2019-09-09.png
BN099_2019-09-10,BN099,2019-09-10,1,typical,2019-09-04,2019-09-10,7,0,0.4639022686994867,images/typical/BN099/2019-09-10.png
BN099_2019-09-11,BN099,2019-09-11,1,typical,2019-09-05,2019-09-11,7,0,0.45374968244767333,images/typical/BN099/2019-09-11.png
BN099_2019-09-12,BN099,2019-09-12,1,typical,2019-09-06,2019-09-12,7,0,0.4783431502530092,images/typical/BN099/2019-09-12.png
BN099_2019-09-13,BN099,2019-09-13,1,typical,2019-09-07,2019-09-13,7,0,0.3953022790965511,images/typical/BN099/2019-09-13.png
BN099_2019-09-14,BN099,2019-09-14,1,typical,2019-09-08,2019-09-14,7,0,0.4425517100126459,images/typical/BN099/2019-09-14.png
BN099_2019-09-15,BN099,2019-09-15,1,typical,2019-09-09,2019-09-15,7,0,0.3639340154092867,images/typical/BN099/2019-09-15.png
BN099_2019-09-16,BN099,2019-09-16,1,typical,2019-09-10,2019-09-16,7,0,0.4485712469018384,images/typical/BN099/2019-09-16.png
BN099_2019-09-17,BN099,2019-09-17,1,typical,2019-09-11,2019-09-17,7,0,0.5862158054821298,images/typical/BN099/2019-09-17.png
BN099_2019-09-18,BN099,2019-09-18,1,typical,2019-09-12,2019-09-18,7,0,0.5516099966636161,images/typical/BN099/2019-09-18.png
BN099_2019-09-19,BN099,2019-09-19,1,typical,2019-09-13,2019-09-19,7,0,0.5708712336329202,images/typical/BN099/2019-09-19.png
BN099_2019-09-20,BN099,2019-09-20,1,typical,2019-09-14,2019-09-20,7,0,0.5333614679121707,images/typical/BN099/2019-09-20.png
BN099_2019-09-21,BN099,2019-09-21,1,typical,2019-09-15,2019-09-21,7,0,0.7147276111426676,images/typical/BN099/2019-09-21.png
BN099_2019-09-22,BN099,2019-09-22,1,typical,2019-09-16,2019-09-22,7,0,0.6815787792761032,images/typical/BN099/2019-09-22.png
BN099_2019-09-23,BN099,2019-09-23,1,typical,2019-09-17,2019-09-23,7,0,0.5937917631779804,images/typical/BN099/2019-09-23.png
BN099_2019-09-24,BN099,2019-09-24,1,typical,2019-09-18,2019-09-24,7,0,0.4155768353738434,images/typical/BN099/2019-09-24.png
BN099_2019-09-25,BN099,2019-09-25,1,typical,2019-09-19,2019-09-25,7,0,0.23749431945198263,images/typical/BN099/2019-09-25.png
BN099_2019-09-26,BN099,2019-09-26,1,typical,2019-09-20,2019-09-26,7,0,0.3454544690887821,images/typical/BN099/2019-09-26.png
BN099_2019-09-27,BN099,2019-09-27,1,typical,2019-09-21,2019-09-27,7,0,0.3649864467455673,images/typical/BN099/2019-09-27.png
BN099_2019-09-28,BN099,2019-09-28,1,typical,2019-09-22,2019-09-28,7,0,0.43015842372887675,images/typical/BN099/2019-09-28.png
BN099_2019-09-29,BN099,2019-09-29,1,typical,2019-09-23,2019-09-29,7,0,0.4202479812742221,images/typical/BN099/2019-09-29.png
BN099_2019-09-30,BN099,2019-09-30,1,typical,2019-09-24,2019-09-30,7,0,0.4861990304822741,images/typical/BN099/2019-09-30.png
BN099_2019-10-01,BN099,2019-10-01,1,typical,2019-09-25,2019-10-01,7,0,0.6433696387581155,images/typical/BN099/2019-10-01.png
BN099_2019-10-02,BN099,2019-10-02,1,typical,2019-09-26,2019-10-02,7,0,0.5439206578393385,images/typical/BN099/2019-10-02.png
BN099_2019-10-03,BN099,2019-10-03,1,typical,2019-09-27,2019-10-03,7,0,0.4487714139376727,images/typical/BN099/2019-10-03.png
BN099_2019-10-04,BN099,2019-10-04,1,typical,2019-09-28,2019-10-04,7,0,0.2623884005795718,images/typical/BN099/2019-10-04.png
BN099_2019-10-05,BN099,2019-10-05,1,typical,2019-09-29,2019-10-05,7,0,0.23042494389780574,images/typical/BN099/2019-10-05.png
BN099_2019-10-06,BN099,2019-10-06,1,typical,2019-09-30,2019-10-06,7,0,0.26800937034384875,images/typical/BN099/2019-10-06.png
BN099_2019-10-07,BN099,2019-10-07,1,typical,2019-10-01,2019-10-07,7,0,0.3348911339011147,images/typical/BN099/2019-10-07.png
BN099_2019-10-08,BN099,2019-10-08,1,typical,2019-10-02,2019-10-08,7,0,0.347021471672047,images/typical/BN099/2019-10-08.png
BN099_2019-10-09,BN099,2019-10-09,1,typical,2019-10-03,2019-10-09,7,0,0.2907937475905376,images/typical/BN099/2019-10-09.png
BN099_2019-10-10,BN099,2019-10-10,1,typical,2019-10-04,2019-10-10,7,0,0.20088683668558202,images/typical/BN099/2019-10-10.png
BN099_2019-10-11,BN099,2019-10-11,1,typical,2019-10-05,2019-10-11,7,0,0.25887430627553926,images/typical/BN099/2019-10-11.png
BN099_2019-10-12,BN099,2019-10-12,1,typical,2019-10-06,2019-10-12,7,0,0.3221101822962371,images/typical/BN099/2019-10-12.png
BN099_2019-10-13,BN099,2019-10-13,1,typical,2019-10-07,2019-10-13,7,0,0.29976511011155027,images/typical/BN099/2019-10-13.png
BN099_2019-10-14,BN099,2019-10-14,1,typical,2019-10-08,2019-10-14,7,0,0.3065015400987372,images/typical/BN099/2019-10-14.png
BN099_2019-10-15,BN099,2019-10-15,1,typical,2019-10-09,2019-10-15,7,0,0.3324433331365947,images/typical/BN099/2019-10-15.png
BN099_2019-10-16,BN099,2019-10-16,1,typical,2019-10-10,2019-10-16,7,0,0.39092963414052495,images/typical/BN099/2019-10-16.png
BN099_2019-10-17,BN099,2019-10-17,1,typical,2019-10-11,2019-10-17,7,0,0.2480764109485727,images/typical/BN099/2019-10-17.png
BN099_2019-10-18,BN099,2019-10-18,1,typical,2019-10-12,2019-10-18,7,0,0.13540391105460214,images/typical/BN099/2019-10-18.png
BN099_2019-10-19,BN099,2019-10-19,1,typical,2019-10-13,2019-10-19,7,0,0.14198036757989968,images/typical/BN099/2019-10-19.png
BN099_2019-10-20,BN099,2019-10-20,1,typical,2019-10-14,2019-10-20,7,0,0.2247239929523578,images/typical/BN099/2019-10-20.png
BN099_2019-10-21,BN099,2019-10-21,1,typical,2019-10-15,2019-10-21,7,0,0.5936644466448587,images/typical/BN099/2019-10-21.png
BN099_2019-10-22,BN099,2019-10-22,1,typical,2019-10-16,2019-10-22,7,0,0.5092017275621525,images/typical/BN099/2019-10-22.png
BN099_2019-10-23,BN099,2019-10-23,1,typical,2019-10-17,2019-10-23,7,0,0.6213194058702096,images/typical/BN099/2019-10-23.png
BN099_2019-10-24,BN099,2019-10-24,1,typical,2019-10-18,2019-10-24,7,0,0.580848095842294,images/typical/BN099/2019-10-24.png
BN099_2019-10-25,BN099,2019-10-25,1,typical,2019-10-19,2019-10-25,7,0,0.6245344966686662,images/typical/BN099/2019-10-25.png
BN099_2019-10-26,BN099,2019-10-26,1,typical,2019-10-20,2019-10-26,7,0,0.6846073216753075,images/typical/BN099/2019-10-26.png
BN099_2019-10-27,BN099,2019-10-27,1,typical,2019-10-21,2019-10-27,7,0,0.6777406987171948,images/typical/BN099/2019-10-27.png
BN099_2019-10-28,BN099,2019-10-28,1,typical,2019-10-22,2019-10-28,7,0,0.6256937919609633,images/typical/BN099/2019-10-28.png
BN099_2019-10-29,BN099,2019-10-29,1,typical,2019-10-23,2019-10-29,7,0,0.6501868264948414,images/typical/BN099/2019-10-29.png
BN099_2019-10-30,BN099,2019-10-30,1,typical,2019-10-24,2019-10-30,7,0,0.6354730753527167,images/typical/BN099/2019-10-30.png
BN099_2019-10-31,BN099,2019-10-31,1,typical,2019-10-25,2019-10-31,7,0,0.6212376713537218,images/typical/BN099/2019-10-31.png
BN099_2019-11-01,BN099,2019-11-01,1,typical,2019-10-26,2019-11-01,7,0,0.6130366196045243,images/typical/BN099/2019-11-01.png
BN099_2019-11-02,BN099,2019-11-02,1,typical,2019-10-27,2019-11-02,7,0,0.6270362194279414,images/typical/BN099/2019-11-02.png
BN099_2019-11-03,BN099,2019-11-03,1,typical,2019-10-28,2019-11-03,7,0,0.6061722806111828,images/typical/BN099/2019-11-03.png
BN099_2019-11-04,BN099,2019-11-04,1,typical,2019-10-29,2019-11-04,7,0,0.6200535694624587,images/typical/BN099/2019-11-04.png
BN099_2019-11-05,BN099,2019-11-05,1,typical,2019-10-30,2019-11-05,7,0,0.46343459487228045,images/typical/BN099/2019-11-05.png
BN099_2019-11-06,BN099,2019-11-06,1,typical,2019-10-31,2019-11-06,7,0,0.49792232026279487,images/typical/BN099/2019-11-06.png
BN099_2019-11-07,BN099,2019-11-07,1,typical,2019-11-01,2019-11-07,7,0,0.6084392673204819,images/typical/BN099/2019-11-07.png
BN099_2019-11-08,BN099,2019-11-08,1,typical,2019-11-02,2019-11-08,7,0,0.6246014908743289,images/typical/BN099/2019-11-08.png
BN099_2019-11-09,BN099,2019-11-09,1,typical,2019-11-03,2019-11-09,7,0,0.6579381608712803,images/typical/BN099/2019-11-09.png
BN099_2019-11-10,BN099,2019-11-10,1,typical,2019-11-04,2019-11-10,7,0,0.6499861005422763,images/typical/BN099/2019-11-10.png
BN099_2019-11-11,BN099,2019-11-11,1,typical,2019-11-05,2019-11-11,7,0,0.628371971968753,images/typical/BN099/2019-11-11.png
BN099_2019-11-12,BN099,2019-11-12,1,typical,2019-11-06,2019-11-12,7,0,0.6644340609894333,images/typical/BN099/2019-11-12.png
BN099_2019-11-13,BN099,2019-11-13,1,typical,2019-11-07,2019-11-13,7,0,0.6990168068871855,images/typical/BN099/2019-11-13.png
BN099_2019-11-14,BN099,2019-11-14,1,typical,2019-11-08,2019-11-14,7,0,0.5599583797592492,images/typical/BN099/2019-11-14.png
BN099_2019-11-15,BN099,2019-11-15,1,typical,2019-11-09,2019-11-15,7,0,0.5325366519794179,images/typical/BN099/2019-11-15.png
BN099_2019-11-16,BN099,2019-11-16,1,typical,2019-11-10,2019-11-16,7,0,0.5972289211264732,images/typical/BN099/2019-11-16.png
BN099_2019-11-17,BN099,2019-11-17,1,typical,2019-11-11,2019-11-17,7,0,0.6275397289334529,images/typical/BN099/2019-11-17.png
BN099_2019-11-18,BN099,2019-11-18,1,typical,2019-11-12,2019-11-18,7,0,0.6572839087062912,images/typical/BN099/2019-11-18.png
BN099_2019-11-19,BN099,2019-11-19,1,typical,2019-11-13,2019-11-19,7,0,0.3437125948227108,images/typical/BN099/2019-11-19.png
BN099_2019-11-20,BN099,2019-11-20,1,typical,2019-11-14,2019-11-20,7,0,0.15279602927941555,images/typical/BN099/2019-11-20.png
BN099_2019-11-21,BN099,2019-11-21,1,typical,2019-11-15,2019-11-21,7,0,0.15194313938302662,images/typical/BN099/2019-11-21.png
BN099_2019-11-22,BN099,2019-11-22,1,typical,2019-11-16,2019-11-22,7,0,0.199582220451923,images/typical/BN099/2019-11-22.png
BN099_2019-11-23,BN099,2019-11-23,1,typical,2019-11-17,2019-11-23,7,0,0.2633158839963947,images/typical/BN099/2019-11-23.png
BN099_2019-11-24,BN099,2019-11-24,1,typical,2019-11-18,2019-11-24,7,0,0.3002682507365355,images/typical/BN099/2019-11-24.png
BN099_2019-11-25,BN099,2019-11-25,1,typical,2019-11-19,2019-11-25,7,0,0.3461419854970456,images/typical/BN099/2019-11-25.png
BN099_2019-11-26,BN099,2019-11-26,1,typical,2019-11-20,2019-11-26,7,0,0.5778422686777901,images/typical/BN099/2019-11-26.png
BN099_2019-11-27,BN099,2019-11-27,1,typical,2019-11-21,2019-11-27,7,0,0.5812823793808253,images/typical/BN099/2019-11-27.png
BN099_2019-11-28,BN099,2019-11-28,1,typical,2019-11-22,2019-11-28,7,0,0.40641881549988224,images/typical/BN099/2019-11-28.png
BN099_2019-11-29,BN099,2019-11-29,1,typical,2019-11-23,2019-11-29,7,0,0.29202511163603084,images/typical/BN099/2019-11-29.png
BN099_2019-11-30,BN099,2019-11-30,1,typical,2019-11-24,2019-11-30,7,0,0.33276743368194334,images/typical/BN099/2019-11-30.png
BN099_2019-12-01,BN099,2019-12-01,1,typical,2019-11-25,2019-12-01,7,0,0.48758361255677846,images/typical/BN099/2019-12-01.png
BN099_2019-12-02,BN099,2019-12-02,1,typical,2019-11-26,2019-12-02,7,0,0.5367217702916467,images/typical/BN099/2019-12-02.png
BN099_2019-12-03,BN099,2019-12-03,1,typical,2019-11-27,2019-12-03,7,0,0.306661785612192,images/typical/BN099/2019-12-03.png
BN099_2019-12-04,BN099,2019-12-04,1,typical,2019-11-28,2019-12-04,7,0,0.4534889880817158,images/typical/BN099/2019-12-04.png
BN099_2019-12-05,BN099,2019-12-05,1,typical,2019-11-29,2019-12-05,7,0,0.4793157671999317,images/typical/BN099/2019-12-05.png
BN099_2019-12-06,BN099,2019-12-06,1,typical,2019-11-30,2019-12-06,7,0,0.41178548037499635,images/typical/BN099/2019-12-06.png
BN099_2019-12-07,BN099,2019-12-07,1,typical,2019-12-01,2019-12-07,7,0,0.41808664569759707,images/typical/BN099/2019-12-07.png
BN099_2019-12-08,BN099,2019-12-08,1,typical,2019-12-02,2019-12-08,7,0,0.4287260129223852,images/typical/BN099/2019-12-08.png
BN099_2019-12-09,BN099,2019-12-09,1,typical,2019-12-03,2019-12-09,7,0,0.5184839151509257,images/typical/BN099/2019-12-09.png
BN099_2019-12-10,BN099,2019-12-10,1,typical,2019-12-04,2019-12-10,7,0,0.5771886199031425,images/typical/BN099/2019-12-10.png
BN099_2019-12-11,BN099,2019-12-11,1,typical,2019-12-05,2019-12-11,7,0,0.5615403813839256,images/typical/BN099/2019-12-11.png
BN099_2019-12-12,BN099,2019-12-12,1,typical,2019-12-06,2019-12-12,7,0,0.4444550001636116,images/typical/BN099/2019-12-12.png
BN099_2019-12-13,BN099,2019-12-13,1,typical,2019-12-07,2019-12-13,7,0,0.588206671596219,images/typical/BN099/2019-12-13.png
BN099_2019-12-14,BN099,2019-12-14,1,typical,2019-12-08,2019-12-14,7,0,0.6133260520347088,images/typical/BN099/2019-12-14.png
BN099_2019-12-15,BN099,2019-12-15,1,typical,2019-12-09,2019-12-15,7,0,0.5928032250654904,images/typical/BN099/2019-12-15.png
BN099_2019-12-16,BN099,2019-12-16,1,typical,2019-12-10,2019-12-16,7,0,0.6472321279539363,images/typical/BN099/2019-12-16.png
BN099_2019-12-17,BN099,2019-12-17,1,typical,2019-12-11,2019-12-17,7,0,0.6224963637419877,images/typical/BN099/2019-12-17.png
BN099_2019-12-18,BN099,2019-12-18,1,typical,2019-12-12,2019-12-18,7,0,0.5270452237011054,images/typical/BN099/2019-12-18.png
BN099_2019-12-19,BN099,2019-12-19,1,typical,2019-12-13,2019-12-19,7,0,0.5570683115079678,images/typical/BN099/2019-12-19.png
BN099_2019-12-20,BN099,2019-12-20,1,typical,2019-12-14,2019-12-20,7,0,0.553585908686445,images/typical/BN099/2019-12-20.png
BN099_2019-12-21,BN099,2019-12-21,1,typical,2019-12-15,2019-12-21,7,0,0.42708277939609574,images/typical/BN099/2019-12-21.png
BN099_2019-12-22,BN099,2019-12-22,1,typical,2019-12-16,2019-12-22,7,0,0.42755496449230784,images/typical/BN099/2019-12-22.png
BN099_2019-12-23,BN099,2019-12-23,1,typical,2019-12-17,2019-12-23,7,0,0.19771058228919103,images/typical/BN099/2019-12-23.png
BN099_2019-12-24,BN099,2019-12-24,1,typical,2019-12-18,2019-12-24,7,0,0.222342739954791,images/typical/BN099/2019-12-24.png
BN099_2019-12-25,BN099,2019-12-25,1,typical,2019-12-19,2019-12-25,7,0,0.21407066946888384,images/typical/BN099/2019-12-25.png
BN099_2019-12-26,BN099,2019-12-26,1,typical,2019-12-20,2019-12-26,7,0,0.3271040847970631,images/typical/BN099/2019-12-26.png
BN099_2019-12-27,BN099,2019-12-27,1,typical,2019-12-21,2019-12-27,7,0,0.513937392089256,images/typical/BN099/2019-12-27.png
BN099_2019-12-28,BN099,2019-12-28,1,typical,2019-12-22,2019-12-28,7,0,0.4317536452448854,images/typical/BN099/2019-12-28.png
BN099_2019-12-29,BN099,2019-12-29,1,typical,2019-12-23,2019-12-29,7,0,0.3040466608146795,images/typical/BN099/2019-12-29.png
BN099_2019-12-30,BN099,2019-12-30,1,typical,2019-12-24,2019-12-30,7,0,0.4079255639507491,images/typical/BN099/2019-12-30.png
BN099_2019-12-31,BN099,2019-12-31,1,typical,2019-12-25,2019-12-31,7,0,0.41524426635233397,images/typical/BN099/2019-12-31.png
BN099_2020-01-01,BN099,2020-01-01,1,typical,2019-12-26,2020-01-01,7,0,0.3955693023851413,images/typical/BN099/2020-01-01.png
BN099_2020-01-02,BN099,2020-01-02,1,typical,2019-12-27,2020-01-02,7,0,0.36993989381885206,images/typical/BN099/2020-01-02.png
BN099_2020-01-03,BN099,2020-01-03,1,typical,2019-12-28,2020-01-03,7,0,0.39704314622516035,images/typical/BN099/2020-01-03.png
BN099_2020-01-04,BN099,2020-01-04,1,typical,2019-12-29,2020-01-04,7,0,0.3211724108636501,images/typical/BN099/2020-01-04.png
BN099_2020-01-05,BN099,2020-01-05,1,typical,2019-12-30,2020-01-05,7,0,0.2613892208766633,images/typical/BN099/2020-01-05.png
BN099_2020-01-06,BN099,2020-01-06,1,typical,2019-12-31,2020-01-06,7,0,0.48499574067860574,images/typical/BN099/2020-01-06.png
BN099_2020-01-07,BN099,2020-01-07,1,typical,2020-01-01,2020-01-07,7,0,0.6338569941719284,images/typical/BN099/2020-01-07.png
BN099_2020-01-08,BN099,2020-01-08,1,typical,2020-01-02,2020-01-08,7,0,0.5980264173322326,images/typical/BN099/2020-01-08.png
BN099_2020-01-09,BN099,2020-01-09,1,typical,2020-01-03,2020-01-09,7,0,0.5496793913908649,images/typical/BN099/2020-01-09.png
BN099_2020-01-10,BN099,2020-01-10,1,typical,2020-01-04,2020-01-10,7,0,0.6744349838040127,images/typical/BN099/2020-01-10.png
BN099_2020-01-11,BN099,2020-01-11,1,typical,2020-01-05,2020-01-11,7,0,0.6728161552834159,images/typical/BN099/2020-01-11.png
BN099_2020-01-12,BN099,2020-01-12,1,typical,2020-01-06,2020-01-12,7,0,0.6392227565652964,images/typical/BN099/2020-01-12.png
BN099_2020-01-13,BN099,2020-01-13,1,typical,2020-01-07,2020-01-13,7,0,0.7201789022558058,images/typical/BN099/2020-01-13.png
BN099_2020-01-14,BN099,2020-01-14,1,typical,2020-01-08,2020-01-14,7,0,0.4982922606969791,images/typical/BN099/2020-01-14.png
BN099_2020-01-15,BN099,2020-01-15,1,typical,2020-01-09,2020-01-15,7,0,0.5171869920689098,images/typical/BN099/2020-01-15.png
BN099_2020-01-16,BN099,2020-01-16,1,typical,2020-01-10,2020-01-16,7,0,0.6134566127113416,images/typical/BN099/2020-01-16.png
BN099_2020-01-17,BN099,2020-01-17,1,typical,2020-01-11,2020-01-17,7,0,0.5952847997978895,images/typical/BN099/2020-01-17.png
BN099_2020-01-18,BN099,2020-01-18,1,typical,2020-01-12,2020-01-18,7,0,0.5649330092139045,images/typical/BN099/2020-01-18.png
BN099_2020-01-19,BN099,2020-01-19,1,typical,2020-01-13,2020-01-19,7,0,0.4868134154825321,images/typical/BN099/2020-01-19.png
BN099_2020-01-20,BN099,2020-01-20,1,typical,2020-01-14,2020-01-20,7,0,0.3815143908399817,images/typical/BN099/2020-01-20.png
BN099_2020-01-21,BN099,2020-01-21,1,typical,2020-01-15,2020-01-21,7,0,0.26614347126996607,images/typical/BN099/2020-01-21.png
BN099_2020-01-22,BN099,2020-01-22,1,typical,2020-01-16,2020-01-22,7,0,0.2370049734057199,images/typical/BN099/2020-01-22.png
BN099_2020-01-23,BN099,2020-01-23,1,typical,2020-01-17,2020-01-23,7,0,0.39868501990396693,images/typical/BN099/2020-01-23.png
BN099_2020-01-24,BN099,2020-01-24,1,typical,2020-01-18,2020-01-24,7,0,0.39854463578382016,images/typical/BN099/2020-01-24.png
BN099_2020-01-25,BN099,2020-01-25,1,typical,2020-01-19,2020-01-25,7,0,0.4017497865688351,images/typical/BN099/2020-01-25.png
BN099_2020-01-26,BN099,2020-01-26,1,typical,2020-01-20,2020-01-26,7,0,0.37401970347235514,images/typical/BN099/2020-01-26.png
BN099_2020-01-27,BN099,2020-01-27,1,typical,2020-01-21,2020-01-27,7,0,0.6065441700487959,images/typical/BN099/2020-01-27.png
BN099_2020-01-28,BN099,2020-01-28,1,typical,2020-01-22,2020-01-28,7,0,0.6577671311776205,images/typical/BN099/2020-01-28.png
BN099_2020-01-29,BN099,2020-01-29,1,typical,2020-01-23,2020-01-29,7,0,0.6613100358403823,images/typical/BN099/2020-01-29.png
BN099_2020-01-30,BN099,2020-01-30,1,typical,2020-01-24,2020-01-30,7,0,0.6866310151802765,images/typical/BN099/2020-01-30.png
BN099_2020-01-31,BN099,2020-01-31,1,typical,2020-01-25,2020-01-31,7,0,0.6166688675335286,images/typical/BN099/2020-01-31.png
BN099_2020-02-01,BN099,2020-02-01,1,typical,2020-01-26,2020-02-01,7,0,0.6159721342200816,images/typical/BN099/2020-02-01.png
BN099_2020-02-02,BN099,2020-02-02,1,typical,2020-01-27,2020-02-02,7,0,0.6564206723402418,images/typical/BN099/2020-02-02.png
BN099_2020-02-03,BN099,2020-02-03,1,typical,2020-01-28,2020-02-03,7,0,0.6631905363870855,images/typical/BN099/2020-02-03.png
BN099_2020-02-04,BN099,2020-02-04,1,typical,2020-01-29,2020-02-04,7,0,0.6263795708089912,images/typical/BN099/2020-02-04.png
BN099_2020-02-05,BN099,2020-02-05,1,typical,2020-01-30,2020-02-05,7,0,0.6176415273893759,images/typical/BN099/2020-02-05.png
BN099_2020-02-06,BN099,2020-02-06,1,typical,2020-01-31,2020-02-06,7,0,0.5916469317641436,images/typical/BN099/2020-02-06.png
BN099_2020-02-07,BN099,2020-02-07,1,typical,2020-02-01,2020-02-07,7,0,0.559387275644042,images/typical/BN099/2020-02-07.png
BN099_2020-02-08,BN099,2020-02-08,1,typical,2020-02-02,2020-02-08,7,0,0.5552122180289154,images/typical/BN099/2020-02-08.png
BN099_2020-02-09,BN099,2020-02-09,1,typical,2020-02-03,2020-02-09,7,0,0.25308807893847757,images/typical/BN099/2020-02-09.png
BN099_2020-02-10,BN099,2020-02-10,1,typical,2020-02-04,2020-02-10,7,0,0.45102861676550515,images/typical/BN099/2020-02-10.png
BN099_2020-02-11,BN099,2020-02-11,1,typical,2020-02-05,2020-02-11,7,0,0.6311451515507478,images/typical/BN099/2020-02-11.png
BN099_2020-02-12,BN099,2020-02-12,1,typical,2020-02-06,2020-02-12,7,0,0.622904487146312,images/typical/BN099/2020-02-12.png
BN099_2020-02-13,BN099,2020-02-13,1,typical,2020-02-07,2020-02-13,7,0,0.6499152561550816,images/typical/BN099/2020-02-13.png
BN099_2020-02-14,BN099,2020-02-14,1,typical,2020-02-08,2020-02-14,7,0,0.6757259811758832,images/typical/BN099/2020-02-14.png
BN099_2020-02-15,BN099,2020-02-15,1,typical,2020-02-09,2020-02-15,7,0,0.6683894537397169,images/typical/BN099/2020-02-15.png
BN099_2020-02-16,BN099,2020-02-16,1,typical,2020-02-10,2020-02-16,7,0,0.6263013537954952,images/typical/BN099/2020-02-16.png
BN099_2020-02-17,BN099,2020-02-17,1,typical,2020-02-11,2020-02-17,7,0,0.5315430181696481,images/typical/BN099/2020-02-17.png
BN099_2020-02-18,BN099,2020-02-18,1,typical,2020-02-12,2020-02-18,7,0,0.5915011718182751,images/typical/BN099/2020-02-18.png
BN099_2020-02-19,BN099,2020-02-19,1,typical,2020-02-13,2020-02-19,7,0,0.5657532982530165,images/typical/BN099/2020-02-19.png
BN099_2020-02-20,BN099,2020-02-20,1,typical,2020-02-14,2020-02-20,7,0,0.6448548596135201,images/typical/BN099/2020-02-20.png
BN099_2020-02-21,BN099,2020-02-21,1,typical,2020-02-15,2020-02-21,7,0,0.6779784586271883,images/typical/BN099/2020-02-21.png
BN099_2020-02-22,BN099,2020-02-22,1,typical,2020-02-16,2020-02-22,7,0,0.7213074748539906,images/typical/BN099/2020-02-22.png
BN099_2020-02-23,BN099,2020-02-23,1,typical,2020-02-17,2020-02-23,7,0,0.695778675895889,images/typical/BN099/2020-02-23.png
BN099_2020-02-24,BN099,2020-02-24,1,typical,2020-02-18,2020-02-24,7,0,0.6709887785280579,images/typical/BN099/2020-02-24.png
BN099_2020-02-25,BN099,2020-02-25,1,typical,2020-02-19,2020-02-25,7,0,0.6269141760788027,images/typical/BN099/2020-02-25.png
BN099_2020-02-26,BN099,2020-02-26,1,typical,2020-02-20,2020-02-26,7,0,0.6060200193035755,images/typical/BN099/2020-02-26.png
BN099_2020-02-27,BN099,2020-02-27,1,typical,2020-02-21,2020-02-27,7,0,0.5626777039378446,images/typical/BN099/2020-02-27.png
BN099_2020-02-28,BN099,2020-02-28,1,typical,2020-02-22,2020-02-28,7,0,0.501363458743875,images/typical/BN099/2020-02-28.png
BN099_2020-02-29,BN099,2020-02-29,1,typical,2020-02-23,2020-02-29,7,0,0.2822002830997137,images/typical/BN099/2020-02-29.png
BN099_2020-03-01,BN099,2020-03-01,1,typical,2020-02-24,2020-03-01,7,0,0.17755277997662902,images/typical/BN099/2020-03-01.png
BN099_2020-03-02,BN099,2020-03-02,1,typical,2020-02-25,2020-03-02,7,0,0.207454157348798,images/typical/BN099/2020-03-02.png
BN099_2020-03-03,BN099,2020-03-03,1,typical,2020-02-26,2020-03-03,7,0,0.46586099990607904,images/typical/BN099/2020-03-03.png
BN099_2020-03-04,BN099,2020-03-04,1,typical,2020-02-27,2020-03-04,7,0,0.5249314635370587,images/typical/BN099/2020-03-04.png
BN099_2020-03-05,BN099,2020-03-05,1,typical,2020-02-28,2020-03-05,7,0,0.5807322610974498,images/typical/BN099/2020-03-05.png
BN099_2020-03-06,BN099,2020-03-06,1,typical,2020-02-29,2020-03-06,7,0,0.5363908967631678,images/typical/BN099/2020-03-06.png
BN099_2020-03-07,BN099,2020-03-07,1,typical,2020-03-01,2020-03-07,7,0,0.45093216037288264,images/typical/BN099/2020-03-07.png
BN099_2020-03-08,BN099,2020-03-08,1,typical,2020-03-02,2020-03-08,7,0,0.2746813018298536,images/typical/BN099/2020-03-08.png
BN099_2020-03-09,BN099,2020-03-09,1,typical,2020-03-03,2020-03-09,7,0,0.28588201513123174,images/typical/BN099/2020-03-09.png
BN099_2020-03-10,BN099,2020-03-10,1,typical,2020-03-04,2020-03-10,7,0,0.3048119397193739,images/typical/BN099/2020-03-10.png
BN099_2020-03-11,BN099,2020-03-11,1,typical,2020-03-05,2020-03-11,7,0,0.38175406604199214,images/typical/BN099/2020-03-11.png
BN099_2020-03-12,BN099,2020-03-12,1,typical,2020-03-06,2020-03-12,7,0,0.17348797032982483,images/typical/BN099/2020-03-12.png
BN099_2020-03-13,BN099,2020-03-13,1,typical,2020-03-07,2020-03-13,7,0,0.21280403407556356,images/typical/BN099/2020-03-13.png
BN099_2020-03-14,BN099,2020-03-14,1,typical,2020-03-08,2020-03-14,7,0,0.23586112859798927,images/typical/BN099/2020-03-14.png
BN099_2020-03-15,BN099,2020-03-15,1,typical,2020-03-09,2020-03-15,7,0,0.1967525452987693,images/typical/BN099/2020-03-15.png
BN099_2020-03-16,BN099,2020-03-16,1,typical,2020-03-10,2020-03-16,7,0,0.16081627648012548,images/typical/BN099/2020-03-16.png
BN099_2020-03-17,BN099,2020-03-17,1,typical,2020-03-11,2020-03-17,7,0,0.1806336022098762,images/typical/BN099/2020-03-17.png
BN099_2020-03-18,BN099,2020-03-18,1,typical,2020-03-12,2020-03-18,7,0,0.2683540890237512,images/typical/BN099/2020-03-18.png
BN099_2020-03-19,BN099,2020-03-19,1,typical,2020-03-13,2020-03-19,7,0,0.4007042722823759,images/typical/BN099/2020-03-19.png
BN099_2020-03-20,BN099,2020-03-20,1,typical,2020-03-14,2020-03-20,7,0,0.4690447654879257,images/typical/BN099/2020-03-20.png
BN099_2020-03-21,BN099,2020-03-21,1,typical,2020-03-15,2020-03-21,7,0,0.46091938524429715,images/typical/BN099/2020-03-21.png
BN099_2020-03-22,BN099,2020-03-22,1,typical,2020-03-16,2020-03-22,7,0,0.4863560245790171,images/typical/BN099/2020-03-22.png
BN099_2020-03-23,BN099,2020-03-23,1,typical,2020-03-17,2020-03-23,7,0,0.5104066574344691,images/typical/BN099/2020-03-23.png
BN099_2020-03-24,BN099,2020-03-24,1,typical,2020-03-18,2020-03-24,7,0,0.4384771989695266,images/typical/BN099/2020-03-24.png
BN099_2020-03-25,BN099,2020-03-25,1,typical,2020-03-19,2020-03-25,7,0,0.4089492931999483,images/typical/BN099/2020-03-25.png
BN099_2020-03-26,BN099,2020-03-26,1,typical,2020-03-20,2020-03-26,7,0,0.37903208317489534,images/typical/BN099/2020-03-26.png
BN099_2020-03-27,BN099,2020-03-27,1,typical,2020-03-21,2020-03-27,7,0,0.38952154859714205,images/typical/BN099/2020-03-27.png
BN099_2020-03-28,BN099,2020-03-28,1,typical,2020-03-22,2020-03-28,7,0,0.3630565692288433,images/typical/BN099/2020-03-28.png
BN099_2020-03-29,BN099,2020-03-29,1,typical,2020-03-23,2020-03-29,7,0,0.2858348587808047,images/typical/BN099/2020-03-29.png
BN099_2020-03-30,BN099,2020-03-30,1,typical,2020-03-24,2020-03-30,7,0,0.35918454973691266,images/typical/BN099/2020-03-30.png
BN099_2020-03-31,BN099,2020-03-31,1,typical,2020-03-25,2020-03-31,7,0,0.3916151912223348,images/typical/BN099/2020-03-31.png
BN099_2020-04-01,BN099,2020-04-01,1,typical,2020-03-26,2020-04-01,7,0,0.3913154540856997,images/typical/BN099/2020-04-01.png
BN099_2020-04-02,BN099,2020-04-02,1,typical,2020-03-27,2020-04-02,7,0,0.33902006749586655,images/typical/BN099/2020-04-02.png
BN099_2020-04-03,BN099,2020-04-03,1,typical,2020-03-28,2020-04-03,7,0,0.5985778071483115,images/typical/BN099/2020-04-03.png
BN099_2020-04-04,BN099,2020-04-04,1,typical,2020-03-29,2020-04-04,7,0,0.6194558497670009,images/typical/BN099/2020-04-04.png
BN099_2020-04-05,BN099,2020-04-05,1,typical,2020-03-30,2020-04-05,7,0,0.6188378619152155,images/typical/BN099/2020-04-05.png
BN099_2020-04-06,BN099,2020-04-06,1,typical,2020-03-31,2020-04-06,7,0,0.6174045803100504,images/typical/BN099/2020-04-06.png
BN099_2020-04-07,BN099,2020-04-07,1,typical,2020-04-01,2020-04-07,7,0,0.6692122490881968,images/typical/BN099/2020-04-07.png
BN099_2020-04-08,BN099,2020-04-08,1,typical,2020-04-02,2020-04-08,7,0,0.6232208099309009,images/typical/BN099/2020-04-08.png
BN099_2020-04-09,BN099,2020-04-09,1,typical,2020-04-03,2020-04-09,7,0,0.6238402986794656,images/typical/BN099/2020-04-09.png
BN099_2020-04-10,BN099,2020-04-10,1,typical,2020-04-04,2020-04-10,7,0,0.6625515584521847,images/typical/BN099/2020-04-10.png
BN099_2020-04-11,BN099,2020-04-11,1,typical,2020-04-05,2020-04-11,7,0,0.6029411407725415,images/typical/BN099/2020-04-11.png
BN099_2020-04-12,BN099,2020-04-12,1,typical,2020-04-06,2020-04-12,7,0,0.6070025892377097,images/typical/BN099/2020-04-12.png
BN099_2020-04-13,BN099,2020-04-13,1,typical,2020-04-07,2020-04-13,7,0,0.6011955299358,images/typical/BN099/2020-04-13.png
BN099_2020-04-14,BN099,2020-04-14,1,typical,2020-04-08,2020-04-14,7,0,0.5974714967935946,images/typical/BN099/2020-04-14.png
BN099_2020-04-15,BN099,2020-04-15,1,typical,2020-04-09,2020-04-15,7,0,0.5881184670521336,images/typical/BN099/2020-04-15.png
BN099_2020-04-16,BN099,2020-04-16,1,typical,2020-04-10,2020-04-16,7,0,0.5827217963038873,images/typical/BN099/2020-04-16.png
BN099_2020-04-17,BN099,2020-04-17,1,typical,2020-04-11,2020-04-17,7,0,0.5670712588534882,images/typical/BN099/2020-04-17.png
BN099_2020-04-18,BN099,2020-04-18,1,typical,2020-04-12,2020-04-18,7,0,0.539309105612295,images/typical/BN099/2020-04-18.png
BN099_2020-04-19,BN099,2020-04-19,1,typical,2020-04-13,2020-04-19,7,0,0.6419273475748087,images/typical/BN099/2020-04-19.png
BN099_2020-04-20,BN099,2020-04-20,1,typical,2020-04-14,2020-04-20,7,0,0.56767053206673,images/typical/BN099/2020-04-20.png
BN099_2020-04-21,BN099,2020-04-21,1,typical,2020-04-15,2020-04-21,7,0,0.6153965719778982,images/typical/BN099/2020-04-21.png
BN099_2020-04-22,BN099,2020-04-22,1,typical,2020-04-16,2020-04-22,7,0,0.6094213064219882,images/typical/BN099/2020-04-22.png
BN099_2020-04-23,BN099,2020-04-23,1,typical,2020-04-17,2020-04-23,7,0,0.6070468573442338,images/typical/BN099/2020-04-23.png
BN099_2020-04-24,BN099,2020-04-24,1,typical,2020-04-18,2020-04-24,7,0,0.6071208998446036,images/typical/BN099/2020-04-24.png
BN099_2020-04-25,BN099,2020-04-25,1,typical,2020-04-19,2020-04-25,7,0,0.6068536911195629,images/typical/BN099/2020-04-25.png
BN099_2020-04-26,BN099,2020-04-26,1,typical,2020-04-20,2020-04-26,7,0,0.4353320040772462,images/typical/BN099/2020-04-26.png
BN099_2020-04-27,BN099,2020-04-27,1,typical,2020-04-21,2020-04-27,7,0,0.43928100868076114,images/typical/BN099/2020-04-27.png
BN099_2020-04-28,BN099,2020-04-28,1,typical,2020-04-22,2020-04-28,7,0,0.636160163760983,images/typical/BN099/2020-04-28.png
BN099_2020-04-29,BN099,2020-04-29,1,typical,2020-04-23,2020-04-29,7,0,0.6479365647368694,images/typical/BN099/2020-04-29.png
BN099_2020-04-30,BN099,2020-04-30,1,typical,2020-04-24,2020-04-30,7,0,0.6276256700141273,images/typical/BN099/2020-04-30.png
BN099_2020-05-01,BN099,2020-05-01,1,typical,2020-04-25,2020-05-01,7,0,0.638270579646887,images/typical/BN099/2020-05-01.png
BN099_2020-05-02,BN099,2020-05-02,1,typical,2020-04-26,2020-05-02,7,0,0.6506380701901847,images/typical/BN099/2020-05-02.png
BN099_2020-05-03,BN099,2020-05-03,1,typical,2020-04-27,2020-05-03,7,0,0.6634888695899838,images/typical/BN099/2020-05-03.png
BN099_2020-05-04,BN099,2020-05-04,1,typical,2020-04-28,2020-05-04,7,0,0.6729013230880605,images/typical/BN099/2020-05-04.png
BN099_2020-05-05,BN099,2020-05-05,1,typical,2020-04-29,2020-05-05,7,0,0.621440334519469,images/typical/BN099/2020-05-05.png
BN099_2020-05-06,BN099,2020-05-06,1,typical,2020-04-30,2020-05-06,7,0,0.6479889006894444,images/typical/BN099/2020-05-06.png
BN099_2020-05-07,BN099,2020-05-07,1,typical,2020-05-01,2020-05-07,7,0,0.5950792175672952,images/typical/BN099/2020-05-07.png
BN099_2020-05-08,BN099,2020-05-08,1,typical,2020-05-02,2020-05-08,7,0,0.5898784874814199,images/typical/BN099/2020-05-08.png
BN099_2020-05-09,BN099,2020-05-09,1,typical,2020-05-03,2020-05-09,7,0,0.5980245702079292,images/typical/BN099/2020-05-09.png
BN099_2020-05-10,BN099,2020-05-10,1,typical,2020-05-04,2020-05-10,7,0,0.4538910540309102,images/typical/BN099/2020-05-10.png
BN099_2020-05-11,BN099,2020-05-11,1,typical,2020-05-05,2020-05-11,7,0,0.452866176667407,images/typical/BN099/2020-05-11.png
BN099_2020-05-12,BN099,2020-05-12,1,typical,2020-05-06,2020-05-12,7,0,0.45506153016676626,images/typical/BN099/2020-05-12.png
BN099_2020-05-13,BN099,2020-05-13,1,typical,2020-05-07,2020-05-13,7,0,0.44737603392655995,images/typical/BN099/2020-05-13.png
BN099_2020-05-14,BN099,2020-05-14,1,typical,2020-05-08,2020-05-14,7,0,0.4398250598893323,images/typical/BN099/2020-05-14.png
BN099_2020-05-15,BN099,2020-05-15,1,typical,2020-05-09,2020-05-15,7,0,0.6261485214648117,images/typical/BN099/2020-05-15.png
BN099_2020-05-16,BN099,2020-05-16,1,typical,2020-05-10,2020-05-16,7,0,0.6250141646012155,images/typical/BN099/2020-05-16.png
BN099_2020-05-17,BN099,2020-05-17,1,typical,2020-05-11,2020-05-17,7,0,0.6318134961227518,images/typical/BN099/2020-05-17.png
BN099_2020-05-18,BN099,2020-05-18,1,typical,2020-05-12,2020-05-18,7,0,0.6261313125943343,images/typical/BN099/2020-05-18.png
BN099_2020-05-19,BN099,2020-05-19,1,typical,2020-05-13,2020-05-19,7,0,0.625647040312532,images/typical/BN099/2020-05-19.png
BN099_2020-05-20,BN099,2020-05-20,1,typical,2020-05-14,2020-05-20,7,0,0.6181633153628641,images/typical/BN099/2020-05-20.png
BN099_2020-05-21,BN099,2020-05-21,1,typical,2020-05-15,2020-05-21,7,0,0.7271217092246601,images/typical/BN099/2020-05-21.png
BN099_2020-05-22,BN099,2020-05-22,1,typical,2020-05-16,2020-05-22,7,0,0.6858253328863789,images/typical/BN099/2020-05-22.png
BN099_2020-05-23,BN099,2020-05-23,1,typical,2020-05-17,2020-05-23,7,0,0.6366332907823506,images/typical/BN099/2020-05-23.png
BN099_2020-05-24,BN099,2020-05-24,1,typical,2020-05-18,2020-05-24,7,0,0.6056865177492978,images/typical/BN099/2020-05-24.png
BN099_2020-05-25,BN099,2020-05-25,1,typical,2020-05-19,2020-05-25,7,0,0.5613636855357537,images/typical/BN099/2020-05-25.png
BN099_2020-05-26,BN099,2020-05-26,1,typical,2020-05-20,2020-05-26,7,0,0.5676642103164404,images/typical/BN099/2020-05-26.png
BN099_2020-05-27,BN099,2020-05-27,1,typical,2020-05-21,2020-05-27,7,0,0.5784113317603146,images/typical/BN099/2020-05-27.png
BN099_2020-05-28,BN099,2020-05-28,1,typical,2020-05-22,2020-05-28,7,0,0.569533025852929,images/typical/BN099/2020-05-28.png
BN099_2020-05-29,BN099,2020-05-29,1,typical,2020-05-23,2020-05-29,7,0,0.6184379736281368,images/typical/BN099/2020-05-29.png
BN099_2020-05-30,BN099,2020-05-30,1,typical,2020-05-24,2020-05-30,7,0,0.6139767353333369,images/typical/BN099/2020-05-30.png
BN099_2020-05-31,BN099,2020-05-31,1,typical,2020-05-25,2020-05-31,7,0,0.6639130274100556,images/typical/BN099/2020-05-31.png
BN099_2020-06-01,BN099,2020-06-01,1,typical,2020-05-26,2020-06-01,7,0,0.6964027295201707,images/typical/BN099/2020-06-01.png
BN099_2020-06-02,BN099,2020-06-02,1,typical,2020-05-27,2020-06-02,7,0,0.6697833406386375,images/typical/BN099/2020-06-02.png
BN099_2020-06-03,BN099,2020-06-03,1,typical,2020-05-28,2020-06-03,7,0,0.6215703589148669,images/typical/BN099/2020-06-03.png
BN099_2020-06-04,BN099,2020-06-04,1,typical,2020-05-29,2020-06-04,7,0,0.4381846476141198,images/typical/BN099/2020-06-04.png
BN099_2020-06-05,BN099,2020-06-05,1,typical,2020-05-30,2020-06-05,7,0,0.6120896258355522,images/typical/BN099/2020-06-05.png
BN099_2020-06-06,BN099,2020-06-06,1,typical,2020-05-31,2020-06-06,7,0,0.6100769334801883,images/typical/BN099/2020-06-06.png
BN099_2020-06-07,BN099,2020-06-07,1,typical,2020-06-01,2020-06-07,7,0,0.6089435005673635,images/typical/BN099/2020-06-07.png
BN099_2020-06-08,BN099,2020-06-08,1,typical,2020-06-02,2020-06-08,7,0,0.6202181539351729,images/typical/BN099/2020-06-08.png
BN099_2020-06-09,BN099,2020-06-09,1,typical,2020-06-03,2020-06-09,7,0,0.6228177365412855,images/typical/BN099/2020-06-09.png
BN099_2020-06-10,BN099,2020-06-10,1,typical,2020-06-04,2020-06-10,7,0,0.624051074960836,images/typical/BN099/2020-06-10.png
BN099_2020-06-11,BN099,2020-06-11,1,typical,2020-06-05,2020-06-11,7,0,0.619498514951533,images/typical/BN099/2020-06-11.png
BN099_2020-06-12,BN099,2020-06-12,1,typical,2020-06-06,2020-06-12,7,0,0.6117163732163552,images/typical/BN099/2020-06-12.png
BN099_2020-06-13,BN099,2020-06-13,1,typical,2020-06-07,2020-06-13,7,0,0.6206568459151142,images/typical/BN099/2020-06-13.png
BN099_2020-06-14,BN099,2020-06-14,1,typical,2020-06-08,2020-06-14,7,0,0.6285801991044913,images/typical/BN099/2020-06-14.png
BN099_2020-06-15,BN099,2020-06-15,1,typical,2020-06-09,2020-06-15,7,0,0.6296273144797916,images/typical/BN099/2020-06-15.png
BN099_2020-06-16,BN099,2020-06-16,1,typical,2020-06-10,2020-06-16,7,0,0.6339138052413764,images/typical/BN099/2020-06-16.png
BN099_2020-06-17,BN099,2020-06-17,1,typical,2020-06-11,2020-06-17,7,0,0.6341751219186773,images/typical/BN099/2020-06-17.png
BN099_2020-06-18,BN099,2020-06-18,1,typical,2020-06-12,2020-06-18,7,0,0.6346811392925553,images/typical/BN099/2020-06-18.png
BN099_2020-06-19,BN099,2020-06-19,1,typical,2020-06-13,2020-06-19,7,0,0.6344766473666816,images/typical/BN099/2020-06-19.png
BN099_2020-06-20,BN099,2020-06-20,1,typical,2020-06-14,2020-06-20,7,0,0.5192594226890959,images/typical/BN099/2020-06-20.png
BN099_2020-06-21,BN099,2020-06-21,1,typical,2020-06-15,2020-06-21,7,0,0.4642479525206509,images/typical/BN099/2020-06-21.png
BN099_2020-06-22,BN099,2020-06-22,1,typical,2020-06-16,2020-06-22,7,0,0.5052735190075365,images/typical/BN099/2020-06-22.png
BN099_2020-06-23,BN099,2020-06-23,1,typical,2020-06-17,2020-06-23,7,0,0.14769861794978373,images/typical/BN099/2020-06-23.png
BN099_2020-06-24,BN099,2020-06-24,1,typical,2020-06-18,2020-06-24,7,0,0.5245711335470222,images/typical/BN099/2020-06-24.png
BN099_2020-06-25,BN099,2020-06-25,1,typical,2020-06-19,2020-06-25,7,0,0.20320798650842317,images/typical/BN099/2020-06-25.png
BN099_2020-06-26,BN099,2020-06-26,1,typical,2020-06-20,2020-06-26,7,0,0.19394713230851462,images/typical/BN099/2020-06-26.png
BN099_2020-06-27,BN099,2020-06-27,1,typical,2020-06-21,2020-06-27,7,0,0.1999693711712972,images/typical/BN099/2020-06-27.png
BN099_2020-06-28,BN099,2020-06-28,1,typical,2020-06-22,2020-06-28,7,0,0.19557379555623478,images/typical/BN099/2020-06-28.png
BN099_2020-06-29,BN099,2020-06-29,1,typical,2020-06-23,2020-06-29,7,0,0.19006144005579345,images/typical/BN099/2020-06-29.png
BN099_2020-06-30,BN099,2020-06-30,1,typical,2020-06-24,2020-06-30,7,0,0.18408851616114288,images/typical/BN099/2020-06-30.png
BN100_2019-07-31,BN100,2019-07-31,2,peak dominant,2019-07-25,2019-07-31,7,0,0.23964915870242426,images/peak_dominant/BN100/2019-07-31.png
BN100_2019-08-01,BN100,2019-08-01,0,low activity,2019-07-26,2019-08-01,7,0,0.24041651993989355,images/low_activity/BN100/2019-08-01.png
BN100_2019-08-02,BN100,2019-08-02,0,low activity,2019-07-27,2019-08-02,7,0,0.2442828906905662,images/low_activity/BN100/2019-08-02.png
BN100_2019-08-03,BN100,2019-08-03,2,peak dominant,2019-07-28,2019-08-03,7,0,0.36585116473895246,images/peak_dominant/BN100/2019-08-03.png
BN100_2019-08-04,BN100,2019-08-04,2,peak dominant,2019-07-29,2019-08-04,7,0,0.29057977492658266,images/peak_dominant/BN100/2019-08-04.png
BN100_2019-08-05,BN100,2019-08-05,2,peak dominant,2019-07-30,2019-08-05,7,0,0.27154220332132734,images/peak_dominant/BN100/2019-08-05.png
BN100_2019-08-06,BN100,2019-08-06,2,peak dominant,2019-07-31,2019-08-06,7,0,0.24864051476621601,images/peak_dominant/BN100/2019-08-06.png
BN100_2019-08-07,BN100,2019-08-07,2,peak dominant,2019-08-01,2019-08-07,7,0,0.24347284221368684,images/peak_dominant/BN100/2019-08-07.png
BN100_2019-08-08,BN100,2019-08-08,2,peak dominant,2019-08-02,2019-08-08,7,0,0.2528721818133514,images/peak_dominant/BN100/2019-08-08.png
BN100_2019-08-09,BN100,2019-08-09,2,peak dominant,2019-08-03,2019-08-09,7,0,0.2736307369038171,images/peak_dominant/BN100/2019-08-09.png
BN100_2019-08-10,BN100,2019-08-10,1,typical,2019-08-04,2019-08-10,7,0,0.2709980371081157,images/typical/BN100/2019-08-10.png
BN100_2019-08-11,BN100,2019-08-11,0,low activity,2019-08-05,2019-08-11,7,0,0.3087344276437692,images/low_activity/BN100/2019-08-11.png
BN100_2019-08-12,BN100,2019-08-12,2,peak dominant,2019-08-06,2019-08-12,7,0,0.2900038006296554,images/peak_dominant/BN100/2019-08-12.png
BN100_2019-08-13,BN100,2019-08-13,2,peak dominant,2019-08-07,2019-08-13,7,0,0.29870445014730984,images/peak_dominant/BN100/2019-08-13.png
BN100_2019-08-14,BN100,2019-08-14,2,peak dominant,2019-08-08,2019-08-14,7,0,0.296575269183311,images/peak_dominant/BN100/2019-08-14.png
BN100_2019-08-15,BN100,2019-08-15,2,peak dominant,2019-08-09,2019-08-15,7,0,0.29283744323234734,images/peak_dominant/BN100/2019-08-15.png
BN100_2019-08-16,BN100,2019-08-16,0,low activity,2019-08-10,2019-08-16,7,0,0.3112397855690533,images/low_activity/BN100/2019-08-16.png
BN100_2019-08-17,BN100,2019-08-17,2,peak dominant,2019-08-11,2019-08-17,7,0,0.2813547368100206,images/peak_dominant/BN100/2019-08-17.png
BN100_2019-08-18,BN100,2019-08-18,0,low activity,2019-08-12,2019-08-18,7,0,0.32100449659241365,images/low_activity/BN100/2019-08-18.png
BN100_2019-08-19,BN100,2019-08-19,2,peak dominant,2019-08-13,2019-08-19,7,0,0.3317571957435579,images/peak_dominant/BN100/2019-08-19.png
BN100_2019-08-20,BN100,2019-08-20,2,peak dominant,2019-08-14,2019-08-20,7,0,0.3180804763706746,images/peak_dominant/BN100/2019-08-20.png
BN100_2019-08-21,BN100,2019-08-21,2,peak dominant,2019-08-15,2019-08-21,7,0,0.31128384557881367,images/peak_dominant/BN100/2019-08-21.png
BN100_2019-08-22,BN100,2019-08-22,2,peak dominant,2019-08-16,2019-08-22,7,0,0.3214263977558437,images/peak_dominant/BN100/2019-08-22.png
BN100_2019-08-23,BN100,2019-08-23,2,peak dominant,2019-08-17,2019-08-23,7,0,0.3184582840806739,images/peak_dominant/BN100/2019-08-23.png
BN100_2019-08-24,BN100,2019-08-24,0,low activity,2019-08-18,2019-08-24,7,0,0.40482381127957257,images/low_activity/BN100/2019-08-24.png
BN100_2019-08-25,BN100,2019-08-25,0,low activity,2019-08-19,2019-08-25,7,0,0.3444149078064972,images/low_activity/BN100/2019-08-25.png
BN100_2019-08-26,BN100,2019-08-26,2,peak dominant,2019-08-20,2019-08-26,7,0,0.328945366300506,images/peak_dominant/BN100/2019-08-26.png
BN100_2019-08-27,BN100,2019-08-27,2,peak dominant,2019-08-21,2019-08-27,7,0,0.25975085306938583,images/peak_dominant/BN100/2019-08-27.png
BN100_2019-08-28,BN100,2019-08-28,2,peak dominant,2019-08-22,2019-08-28,7,0,0.2214179662392535,images/peak_dominant/BN100/2019-08-28.png
BN100_2019-08-29,BN100,2019-08-29,2,peak dominant,2019-08-23,2019-08-29,7,0,0.21536522719968107,images/peak_dominant/BN100/2019-08-29.png
BN100_2019-08-30,BN100,2019-08-30,2,peak dominant,2019-08-24,2019-08-30,7,0,0.218275947014259,images/peak_dominant/BN100/2019-08-30.png
BN100_2019-08-31,BN100,2019-08-31,2,peak dominant,2019-08-25,2019-08-31,7,0,0.39502202919436463,images/peak_dominant/BN100/2019-08-31.png
BN100_2019-09-01,BN100,2019-09-01,0,low activity,2019-08-26,2019-09-01,7,0,0.3759090225919135,images/low_activity/BN100/2019-09-01.png
BN100_2019-09-02,BN100,2019-09-02,0,low activity,2019-08-27,2019-09-02,7,0,0.22878628698082942,images/low_activity/BN100/2019-09-02.png
BN100_2019-09-03,BN100,2019-09-03,2,peak dominant,2019-08-28,2019-09-03,7,0,0.216243387562087,images/peak_dominant/BN100/2019-09-03.png
BN100_2019-09-04,BN100,2019-09-04,2,peak dominant,2019-08-29,2019-09-04,7,0,0.20643367272511964,images/peak_dominant/BN100/2019-09-04.png
BN100_2019-09-05,BN100,2019-09-05,2,peak dominant,2019-08-30,2019-09-05,7,0,0.17991620857399365,images/peak_dominant/BN100/2019-09-05.png
BN100_2019-09-06,BN100,2019-09-06,2,peak dominant,2019-08-31,2019-09-06,7,0,0.1789760433728194,images/peak_dominant/BN100/2019-09-06.png
BN100_2019-09-07,BN100,2019-09-07,0,low activity,2019-09-01,2019-09-07,7,0,0.13419016296338537,images/low_activity/BN100/2019-09-07.png
BN100_2019-09-08,BN100,2019-09-08,0,low activity,2019-09-02,2019-09-08,7,0,0.09992352547307978,images/low_activity/BN100/2019-09-08.png
BN100_2019-09-09,BN100,2019-09-09,2,peak dominant,2019-09-03,2019-09-09,7,0,0.23082976542433217,images/peak_dominant/BN100/2019-09-09.png
BN100_2019-09-10,BN100,2019-09-10,2,peak dominant,2019-09-04,2019-09-10,7,0,0.24406292605560895,images/peak_dominant/BN100/2019-09-10.png
BN100_2019-09-11,BN100,2019-09-11,2,peak dominant,2019-09-05,2019-09-11,7,0,0.2533240616678946,images/peak_dominant/BN100/2019-09-11.png
BN100_2019-09-12,BN100,2019-09-12,2,peak dominant,2019-09-06,2019-09-12,7,0,0.2889401603761953,images/peak_dominant/BN100/2019-09-12.png
BN100_2019-09-13,BN100,2019-09-13,1,typical,2019-09-07,2019-09-13,7,0,0.30001038555763043,images/typical/BN100/2019-09-13.png
BN100_2019-09-14,BN100,2019-09-14,0,low activity,2019-09-08,2019-09-14,7,0,0.2929841067408706,images/low_activity/BN100/2019-09-14.png
BN100_2019-09-15,BN100,2019-09-15,0,low activity,2019-09-09,2019-09-15,7,0,0.28914519100240577,images/low_activity/BN100/2019-09-15.png
BN100_2019-09-16,BN100,2019-09-16,2,peak dominant,2019-09-10,2019-09-16,7,0,0.3265815908524437,images/peak_dominant/BN100/2019-09-16.png
BN100_2019-09-17,BN100,2019-09-17,2,peak dominant,2019-09-11,2019-09-17,7,0,0.36766413527779523,images/peak_dominant/BN100/2019-09-17.png
BN100_2019-09-18,BN100,2019-09-18,2,peak dominant,2019-09-12,2019-09-18,7,0,0.38664297346466925,images/peak_dominant/BN100/2019-09-18.png
BN100_2019-09-19,BN100,2019-09-19,2,peak dominant,2019-09-13,2019-09-19,7,0,0.39180659265700774,images/peak_dominant/BN100/2019-09-19.png
BN100_2019-09-20,BN100,2019-09-20,0,low activity,2019-09-14,2019-09-20,7,0,0.40669015367565403,images/low_activity/BN100/2019-09-20.png
BN100_2019-09-21,BN100,2019-09-21,0,low activity,2019-09-15,2019-09-21,7,0,0.3549612917514217,images/low_activity/BN100/2019-09-21.png
BN100_2019-09-22,BN100,2019-09-22,0,low activity,2019-09-16,2019-09-22,7,0,0.37274837427047824,images/low_activity/BN100/2019-09-22.png
BN100_2019-09-23,BN100,2019-09-23,1,typical,2019-09-17,2019-09-23,7,0,0.33595334019985695,images/typical/BN100/2019-09-23.png
BN100_2019-09-24,BN100,2019-09-24,2,peak dominant,2019-09-18,2019-09-24,7,0,0.33993085778832,images/peak_dominant/BN100/2019-09-24.png
BN100_2019-09-25,BN100,2019-09-25,1,typical,2019-09-19,2019-09-25,7,0,0.2872457519021944,images/typical/BN100/2019-09-25.png
BN100_2019-09-26,BN100,2019-09-26,2,peak dominant,2019-09-20,2019-09-26,7,0,0.22991315370711524,images/peak_dominant/BN100/2019-09-26.png
BN100_2019-09-27,BN100,2019-09-27,2,peak dominant,2019-09-21,2019-09-27,7,0,0.23291291975996178,images/peak_dominant/BN100/2019-09-27.png
BN100_2019-09-28,BN100,2019-09-28,1,typical,2019-09-22,2019-09-28,7,0,0.2855701930193701,images/typical/BN100/2019-09-28.png
BN100_2019-09-29,BN100,2019-09-29,0,low activity,2019-09-23,2019-09-29,7,0,0.2697055964662113,images/low_activity/BN100/2019-09-29.png
BN100_2019-09-30,BN100,2019-09-30,2,peak dominant,2019-09-24,2019-09-30,7,0,0.2574454840893471,images/peak_dominant/BN100/2019-09-30.png
BN100_2019-10-01,BN100,2019-10-01,2,peak dominant,2019-09-25,2019-10-01,7,0,0.24591181753752148,images/peak_dominant/BN100/2019-10-01.png
BN100_2019-10-02,BN100,2019-10-02,2,peak dominant,2019-09-26,2019-10-02,7,0,0.25138392918057156,images/peak_dominant/BN100/2019-10-02.png
BN100_2019-10-03,BN100,2019-10-03,2,peak dominant,2019-09-27,2019-10-03,7,0,0.23702339745653847,images/peak_dominant/BN100/2019-10-03.png
BN100_2019-10-04,BN100,2019-10-04,2,peak dominant,2019-09-28,2019-10-04,7,0,0.24399080526051317,images/peak_dominant/BN100/2019-10-04.png
BN100_2019-10-05,BN100,2019-10-05,1,typical,2019-09-29,2019-10-05,7,0,0.22409728600492743,images/typical/BN100/2019-10-05.png
BN100_2019-10-06,BN100,2019-10-06,0,low activity,2019-09-30,2019-10-06,7,0,0.21716886041495473,images/low_activity/BN100/2019-10-06.png
BN100_2019-10-07,BN100,2019-10-07,2,peak dominant,2019-10-01,2019-10-07,7,0,0.216946016958959,images/peak_dominant/BN100/2019-10-07.png
BN100_2019-10-08,BN100,2019-10-08,2,peak dominant,2019-10-02,2019-10-08,7,0,0.22140259868340695,images/peak_dominant/BN100/2019-10-08.png
BN100_2019-10-09,BN100,2019-10-09,2,peak dominant,2019-10-03,2019-10-09,7,0,0.23032435059926318,images/peak_dominant/BN100/2019-10-09.png
BN100_2019-10-10,BN100,2019-10-10,2,peak dominant,2019-10-04,2019-10-10,7,0,0.23031574475060992,images/peak_dominant/BN100/2019-10-10.png
BN100_2019-10-11,BN100,2019-10-11,0,low activity,2019-10-05,2019-10-11,7,0,0.23595532373897887,images/low_activity/BN100/2019-10-11.png
BN100_2019-10-12,BN100,2019-10-12,0,low activity,2019-10-06,2019-10-12,7,0,0.20689189947892522,images/low_activity/BN100/2019-10-12.png
BN100_2019-10-13,BN100,2019-10-13,0,low activity,2019-10-07,2019-10-13,7,0,0.23284784455293567,images/low_activity/BN100/2019-10-13.png
BN100_2019-10-14,BN100,2019-10-14,2,peak dominant,2019-10-08,2019-10-14,7,0,0.2401201076990054,images/peak_dominant/BN100/2019-10-14.png
BN100_2019-10-15,BN100,2019-10-15,1,typical,2019-10-09,2019-10-15,7,0,0.2544426489083148,images/typical/BN100/2019-10-15.png
BN100_2019-10-16,BN100,2019-10-16,2,peak dominant,2019-10-10,2019-10-16,7,0,0.26293641024815023,images/peak_dominant/BN100/2019-10-16.png
BN100_2019-10-17,BN100,2019-10-17,2,peak dominant,2019-10-11,2019-10-17,7,0,0.2538701660831262,images/peak_dominant/BN100/2019-10-17.png
BN100_2019-10-18,BN100,2019-10-18,2,peak dominant,2019-10-12,2019-10-18,7,0,0.24142830948487487,images/peak_dominant/BN100/2019-10-18.png
BN100_2019-10-19,BN100,2019-10-19,1,typical,2019-10-13,2019-10-19,7,0,0.2367110225341296,images/typical/BN100/2019-10-19.png
BN100_2019-10-20,BN100,2019-10-20,0,low activity,2019-10-14,2019-10-20,7,0,0.28092906408585083,images/low_activity/BN100/2019-10-20.png
BN100_2019-10-21,BN100,2019-10-21,2,peak dominant,2019-10-15,2019-10-21,7,0,0.24910245492136526,images/peak_dominant/BN100/2019-10-21.png
BN100_2019-10-22,BN100,2019-10-22,1,typical,2019-10-16,2019-10-22,7,0,0.5710712016676615,images/typical/BN100/2019-10-22.png
BN100_2019-10-23,BN100,2019-10-23,1,typical,2019-10-17,2019-10-23,7,0,0.16681385637384352,images/typical/BN100/2019-10-23.png
BN100_2019-10-24,BN100,2019-10-24,1,typical,2019-10-18,2019-10-24,7,0,0.06438383114049652,images/typical/BN100/2019-10-24.png
BN100_2019-10-25,BN100,2019-10-25,1,typical,2019-10-19,2019-10-25,7,0,0.0989987797384715,images/typical/BN100/2019-10-25.png
BN100_2019-10-26,BN100,2019-10-26,1,typical,2019-10-20,2019-10-26,7,0,0.17723213119142478,images/typical/BN100/2019-10-26.png
BN100_2019-10-27,BN100,2019-10-27,1,typical,2019-10-21,2019-10-27,7,0,0.20109050440081844,images/typical/BN100/2019-10-27.png
BN100_2019-10-28,BN100,2019-10-28,1,typical,2019-10-22,2019-10-28,7,0,0.22266780355301433,images/typical/BN100/2019-10-28.png
BN100_2019-10-29,BN100,2019-10-29,1,typical,2019-10-23,2019-10-29,7,0,0.22570157322929127,images/typical/BN100/2019-10-29.png
BN100_2019-10-30,BN100,2019-10-30,1,typical,2019-10-24,2019-10-30,7,0,0.23002579232463144,images/typical/BN100/2019-10-30.png
BN100_2019-10-31,BN100,2019-10-31,1,typical,2019-10-25,2019-10-31,7,0,0.2315129349239827,images/typical/BN100/2019-10-31.png
BN100_2019-11-01,BN100,2019-11-01,1,typical,2019-10-26,2019-11-01,7,0,0.2258539305449697,images/typical/BN100/2019-11-01.png
BN100_2019-11-02,BN100,2019-11-02,1,typical,2019-10-27,2019-11-02,7,0,0.15774391331352727,images/typical/BN100/2019-11-02.png
BN100_2019-11-03,BN100,2019-11-03,1,typical,2019-10-28,2019-11-03,7,0,0.1547652661184332,images/typical/BN100/2019-11-03.png
BN100_2019-11-04,BN100,2019-11-04,1,typical,2019-10-29,2019-11-04,7,0,0.1567197638576987,images/typical/BN100/2019-11-04.png
BN100_2019-11-05,BN100,2019-11-05,1,typical,2019-10-30,2019-11-05,7,0,0.16008321921526547,images/typical/BN100/2019-11-05.png
BN100_2019-11-06,BN100,2019-11-06,1,typical,2019-10-31,2019-11-06,7,0,0.1614580908991809,images/typical/BN100/2019-11-06.png
BN100_2019-11-07,BN100,2019-11-07,1,typical,2019-11-01,2019-11-07,7,0,0.15817184199924686,images/typical/BN100/2019-11-07.png
BN100_2019-11-08,BN100,2019-11-08,1,typical,2019-11-02,2019-11-08,7,0,0.15682959258544416,images/typical/BN100/2019-11-08.png
BN100_2019-11-09,BN100,2019-11-09,1,typical,2019-11-03,2019-11-09,7,0,0.15148914095464058,images/typical/BN100/2019-11-09.png
BN100_2019-11-10,BN100,2019-11-10,1,typical,2019-11-04,2019-11-10,7,0,0.14687904371209912,images/typical/BN100/2019-11-10.png
BN100_2019-11-11,BN100,2019-11-11,1,typical,2019-11-05,2019-11-11,7,0,0.03711185646374211,images/typical/BN100/2019-11-11.png
BN100_2019-11-12,BN100,2019-11-12,1,typical,2019-11-06,2019-11-12,7,0,0.04868585997772294,images/typical/BN100/2019-11-12.png
BN100_2019-11-13,BN100,2019-11-13,1,typical,2019-11-07,2019-11-13,7,0,0.04398491933387076,images/typical/BN100/2019-11-13.png
BN100_2019-11-14,BN100,2019-11-14,1,typical,2019-11-08,2019-11-14,7,0,0.04345075547908957,images/typical/BN100/2019-11-14.png
BN100_2019-11-15,BN100,2019-11-15,1,typical,2019-11-09,2019-11-15,7,0,0.04207710565636001,images/typical/BN100/2019-11-15.png
BN100_2019-11-16,BN100,2019-11-16,1,typical,2019-11-10,2019-11-16,7,0,0.0503225253141578,images/typical/BN100/2019-11-16.png
BN100_2019-11-17,BN100,2019-11-17,1,typical,2019-11-11,2019-11-17,7,0,0.05065818019406912,images/typical/BN100/2019-11-17.png
BN100_2019-11-18,BN100,2019-11-18,1,typical,2019-11-12,2019-11-18,7,0,0.16746347859200733,images/typical/BN100/2019-11-18.png
BN100_2019-11-19,BN100,2019-11-19,1,typical,2019-11-13,2019-11-19,7,0,0.1686353249983096,images/typical/BN100/2019-11-19.png
BN100_2019-11-20,BN100,2019-11-20,1,typical,2019-11-14,2019-11-20,7,0,0.16233638797906327,images/typical/BN100/2019-11-20.png
BN100_2019-11-21,BN100,2019-11-21,1,typical,2019-11-15,2019-11-21,7,0,0.15593178513847594,images/typical/BN100/2019-11-21.png
BN100_2019-11-22,BN100,2019-11-22,1,typical,2019-11-16,2019-11-22,7,0,0.16850303326804655,images/typical/BN100/2019-11-22.png
BN100_2019-11-23,BN100,2019-11-23,1,typical,2019-11-17,2019-11-23,7,0,0.171456424655677,images/typical/BN100/2019-11-23.png
BN100_2019-11-24,BN100,2019-11-24,1,typical,2019-11-18,2019-11-24,7,0,0.1785795338711042,images/typical/BN100/2019-11-24.png
BN100_2019-11-25,BN100,2019-11-25,1,typical,2019-11-19,2019-11-25,7,0,0.17840619382195125,images/typical/BN100/2019-11-25.png
BN100_2019-11-26,BN100,2019-11-26,1,typical,2019-11-20,2019-11-26,7,0,0.1780925156613359,images/typical/BN100/2019-11-26.png
BN100_2019-11-27,BN100,2019-11-27,1,typical,2019-11-21,2019-11-27,7,0,0.16492636007779762,images/typical/BN100/2019-11-27.png
BN100_2019-11-28,BN100,2019-11-28,0,low activity,2019-11-22,2019-11-28,7,0,0.05775902148185224,images/low_activity/BN100/2019-11-28.png
BN100_2019-11-29,BN100,2019-11-29,0,low activity,2019-11-23,2019-11-29,7,0,0.05583095529032853,images/low_activity/BN100/2019-11-29.png
BN100_2019-11-30,BN100,2019-11-30,1,typical,2019-11-24,2019-11-30,7,0,0.048670057628531535,images/typical/BN100/2019-11-30.png
BN100_2019-12-01,BN100,2019-12-01,1,typical,2019-11-25,2019-12-01,7,0,0.04825092315211786,images/typical/BN100/2019-12-01.png
BN100_2019-12-02,BN100,2019-12-02,1,typical,2019-11-26,2019-12-02,7,0,0.05135338398234465,images/typical/BN100/2019-12-02.png
BN100_2019-12-03,BN100,2019-12-03,1,typical,2019-11-27,2019-12-03,7,0,0.038145459675231704,images/typical/BN100/2019-12-03.png
BN100_2019-12-04,BN100,2019-12-04,1,typical,2019-11-28,2019-12-04,7,0,0.023904155496240437,images/typical/BN100/2019-12-04.png
BN100_2019-12-05,BN100,2019-12-05,1,typical,2019-11-29,2019-12-05,7,0,0.025384937589732707,images/typical/BN100/2019-12-05.png
BN100_2019-12-06,BN100,2019-12-06,1,typical,2019-11-30,2019-12-06,7,0,0.14799323351275248,images/typical/BN100/2019-12-06.png
BN100_2019-12-07,BN100,2019-12-07,1,typical,2019-12-01,2019-12-07,7,0,0.1609943735245812,images/typical/BN100/2019-12-07.png
BN100_2019-12-08,BN100,2019-12-08,1,typical,2019-12-02,2019-12-08,7,0,0.16108743651520468,images/typical/BN100/2019-12-08.png
BN100_2019-12-09,BN100,2019-12-09,1,typical,2019-12-03,2019-12-09,7,0,0.1592076336714282,images/typical/BN100/2019-12-09.png
BN100_2019-12-10,BN100,2019-12-10,1,typical,2019-12-04,2019-12-10,7,0,0.16304112556564052,images/typical/BN100/2019-12-10.png
BN100_2019-12-11,BN100,2019-12-11,1,typical,2019-12-05,2019-12-11,7,0,0.1696827095972448,images/typical/BN100/2019-12-11.png
BN100_2019-12-12,BN100,2019-12-12,1,typical,2019-12-06,2019-12-12,7,0,0.1766552833898573,images/typical/BN100/2019-12-12.png
BN100_2019-12-13,BN100,2019-12-13,1,typical,2019-12-07,2019-12-13,7,0,0.17679298215419453,images/typical/BN100/2019-12-13.png
BN100_2019-12-14,BN100,2019-12-14,1,typical,2019-12-08,2019-12-14,7,0,0.16078975276362864,images/typical/BN100/2019-12-14.png
BN100_2019-12-15,BN100,2019-12-15,0,low activity,2019-12-09,2019-12-15,7,0,0.1677825999622394,images/low_activity/BN100/2019-12-15.png
BN100_2019-12-16,BN100,2019-12-16,1,typical,2019-12-10,2019-12-16,7,0,0.16952539027650407,images/typical/BN100/2019-12-16.png
BN100_2019-12-17,BN100,2019-12-17,1,typical,2019-12-11,2019-12-17,7,0,0.16904694577511642,images/typical/BN100/2019-12-17.png
BN100_2019-12-18,BN100,2019-12-18,1,typical,2019-12-12,2019-12-18,7,0,0.17025490485155184,images/typical/BN100/2019-12-18.png
BN100_2019-12-19,BN100,2019-12-19,1,typical,2019-12-13,2019-12-19,7,0,0.16833446443365532,images/typical/BN100/2019-12-19.png
BN100_2019-12-20,BN100,2019-12-20,1,typical,2019-12-14,2019-12-20,7,0,0.16452314681487729,images/typical/BN100/2019-12-20.png
BN100_2019-12-21,BN100,2019-12-21,0,low activity,2019-12-15,2019-12-21,7,0,0.1353815203064812,images/low_activity/BN100/2019-12-21.png
BN100_2019-12-22,BN100,2019-12-22,0,low activity,2019-12-16,2019-12-22,7,0,0.13529060115665434,images/low_activity/BN100/2019-12-22.png
BN100_2019-12-23,BN100,2019-12-23,1,typical,2019-12-17,2019-12-23,7,0,0.11913002155262777,images/typical/BN100/2019-12-23.png
BN100_2019-12-24,BN100,2019-12-24,0,low activity,2019-12-18,2019-12-24,7,0,0.03703295818347156,images/low_activity/BN100/2019-12-24.png
BN100_2019-12-25,BN100,2019-12-25,0,low activity,2019-12-19,2019-12-25,7,0,0.07416017869531667,images/low_activity/BN100/2019-12-25.png
BN100_2019-12-26,BN100,2019-12-26,1,typical,2019-12-20,2019-12-26,7,0,0.04662388365596987,images/typical/BN100/2019-12-26.png
BN100_2019-12-27,BN100,2019-12-27,1,typical,2019-12-21,2019-12-27,7,0,0.038501142905360795,images/typical/BN100/2019-12-27.png
BN100_2019-12-28,BN100,2019-12-28,0,low activity,2019-12-22,2019-12-28,7,0,0.038377951459926736,images/low_activity/BN100/2019-12-28.png
BN100_2019-12-29,BN100,2019-12-29,0,low activity,2019-12-23,2019-12-29,7,0,0.037034450820503766,images/low_activity/BN100/2019-12-29.png
BN100_2019-12-30,BN100,2019-12-30,1,typical,2019-12-24,2019-12-30,7,0,0.09765493220239564,images/typical/BN100/2019-12-30.png
BN100_2019-12-31,BN100,2019-12-31,1,typical,2019-12-25,2019-12-31,7,0,0.0566708618707162,images/typical/BN100/2019-12-31.png
BN100_2020-01-01,BN100,2020-01-01,0,low activity,2019-12-26,2020-01-01,7,0,0.055810863955852906,images/low_activity/BN100/2020-01-01.png
BN100_2020-01-02,BN100,2020-01-02,1,typical,2019-12-27,2020-01-02,7,0,0.04119694246870868,images/typical/BN100/2020-01-02.png
BN100_2020-01-03,BN100,2020-01-03,1,typical,2019-12-28,2020-01-03,7,0,0.03976029986941394,images/typical/BN100/2020-01-03.png
BN100_2020-01-04,BN100,2020-01-04,0,low activity,2019-12-29,2020-01-04,7,0,0.03994309322904184,images/low_activity/BN100/2020-01-04.png
BN100_2020-01-05,BN100,2020-01-05,0,low activity,2019-12-30,2020-01-05,7,0,0.0394813927150213,images/low_activity/BN100/2020-01-05.png
BN100_2020-01-06,BN100,2020-01-06,1,typical,2019-12-31,2020-01-06,7,0,0.02750858583344028,images/typical/BN100/2020-01-06.png
BN100_2020-01-07,BN100,2020-01-07,1,typical,2020-01-01,2020-01-07,7,0,0.028512956533766304,images/typical/BN100/2020-01-07.png
BN100_2020-01-08,BN100,2020-01-08,1,typical,2020-01-02,2020-01-08,7,0,0.1323360993289515,images/typical/BN100/2020-01-08.png
BN100_2020-01-09,BN100,2020-01-09,1,typical,2020-01-03,2020-01-09,7,0,0.134900959993009,images/typical/BN100/2020-01-09.png
BN100_2020-01-10,BN100,2020-01-10,1,typical,2020-01-04,2020-01-10,7,0,0.13985824172571293,images/typical/BN100/2020-01-10.png
BN100_2020-01-11,BN100,2020-01-11,0,low activity,2020-01-05,2020-01-11,7,0,0.14126918111787168,images/low_activity/BN100/2020-01-11.png
BN100_2020-01-12,BN100,2020-01-12,0,low activity,2020-01-06,2020-01-12,7,0,0.14062130715987892,images/low_activity/BN100/2020-01-12.png
BN100_2020-01-13,BN100,2020-01-13,1,typical,2020-01-07,2020-01-13,7,0,0.14036026706000082,images/typical/BN100/2020-01-13.png
BN100_2020-01-14,BN100,2020-01-14,1,typical,2020-01-08,2020-01-14,7,0,0.13152811995076202,images/typical/BN100/2020-01-14.png
BN100_2020-01-15,BN100,2020-01-15,1,typical,2020-01-09,2020-01-15,7,0,0.13002453254103008,images/typical/BN100/2020-01-15.png
BN100_2020-01-16,BN100,2020-01-16,1,typical,2020-01-10,2020-01-16,7,0,0.12904073620612047,images/typical/BN100/2020-01-16.png
BN100_2020-01-17,BN100,2020-01-17,1,typical,2020-01-11,2020-01-17,7,0,0.13378514375687153,images/typical/BN100/2020-01-17.png
BN100_2020-01-18,BN100,2020-01-18,0,low activity,2020-01-12,2020-01-18,7,0,0.13393472860212371,images/low_activity/BN100/2020-01-18.png
BN100_2020-01-19,BN100,2020-01-19,0,low activity,2020-01-13,2020-01-19,7,0,0.13389556299557134,images/low_activity/BN100/2020-01-19.png
BN100_2020-01-20,BN100,2020-01-20,0,low activity,2020-01-14,2020-01-20,7,0,0.029790046170841623,images/low_activity/BN100/2020-01-20.png
BN100_2020-01-21,BN100,2020-01-21,1,typical,2020-01-15,2020-01-21,7,0,0.021439829282244794,images/typical/BN100/2020-01-21.png
BN100_2020-01-22,BN100,2020-01-22,1,typical,2020-01-16,2020-01-22,7,0,0.020494406872359303,images/typical/BN100/2020-01-22.png
BN100_2020-01-23,BN100,2020-01-23,1,typical,2020-01-17,2020-01-23,7,0,0.019832989539149574,images/typical/BN100/2020-01-23.png
BN100_2020-01-24,BN100,2020-01-24,1,typical,2020-01-18,2020-01-24,7,0,0.019411276550603342,images/typical/BN100/2020-01-24.png
BN100_2020-01-25,BN100,2020-01-25,0,low activity,2020-01-19,2020-01-25,7,0,0.04452753309961504,images/low_activity/BN100/2020-01-25.png
BN100_2020-01-26,BN100,2020-01-26,0,low activity,2020-01-20,2020-01-26,7,0,0.04510185299295752,images/low_activity/BN100/2020-01-26.png
BN100_2020-01-27,BN100,2020-01-27,1,typical,2020-01-21,2020-01-27,7,0,0.18272762602370632,images/typical/BN100/2020-01-27.png
BN100_2020-01-28,BN100,2020-01-28,1,typical,2020-01-22,2020-01-28,7,0,0.17417713014959038,images/typical/BN100/2020-01-28.png
BN100_2020-01-29,BN100,2020-01-29,1,typical,2020-01-23,2020-01-29,7,0,0.1727222757592088,images/typical/BN100/2020-01-29.png
BN100_2020-01-30,BN100,2020-01-30,1,typical,2020-01-24,2020-01-30,7,0,0.1676653776912388,images/typical/BN100/2020-01-30.png
BN100_2020-01-31,BN100,2020-01-31,1,typical,2020-01-25,2020-01-31,7,0,0.17881414896850406,images/typical/BN100/2020-01-31.png
BN100_2020-02-01,BN100,2020-02-01,0,low activity,2020-01-26,2020-02-01,7,0,0.15372447884195758,images/low_activity/BN100/2020-02-01.png
BN100_2020-02-02,BN100,2020-02-02,0,low activity,2020-01-27,2020-02-02,7,0,0.14129868930954742,images/low_activity/BN100/2020-02-02.png
BN100_2020-02-03,BN100,2020-02-03,1,typical,2020-01-28,2020-02-03,7,0,0.14063246438717922,images/typical/BN100/2020-02-03.png
BN100_2020-02-04,BN100,2020-02-04,1,typical,2020-01-29,2020-02-04,7,0,0.1372972150397385,images/typical/BN100/2020-02-04.png
BN100_2020-02-05,BN100,2020-02-05,1,typical,2020-01-30,2020-02-05,7,0,0.1307814200980693,images/typical/BN100/2020-02-05.png
BN100_2020-02-06,BN100,2020-02-06,2,peak dominant,2020-01-31,2020-02-06,7,0,0.1250433174443383,images/peak_dominant/BN100/2020-02-06.png
BN100_2020-02-07,BN100,2020-02-07,1,typical,2020-02-01,2020-02-07,7,0,0.13286601746257024,images/typical/BN100/2020-02-07.png
BN100_2020-02-08,BN100,2020-02-08,0,low activity,2020-02-02,2020-02-08,7,0,0.13161491362136277,images/low_activity/BN100/2020-02-08.png
BN100_2020-02-09,BN100,2020-02-09,0,low activity,2020-02-03,2020-02-09,7,0,0.1334803406299694,images/low_activity/BN100/2020-02-09.png
BN100_2020-02-10,BN100,2020-02-10,1,typical,2020-02-04,2020-02-10,7,0,0.1260356278450107,images/typical/BN100/2020-02-10.png
BN100_2020-02-11,BN100,2020-02-11,1,typical,2020-02-05,2020-02-11,7,0,0.13145062992480464,images/typical/BN100/2020-02-11.png
BN100_2020-02-12,BN100,2020-02-12,1,typical,2020-02-06,2020-02-12,7,0,0.1440880633371714,images/typical/BN100/2020-02-12.png
BN100_2020-02-13,BN100,2020-02-13,1,typical,2020-02-07,2020-02-13,7,0,0.14635445443552283,images/typical/BN100/2020-02-13.png
BN100_2020-02-14,BN100,2020-02-14,1,typical,2020-02-08,2020-02-14,7,0,0.13787884361886754,images/typical/BN100/2020-02-14.png
BN100_2020-02-15,BN100,2020-02-15,0,low activity,2020-02-09,2020-02-15,7,0,0.13555114237454247,images/low_activity/BN100/2020-02-15.png
BN100_2020-02-16,BN100,2020-02-16,0,low activity,2020-02-10,2020-02-16,7,0,0.14046116592191507,images/low_activity/BN100/2020-02-16.png
BN100_2020-02-17,BN100,2020-02-17,1,typical,2020-02-11,2020-02-17,7,0,0.13994923597039569,images/typical/BN100/2020-02-17.png
BN100_2020-02-18,BN100,2020-02-18,1,typical,2020-02-12,2020-02-18,7,0,0.14193485663953503,images/typical/BN100/2020-02-18.png
BN100_2020-02-19,BN100,2020-02-19,1,typical,2020-02-13,2020-02-19,7,0,0.14610485657090208,images/typical/BN100/2020-02-19.png
BN100_2020-02-20,BN100,2020-02-20,1,typical,2020-02-14,2020-02-20,7,0,0.14993326680247204,images/typical/BN100/2020-02-20.png
BN100_2020-02-21,BN100,2020-02-21,1,typical,2020-02-15,2020-02-21,7,0,0.14399580426123357,images/typical/BN100/2020-02-21.png
BN100_2020-02-22,BN100,2020-02-22,0,low activity,2020-02-16,2020-02-22,7,0,0.17363318704298927,images/low_activity/BN100/2020-02-22.png
BN100_2020-02-23,BN100,2020-02-23,0,low activity,2020-02-17,2020-02-23,7,0,0.17954084753991675,images/low_activity/BN100/2020-02-23.png
BN100_2020-02-24,BN100,2020-02-24,1,typical,2020-02-18,2020-02-24,7,0,0.17620685380055764,images/typical/BN100/2020-02-24.png
BN100_2020-02-25,BN100,2020-02-25,1,typical,2020-02-19,2020-02-25,7,0,0.1709327318480865,images/typical/BN100/2020-02-25.png
BN100_2020-02-26,BN100,2020-02-26,1,typical,2020-02-20,2020-02-26,7,0,0.16833142713637295,images/typical/BN100/2020-02-26.png
BN100_2020-02-27,BN100,2020-02-27,1,typical,2020-02-21,2020-02-27,7,0,0.16797616030626214,images/typical/BN100/2020-02-27.png
BN100_2020-02-28,BN100,2020-02-28,1,typical,2020-02-22,2020-02-28,7,0,0.16257162652371032,images/typical/BN100/2020-02-28.png
BN100_2020-02-29,BN100,2020-02-29,0,low activity,2020-02-23,2020-02-29,7,0,0.13391311813680895,images/low_activity/BN100/2020-02-29.png
BN100_2020-03-01,BN100,2020-03-01,0,low activity,2020-02-24,2020-03-01,7,0,0.13134144229079178,images/low_activity/BN100/2020-03-01.png
BN100_2020-03-02,BN100,2020-03-02,1,typical,2020-02-25,2020-03-02,7,0,0.13313465220766577,images/typical/BN100/2020-03-02.png
BN100_2020-03-03,BN100,2020-03-03,1,typical,2020-02-26,2020-03-03,7,0,0.13415740846296706,images/typical/BN100/2020-03-03.png
BN100_2020-03-04,BN100,2020-03-04,1,typical,2020-02-27,2020-03-04,7,0,0.13629028552012734,images/typical/BN100/2020-03-04.png
BN100_2020-03-05,BN100,2020-03-05,1,typical,2020-02-28,2020-03-05,7,0,0.13370226022953172,images/typical/BN100/2020-03-05.png
BN100_2020-03-06,BN100,2020-03-06,1,typical,2020-02-29,2020-03-06,7,0,0.14009652600579264,images/typical/BN100/2020-03-06.png
BN100_2020-03-07,BN100,2020-03-07,0,low activity,2020-03-01,2020-03-07,7,0,0.1410969667439961,images/low_activity/BN100/2020-03-07.png
BN100_2020-03-08,BN100,2020-03-08,0,low activity,2020-03-02,2020-03-08,7,0,0.13633876950129095,images/low_activity/BN100/2020-03-08.png
BN100_2020-03-09,BN100,2020-03-09,1,typical,2020-03-03,2020-03-09,7,0,0.13566044528734836,images/typical/BN100/2020-03-09.png
BN100_2020-03-10,BN100,2020-03-10,1,typical,2020-03-04,2020-03-10,7,0,0.14125741940171507,images/typical/BN100/2020-03-10.png
BN100_2020-03-11,BN100,2020-03-11,1,typical,2020-03-05,2020-03-11,7,0,0.14545150905452883,images/typical/BN100/2020-03-11.png
BN100_2020-03-12,BN100,2020-03-12,1,typical,2020-03-06,2020-03-12,7,0,0.14656428162369012,images/typical/BN100/2020-03-12.png
BN100_2020-03-13,BN100,2020-03-13,1,typical,2020-03-07,2020-03-13,7,0,0.14076263846785145,images/typical/BN100/2020-03-13.png
BN100_2020-03-14,BN100,2020-03-14,0,low activity,2020-03-08,2020-03-14,7,0,0.13771815809867502,images/low_activity/BN100/2020-03-14.png
BN100_2020-03-15,BN100,2020-03-15,0,low activity,2020-03-09,2020-03-15,7,0,0.13228459041338705,images/low_activity/BN100/2020-03-15.png
BN100_2020-03-16,BN100,2020-03-16,1,typical,2020-03-10,2020-03-16,7,0,0.13578282250428583,images/typical/BN100/2020-03-16.png
BN100_2020-03-17,BN100,2020-03-17,1,typical,2020-03-11,2020-03-17,7,0,0.13434698620701752,images/typical/BN100/2020-03-17.png
BN100_2020-03-18,BN100,2020-03-18,1,typical,2020-03-12,2020-03-18,7,0,0.1415716789353261,images/typical/BN100/2020-03-18.png
BN100_2020-03-19,BN100,2020-03-19,1,typical,2020-03-13,2020-03-19,7,0,0.14656665924030918,images/typical/BN100/2020-03-19.png
BN100_2020-03-20,BN100,2020-03-20,1,typical,2020-03-14,2020-03-20,7,0,0.14457793433763894,images/typical/BN100/2020-03-20.png
BN100_2020-03-21,BN100,2020-03-21,0,low activity,2020-03-15,2020-03-21,7,0,0.14342705957366586,images/low_activity/BN100/2020-03-21.png
BN100_2020-03-22,BN100,2020-03-22,0,low activity,2020-03-16,2020-03-22,7,0,0.14250092203927903,images/low_activity/BN100/2020-03-22.png
BN100_2020-03-23,BN100,2020-03-23,1,typical,2020-03-17,2020-03-23,7,0,0.14475046042152803,images/typical/BN100/2020-03-23.png
BN100_2020-03-24,BN100,2020-03-24,1,typical,2020-03-18,2020-03-24,7,0,0.1440137882556299,images/typical/BN100/2020-03-24.png
BN100_2020-03-25,BN100,2020-03-25,1,typical,2020-03-19,2020-03-25,7,0,0.14425647403369607,images/typical/BN100/2020-03-25.png
BN100_2020-03-26,BN100,2020-03-26,1,typical,2020-03-20,2020-03-26,7,0,0.14434767387672584,images/typical/BN100/2020-03-26.png
BN100_2020-03-27,BN100,2020-03-27,1,typical,2020-03-21,2020-03-27,7,0,0.14535630943858813,images/typical/BN100/2020-03-27.png
BN100_2020-03-28,BN100,2020-03-28,0,low activity,2020-03-22,2020-03-28,7,0,0.1492392029235192,images/low_activity/BN100/2020-03-28.png
BN100_2020-03-29,BN100,2020-03-29,0,low activity,2020-03-23,2020-03-29,7,0,0.14694663305846722,images/low_activity/BN100/2020-03-29.png
BN100_2020-03-30,BN100,2020-03-30,1,typical,2020-03-24,2020-03-30,7,0,0.14785803201601125,images/typical/BN100/2020-03-30.png
BN100_2020-03-31,BN100,2020-03-31,1,typical,2020-03-25,2020-03-31,7,0,0.1495129339661597,images/typical/BN100/2020-03-31.png
BN100_2020-04-01,BN100,2020-04-01,1,typical,2020-03-26,2020-04-01,7,0,0.14949516175194513,images/typical/BN100/2020-04-01.png
BN100_2020-04-02,BN100,2020-04-02,1,typical,2020-03-27,2020-04-02,7,0,0.14877918975530163,images/typical/BN100/2020-04-02.png
BN100_2020-04-03,BN100,2020-04-03,1,typical,2020-03-28,2020-04-03,7,0,0.14520575309760198,images/typical/BN100/2020-04-03.png
BN100_2020-04-04,BN100,2020-04-04,0,low activity,2020-03-29,2020-04-04,7,0,0.15466832189246338,images/low_activity/BN100/2020-04-04.png
BN100_2020-04-05,BN100,2020-04-05,0,low activity,2020-03-30,2020-04-05,7,0,0.14832009862075493,images/low_activity/BN100/2020-04-05.png
BN100_2020-04-06,BN100,2020-04-06,1,typical,2020-03-31,2020-04-06,7,0,0.1588657450990213,images/typical/BN100/2020-04-06.png
BN100_2020-04-07,BN100,2020-04-07,1,typical,2020-04-01,2020-04-07,7,0,0.15319516892369764,images/typical/BN100/2020-04-07.png
BN100_2020-04-08,BN100,2020-04-08,1,typical,2020-04-02,2020-04-08,7,0,0.14900872345607274,images/typical/BN100/2020-04-08.png
BN100_2020-04-09,BN100,2020-04-09,1,typical,2020-04-03,2020-04-09,7,0,0.14527228368425799,images/typical/BN100/2020-04-09.png
BN100_2020-04-10,BN100,2020-04-10,1,typical,2020-04-04,2020-04-10,7,0,0.14676448028270675,images/typical/BN100/2020-04-10.png
BN100_2020-04-11,BN100,2020-04-11,0,low activity,2020-04-05,2020-04-11,7,0,0.15538497031850207,images/low_activity/BN100/2020-04-11.png
BN100_2020-04-12,BN100,2020-04-12,0,low activity,2020-04-06,2020-04-12,7,0,0.14369395373038898,images/low_activity/BN100/2020-04-12.png
BN100_2020-04-13,BN100,2020-04-13,1,typical,2020-04-07,2020-04-13,7,0,0.13684454613610797,images/typical/BN100/2020-04-13.png
BN100_2020-04-14,BN100,2020-04-14,1,typical,2020-04-08,2020-04-14,7,0,0.13827454081133034,images/typical/BN100/2020-04-14.png
BN100_2020-04-15,BN100,2020-04-15,1,typical,2020-04-09,2020-04-15,7,0,0.13926744424753687,images/typical/BN100/2020-04-15.png
BN100_2020-04-16,BN100,2020-04-16,1,typical,2020-04-10,2020-04-16,7,0,0.1403350145398008,images/typical/BN100/2020-04-16.png
BN100_2020-04-17,BN100,2020-04-17,1,typical,2020-04-11,2020-04-17,7,0,0.13968557286598535,images/typical/BN100/2020-04-17.png
BN100_2020-04-18,BN100,2020-04-18,0,low activity,2020-04-12,2020-04-18,7,0,0.15572838699196975,images/low_activity/BN100/2020-04-18.png
BN100_2020-04-19,BN100,2020-04-19,0,low activity,2020-04-13,2020-04-19,7,0,0.1416291591315666,images/low_activity/BN100/2020-04-19.png
BN100_2020-04-20,BN100,2020-04-20,1,typical,2020-04-14,2020-04-20,7,0,0.1498973181578273,images/typical/BN100/2020-04-20.png
BN100_2020-04-21,BN100,2020-04-21,1,typical,2020-04-15,2020-04-21,7,0,0.14595734249623793,images/typical/BN100/2020-04-21.png
BN100_2020-04-22,BN100,2020-04-22,1,typical,2020-04-16,2020-04-22,7,0,0.144531834671175,images/typical/BN100/2020-04-22.png
BN100_2020-04-23,BN100,2020-04-23,1,typical,2020-04-17,2020-04-23,7,0,0.14499965389453906,images/typical/BN100/2020-04-23.png
BN100_2020-04-24,BN100,2020-04-24,1,typical,2020-04-18,2020-04-24,7,0,0.14612374599275402,images/typical/BN100/2020-04-24.png
BN100_2020-04-25,BN100,2020-04-25,0,low activity,2020-04-19,2020-04-25,7,0,0.14765712444382723,images/low_activity/BN100/2020-04-25.png
BN100_2020-04-26,BN100,2020-04-26,0,low activity,2020-04-20,2020-04-26,7,0,0.14677618570725678,images/low_activity/BN100/2020-04-26.png
BN100_2020-04-27,BN100,2020-04-27,1,typical,2020-04-21,2020-04-27,7,0,0.20999895174293143,images/typical/BN100/2020-04-27.png
BN100_2020-04-28,BN100,2020-04-28,1,typical,2020-04-22,2020-04-28,7,0,0.18782585938444382,images/typical/BN100/2020-04-28.png
BN100_2020-04-29,BN100,2020-04-29,1,typical,2020-04-23,2020-04-29,7,0,0.17305859663650797,images/typical/BN100/2020-04-29.png
BN100_2020-04-30,BN100,2020-04-30,1,typical,2020-04-24,2020-04-30,7,0,0.17009890297099078,images/typical/BN100/2020-04-30.png
BN100_2020-05-01,BN100,2020-05-01,1,typical,2020-04-25,2020-05-01,7,0,0.17485962536063546,images/typical/BN100/2020-05-01.png
BN100_2020-05-02,BN100,2020-05-02,0,low activity,2020-04-26,2020-05-02,7,0,0.17564653962730056,images/low_activity/BN100/2020-05-02.png
BN100_2020-05-03,BN100,2020-05-03,0,low activity,2020-04-27,2020-05-03,7,0,0.1743348644721244,images/low_activity/BN100/2020-05-03.png
BN100_2020-05-04,BN100,2020-05-04,1,typical,2020-04-28,2020-05-04,7,0,0.18006867624738485,images/typical/BN100/2020-05-04.png
BN100_2020-05-05,BN100,2020-05-05,2,peak dominant,2020-04-29,2020-05-05,7,0,0.18506034314303563,images/peak_dominant/BN100/2020-05-05.png
BN100_2020-05-06,BN100,2020-05-06,1,typical,2020-04-30,2020-05-06,7,0,0.1944421043022299,images/typical/BN100/2020-05-06.png
BN100_2020-05-07,BN100,2020-05-07,1,typical,2020-05-01,2020-05-07,7,0,0.2019557448745601,images/typical/BN100/2020-05-07.png
BN100_2020-05-08,BN100,2020-05-08,1,typical,2020-05-02,2020-05-08,7,0,0.2037566355501046,images/typical/BN100/2020-05-08.png
BN100_2020-05-09,BN100,2020-05-09,0,low activity,2020-05-03,2020-05-09,7,0,0.20013881443262774,images/low_activity/BN100/2020-05-09.png
BN100_2020-05-10,BN100,2020-05-10,0,low activity,2020-05-04,2020-05-10,7,0,0.19631706338051674,images/low_activity/BN100/2020-05-10.png
BN100_2020-05-11,BN100,2020-05-11,2,peak dominant,2020-05-05,2020-05-11,7,0,0.20090027115804793,images/peak_dominant/BN100/2020-05-11.png
BN100_2020-05-12,BN100,2020-05-12,2,peak dominant,2020-05-06,2020-05-12,7,0,0.20397241670630803,images/peak_dominant/BN100/2020-05-12.png
BN100_2020-05-13,BN100,2020-05-13,1,typical,2020-05-07,2020-05-13,7,0,0.20169866899906355,images/typical/BN100/2020-05-13.png
BN100_2020-05-14,BN100,2020-05-14,1,typical,2020-05-08,2020-05-14,7,0,0.1999664181213844,images/typical/BN100/2020-05-14.png
BN100_2020-05-15,BN100,2020-05-15,1,typical,2020-05-09,2020-05-15,7,0,0.2047285510829433,images/typical/BN100/2020-05-15.png
BN100_2020-05-16,BN100,2020-05-16,0,low activity,2020-05-10,2020-05-16,7,0,0.2008232883995682,images/low_activity/BN100/2020-05-16.png
BN100_2020-05-17,BN100,2020-05-17,0,low activity,2020-05-11,2020-05-17,7,0,0.18619785725840857,images/low_activity/BN100/2020-05-17.png
BN100_2020-05-18,BN100,2020-05-18,1,typical,2020-05-12,2020-05-18,7,0,0.16237012413361834,images/typical/BN100/2020-05-18.png
BN100_2020-05-19,BN100,2020-05-19,1,typical,2020-05-13,2020-05-19,7,0,0.168929727733502,images/typical/BN100/2020-05-19.png
BN100_2020-05-20,BN100,2020-05-20,1,typical,2020-05-14,2020-05-20,7,0,0.17528100279915423,images/typical/BN100/2020-05-20.png
BN100_2020-05-21,BN100,2020-05-21,1,typical,2020-05-15,2020-05-21,7,0,0.17435466813890022,images/typical/BN100/2020-05-21.png
BN100_2020-05-22,BN100,2020-05-22,1,typical,2020-05-16,2020-05-22,7,0,0.1738777724745856,images/typical/BN100/2020-05-22.png
BN100_2020-05-23,BN100,2020-05-23,0,low activity,2020-05-17,2020-05-23,7,0,0.1740756929315805,images/low_activity/BN100/2020-05-23.png
BN100_2020-05-24,BN100,2020-05-24,0,low activity,2020-05-18,2020-05-24,7,0,0.17336725416986093,images/low_activity/BN100/2020-05-24.png
BN100_2020-05-25,BN100,2020-05-25,0,low activity,2020-05-19,2020-05-25,7,0,0.020492229218221542,images/low_activity/BN100/2020-05-25.png
BN100_2020-05-26,BN100,2020-05-26,2,peak dominant,2020-05-20,2020-05-26,7,0,0.039393899446063085,images/peak_dominant/BN100/2020-05-26.png
BN100_2020-05-27,BN100,2020-05-27,2,peak dominant,2020-05-21,2020-05-27,7,0,0.033674458641992,images/peak_dominant/BN100/2020-05-27.png
BN100_2020-05-28,BN100,2020-05-28,1,typical,2020-05-22,2020-05-28,7,0,0.02703331911161295,images/typical/BN100/2020-05-28.png
BN100_2020-05-29,BN100,2020-05-29,1,typical,2020-05-23,2020-05-29,7,0,0.018469518490492557,images/typical/BN100/2020-05-29.png
BN100_2020-05-30,BN100,2020-05-30,0,low activity,2020-05-24,2020-05-30,7,0,0.027891892253252327,images/low_activity/BN100/2020-05-30.png
BN100_2020-05-31,BN100,2020-05-31,0,low activity,2020-05-25,2020-05-31,7,0,0.029986929523645463,images/low_activity/BN100/2020-05-31.png
BN100_2020-06-01,BN100,2020-06-01,2,peak dominant,2020-05-26,2020-06-01,7,0,0.2269681725160595,images/peak_dominant/BN100/2020-06-01.png
BN100_2020-06-02,BN100,2020-06-02,2,peak dominant,2020-05-27,2020-06-02,7,0,0.19260491876810018,images/peak_dominant/BN100/2020-06-02.png
BN100_2020-06-03,BN100,2020-06-03,2,peak dominant,2020-05-28,2020-06-03,7,0,0.17744619562444724,images/peak_dominant/BN100/2020-06-03.png
BN100_2020-06-04,BN100,2020-06-04,2,peak dominant,2020-05-29,2020-06-04,7,0,0.20112502555453138,images/peak_dominant/BN100/2020-06-04.png
BN100_2020-06-05,BN100,2020-06-05,1,typical,2020-05-30,2020-06-05,7,0,0.19660970125175903,images/typical/BN100/2020-06-05.png
BN100_2020-06-06,BN100,2020-06-06,0,low activity,2020-05-31,2020-06-06,7,0,0.2036870997207182,images/low_activity/BN100/2020-06-06.png
BN100_2020-06-07,BN100,2020-06-07,0,low activity,2020-06-01,2020-06-07,7,0,0.20864327336042224,images/low_activity/BN100/2020-06-07.png
BN100_2020-06-08,BN100,2020-06-08,1,typical,2020-06-02,2020-06-08,7,0,0.2156602705610528,images/typical/BN100/2020-06-08.png
BN100_2020-06-09,BN100,2020-06-09,1,typical,2020-06-03,2020-06-09,7,0,0.2201806963359501,images/typical/BN100/2020-06-09.png
BN100_2020-06-10,BN100,2020-06-10,1,typical,2020-06-04,2020-06-10,7,0,0.2274204751974989,images/typical/BN100/2020-06-10.png
BN100_2020-06-11,BN100,2020-06-11,1,typical,2020-06-05,2020-06-11,7,0,0.18130371571300258,images/typical/BN100/2020-06-11.png
BN100_2020-06-12,BN100,2020-06-12,1,typical,2020-06-06,2020-06-12,7,0,0.21619513560244508,images/typical/BN100/2020-06-12.png
BN100_2020-06-13,BN100,2020-06-13,0,low activity,2020-06-07,2020-06-13,7,0,0.2142646884110812,images/low_activity/BN100/2020-06-13.png
BN100_2020-06-14,BN100,2020-06-14,0,low activity,2020-06-08,2020-06-14,7,0,0.20512880303301287,images/low_activity/BN100/2020-06-14.png
BN100_2020-06-15,BN100,2020-06-15,1,typical,2020-06-09,2020-06-15,7,0,0.19483485664457978,images/typical/BN100/2020-06-15.png
BN100_2020-06-16,BN100,2020-06-16,1,typical,2020-06-10,2020-06-16,7,0,0.19181934155366662,images/typical/BN100/2020-06-16.png
BN100_2020-06-17,BN100,2020-06-17,1,typical,2020-06-11,2020-06-17,7,0,0.1900665468532441,images/typical/BN100/2020-06-17.png
BN100_2020-06-18,BN100,2020-06-18,1,typical,2020-06-12,2020-06-18,7,0,0.1897444908265542,images/typical/BN100/2020-06-18.png
BN100_2020-06-19,BN100,2020-06-19,1,typical,2020-06-13,2020-06-19,7,0,0.19057719536839163,images/typical/BN100/2020-06-19.png
BN100_2020-06-20,BN100,2020-06-20,0,low activity,2020-06-14,2020-06-20,7,0,0.18567595627118363,images/low_activity/BN100/2020-06-20.png
BN100_2020-06-21,BN100,2020-06-21,0,low activity,2020-06-15,2020-06-21,7,0,0.18491222826002254,images/low_activity/BN100/2020-06-21.png
BN100_2020-06-22,BN100,2020-06-22,1,typical,2020-06-16,2020-06-22,7,0,0.18329060709154485,images/typical/BN100/2020-06-22.png
BN100_2020-06-23,BN100,2020-06-23,1,typical,2020-06-17,2020-06-23,7,0,0.1759731485306083,images/typical/BN100/2020-06-23.png
BN100_2020-06-24,BN100,2020-06-24,1,typical,2020-06-18,2020-06-24,7,0,0.17064523967427264,images/typical/BN100/2020-06-24.png
BN100_2020-06-25,BN100,2020-06-25,1,typical,2020-06-19,2020-06-25,7,0,0.16681560035700294,images/typical/BN100/2020-06-25.png
BN100_2020-06-26,BN100,2020-06-26,1,typical,2020-06-20,2020-06-26,7,0,0.1707364817220519,images/typical/BN100/2020-06-26.png
BN100_2020-06-27,BN100,2020-06-27,0,low activity,2020-06-21,2020-06-27,7,0,0.18202090162141518,images/low_activity/BN100/2020-06-27.png
BN100_2020-06-28,BN100,2020-06-28,0,low activity,2020-06-22,2020-06-28,7,0,0.18123880523420596,images/low_activity/BN100/2020-06-28.png
BN100_2020-06-29,BN100,2020-06-29,2,peak dominant,2020-06-23,2020-06-29,7,0,0.19473055304089645,images/peak_dominant/BN100/2020-06-29.png
BN100_2020-06-30,BN100,2020-06-30,2,peak dominant,2020-06-24,2020-06-30,7,0,0.19431326379572442,images/peak_dominant/BN100/2020-06-30.png
BN134_2019-07-31,BN134,2019-07-31,1,typical,2019-07-25,2019-07-31,7,0,0.2592247819561499,images/typical/BN134/2019-07-31.png
BN134_2019-08-01,BN134,2019-08-01,2,peak dominant,2019-07-26,2019-08-01,7,0,0.2337836958824935,images/peak_dominant/BN134/2019-08-01.png
BN134_2019-08-02,BN134,2019-08-02,1,typical,2019-07-27,2019-08-02,7,0,0.2962148567529268,images/typical/BN134/2019-08-02.png
BN134_2019-08-03,BN134,2019-08-03,1,typical,2019-07-28,2019-08-03,7,0,0.3616657419673461,images/typical/BN134/2019-08-03.png
BN134_2019-08-04,BN134,2019-08-04,1,typical,2019-07-29,2019-08-04,7,0,0.35167584616601,images/typical/BN134/2019-08-04.png
BN134_2019-08-05,BN134,2019-08-05,1,typical,2019-07-30,2019-08-05,7,0,0.27602352374952766,images/typical/BN134/2019-08-05.png
BN134_2019-08-06,BN134,2019-08-06,1,typical,2019-07-31,2019-08-06,7,0,0.25845457597545834,images/typical/BN134/2019-08-06.png
BN134_2019-08-07,BN134,2019-08-07,1,typical,2019-08-01,2019-08-07,7,0,0.2695145632893324,images/typical/BN134/2019-08-07.png
BN134_2019-08-08,BN134,2019-08-08,1,typical,2019-08-02,2019-08-08,7,0,0.3091414112881114,images/typical/BN134/2019-08-08.png
BN134_2019-08-09,BN134,2019-08-09,1,typical,2019-08-03,2019-08-09,7,0,0.37531975824334585,images/typical/BN134/2019-08-09.png
BN134_2019-08-10,BN134,2019-08-10,1,typical,2019-08-04,2019-08-10,7,0,0.3587529733701075,images/typical/BN134/2019-08-10.png
BN134_2019-08-11,BN134,2019-08-11,1,typical,2019-08-05,2019-08-11,7,0,0.30744481036704696,images/typical/BN134/2019-08-11.png
BN134_2019-08-12,BN134,2019-08-12,2,peak dominant,2019-08-06,2019-08-12,7,0,0.3220565865168784,images/peak_dominant/BN134/2019-08-12.png
BN134_2019-08-13,BN134,2019-08-13,2,peak dominant,2019-08-07,2019-08-13,7,0,0.3537801043518907,images/peak_dominant/BN134/2019-08-13.png
BN134_2019-08-14,BN134,2019-08-14,2,peak dominant,2019-08-08,2019-08-14,7,0,0.3161000011681967,images/peak_dominant/BN134/2019-08-14.png
BN134_2019-08-15,BN134,2019-08-15,2,peak dominant,2019-08-09,2019-08-15,7,0,0.21380070955318126,images/peak_dominant/BN134/2019-08-15.png
BN134_2019-08-16,BN134,2019-08-16,2,peak dominant,2019-08-10,2019-08-16,7,0,0.1742697225892351,images/peak_dominant/BN134/2019-08-16.png
BN134_2019-08-17,BN134,2019-08-17,1,typical,2019-08-11,2019-08-17,7,0,0.17845587309361552,images/typical/BN134/2019-08-17.png
BN134_2019-08-18,BN134,2019-08-18,1,typical,2019-08-12,2019-08-18,7,0,0.20981949653360632,images/typical/BN134/2019-08-18.png
BN134_2019-08-19,BN134,2019-08-19,2,peak dominant,2019-08-13,2019-08-19,7,0,0.2174400177786398,images/peak_dominant/BN134/2019-08-19.png
BN134_2019-08-20,BN134,2019-08-20,2,peak dominant,2019-08-14,2019-08-20,7,0,0.20536014015887027,images/peak_dominant/BN134/2019-08-20.png
BN134_2019-08-21,BN134,2019-08-21,2,peak dominant,2019-08-15,2019-08-21,7,0,0.29299668830897097,images/peak_dominant/BN134/2019-08-21.png
BN134_2019-08-22,BN134,2019-08-22,2,peak dominant,2019-08-16,2019-08-22,7,0,0.3800100152228256,images/peak_dominant/BN134/2019-08-22.png
BN134_2019-08-23,BN134,2019-08-23,2,peak dominant,2019-08-17,2019-08-23,7,0,0.42890919954432144,images/peak_dominant/BN134/2019-08-23.png
BN134_2019-08-24,BN134,2019-08-24,1,typical,2019-08-18,2019-08-24,7,0,0.3980986859602982,images/typical/BN134/2019-08-24.png
BN134_2019-08-25,BN134,2019-08-25,1,typical,2019-08-19,2019-08-25,7,0,0.4013426606897714,images/typical/BN134/2019-08-25.png
BN134_2019-08-26,BN134,2019-08-26,2,peak dominant,2019-08-20,2019-08-26,7,0,0.41298484898981835,images/peak_dominant/BN134/2019-08-26.png
BN134_2019-08-27,BN134,2019-08-27,1,typical,2019-08-21,2019-08-27,7,0,0.2788613258547249,images/typical/BN134/2019-08-27.png
BN134_2019-08-28,BN134,2019-08-28,1,typical,2019-08-22,2019-08-28,7,0,0.27561370410816616,images/typical/BN134/2019-08-28.png
BN134_2019-08-29,BN134,2019-08-29,2,peak dominant,2019-08-23,2019-08-29,7,0,0.27562671792731874,images/peak_dominant/BN134/2019-08-29.png
BN134_2019-08-30,BN134,2019-08-30,2,peak dominant,2019-08-24,2019-08-30,7,0,0.25734310199699556,images/peak_dominant/BN134/2019-08-30.png
BN134_2019-08-31,BN134,2019-08-31,1,typical,2019-08-25,2019-08-31,7,0,0.2765667611544119,images/typical/BN134/2019-08-31.png
BN134_2019-09-01,BN134,2019-09-01,2,peak dominant,2019-08-26,2019-09-01,7,0,0.369891618534026,images/peak_dominant/BN134/2019-09-01.png
BN134_2019-09-02,BN134,2019-09-02,1,typical,2019-08-27,2019-09-02,7,0,0.3801396992604427,images/typical/BN134/2019-09-02.png
BN134_2019-09-03,BN134,2019-09-03,2,peak dominant,2019-08-28,2019-09-03,7,0,0.25146860085752726,images/peak_dominant/BN134/2019-09-03.png
BN134_2019-09-04,BN134,2019-09-04,1,typical,2019-08-29,2019-09-04,7,0,0.40066992382950584,images/typical/BN134/2019-09-04.png
BN134_2019-09-05,BN134,2019-09-05,2,peak dominant,2019-08-30,2019-09-05,7,0,0.40708481452227063,images/peak_dominant/BN134/2019-09-05.png
BN134_2019-09-06,BN134,2019-09-06,2,peak dominant,2019-08-31,2019-09-06,7,0,0.41492101308403856,images/peak_dominant/BN134/2019-09-06.png
BN134_2019-09-07,BN134,2019-09-07,1,typical,2019-09-01,2019-09-07,7,0,0.45246028281871886,images/typical/BN134/2019-09-07.png
BN134_2019-09-08,BN134,2019-09-08,1,typical,2019-09-02,2019-09-08,7,0,0.3835536041478439,images/typical/BN134/2019-09-08.png
BN134_2019-09-09,BN134,2019-09-09,1,typical,2019-09-03,2019-09-09,7,0,0.4094564335574452,images/typical/BN134/2019-09-09.png
BN134_2019-09-10,BN134,2019-09-10,1,typical,2019-09-04,2019-09-10,7,0,0.3507785393911877,images/typical/BN134/2019-09-10.png
BN134_2019-09-11,BN134,2019-09-11,1,typical,2019-09-05,2019-09-11,7,0,0.24139318328437348,images/typical/BN134/2019-09-11.png
BN134_2019-09-12,BN134,2019-09-12,2,peak dominant,2019-09-06,2019-09-12,7,0,0.2468909558954281,images/peak_dominant/BN134/2019-09-12.png
BN134_2019-09-13,BN134,2019-09-13,1,typical,2019-09-07,2019-09-13,7,0,0.14822948618124349,images/typical/BN134/2019-09-13.png
BN134_2019-09-14,BN134,2019-09-14,1,typical,2019-09-08,2019-09-14,7,0,0.11381673022135558,images/typical/BN134/2019-09-14.png
BN134_2019-09-15,BN134,2019-09-15,1,typical,2019-09-09,2019-09-15,7,0,0.09766888153877826,images/typical/BN134/2019-09-15.png
BN134_2019-09-16,BN134,2019-09-16,2,peak dominant,2019-09-10,2019-09-16,7,0,0.16537034095411723,images/peak_dominant/BN134/2019-09-16.png
BN134_2019-09-17,BN134,2019-09-17,2,peak dominant,2019-09-11,2019-09-17,7,0,0.3081285996076851,images/peak_dominant/BN134/2019-09-17.png
BN134_2019-09-18,BN134,2019-09-18,1,typical,2019-09-12,2019-09-18,7,0,0.1846905838014989,images/typical/BN134/2019-09-18.png
BN134_2019-09-19,BN134,2019-09-19,2,peak dominant,2019-09-13,2019-09-19,7,0,0.19431636916458428,images/peak_dominant/BN134/2019-09-19.png
BN134_2019-09-20,BN134,2019-09-20,2,peak dominant,2019-09-14,2019-09-20,7,0,0.19838139598619078,images/peak_dominant/BN134/2019-09-20.png
BN134_2019-09-21,BN134,2019-09-21,2,peak dominant,2019-09-15,2019-09-21,7,0,0.38657279488148605,images/peak_dominant/BN134/2019-09-21.png
BN134_2019-09-22,BN134,2019-09-22,2,peak dominant,2019-09-16,2019-09-22,7,0,0.3335297594189744,images/peak_dominant/BN134/2019-09-22.png
BN134_2019-09-23,BN134,2019-09-23,2,peak dominant,2019-09-17,2019-09-23,7,0,0.36700705245986687,images/peak_dominant/BN134/2019-09-23.png
BN134_2019-09-24,BN134,2019-09-24,2,peak dominant,2019-09-18,2019-09-24,7,0,0.31572369235421005,images/peak_dominant/BN134/2019-09-24.png
BN134_2019-09-25,BN134,2019-09-25,1,typical,2019-09-19,2019-09-25,7,0,0.3599322921880269,images/typical/BN134/2019-09-25.png
BN134_2019-09-26,BN134,2019-09-26,2,peak dominant,2019-09-20,2019-09-26,7,0,0.4749192178868896,images/peak_dominant/BN134/2019-09-26.png
BN134_2019-09-27,BN134,2019-09-27,2,peak dominant,2019-09-21,2019-09-27,7,0,0.5215861653399311,images/peak_dominant/BN134/2019-09-27.png
BN134_2019-09-28,BN134,2019-09-28,2,peak dominant,2019-09-22,2019-09-28,7,0,0.509485439761518,images/peak_dominant/BN134/2019-09-28.png
BN134_2019-09-29,BN134,2019-09-29,0,low activity,2019-09-23,2019-09-29,7,0,0.42353664810530145,images/low_activity/BN134/2019-09-29.png
BN134_2019-09-30,BN134,2019-09-30,2,peak dominant,2019-09-24,2019-09-30,7,0,0.35425562251878695,images/peak_dominant/BN134/2019-09-30.png
BN134_2019-10-01,BN134,2019-10-01,2,peak dominant,2019-09-25,2019-10-01,7,0,0.33904437857303693,images/peak_dominant/BN134/2019-10-01.png
BN134_2019-10-02,BN134,2019-10-02,1,typical,2019-09-26,2019-10-02,7,0,0.32516348102229337,images/typical/BN134/2019-10-02.png
BN134_2019-10-03,BN134,2019-10-03,2,peak dominant,2019-09-27,2019-10-03,7,0,0.41007486536761434,images/peak_dominant/BN134/2019-10-03.png
BN134_2019-10-04,BN134,2019-10-04,2,peak dominant,2019-09-28,2019-10-04,7,0,0.3751608327226741,images/peak_dominant/BN134/2019-10-04.png
BN134_2019-10-05,BN134,2019-10-05,2,peak dominant,2019-09-29,2019-10-05,7,0,0.39630685149713524,images/peak_dominant/BN134/2019-10-05.png
BN134_2019-10-06,BN134,2019-10-06,0,low activity,2019-09-30,2019-10-06,7,0,0.46882703269227366,images/low_activity/BN134/2019-10-06.png
BN134_2019-10-07,BN134,2019-10-07,2,peak dominant,2019-10-01,2019-10-07,7,0,0.40982749108265604,images/peak_dominant/BN134/2019-10-07.png
BN134_2019-10-08,BN134,2019-10-08,2,peak dominant,2019-10-02,2019-10-08,7,0,0.4004878049822349,images/peak_dominant/BN134/2019-10-08.png
BN134_2019-10-09,BN134,2019-10-09,2,peak dominant,2019-10-03,2019-10-09,7,0,0.43569865513295813,images/peak_dominant/BN134/2019-10-09.png
BN134_2019-10-10,BN134,2019-10-10,2,peak dominant,2019-10-04,2019-10-10,7,0,0.3973079960477588,images/peak_dominant/BN134/2019-10-10.png
BN134_2019-10-11,BN134,2019-10-11,2,peak dominant,2019-10-05,2019-10-11,7,0,0.3449191624754164,images/peak_dominant/BN134/2019-10-11.png
BN134_2019-10-12,BN134,2019-10-12,0,low activity,2019-10-06,2019-10-12,7,0,0.3538142550882008,images/low_activity/BN134/2019-10-12.png
BN134_2019-10-13,BN134,2019-10-13,2,peak dominant,2019-10-07,2019-10-13,7,0,0.4017504637985275,images/peak_dominant/BN134/2019-10-13.png
BN134_2019-10-14,BN134,2019-10-14,2,peak dominant,2019-10-08,2019-10-14,7,0,0.5942733079217886,images/peak_dominant/BN134/2019-10-14.png
BN134_2019-10-15,BN134,2019-10-15,2,peak dominant,2019-10-09,2019-10-15,7,0,0.6847620527881346,images/peak_dominant/BN134/2019-10-15.png
BN134_2019-10-16,BN134,2019-10-16,2,peak dominant,2019-10-10,2019-10-16,7,0,0.5609809270451332,images/peak_dominant/BN134/2019-10-16.png
BN134_2019-10-17,BN134,2019-10-17,2,peak dominant,2019-10-11,2019-10-17,7,0,0.5806360987755032,images/peak_dominant/BN134/2019-10-17.png
BN134_2019-10-18,BN134,2019-10-18,0,low activity,2019-10-12,2019-10-18,7,0,0.5628619897665705,images/low_activity/BN134/2019-10-18.png
BN134_2019-10-19,BN134,2019-10-19,0,low activity,2019-10-13,2019-10-19,7,0,0.27457503430583324,images/low_activity/BN134/2019-10-19.png
BN134_2019-10-20,BN134,2019-10-20,0,low activity,2019-10-14,2019-10-20,7,0,0.22193002504453663,images/low_activity/BN134/2019-10-20.png
BN134_2019-10-21,BN134,2019-10-21,2,peak dominant,2019-10-15,2019-10-21,7,0,0.2814671040030655,images/peak_dominant/BN134/2019-10-21.png
BN134_2019-10-22,BN134,2019-10-22,2,peak dominant,2019-10-16,2019-10-22,7,0,0.2838116972697539,images/peak_dominant/BN134/2019-10-22.png
BN134_2019-10-23,BN134,2019-10-23,2,peak dominant,2019-10-17,2019-10-23,7,0,0.3838137681731018,images/peak_dominant/BN134/2019-10-23.png
BN134_2019-10-24,BN134,2019-10-24,2,peak dominant,2019-10-18,2019-10-24,7,0,0.43215008557172857,images/peak_dominant/BN134/2019-10-24.png
BN134_2019-10-25,BN134,2019-10-25,0,low activity,2019-10-19,2019-10-25,7,0,0.3841172853639602,images/low_activity/BN134/2019-10-25.png
BN134_2019-10-26,BN134,2019-10-26,2,peak dominant,2019-10-20,2019-10-26,7,0,0.4748340780264546,images/peak_dominant/BN134/2019-10-26.png
BN134_2019-10-27,BN134,2019-10-27,0,low activity,2019-10-21,2019-10-27,7,0,0.45939130376347914,images/low_activity/BN134/2019-10-27.png
BN134_2019-10-28,BN134,2019-10-28,2,peak dominant,2019-10-22,2019-10-28,7,0,0.4136861626817902,images/peak_dominant/BN134/2019-10-28.png
BN134_2019-10-29,BN134,2019-10-29,2,peak dominant,2019-10-23,2019-10-29,7,0,0.44889160847258025,images/peak_dominant/BN134/2019-10-29.png
BN134_2019-10-30,BN134,2019-10-30,1,typical,2019-10-24,2019-10-30,7,0,0.48443265203107533,images/typical/BN134/2019-10-30.png
BN134_2019-10-31,BN134,2019-10-31,1,typical,2019-10-25,2019-10-31,7,0,0.3367869608200079,images/typical/BN134/2019-10-31.png
BN134_2019-11-01,BN134,2019-11-01,2,peak dominant,2019-10-26,2019-11-01,7,0,0.5451971089670674,images/peak_dominant/BN134/2019-11-01.png
BN134_2019-11-02,BN134,2019-11-02,2,peak dominant,2019-10-27,2019-11-02,7,0,0.5481590539242553,images/peak_dominant/BN134/2019-11-02.png
BN134_2019-11-03,BN134,2019-11-03,0,low activity,2019-10-28,2019-11-03,7,0,0.5427574944660819,images/low_activity/BN134/2019-11-03.png
BN134_2019-11-04,BN134,2019-11-04,2,peak dominant,2019-10-29,2019-11-04,7,0,0.4984671816435167,images/peak_dominant/BN134/2019-11-04.png
BN134_2019-11-05,BN134,2019-11-05,2,peak dominant,2019-10-30,2019-11-05,7,0,0.37610682636453524,images/peak_dominant/BN134/2019-11-05.png
BN134_2019-11-06,BN134,2019-11-06,2,peak dominant,2019-10-31,2019-11-06,7,0,0.4333948469178019,images/peak_dominant/BN134/2019-11-06.png
BN134_2019-11-07,BN134,2019-11-07,2,peak dominant,2019-11-01,2019-11-07,7,0,0.43290596495507316,images/peak_dominant/BN134/2019-11-07.png
BN134_2019-11-08,BN134,2019-11-08,2,peak dominant,2019-11-02,2019-11-08,7,0,0.42655564665777923,images/peak_dominant/BN134/2019-11-08.png
BN134_2019-11-09,BN134,2019-11-09,0,low activity,2019-11-03,2019-11-09,7,0,0.4819298182514437,images/low_activity/BN134/2019-11-09.png
BN134_2019-11-10,BN134,2019-11-10,0,low activity,2019-11-04,2019-11-10,7,0,0.39717708556956827,images/low_activity/BN134/2019-11-10.png
BN134_2019-11-11,BN134,2019-11-11,0,low activity,2019-11-05,2019-11-11,7,0,0.45804624690641543,images/low_activity/BN134/2019-11-11.png
BN134_2019-11-12,BN134,2019-11-12,0,low activity,2019-11-06,2019-11-12,7,0,0.4960720877913813,images/low_activity/BN134/2019-11-12.png
BN134_2019-11-13,BN134,2019-11-13,2,peak dominant,2019-11-07,2019-11-13,7,0,0.4725117861662473,images/peak_dominant/BN134/2019-11-13.png
BN134_2019-11-14,BN134,2019-11-14,2,peak dominant,2019-11-08,2019-11-14,7,0,0.4710726630191328,images/peak_dominant/BN134/2019-11-14.png
BN134_2019-11-15,BN134,2019-11-15,2,peak dominant,2019-11-09,2019-11-15,7,0,0.421389589592092,images/peak_dominant/BN134/2019-11-15.png
BN134_2019-11-16,BN134,2019-11-16,0,low activity,2019-11-10,2019-11-16,7,0,0.39181439034289217,images/low_activity/BN134/2019-11-16.png
BN134_2019-11-17,BN134,2019-11-17,0,low activity,2019-11-11,2019-11-17,7,0,0.5547831422217123,images/low_activity/BN134/2019-11-17.png
BN134_2019-11-18,BN134,2019-11-18,2,peak dominant,2019-11-12,2019-11-18,7,0,0.4671507235164208,images/peak_dominant/BN134/2019-11-18.png
BN134_2019-11-19,BN134,2019-11-19,2,peak dominant,2019-11-13,2019-11-19,7,0,0.4208657515872894,images/peak_dominant/BN134/2019-11-19.png
BN134_2019-11-20,BN134,2019-11-20,0,low activity,2019-11-14,2019-11-20,7,0,0.30008383631891916,images/low_activity/BN134/2019-11-20.png
BN134_2019-11-21,BN134,2019-11-21,1,typical,2019-11-15,2019-11-21,7,0,0.4610037064392799,images/typical/BN134/2019-11-21.png
BN134_2019-11-22,BN134,2019-11-22,1,typical,2019-11-16,2019-11-22,7,0,0.5741750987765928,images/typical/BN134/2019-11-22.png
BN134_2019-11-23,BN134,2019-11-23,1,typical,2019-11-17,2019-11-23,7,0,0.564343443528127,images/typical/BN134/2019-11-23.png
BN134_2019-11-24,BN134,2019-11-24,0,low activity,2019-11-18,2019-11-24,7,0,0.38712124371259937,images/low_activity/BN134/2019-11-24.png
BN134_2019-11-25,BN134,2019-11-25,1,typical,2019-11-19,2019-11-25,7,0,0.301513287937715,images/typical/BN134/2019-11-25.png
BN134_2019-11-26,BN134,2019-11-26,1,typical,2019-11-20,2019-11-26,7,0,0.2807399471493662,images/typical/BN134/2019-11-26.png
BN134_2019-11-27,BN134,2019-11-27,2,peak dominant,2019-11-21,2019-11-27,7,0,0.5116523706493923,images/peak_dominant/BN134/2019-11-27.png
BN134_2019-11-28,BN134,2019-11-28,0,low activity,2019-11-22,2019-11-28,7,0,0.2517186452172472,images/low_activity/BN134/2019-11-28.png
BN134_2019-11-29,BN134,2019-11-29,0,low activity,2019-11-23,2019-11-29,7,0,0.23901992287184892,images/low_activity/BN134/2019-11-29.png
BN134_2019-11-30,BN134,2019-11-30,0,low activity,2019-11-24,2019-11-30,7,0,0.2590156090695246,images/low_activity/BN134/2019-11-30.png
BN134_2019-12-01,BN134,2019-12-01,0,low activity,2019-11-25,2019-12-01,7,0,0.24891103097252387,images/low_activity/BN134/2019-12-01.png
BN134_2019-12-02,BN134,2019-12-02,2,peak dominant,2019-11-26,2019-12-02,7,0,0.36456576045779954,images/peak_dominant/BN134/2019-12-02.png
BN134_2019-12-03,BN134,2019-12-03,1,typical,2019-11-27,2019-12-03,7,0,0.3353465435091575,images/typical/BN134/2019-12-03.png
BN134_2019-12-04,BN134,2019-12-04,0,low activity,2019-11-28,2019-12-04,7,0,0.30749190612674304,images/low_activity/BN134/2019-12-04.png
BN134_2019-12-05,BN134,2019-12-05,1,typical,2019-11-29,2019-12-05,7,0,0.26125262752860867,images/typical/BN134/2019-12-05.png
BN134_2019-12-06,BN134,2019-12-06,1,typical,2019-11-30,2019-12-06,7,0,0.2946259226224389,images/typical/BN134/2019-12-06.png
BN134_2019-12-07,BN134,2019-12-07,2,peak dominant,2019-12-01,2019-12-07,7,0,0.5686843378591642,images/peak_dominant/BN134/2019-12-07.png
BN134_2019-12-08,BN134,2019-12-08,0,low activity,2019-12-02,2019-12-08,7,0,0.6241273532249599,images/low_activity/BN134/2019-12-08.png
BN134_2019-12-09,BN134,2019-12-09,1,typical,2019-12-03,2019-12-09,7,0,0.6310120665033918,images/typical/BN134/2019-12-09.png
BN134_2019-12-10,BN134,2019-12-10,2,peak dominant,2019-12-04,2019-12-10,7,0,0.5423550137126731,images/peak_dominant/BN134/2019-12-10.png
BN134_2019-12-11,BN134,2019-12-11,2,peak dominant,2019-12-05,2019-12-11,7,0,0.4584525215746,images/peak_dominant/BN134/2019-12-11.png
BN134_2019-12-12,BN134,2019-12-12,2,peak dominant,2019-12-06,2019-12-12,7,0,0.40876392078544077,images/peak_dominant/BN134/2019-12-12.png
BN134_2019-12-13,BN134,2019-12-13,2,peak dominant,2019-12-07,2019-12-13,7,0,0.3552710242709139,images/peak_dominant/BN134/2019-12-13.png
BN134_2019-12-14,BN134,2019-12-14,0,low activity,2019-12-08,2019-12-14,7,0,0.21047255655089078,images/low_activity/BN134/2019-12-14.png
BN134_2019-12-15,BN134,2019-12-15,2,peak dominant,2019-12-09,2019-12-15,7,0,0.486707523481948,images/peak_dominant/BN134/2019-12-15.png
BN134_2019-12-16,BN134,2019-12-16,1,typical,2019-12-10,2019-12-16,7,0,0.5504625654016888,images/typical/BN134/2019-12-16.png
BN134_2019-12-17,BN134,2019-12-17,2,peak dominant,2019-12-11,2019-12-17,7,0,0.28290782482532206,images/peak_dominant/BN134/2019-12-17.png
BN134_2019-12-18,BN134,2019-12-18,1,typical,2019-12-12,2019-12-18,7,0,0.3089496424440372,images/typical/BN134/2019-12-18.png
BN134_2019-12-19,BN134,2019-12-19,1,typical,2019-12-13,2019-12-19,7,0,0.39978621824492167,images/typical/BN134/2019-12-19.png
BN134_2019-12-20,BN134,2019-12-20,1,typical,2019-12-14,2019-12-20,7,0,0.46564815082668315,images/typical/BN134/2019-12-20.png
BN134_2019-12-21,BN134,2019-12-21,0,low activity,2019-12-15,2019-12-21,7,0,0.4396217510334534,images/low_activity/BN134/2019-12-21.png
BN134_2019-12-22,BN134,2019-12-22,0,low activity,2019-12-16,2019-12-22,7,0,0.3579585189122959,images/low_activity/BN134/2019-12-22.png
BN134_2019-12-23,BN134,2019-12-23,0,low activity,2019-12-17,2019-12-23,7,0,0.27487805311497815,images/low_activity/BN134/2019-12-23.png
BN134_2019-12-24,BN134,2019-12-24,1,typical,2019-12-18,2019-12-24,7,0,0.25452509851550326,images/typical/BN134/2019-12-24.png
BN134_2019-12-25,BN134,2019-12-25,1,typical,2019-12-19,2019-12-25,7,0,0.26990579883658317,images/typical/BN134/2019-12-25.png
BN134_2019-12-26,BN134,2019-12-26,2,peak dominant,2019-12-20,2019-12-26,7,0,0.5632309909843731,images/peak_dominant/BN134/2019-12-26.png
BN134_2019-12-27,BN134,2019-12-27,2,peak dominant,2019-12-21,2019-12-27,7,0,0.48860477017039056,images/peak_dominant/BN134/2019-12-27.png
BN134_2019-12-28,BN134,2019-12-28,0,low activity,2019-12-22,2019-12-28,7,0,0.4572635459808792,images/low_activity/BN134/2019-12-28.png
BN134_2019-12-29,BN134,2019-12-29,0,low activity,2019-12-23,2019-12-29,7,0,0.5326390287941672,images/low_activity/BN134/2019-12-29.png
BN134_2019-12-30,BN134,2019-12-30,0,low activity,2019-12-24,2019-12-30,7,0,0.6173765033330807,images/low_activity/BN134/2019-12-30.png
BN134_2019-12-31,BN134,2019-12-31,0,low activity,2019-12-25,2019-12-31,7,0,0.557011026077427,images/low_activity/BN134/2019-12-31.png
BN134_2020-01-01,BN134,2020-01-01,0,low activity,2019-12-26,2020-01-01,7,0,0.5654178528253629,images/low_activity/BN134/2020-01-01.png
BN134_2020-01-02,BN134,2020-01-02,0,low activity,2019-12-27,2020-01-02,7,0,0.546566574547889,images/low_activity/BN134/2020-01-02.png
BN134_2020-01-03,BN134,2020-01-03,0,low activity,2019-12-28,2020-01-03,7,0,0.6233317070534529,images/low_activity/BN134/2020-01-03.png
BN134_2020-01-04,BN134,2020-01-04,0,low activity,2019-12-29,2020-01-04,7,0,0.5794997658205465,images/low_activity/BN134/2020-01-04.png
BN134_2020-01-05,BN134,2020-01-05,0,low activity,2019-12-30,2020-01-05,7,0,0.407766110008393,images/low_activity/BN134/2020-01-05.png
BN134_2020-01-06,BN134,2020-01-06,0,low activity,2019-12-31,2020-01-06,7,0,0.40031719259509735,images/low_activity/BN134/2020-01-06.png
BN134_2020-01-07,BN134,2020-01-07,0,low activity,2020-01-01,2020-01-07,7,0,0.26625655186195524,images/low_activity/BN134/2020-01-07.png
BN134_2020-01-08,BN134,2020-01-08,1,typical,2020-01-02,2020-01-08,7,0,0.2811583603585713,images/typical/BN134/2020-01-08.png
BN134_2020-01-09,BN134,2020-01-09,0,low activity,2020-01-03,2020-01-09,7,0,0.24330852453170207,images/low_activity/BN134/2020-01-09.png
BN134_2020-01-10,BN134,2020-01-10,2,peak dominant,2020-01-04,2020-01-10,7,0,0.18203930251113595,images/peak_dominant/BN134/2020-01-10.png
BN134_2020-01-11,BN134,2020-01-11,0,low activity,2020-01-05,2020-01-11,7,0,0.22537755775721108,images/low_activity/BN134/2020-01-11.png
BN134_2020-01-12,BN134,2020-01-12,0,low activity,2020-01-06,2020-01-12,7,0,0.24414076453978253,images/low_activity/BN134/2020-01-12.png
BN134_2020-01-13,BN134,2020-01-13,1,typical,2020-01-07,2020-01-13,7,0,0.19576787081144115,images/typical/BN134/2020-01-13.png
BN134_2020-01-14,BN134,2020-01-14,1,typical,2020-01-08,2020-01-14,7,0,0.18005443654027678,images/typical/BN134/2020-01-14.png
BN134_2020-01-15,BN134,2020-01-15,2,peak dominant,2020-01-09,2020-01-15,7,0,0.22184777144558185,images/peak_dominant/BN134/2020-01-15.png
BN134_2020-01-16,BN134,2020-01-16,2,peak dominant,2020-01-10,2020-01-16,7,0,0.275333311387137,images/peak_dominant/BN134/2020-01-16.png
BN134_2020-01-17,BN134,2020-01-17,0,low activity,2020-01-11,2020-01-17,7,0,0.2582881829992686,images/low_activity/BN134/2020-01-17.png
BN134_2020-01-18,BN134,2020-01-18,0,low activity,2020-01-12,2020-01-18,7,0,0.32493717580627274,images/low_activity/BN134/2020-01-18.png
BN134_2020-01-19,BN134,2020-01-19,2,peak dominant,2020-01-13,2020-01-19,7,0,0.39537919751906986,images/peak_dominant/BN134/2020-01-19.png
BN134_2020-01-20,BN134,2020-01-20,2,peak dominant,2020-01-14,2020-01-20,7,0,0.4966240567033463,images/peak_dominant/BN134/2020-01-20.png
BN134_2020-01-21,BN134,2020-01-21,0,low activity,2020-01-15,2020-01-21,7,0,0.5301125119730071,images/low_activity/BN134/2020-01-21.png
BN134_2020-01-22,BN134,2020-01-22,2,peak dominant,2020-01-16,2020-01-22,7,0,0.4964471132083874,images/peak_dominant/BN134/2020-01-22.png
BN134_2020-01-23,BN134,2020-01-23,0,low activity,2020-01-17,2020-01-23,7,0,0.44469658650549065,images/low_activity/BN134/2020-01-23.png
BN134_2020-01-24,BN134,2020-01-24,0,low activity,2020-01-18,2020-01-24,7,0,0.47725823564204956,images/low_activity/BN134/2020-01-24.png
BN134_2020-01-25,BN134,2020-01-25,0,low activity,2020-01-19,2020-01-25,7,0,0.47380992106907005,images/low_activity/BN134/2020-01-25.png
BN134_2020-01-26,BN134,2020-01-26,0,low activity,2020-01-20,2020-01-26,7,0,0.338043283277769,images/low_activity/BN134/2020-01-26.png
BN134_2020-01-27,BN134,2020-01-27,2,peak dominant,2020-01-21,2020-01-27,7,0,0.4495027641382014,images/peak_dominant/BN134/2020-01-27.png
BN134_2020-01-28,BN134,2020-01-28,2,peak dominant,2020-01-22,2020-01-28,7,0,0.2950227497887073,images/peak_dominant/BN134/2020-01-28.png
BN134_2020-01-29,BN134,2020-01-29,2,peak dominant,2020-01-23,2020-01-29,7,0,0.31049848804306823,images/peak_dominant/BN134/2020-01-29.png
BN134_2020-01-30,BN134,2020-01-30,2,peak dominant,2020-01-24,2020-01-30,7,0,0.3883336744017101,images/peak_dominant/BN134/2020-01-30.png
BN134_2020-01-31,BN134,2020-01-31,2,peak dominant,2020-01-25,2020-01-31,7,0,0.43080516404271746,images/peak_dominant/BN134/2020-01-31.png
BN134_2020-02-01,BN134,2020-02-01,0,low activity,2020-01-26,2020-02-01,7,0,0.35943171002622903,images/low_activity/BN134/2020-02-01.png
BN134_2020-02-02,BN134,2020-02-02,0,low activity,2020-01-27,2020-02-02,7,0,0.3945021156119928,images/low_activity/BN134/2020-02-02.png
BN134_2020-02-03,BN134,2020-02-03,2,peak dominant,2020-01-28,2020-02-03,7,0,0.3250578125563363,images/peak_dominant/BN134/2020-02-03.png
BN134_2020-02-04,BN134,2020-02-04,2,peak dominant,2020-01-29,2020-02-04,7,0,0.38923051164003003,images/peak_dominant/BN134/2020-02-04.png
BN134_2020-02-05,BN134,2020-02-05,0,low activity,2020-01-30,2020-02-05,7,0,0.3998615274713778,images/low_activity/BN134/2020-02-05.png
BN134_2020-02-06,BN134,2020-02-06,1,typical,2020-01-31,2020-02-06,7,0,0.3632531183504003,images/typical/BN134/2020-02-06.png
BN134_2020-02-07,BN134,2020-02-07,0,low activity,2020-02-01,2020-02-07,7,0,0.3464041008091675,images/low_activity/BN134/2020-02-07.png
BN134_2020-02-08,BN134,2020-02-08,0,low activity,2020-02-02,2020-02-08,7,0,0.32364555712299653,images/low_activity/BN134/2020-02-08.png
BN134_2020-02-09,BN134,2020-02-09,0,low activity,2020-02-03,2020-02-09,7,0,0.2803630327298511,images/low_activity/BN134/2020-02-09.png
BN134_2020-02-10,BN134,2020-02-10,2,peak dominant,2020-02-04,2020-02-10,7,0,0.23865902363813637,images/peak_dominant/BN134/2020-02-10.png
BN134_2020-02-11,BN134,2020-02-11,2,peak dominant,2020-02-05,2020-02-11,7,0,0.2858651487150456,images/peak_dominant/BN134/2020-02-11.png
BN134_2020-02-12,BN134,2020-02-12,2,peak dominant,2020-02-06,2020-02-12,7,0,0.22818378175146248,images/peak_dominant/BN134/2020-02-12.png
BN134_2020-02-13,BN134,2020-02-13,0,low activity,2020-02-07,2020-02-13,7,0,0.2205266656668882,images/low_activity/BN134/2020-02-13.png
BN134_2020-02-14,BN134,2020-02-14,2,peak dominant,2020-02-08,2020-02-14,7,0,0.19662107660653394,images/peak_dominant/BN134/2020-02-14.png
BN134_2020-02-15,BN134,2020-02-15,0,low activity,2020-02-09,2020-02-15,7,0,0.20058532206887003,images/low_activity/BN134/2020-02-15.png
BN134_2020-02-16,BN134,2020-02-16,0,low activity,2020-02-10,2020-02-16,7,0,0.2187167863807223,images/low_activity/BN134/2020-02-16.png
BN134_2020-02-17,BN134,2020-02-17,2,peak dominant,2020-02-11,2020-02-17,7,0,0.247623794868201,images/peak_dominant/BN134/2020-02-17.png
BN134_2020-02-18,BN134,2020-02-18,2,peak dominant,2020-02-12,2020-02-18,7,0,0.145483083644027,images/peak_dominant/BN134/2020-02-18.png
BN134_2020-02-19,BN134,2020-02-19,2,peak dominant,2020-02-13,2020-02-19,7,0,0.2012722727876291,images/peak_dominant/BN134/2020-02-19.png
BN134_2020-02-20,BN134,2020-02-20,2,peak dominant,2020-02-14,2020-02-20,7,0,0.19523543561861978,images/peak_dominant/BN134/2020-02-20.png
BN134_2020-02-21,BN134,2020-02-21,2,peak dominant,2020-02-15,2020-02-21,7,0,0.18929364775497756,images/peak_dominant/BN134/2020-02-21.png
BN134_2020-02-22,BN134,2020-02-22,0,low activity,2020-02-16,2020-02-22,7,0,0.1951722146914246,images/low_activity/BN134/2020-02-22.png
BN134_2020-02-23,BN134,2020-02-23,0,low activity,2020-02-17,2020-02-23,7,0,0.19128795223192868,images/low_activity/BN134/2020-02-23.png
BN134_2020-02-24,BN134,2020-02-24,0,low activity,2020-02-18,2020-02-24,7,0,0.17906497488799608,images/low_activity/BN134/2020-02-24.png
BN134_2020-02-25,BN134,2020-02-25,2,peak dominant,2020-02-19,2020-02-25,7,0,0.2635272559706649,images/peak_dominant/BN134/2020-02-25.png
BN134_2020-02-26,BN134,2020-02-26,2,peak dominant,2020-02-20,2020-02-26,7,0,0.24694039715553684,images/peak_dominant/BN134/2020-02-26.png
BN134_2020-02-27,BN134,2020-02-27,0,low activity,2020-02-21,2020-02-27,7,0,0.3053192708960272,images/low_activity/BN134/2020-02-27.png
BN134_2020-02-28,BN134,2020-02-28,0,low activity,2020-02-22,2020-02-28,7,0,0.36812725163200677,images/low_activity/BN134/2020-02-28.png
BN134_2020-02-29,BN134,2020-02-29,2,peak dominant,2020-02-23,2020-02-29,7,0,0.42397390006602154,images/peak_dominant/BN134/2020-02-29.png
BN134_2020-03-01,BN134,2020-03-01,0,low activity,2020-02-24,2020-03-01,7,0,0.4376191099051106,images/low_activity/BN134/2020-03-01.png
BN134_2020-03-02,BN134,2020-03-02,0,low activity,2020-02-25,2020-03-02,7,0,0.4160045168919717,images/low_activity/BN134/2020-03-02.png
BN134_2020-03-03,BN134,2020-03-03,0,low activity,2020-02-26,2020-03-03,7,0,0.44672942522376774,images/low_activity/BN134/2020-03-03.png
BN134_2020-03-04,BN134,2020-03-04,0,low activity,2020-02-27,2020-03-04,7,0,0.6102146768606426,images/low_activity/BN134/2020-03-04.png
BN134_2020-03-05,BN134,2020-03-05,2,peak dominant,2020-02-28,2020-03-05,7,0,0.45791312535886664,images/peak_dominant/BN134/2020-03-05.png
BN134_2020-03-06,BN134,2020-03-06,0,low activity,2020-02-29,2020-03-06,7,0,0.4956268417764502,images/low_activity/BN134/2020-03-06.png
BN134_2020-03-07,BN134,2020-03-07,0,low activity,2020-03-01,2020-03-07,7,0,0.4880595265164118,images/low_activity/BN134/2020-03-07.png
BN134_2020-03-08,BN134,2020-03-08,0,low activity,2020-03-02,2020-03-08,7,0,0.43227674195038984,images/low_activity/BN134/2020-03-08.png
BN134_2020-03-09,BN134,2020-03-09,0,low activity,2020-03-03,2020-03-09,7,0,0.3889986383456854,images/low_activity/BN134/2020-03-09.png
BN134_2020-03-10,BN134,2020-03-10,2,peak dominant,2020-03-04,2020-03-10,7,0,0.2985475211160071,images/peak_dominant/BN134/2020-03-10.png
BN134_2020-03-11,BN134,2020-03-11,1,typical,2020-03-05,2020-03-11,7,0,0.2691904996228455,images/typical/BN134/2020-03-11.png
BN134_2020-03-12,BN134,2020-03-12,0,low activity,2020-03-06,2020-03-12,7,0,0.3932412717628126,images/low_activity/BN134/2020-03-12.png
BN134_2020-03-13,BN134,2020-03-13,2,peak dominant,2020-03-07,2020-03-13,7,0,0.3212387444884955,images/peak_dominant/BN134/2020-03-13.png
BN134_2020-03-14,BN134,2020-03-14,0,low activity,2020-03-08,2020-03-14,7,0,0.3441464003760914,images/low_activity/BN134/2020-03-14.png
BN134_2020-03-15,BN134,2020-03-15,0,low activity,2020-03-09,2020-03-15,7,0,0.29960934232213987,images/low_activity/BN134/2020-03-15.png
BN134_2020-03-16,BN134,2020-03-16,0,low activity,2020-03-10,2020-03-16,7,0,0.4362869989014618,images/low_activity/BN134/2020-03-16.png
BN134_2020-03-17,BN134,2020-03-17,2,peak dominant,2020-03-11,2020-03-17,7,0,0.3968080225503912,images/peak_dominant/BN134/2020-03-17.png
BN134_2020-03-18,BN134,2020-03-18,2,peak dominant,2020-03-12,2020-03-18,7,0,0.33956165908830144,images/peak_dominant/BN134/2020-03-18.png
BN134_2020-03-19,BN134,2020-03-19,0,low activity,2020-03-13,2020-03-19,7,0,0.26202261667872423,images/low_activity/BN134/2020-03-19.png
BN134_2020-03-20,BN134,2020-03-20,0,low activity,2020-03-14,2020-03-20,7,0,0.24307934112989293,images/low_activity/BN134/2020-03-20.png
BN134_2020-03-21,BN134,2020-03-21,0,low activity,2020-03-15,2020-03-21,7,0,0.15496435647292972,images/low_activity/BN134/2020-03-21.png
BN134_2020-03-22,BN134,2020-03-22,0,low activity,2020-03-16,2020-03-22,7,0,0.1600814608303693,images/low_activity/BN134/2020-03-22.png
BN134_2020-03-23,BN134,2020-03-23,0,low activity,2020-03-17,2020-03-23,7,0,0.22325359095228858,images/low_activity/BN134/2020-03-23.png
BN134_2020-03-24,BN134,2020-03-24,2,peak dominant,2020-03-18,2020-03-24,7,0,0.19321412029766202,images/peak_dominant/BN134/2020-03-24.png
BN134_2020-03-25,BN134,2020-03-25,0,low activity,2020-03-19,2020-03-25,7,0,0.4668202223047113,images/low_activity/BN134/2020-03-25.png
BN134_2020-03-26,BN134,2020-03-26,2,peak dominant,2020-03-20,2020-03-26,7,0,0.197936876227407,images/peak_dominant/BN134/2020-03-26.png
BN134_2020-03-27,BN134,2020-03-27,2,peak dominant,2020-03-21,2020-03-27,7,0,0.13728627792597461,images/peak_dominant/BN134/2020-03-27.png
BN134_2020-03-28,BN134,2020-03-28,0,low activity,2020-03-22,2020-03-28,7,0,0.14555677032147507,images/low_activity/BN134/2020-03-28.png
BN134_2020-03-29,BN134,2020-03-29,0,low activity,2020-03-23,2020-03-29,7,0,0.12445853190370922,images/low_activity/BN134/2020-03-29.png
BN134_2020-03-30,BN134,2020-03-30,0,low activity,2020-03-24,2020-03-30,7,0,0.09690164701803845,images/low_activity/BN134/2020-03-30.png
BN134_2020-03-31,BN134,2020-03-31,0,low activity,2020-03-25,2020-03-31,7,0,0.21100680401329183,images/low_activity/BN134/2020-03-31.png
BN134_2020-04-01,BN134,2020-04-01,0,low activity,2020-03-26,2020-04-01,7,0,0.1890494550324235,images/low_activity/BN134/2020-04-01.png
BN134_2020-04-02,BN134,2020-04-02,0,low activity,2020-03-27,2020-04-02,7,0,0.5460732944920957,images/low_activity/BN134/2020-04-02.png
BN134_2020-04-03,BN134,2020-04-03,0,low activity,2020-03-28,2020-04-03,7,0,0.4375463596203611,images/low_activity/BN134/2020-04-03.png
BN134_2020-04-04,BN134,2020-04-04,0,low activity,2020-03-29,2020-04-04,7,0,0.5552284976512402,images/low_activity/BN134/2020-04-04.png
BN134_2020-04-05,BN134,2020-04-05,0,low activity,2020-03-30,2020-04-05,7,0,0.6753784093798321,images/low_activity/BN134/2020-04-05.png
BN134_2020-04-06,BN134,2020-04-06,0,low activity,2020-03-31,2020-04-06,7,0,0.6783984385709211,images/low_activity/BN134/2020-04-06.png
BN134_2020-04-07,BN134,2020-04-07,0,low activity,2020-04-01,2020-04-07,7,0,0.4322613877417831,images/low_activity/BN134/2020-04-07.png
BN134_2020-04-08,BN134,2020-04-08,0,low activity,2020-04-02,2020-04-08,7,0,0.37643015530946056,images/low_activity/BN134/2020-04-08.png
BN134_2020-04-09,BN134,2020-04-09,0,low activity,2020-04-03,2020-04-09,7,0,0.5910283153074188,images/low_activity/BN134/2020-04-09.png
BN134_2020-04-10,BN134,2020-04-10,0,low activity,2020-04-04,2020-04-10,7,0,0.5686979175005576,images/low_activity/BN134/2020-04-10.png
BN134_2020-04-11,BN134,2020-04-11,0,low activity,2020-04-05,2020-04-11,7,0,0.5415999486366727,images/low_activity/BN134/2020-04-11.png
BN134_2020-04-12,BN134,2020-04-12,0,low activity,2020-04-06,2020-04-12,7,0,0.5924822852354689,images/low_activity/BN134/2020-04-12.png
BN134_2020-04-13,BN134,2020-04-13,0,low activity,2020-04-07,2020-04-13,7,0,0.600454887565355,images/low_activity/BN134/2020-04-13.png
BN134_2020-04-14,BN134,2020-04-14,0,low activity,2020-04-08,2020-04-14,7,0,0.6334789055950153,images/low_activity/BN134/2020-04-14.png
BN134_2020-04-15,BN134,2020-04-15,0,low activity,2020-04-09,2020-04-15,7,0,0.5832562927152455,images/low_activity/BN134/2020-04-15.png
BN134_2020-04-16,BN134,2020-04-16,0,low activity,2020-04-10,2020-04-16,7,0,0.5467810098051564,images/low_activity/BN134/2020-04-16.png
BN134_2020-04-17,BN134,2020-04-17,0,low activity,2020-04-11,2020-04-17,7,0,0.5411973362111555,images/low_activity/BN134/2020-04-17.png
BN134_2020-04-18,BN134,2020-04-18,0,low activity,2020-04-12,2020-04-18,7,0,0.6775656557096662,images/low_activity/BN134/2020-04-18.png
BN134_2020-04-19,BN134,2020-04-19,0,low activity,2020-04-13,2020-04-19,7,0,0.6813562040120766,images/low_activity/BN134/2020-04-19.png
BN134_2020-04-20,BN134,2020-04-20,1,typical,2020-04-14,2020-04-20,7,0,0.6094567903603679,images/typical/BN134/2020-04-20.png
BN134_2020-04-21,BN134,2020-04-21,0,low activity,2020-04-15,2020-04-21,7,0,0.6244097037127092,images/low_activity/BN134/2020-04-21.png
BN134_2020-04-22,BN134,2020-04-22,0,low activity,2020-04-16,2020-04-22,7,0,0.6051423837180901,images/low_activity/BN134/2020-04-22.png
BN134_2020-04-23,BN134,2020-04-23,0,low activity,2020-04-17,2020-04-23,7,0,0.5320521809379702,images/low_activity/BN134/2020-04-23.png
BN134_2020-04-24,BN134,2020-04-24,0,low activity,2020-04-18,2020-04-24,7,0,0.3890420299381313,images/low_activity/BN134/2020-04-24.png
BN134_2020-04-25,BN134,2020-04-25,0,low activity,2020-04-19,2020-04-25,7,0,0.401266911747557,images/low_activity/BN134/2020-04-25.png
BN134_2020-04-26,BN134,2020-04-26,0,low activity,2020-04-20,2020-04-26,7,0,0.46665562525611687,images/low_activity/BN134/2020-04-26.png
BN134_2020-04-27,BN134,2020-04-27,0,low activity,2020-04-21,2020-04-27,7,0,0.33924800890761925,images/low_activity/BN134/2020-04-27.png
BN134_2020-04-28,BN134,2020-04-28,0,low activity,2020-04-22,2020-04-28,7,0,0.42551833795784133,images/low_activity/BN134/2020-04-28.png
BN134_2020-04-29,BN134,2020-04-29,0,low activity,2020-04-23,2020-04-29,7,0,0.6585460897805816,images/low_activity/BN134/2020-04-29.png
BN134_2020-04-30,BN134,2020-04-30,0,low activity,2020-04-24,2020-04-30,7,0,0.6771673954596144,images/low_activity/BN134/2020-04-30.png
BN134_2020-05-01,BN134,2020-05-01,0,low activity,2020-04-25,2020-05-01,7,0,0.6091271908036131,images/low_activity/BN134/2020-05-01.png
BN134_2020-05-02,BN134,2020-05-02,0,low activity,2020-04-26,2020-05-02,7,0,0.6405727296209126,images/low_activity/BN134/2020-05-02.png
BN134_2020-05-03,BN134,2020-05-03,0,low activity,2020-04-27,2020-05-03,7,0,0.6401326243713558,images/low_activity/BN134/2020-05-03.png
BN134_2020-05-04,BN134,2020-05-04,0,low activity,2020-04-28,2020-05-04,7,0,0.607773716237689,images/low_activity/BN134/2020-05-04.png
BN134_2020-05-05,BN134,2020-05-05,2,peak dominant,2020-04-29,2020-05-05,7,0,0.34575946024630794,images/peak_dominant/BN134/2020-05-05.png
BN134_2020-05-06,BN134,2020-05-06,0,low activity,2020-04-30,2020-05-06,7,0,0.5405231246554976,images/low_activity/BN134/2020-05-06.png
BN134_2020-05-07,BN134,2020-05-07,1,typical,2020-05-01,2020-05-07,7,0,0.40567446720683875,images/typical/BN134/2020-05-07.png
BN134_2020-05-08,BN134,2020-05-08,2,peak dominant,2020-05-02,2020-05-08,7,0,0.4080731769255372,images/peak_dominant/BN134/2020-05-08.png
BN134_2020-05-09,BN134,2020-05-09,2,peak dominant,2020-05-03,2020-05-09,7,0,0.5531587010174226,images/peak_dominant/BN134/2020-05-09.png
BN134_2020-05-10,BN134,2020-05-10,0,low activity,2020-05-04,2020-05-10,7,0,0.5411833786355805,images/low_activity/BN134/2020-05-10.png
BN134_2020-05-11,BN134,2020-05-11,1,typical,2020-05-05,2020-05-11,7,0,0.36826841220514306,images/typical/BN134/2020-05-11.png
BN134_2020-05-12,BN134,2020-05-12,0,low activity,2020-05-06,2020-05-12,7,0,0.39795793148797204,images/low_activity/BN134/2020-05-12.png
BN134_2020-05-13,BN134,2020-05-13,0,low activity,2020-05-07,2020-05-13,7,0,0.4051329877758314,images/low_activity/BN134/2020-05-13.png
BN134_2020-05-14,BN134,2020-05-14,0,low activity,2020-05-08,2020-05-14,7,0,0.28054944521309155,images/low_activity/BN134/2020-05-14.png
BN134_2020-05-15,BN134,2020-05-15,0,low activity,2020-05-09,2020-05-15,7,0,0.22873203316438862,images/low_activity/BN134/2020-05-15.png
BN134_2020-05-16,BN134,2020-05-16,0,low activity,2020-05-10,2020-05-16,7,0,0.32356787935668796,images/low_activity/BN134/2020-05-16.png
BN134_2020-05-17,BN134,2020-05-17,0,low activity,2020-05-11,2020-05-17,7,0,0.3208951008127692,images/low_activity/BN134/2020-05-17.png
BN134_2020-05-18,BN134,2020-05-18,1,typical,2020-05-12,2020-05-18,7,0,0.5509942214616665,images/typical/BN134/2020-05-18.png
BN134_2020-05-19,BN134,2020-05-19,1,typical,2020-05-13,2020-05-19,7,0,0.36023634448241804,images/typical/BN134/2020-05-19.png
BN134_2020-05-20,BN134,2020-05-20,1,typical,2020-05-14,2020-05-20,7,0,0.31265091788070276,images/typical/BN134/2020-05-20.png
BN134_2020-05-21,BN134,2020-05-21,1,typical,2020-05-15,2020-05-21,7,0,0.3415632878232866,images/typical/BN134/2020-05-21.png
BN134_2020-05-22,BN134,2020-05-22,1,typical,2020-05-16,2020-05-22,7,0,0.4324794031484878,images/typical/BN134/2020-05-22.png
BN134_2020-05-23,BN134,2020-05-23,0,low activity,2020-05-17,2020-05-23,7,0,0.4880695917746349,images/low_activity/BN134/2020-05-23.png
BN134_2020-05-24,BN134,2020-05-24,0,low activity,2020-05-18,2020-05-24,7,0,0.34333207003841104,images/low_activity/BN134/2020-05-24.png
BN134_2020-05-25,BN134,2020-05-25,0,low activity,2020-05-19,2020-05-25,7,0,0.26180569095143,images/low_activity/BN134/2020-05-25.png
BN134_2020-05-26,BN134,2020-05-26,1,typical,2020-05-20,2020-05-26,7,0,0.4059964278946729,images/typical/BN134/2020-05-26.png
BN134_2020-05-27,BN134,2020-05-27,2,peak dominant,2020-05-21,2020-05-27,7,0,0.484606066242023,images/peak_dominant/BN134/2020-05-27.png
BN134_2020-05-28,BN134,2020-05-28,1,typical,2020-05-22,2020-05-28,7,0,0.3309563773845556,images/typical/BN134/2020-05-28.png
BN134_2020-05-29,BN134,2020-05-29,1,typical,2020-05-23,2020-05-29,7,0,0.1526149503674823,images/typical/BN134/2020-05-29.png
BN134_2020-05-30,BN134,2020-05-30,1,typical,2020-05-24,2020-05-30,7,0,0.11850402133113129,images/typical/BN134/2020-05-30.png
BN134_2020-05-31,BN134,2020-05-31,1,typical,2020-05-25,2020-05-31,7,0,0.20193278192557765,images/typical/BN134/2020-05-31.png
BN134_2020-06-01,BN134,2020-06-01,1,typical,2020-05-26,2020-06-01,7,0,0.401532447135604,images/typical/BN134/2020-06-01.png
BN134_2020-06-02,BN134,2020-06-02,2,peak dominant,2020-05-27,2020-06-02,7,0,0.48888111531378553,images/peak_dominant/BN134/2020-06-02.png
BN134_2020-06-03,BN134,2020-06-03,1,typical,2020-05-28,2020-06-03,7,0,0.51036546479187,images/typical/BN134/2020-06-03.png
BN134_2020-06-04,BN134,2020-06-04,1,typical,2020-05-29,2020-06-04,7,0,0.49342967125144793,images/typical/BN134/2020-06-04.png
BN134_2020-06-05,BN134,2020-06-05,1,typical,2020-05-30,2020-06-05,7,0,0.4649958659815653,images/typical/BN134/2020-06-05.png
BN134_2020-06-06,BN134,2020-06-06,1,typical,2020-05-31,2020-06-06,7,0,0.3499978310913283,images/typical/BN134/2020-06-06.png
BN134_2020-06-07,BN134,2020-06-07,1,typical,2020-06-01,2020-06-07,7,0,0.252805877379897,images/typical/BN134/2020-06-07.png
BN134_2020-06-08,BN134,2020-06-08,0,low activity,2020-06-02,2020-06-08,7,0,0.22771535075029414,images/low_activity/BN134/2020-06-08.png
BN134_2020-06-09,BN134,2020-06-09,2,peak dominant,2020-06-03,2020-06-09,7,0,0.29580018043580036,images/peak_dominant/BN134/2020-06-09.png
BN134_2020-06-10,BN134,2020-06-10,2,peak dominant,2020-06-04,2020-06-10,7,0,0.30727940436307943,images/peak_dominant/BN134/2020-06-10.png
BN134_2020-06-11,BN134,2020-06-11,2,peak dominant,2020-06-05,2020-06-11,7,0,0.29221916654101754,images/peak_dominant/BN134/2020-06-11.png
BN134_2020-06-12,BN134,2020-06-12,1,typical,2020-06-06,2020-06-12,7,0,0.24750561611037894,images/typical/BN134/2020-06-12.png
BN134_2020-06-13,BN134,2020-06-13,1,typical,2020-06-07,2020-06-13,7,0,0.32971955480804277,images/typical/BN134/2020-06-13.png
BN134_2020-06-14,BN134,2020-06-14,1,typical,2020-06-08,2020-06-14,7,0,0.3756774079291671,images/typical/BN134/2020-06-14.png
BN134_2020-06-15,BN134,2020-06-15,1,typical,2020-06-09,2020-06-15,7,0,0.4078970614488079,images/typical/BN134/2020-06-15.png
BN134_2020-06-16,BN134,2020-06-16,1,typical,2020-06-10,2020-06-16,7,0,0.3309285397188029,images/typical/BN134/2020-06-16.png
BN134_2020-06-17,BN134,2020-06-17,1,typical,2020-06-11,2020-06-17,7,0,0.3643122917451017,images/typical/BN134/2020-06-17.png
BN134_2020-06-18,BN134,2020-06-18,1,typical,2020-06-12,2020-06-18,7,0,0.4433196564422765,images/typical/BN134/2020-06-18.png
BN134_2020-06-19,BN134,2020-06-19,1,typical,2020-06-13,2020-06-19,7,0,0.39922228445506397,images/typical/BN134/2020-06-19.png
BN134_2020-06-20,BN134,2020-06-20,1,typical,2020-06-14,2020-06-20,7,0,0.4125141409246167,images/typical/BN134/2020-06-20.png
BN134_2020-06-21,BN134,2020-06-21,1,typical,2020-06-15,2020-06-21,7,0,0.4274802771377137,images/typical/BN134/2020-06-21.png
BN134_2020-06-22,BN134,2020-06-22,2,peak dominant,2020-06-16,2020-06-22,7,0,0.5394496508134812,images/peak_dominant/BN134/2020-06-22.png
BN134_2020-06-23,BN134,2020-06-23,2,peak dominant,2020-06-17,2020-06-23,7,0,0.31243069630483117,images/peak_dominant/BN134/2020-06-23.png
BN134_2020-06-24,BN134,2020-06-24,2,peak dominant,2020-06-18,2020-06-24,7,0,0.3921014844752137,images/peak_dominant/BN134/2020-06-24.png
BN134_2020-06-25,BN134,2020-06-25,1,typical,2020-06-19,2020-06-25,7,0,0.4583895600595506,images/typical/BN134/2020-06-25.png
BN134_2020-06-26,BN134,2020-06-26,1,typical,2020-06-20,2020-06-26,7,0,0.5869923235795381,images/typical/BN134/2020-06-26.png
BN134_2020-06-27,BN134,2020-06-27,1,typical,2020-06-21,2020-06-27,7,0,0.613868646923694,images/typical/BN134/2020-06-27.png
BN134_2020-06-28,BN134,2020-06-28,2,peak dominant,2020-06-22,2020-06-28,7,0,0.6441427740142865,images/peak_dominant/BN134/2020-06-28.png
BN134_2020-06-29,BN134,2020-06-29,1,typical,2020-06-23,2020-06-29,7,0,0.5523344979512486,images/typical/BN134/2020-06-29.png
BN134_2020-06-30,BN134,2020-06-30,1,typical,2020-06-24,2020-06-30,7,0,0.5566799058183652,images/typical/BN134/2020-06-30.png
BN139_2019-07-31,BN139,2019-07-31,2,peak dominant,2019-07-25,2019-07-31,7,0,0.5092431949632655,images/peak_dominant/BN139/2019-07-31.png
BN139_2019-08-01,BN139,2019-08-01,1,typical,2019-07-26,2019-08-01,7,0,0.3060296966933715,images/typical/BN139/2019-08-01.png
BN139_2019-08-02,BN139,2019-08-02,1,typical,2019-07-27,2019-08-02,7,0,0.32759963680482185,images/typical/BN139/2019-08-02.png
BN139_2019-08-03,BN139,2019-08-03,1,typical,2019-07-28,2019-08-03,7,0,0.33320399285798336,images/typical/BN139/2019-08-03.png
BN139_2019-08-04,BN139,2019-08-04,1,typical,2019-07-29,2019-08-04,7,0,0.3215291887146096,images/typical/BN139/2019-08-04.png
BN139_2019-08-05,BN139,2019-08-05,1,typical,2019-07-30,2019-08-05,7,0,0.3355883998044429,images/typical/BN139/2019-08-05.png
BN139_2019-08-06,BN139,2019-08-06,1,typical,2019-07-31,2019-08-06,7,0,0.1438944624327526,images/typical/BN139/2019-08-06.png
BN139_2019-08-07,BN139,2019-08-07,1,typical,2019-08-01,2019-08-07,7,0,0.28760300964742763,images/typical/BN139/2019-08-07.png
BN139_2019-08-08,BN139,2019-08-08,1,typical,2019-08-02,2019-08-08,7,0,0.3350875635676174,images/typical/BN139/2019-08-08.png
BN139_2019-08-09,BN139,2019-08-09,2,peak dominant,2019-08-03,2019-08-09,7,0,0.2299798465896738,images/peak_dominant/BN139/2019-08-09.png
BN139_2019-08-10,BN139,2019-08-10,2,peak dominant,2019-08-04,2019-08-10,7,0,0.32269117886808646,images/peak_dominant/BN139/2019-08-10.png
BN139_2019-08-11,BN139,2019-08-11,1,typical,2019-08-05,2019-08-11,7,0,0.3599510613380158,images/typical/BN139/2019-08-11.png
BN139_2019-08-12,BN139,2019-08-12,1,typical,2019-08-06,2019-08-12,7,0,0.35786327551362646,images/typical/BN139/2019-08-12.png
BN139_2019-08-13,BN139,2019-08-13,2,peak dominant,2019-08-07,2019-08-13,7,0,0.4738538950969142,images/peak_dominant/BN139/2019-08-13.png
BN139_2019-08-14,BN139,2019-08-14,1,typical,2019-08-08,2019-08-14,7,0,0.4136603672509065,images/typical/BN139/2019-08-14.png
BN139_2019-08-15,BN139,2019-08-15,1,typical,2019-08-09,2019-08-15,7,0,0.336954178332555,images/typical/BN139/2019-08-15.png
BN139_2019-08-16,BN139,2019-08-16,1,typical,2019-08-10,2019-08-16,7,0,0.24154893208276135,images/typical/BN139/2019-08-16.png
BN139_2019-08-17,BN139,2019-08-17,1,typical,2019-08-11,2019-08-17,7,0,0.23077535361041385,images/typical/BN139/2019-08-17.png
BN139_2019-08-18,BN139,2019-08-18,1,typical,2019-08-12,2019-08-18,7,0,0.20525722608663016,images/typical/BN139/2019-08-18.png
BN139_2019-08-19,BN139,2019-08-19,1,typical,2019-08-13,2019-08-19,7,0,0.2498516098942319,images/typical/BN139/2019-08-19.png
BN139_2019-08-20,BN139,2019-08-20,2,peak dominant,2019-08-14,2019-08-20,7,0,0.26196551645914895,images/peak_dominant/BN139/2019-08-20.png
BN139_2019-08-21,BN139,2019-08-21,1,typical,2019-08-15,2019-08-21,7,0,0.25669036460234274,images/typical/BN139/2019-08-21.png
BN139_2019-08-22,BN139,2019-08-22,1,typical,2019-08-16,2019-08-22,7,0,0.31632294933413274,images/typical/BN139/2019-08-22.png
BN139_2019-08-23,BN139,2019-08-23,2,peak dominant,2019-08-17,2019-08-23,7,0,0.3846701085725728,images/peak_dominant/BN139/2019-08-23.png
BN139_2019-08-24,BN139,2019-08-24,1,typical,2019-08-18,2019-08-24,7,0,0.35635052030871983,images/typical/BN139/2019-08-24.png
BN139_2019-08-25,BN139,2019-08-25,1,typical,2019-08-19,2019-08-25,7,0,0.3888434649069502,images/typical/BN139/2019-08-25.png
BN139_2019-08-26,BN139,2019-08-26,1,typical,2019-08-20,2019-08-26,7,0,0.35882028325129944,images/typical/BN139/2019-08-26.png
BN139_2019-08-27,BN139,2019-08-27,1,typical,2019-08-21,2019-08-27,7,0,0.36549937812120864,images/typical/BN139/2019-08-27.png
BN139_2019-08-28,BN139,2019-08-28,2,peak dominant,2019-08-22,2019-08-28,7,0,0.5628629686176477,images/peak_dominant/BN139/2019-08-28.png
BN139_2019-08-29,BN139,2019-08-29,2,peak dominant,2019-08-23,2019-08-29,7,0,0.18102876265043552,images/peak_dominant/BN139/2019-08-29.png
BN139_2019-08-30,BN139,2019-08-30,1,typical,2019-08-24,2019-08-30,7,0,0.1813306291569797,images/typical/BN139/2019-08-30.png
BN139_2019-08-31,BN139,2019-08-31,1,typical,2019-08-25,2019-08-31,7,0,0.1808693497225398,images/typical/BN139/2019-08-31.png
BN139_2019-09-01,BN139,2019-09-01,1,typical,2019-08-26,2019-09-01,7,0,0.18513300083960402,images/typical/BN139/2019-09-01.png
BN139_2019-09-02,BN139,2019-09-02,2,peak dominant,2019-08-27,2019-09-02,7,0,0.1799026609543659,images/peak_dominant/BN139/2019-09-02.png
BN139_2019-09-03,BN139,2019-09-03,1,typical,2019-08-28,2019-09-03,7,0,0.1804208918226376,images/typical/BN139/2019-09-03.png
BN139_2019-09-04,BN139,2019-09-04,2,peak dominant,2019-08-29,2019-09-04,7,0,0.6255091284953347,images/peak_dominant/BN139/2019-09-04.png
BN139_2019-09-05,BN139,2019-09-05,2,peak dominant,2019-08-30,2019-09-05,7,0,0.33367423300677157,images/peak_dominant/BN139/2019-09-05.png
BN139_2019-09-06,BN139,2019-09-06,1,typical,2019-08-31,2019-09-06,7,0,0.3349640300461595,images/typical/BN139/2019-09-06.png
BN139_2019-09-07,BN139,2019-09-07,1,typical,2019-09-01,2019-09-07,7,0,0.3402845122723175,images/typical/BN139/2019-09-07.png
BN139_2019-09-08,BN139,2019-09-08,1,typical,2019-09-02,2019-09-08,7,0,0.33791958840986747,images/typical/BN139/2019-09-08.png
BN139_2019-09-09,BN139,2019-09-09,2,peak dominant,2019-09-03,2019-09-09,7,0,0.35618003345930704,images/peak_dominant/BN139/2019-09-09.png
BN139_2019-09-10,BN139,2019-09-10,1,typical,2019-09-04,2019-09-10,7,0,0.31904582658494257,images/typical/BN139/2019-09-10.png
BN139_2019-09-11,BN139,2019-09-11,2,peak dominant,2019-09-05,2019-09-11,7,0,0.501046305136124,images/peak_dominant/BN139/2019-09-11.png
BN139_2019-09-12,BN139,2019-09-12,2,peak dominant,2019-09-06,2019-09-12,7,0,0.13422740998036542,images/peak_dominant/BN139/2019-09-12.png
BN139_2019-09-13,BN139,2019-09-13,1,typical,2019-09-07,2019-09-13,7,0,0.1347137572138712,images/typical/BN139/2019-09-13.png
BN139_2019-09-14,BN139,2019-09-14,2,peak dominant,2019-09-08,2019-09-14,7,0,0.16237324502605993,images/peak_dominant/BN139/2019-09-14.png
BN139_2019-09-15,BN139,2019-09-15,1,typical,2019-09-09,2019-09-15,7,0,0.15972155958476703,images/typical/BN139/2019-09-15.png
BN139_2019-09-16,BN139,2019-09-16,1,typical,2019-09-10,2019-09-16,7,0,0.31602558851123336,images/typical/BN139/2019-09-16.png
BN139_2019-09-17,BN139,2019-09-17,0,low activity,2019-09-11,2019-09-17,7,0,0.31685611151894616,images/low_activity/BN139/2019-09-17.png
BN139_2019-09-18,BN139,2019-09-18,2,peak dominant,2019-09-12,2019-09-18,7,0,0.3664979424243242,images/peak_dominant/BN139/2019-09-18.png
BN139_2019-09-19,BN139,2019-09-19,2,peak dominant,2019-09-13,2019-09-19,7,0,0.5034938600481662,images/peak_dominant/BN139/2019-09-19.png
BN139_2019-09-20,BN139,2019-09-20,0,low activity,2019-09-14,2019-09-20,7,0,0.49355808979919463,images/low_activity/BN139/2019-09-20.png
BN139_2019-09-21,BN139,2019-09-21,1,typical,2019-09-15,2019-09-21,7,0,0.4419030781911962,images/typical/BN139/2019-09-21.png
BN139_2019-09-22,BN139,2019-09-22,0,low activity,2019-09-16,2019-09-22,7,0,0.426045889173122,images/low_activity/BN139/2019-09-22.png
BN139_2019-09-23,BN139,2019-09-23,1,typical,2019-09-17,2019-09-23,7,0,0.4191931851297175,images/typical/BN139/2019-09-23.png
BN139_2019-09-24,BN139,2019-09-24,2,peak dominant,2019-09-18,2019-09-24,7,0,0.4253328768984796,images/peak_dominant/BN139/2019-09-24.png
BN139_2019-09-25,BN139,2019-09-25,2,peak dominant,2019-09-19,2019-09-25,7,0,0.5053344780905055,images/peak_dominant/BN139/2019-09-25.png
BN139_2019-09-26,BN139,2019-09-26,0,low activity,2019-09-20,2019-09-26,7,0,0.6206750075180232,images/low_activity/BN139/2019-09-26.png
BN139_2019-09-27,BN139,2019-09-27,2,peak dominant,2019-09-21,2019-09-27,7,0,0.6454005969968751,images/peak_dominant/BN139/2019-09-27.png
BN139_2019-09-28,BN139,2019-09-28,0,low activity,2019-09-22,2019-09-28,7,0,0.6384467575653436,images/low_activity/BN139/2019-09-28.png
BN139_2019-09-29,BN139,2019-09-29,0,low activity,2019-09-23,2019-09-29,7,0,0.6366882192299654,images/low_activity/BN139/2019-09-29.png
BN139_2019-09-30,BN139,2019-09-30,0,low activity,2019-09-24,2019-09-30,7,0,0.636663222113284,images/low_activity/BN139/2019-09-30.png
BN139_2019-10-01,BN139,2019-10-01,0,low activity,2019-09-25,2019-10-01,7,0,0.6334923418681213,images/low_activity/BN139/2019-10-01.png
BN139_2019-10-02,BN139,2019-10-02,0,low activity,2019-09-26,2019-10-02,7,0,0.5694863471713116,images/low_activity/BN139/2019-10-02.png
BN139_2019-10-03,BN139,2019-10-03,2,peak dominant,2019-09-27,2019-10-03,7,0,0.4085387359648323,images/peak_dominant/BN139/2019-10-03.png
BN139_2019-10-04,BN139,2019-10-04,2,peak dominant,2019-09-28,2019-10-04,7,0,0.6538495106796043,images/peak_dominant/BN139/2019-10-04.png
BN139_2019-10-05,BN139,2019-10-05,0,low activity,2019-09-29,2019-10-05,7,0,0.6540600180632685,images/low_activity/BN139/2019-10-05.png
BN139_2019-10-06,BN139,2019-10-06,0,low activity,2019-09-30,2019-10-06,7,0,0.6456521637876553,images/low_activity/BN139/2019-10-06.png
BN139_2019-10-07,BN139,2019-10-07,0,low activity,2019-10-01,2019-10-07,7,0,0.6493120509860532,images/low_activity/BN139/2019-10-07.png
BN139_2019-10-08,BN139,2019-10-08,0,low activity,2019-10-02,2019-10-08,7,0,0.6585282082058687,images/low_activity/BN139/2019-10-08.png
BN139_2019-10-09,BN139,2019-10-09,0,low activity,2019-10-03,2019-10-09,7,0,0.6778277610290314,images/low_activity/BN139/2019-10-09.png
BN139_2019-10-10,BN139,2019-10-10,0,low activity,2019-10-04,2019-10-10,7,0,0.6037615534836895,images/low_activity/BN139/2019-10-10.png
BN139_2019-10-11,BN139,2019-10-11,0,low activity,2019-10-05,2019-10-11,7,0,0.3170705977200706,images/low_activity/BN139/2019-10-11.png
BN139_2019-10-12,BN139,2019-10-12,0,low activity,2019-10-06,2019-10-12,7,0,0.3144330201027145,images/low_activity/BN139/2019-10-12.png
BN139_2019-10-13,BN139,2019-10-13,0,low activity,2019-10-07,2019-10-13,7,0,0.3125094456799228,images/low_activity/BN139/2019-10-13.png
BN139_2019-10-14,BN139,2019-10-14,0,low activity,2019-10-08,2019-10-14,7,0,0.352036070835212,images/low_activity/BN139/2019-10-14.png
BN139_2019-10-15,BN139,2019-10-15,0,low activity,2019-10-09,2019-10-15,7,0,0.34719652988505384,images/low_activity/BN139/2019-10-15.png
BN139_2019-10-16,BN139,2019-10-16,0,low activity,2019-10-10,2019-10-16,7,0,0.3209732438022045,images/low_activity/BN139/2019-10-16.png
BN139_2019-10-17,BN139,2019-10-17,0,low activity,2019-10-11,2019-10-17,7,0,0.6494923104398757,images/low_activity/BN139/2019-10-17.png
BN139_2019-10-18,BN139,2019-10-18,0,low activity,2019-10-12,2019-10-18,7,0,0.6285937875682881,images/low_activity/BN139/2019-10-18.png
BN139_2019-10-19,BN139,2019-10-19,0,low activity,2019-10-13,2019-10-19,7,0,0.666095866970237,images/low_activity/BN139/2019-10-19.png
BN139_2019-10-20,BN139,2019-10-20,0,low activity,2019-10-14,2019-10-20,7,0,0.6644298739179808,images/low_activity/BN139/2019-10-20.png
BN139_2019-10-21,BN139,2019-10-21,0,low activity,2019-10-15,2019-10-21,7,0,0.6669055558963745,images/low_activity/BN139/2019-10-21.png
BN139_2019-10-22,BN139,2019-10-22,0,low activity,2019-10-16,2019-10-22,7,0,0.6626139422750233,images/low_activity/BN139/2019-10-22.png
BN139_2019-10-23,BN139,2019-10-23,0,low activity,2019-10-17,2019-10-23,7,0,0.5320165771543927,images/low_activity/BN139/2019-10-23.png
BN139_2019-10-24,BN139,2019-10-24,0,low activity,2019-10-18,2019-10-24,7,0,0.5907839113567557,images/low_activity/BN139/2019-10-24.png
BN139_2019-10-25,BN139,2019-10-25,0,low activity,2019-10-19,2019-10-25,7,0,0.6289609034388235,images/low_activity/BN139/2019-10-25.png
BN139_2019-10-26,BN139,2019-10-26,0,low activity,2019-10-20,2019-10-26,7,0,0.6351724626842409,images/low_activity/BN139/2019-10-26.png
BN139_2019-10-27,BN139,2019-10-27,0,low activity,2019-10-21,2019-10-27,7,0,0.6373835610905628,images/low_activity/BN139/2019-10-27.png
BN139_2019-10-28,BN139,2019-10-28,0,low activity,2019-10-22,2019-10-28,7,0,0.6440955237309645,images/low_activity/BN139/2019-10-28.png
BN139_2019-10-29,BN139,2019-10-29,0,low activity,2019-10-23,2019-10-29,7,0,0.6338005147216282,images/low_activity/BN139/2019-10-29.png
BN139_2019-10-30,BN139,2019-10-30,0,low activity,2019-10-24,2019-10-30,7,0,0.5805064781547874,images/low_activity/BN139/2019-10-30.png
BN139_2019-10-31,BN139,2019-10-31,0,low activity,2019-10-25,2019-10-31,7,0,0.6223013245881007,images/low_activity/BN139/2019-10-31.png
BN139_2019-11-01,BN139,2019-11-01,0,low activity,2019-10-26,2019-11-01,7,0,0.6276561710845229,images/low_activity/BN139/2019-11-01.png
BN139_2019-11-02,BN139,2019-11-02,0,low activity,2019-10-27,2019-11-02,7,0,0.4659120448658775,images/low_activity/BN139/2019-11-02.png
BN139_2019-11-03,BN139,2019-11-03,0,low activity,2019-10-28,2019-11-03,7,0,0.4511192736262515,images/low_activity/BN139/2019-11-03.png
BN139_2019-11-04,BN139,2019-11-04,0,low activity,2019-10-29,2019-11-04,7,0,0.4207541813566697,images/low_activity/BN139/2019-11-04.png
BN139_2019-11-05,BN139,2019-11-05,0,low activity,2019-10-30,2019-11-05,7,0,0.41490216205620123,images/low_activity/BN139/2019-11-05.png
BN139_2019-11-06,BN139,2019-11-06,0,low activity,2019-10-31,2019-11-06,7,0,0.38584908714051463,images/low_activity/BN139/2019-11-06.png
BN139_2019-11-07,BN139,2019-11-07,2,peak dominant,2019-11-01,2019-11-07,7,0,0.5932275602358817,images/peak_dominant/BN139/2019-11-07.png
BN139_2019-11-08,BN139,2019-11-08,0,low activity,2019-11-02,2019-11-08,7,0,0.6003380560234878,images/low_activity/BN139/2019-11-08.png
BN139_2019-11-09,BN139,2019-11-09,0,low activity,2019-11-03,2019-11-09,7,0,0.5998351832477059,images/low_activity/BN139/2019-11-09.png
BN139_2019-11-10,BN139,2019-11-10,0,low activity,2019-11-04,2019-11-10,7,0,0.6107783962608619,images/low_activity/BN139/2019-11-10.png
BN139_2019-11-11,BN139,2019-11-11,0,low activity,2019-11-05,2019-11-11,7,0,0.6222201707869212,images/low_activity/BN139/2019-11-11.png
BN139_2019-11-12,BN139,2019-11-12,0,low activity,2019-11-06,2019-11-12,7,0,0.5861898657977148,images/low_activity/BN139/2019-11-12.png
BN139_2019-11-13,BN139,2019-11-13,0,low activity,2019-11-07,2019-11-13,7,0,0.5960907668200877,images/low_activity/BN139/2019-11-13.png
BN139_2019-11-14,BN139,2019-11-14,0,low activity,2019-11-08,2019-11-14,7,0,0.5136076305381363,images/low_activity/BN139/2019-11-14.png
BN139_2019-11-15,BN139,2019-11-15,0,low activity,2019-11-09,2019-11-15,7,0,0.5111239565410814,images/low_activity/BN139/2019-11-15.png
BN139_2019-11-16,BN139,2019-11-16,0,low activity,2019-11-10,2019-11-16,7,0,0.5140459929309166,images/low_activity/BN139/2019-11-16.png
BN139_2019-11-17,BN139,2019-11-17,0,low activity,2019-11-11,2019-11-17,7,0,0.5106304432479759,images/low_activity/BN139/2019-11-17.png
BN139_2019-11-18,BN139,2019-11-18,0,low activity,2019-11-12,2019-11-18,7,0,0.5044956211924262,images/low_activity/BN139/2019-11-18.png
BN139_2019-11-19,BN139,2019-11-19,0,low activity,2019-11-13,2019-11-19,7,0,0.3518451133564015,images/low_activity/BN139/2019-11-19.png
BN139_2019-11-20,BN139,2019-11-20,0,low activity,2019-11-14,2019-11-20,7,0,0.6454703067087515,images/low_activity/BN139/2019-11-20.png
BN139_2019-11-21,BN139,2019-11-21,0,low activity,2019-11-15,2019-11-21,7,0,0.5203958533794831,images/low_activity/BN139/2019-11-21.png
BN139_2019-11-22,BN139,2019-11-22,0,low activity,2019-11-16,2019-11-22,7,0,0.5453968023993602,images/low_activity/BN139/2019-11-22.png
BN139_2019-11-23,BN139,2019-11-23,0,low activity,2019-11-17,2019-11-23,7,0,0.6010229677178858,images/low_activity/BN139/2019-11-23.png
BN139_2019-11-24,BN139,2019-11-24,0,low activity,2019-11-18,2019-11-24,7,0,0.6211693641427878,images/low_activity/BN139/2019-11-24.png
BN139_2019-11-25,BN139,2019-11-25,0,low activity,2019-11-19,2019-11-25,7,0,0.616307772701253,images/low_activity/BN139/2019-11-25.png
BN139_2019-11-26,BN139,2019-11-26,0,low activity,2019-11-20,2019-11-26,7,0,0.6191966911599776,images/low_activity/BN139/2019-11-26.png
BN139_2019-11-27,BN139,2019-11-27,2,peak dominant,2019-11-21,2019-11-27,7,0,0.626295389165441,images/peak_dominant/BN139/2019-11-27.png
BN139_2019-11-28,BN139,2019-11-28,0,low activity,2019-11-22,2019-11-28,7,0,0.626612766543257,images/low_activity/BN139/2019-11-28.png
BN139_2019-11-29,BN139,2019-11-29,0,low activity,2019-11-23,2019-11-29,7,0,0.6238076613013144,images/low_activity/BN139/2019-11-29.png
BN139_2019-11-30,BN139,2019-11-30,0,low activity,2019-11-24,2019-11-30,7,0,0.6195407142140253,images/low_activity/BN139/2019-11-30.png
BN139_2019-12-01,BN139,2019-12-01,0,low activity,2019-11-25,2019-12-01,7,0,0.619521141726472,images/low_activity/BN139/2019-12-01.png
BN139_2019-12-02,BN139,2019-12-02,0,low activity,2019-11-26,2019-12-02,7,0,0.616487437505538,images/low_activity/BN139/2019-12-02.png
BN139_2019-12-03,BN139,2019-12-03,0,low activity,2019-11-27,2019-12-03,7,0,0.6188835361314875,images/low_activity/BN139/2019-12-03.png
BN139_2019-12-04,BN139,2019-12-04,0,low activity,2019-11-28,2019-12-04,7,0,0.44778167618449066,images/low_activity/BN139/2019-12-04.png
BN139_2019-12-05,BN139,2019-12-05,0,low activity,2019-11-29,2019-12-05,7,0,0.2892701899771671,images/low_activity/BN139/2019-12-05.png
BN139_2019-12-06,BN139,2019-12-06,0,low activity,2019-11-30,2019-12-06,7,0,0.27820853181714417,images/low_activity/BN139/2019-12-06.png
BN139_2019-12-07,BN139,2019-12-07,0,low activity,2019-12-01,2019-12-07,7,0,0.2722934228114355,images/low_activity/BN139/2019-12-07.png
BN139_2019-12-08,BN139,2019-12-08,0,low activity,2019-12-02,2019-12-08,7,0,0.2767110799556416,images/low_activity/BN139/2019-12-08.png
BN139_2019-12-09,BN139,2019-12-09,0,low activity,2019-12-03,2019-12-09,7,0,0.27795414729424217,images/low_activity/BN139/2019-12-09.png
BN139_2019-12-10,BN139,2019-12-10,2,peak dominant,2019-12-04,2019-12-10,7,0,0.6233160359841772,images/peak_dominant/BN139/2019-12-10.png
BN139_2019-12-11,BN139,2019-12-11,0,low activity,2019-12-05,2019-12-11,7,0,0.6194426555754883,images/low_activity/BN139/2019-12-11.png
BN139_2019-12-12,BN139,2019-12-12,0,low activity,2019-12-06,2019-12-12,7,0,0.6708400903118534,images/low_activity/BN139/2019-12-12.png
BN139_2019-12-13,BN139,2019-12-13,0,low activity,2019-12-07,2019-12-13,7,0,0.6491050712250175,images/low_activity/BN139/2019-12-13.png
BN139_2019-12-14,BN139,2019-12-14,0,low activity,2019-12-08,2019-12-14,7,0,0.6409284392020862,images/low_activity/BN139/2019-12-14.png
BN139_2019-12-15,BN139,2019-12-15,0,low activity,2019-12-09,2019-12-15,7,0,0.6367615495248469,images/low_activity/BN139/2019-12-15.png
BN139_2019-12-16,BN139,2019-12-16,0,low activity,2019-12-10,2019-12-16,7,0,0.6370002581171428,images/low_activity/BN139/2019-12-16.png
BN139_2019-12-17,BN139,2019-12-17,0,low activity,2019-12-11,2019-12-17,7,0,0.5760399088231577,images/low_activity/BN139/2019-12-17.png
BN139_2019-12-18,BN139,2019-12-18,0,low activity,2019-12-12,2019-12-18,7,0,0.6264972931937712,images/low_activity/BN139/2019-12-18.png
BN139_2019-12-19,BN139,2019-12-19,2,peak dominant,2019-12-13,2019-12-19,7,0,0.6396699171607971,images/peak_dominant/BN139/2019-12-19.png
BN139_2019-12-20,BN139,2019-12-20,0,low activity,2019-12-14,2019-12-20,7,0,0.6395514325290005,images/low_activity/BN139/2019-12-20.png
BN139_2019-12-21,BN139,2019-12-21,0,low activity,2019-12-15,2019-12-21,7,0,0.6414206278802557,images/low_activity/BN139/2019-12-21.png
BN139_2019-12-22,BN139,2019-12-22,0,low activity,2019-12-16,2019-12-22,7,0,0.639714302390512,images/low_activity/BN139/2019-12-22.png
BN139_2019-12-23,BN139,2019-12-23,0,low activity,2019-12-17,2019-12-23,7,0,0.633702948810759,images/low_activity/BN139/2019-12-23.png
BN139_2019-12-24,BN139,2019-12-24,0,low activity,2019-12-18,2019-12-24,7,0,0.6122789444455761,images/low_activity/BN139/2019-12-24.png
BN139_2019-12-25,BN139,2019-12-25,0,low activity,2019-12-19,2019-12-25,7,0,0.6015700576338631,images/low_activity/BN139/2019-12-25.png
BN139_2019-12-26,BN139,2019-12-26,0,low activity,2019-12-20,2019-12-26,7,0,0.05319765397563897,images/low_activity/BN139/2019-12-26.png
BN139_2019-12-27,BN139,2019-12-27,0,low activity,2019-12-21,2019-12-27,7,0,0.19024249868541768,images/low_activity/BN139/2019-12-27.png
BN139_2019-12-28,BN139,2019-12-28,0,low activity,2019-12-22,2019-12-28,7,0,0.6313354969236654,images/low_activity/BN139/2019-12-28.png
BN139_2019-12-29,BN139,2019-12-29,0,low activity,2019-12-23,2019-12-29,7,0,0.6305314697937787,images/low_activity/BN139/2019-12-29.png
BN139_2019-12-30,BN139,2019-12-30,0,low activity,2019-12-24,2019-12-30,7,0,0.5276223175165035,images/low_activity/BN139/2019-12-30.png
BN139_2019-12-31,BN139,2019-12-31,2,peak dominant,2019-12-25,2019-12-31,7,0,0.6212895276004764,images/peak_dominant/BN139/2019-12-31.png
BN139_2020-01-01,BN139,2020-01-01,0,low activity,2019-12-26,2020-01-01,7,0,0.6206162470444401,images/low_activity/BN139/2020-01-01.png
BN139_2020-01-02,BN139,2020-01-02,0,low activity,2019-12-27,2020-01-02,7,0,0.6503648313713897,images/low_activity/BN139/2020-01-02.png
BN139_2020-01-03,BN139,2020-01-03,0,low activity,2019-12-28,2020-01-03,7,0,0.6510073548852879,images/low_activity/BN139/2020-01-03.png
BN139_2020-01-04,BN139,2020-01-04,0,low activity,2019-12-29,2020-01-04,7,0,0.652764442662213,images/low_activity/BN139/2020-01-04.png
BN139_2020-01-05,BN139,2020-01-05,0,low activity,2019-12-30,2020-01-05,7,0,0.65729119276779,images/low_activity/BN139/2020-01-05.png
BN139_2020-01-06,BN139,2020-01-06,0,low activity,2019-12-31,2020-01-06,7,0,0.6580438808427075,images/low_activity/BN139/2020-01-06.png
BN139_2020-01-07,BN139,2020-01-07,0,low activity,2020-01-01,2020-01-07,7,0,0.6096240057093322,images/low_activity/BN139/2020-01-07.png
BN139_2020-01-08,BN139,2020-01-08,0,low activity,2020-01-02,2020-01-08,7,0,0.6465078238732452,images/low_activity/BN139/2020-01-08.png
BN139_2020-01-09,BN139,2020-01-09,0,low activity,2020-01-03,2020-01-09,7,0,0.22449553039835546,images/low_activity/BN139/2020-01-09.png
BN139_2020-01-10,BN139,2020-01-10,0,low activity,2020-01-04,2020-01-10,7,0,0.07520168955308788,images/low_activity/BN139/2020-01-10.png
BN139_2020-01-11,BN139,2020-01-11,0,low activity,2020-01-05,2020-01-11,7,0,0.27219855232398227,images/low_activity/BN139/2020-01-11.png
BN139_2020-01-12,BN139,2020-01-12,0,low activity,2020-01-06,2020-01-12,7,0,0.22205924956394252,images/low_activity/BN139/2020-01-12.png
BN139_2020-01-13,BN139,2020-01-13,0,low activity,2020-01-07,2020-01-13,7,0,0.3032551121362359,images/low_activity/BN139/2020-01-13.png
BN139_2020-01-14,BN139,2020-01-14,0,low activity,2020-01-08,2020-01-14,7,0,0.5285457198604394,images/low_activity/BN139/2020-01-14.png
BN139_2020-01-15,BN139,2020-01-15,2,peak dominant,2020-01-09,2020-01-15,7,0,0.5750143185167191,images/peak_dominant/BN139/2020-01-15.png
BN139_2020-01-16,BN139,2020-01-16,0,low activity,2020-01-10,2020-01-16,7,0,0.6227051740300111,images/low_activity/BN139/2020-01-16.png
BN139_2020-01-17,BN139,2020-01-17,0,low activity,2020-01-11,2020-01-17,7,0,0.6321692871340765,images/low_activity/BN139/2020-01-17.png
BN139_2020-01-18,BN139,2020-01-18,0,low activity,2020-01-12,2020-01-18,7,0,0.6409394594866292,images/low_activity/BN139/2020-01-18.png
BN139_2020-01-19,BN139,2020-01-19,0,low activity,2020-01-13,2020-01-19,7,0,0.6456758181526713,images/low_activity/BN139/2020-01-19.png
BN139_2020-01-20,BN139,2020-01-20,0,low activity,2020-01-14,2020-01-20,7,0,0.645304175732845,images/low_activity/BN139/2020-01-20.png
BN139_2020-01-21,BN139,2020-01-21,0,low activity,2020-01-15,2020-01-21,7,0,0.575972023741446,images/low_activity/BN139/2020-01-21.png
BN139_2020-01-22,BN139,2020-01-22,0,low activity,2020-01-16,2020-01-22,7,0,0.3427080110760981,images/low_activity/BN139/2020-01-22.png
BN139_2020-01-23,BN139,2020-01-23,0,low activity,2020-01-17,2020-01-23,7,0,0.6236113902100033,images/low_activity/BN139/2020-01-23.png
BN139_2020-01-24,BN139,2020-01-24,0,low activity,2020-01-18,2020-01-24,7,0,0.6234617663398146,images/low_activity/BN139/2020-01-24.png
BN139_2020-01-25,BN139,2020-01-25,0,low activity,2020-01-19,2020-01-25,7,0,0.628230809223255,images/low_activity/BN139/2020-01-25.png
BN139_2020-01-26,BN139,2020-01-26,0,low activity,2020-01-20,2020-01-26,7,0,0.6279197855392141,images/low_activity/BN139/2020-01-26.png
BN139_2020-01-27,BN139,2020-01-27,0,low activity,2020-01-21,2020-01-27,7,0,0.6269671567887082,images/low_activity/BN139/2020-01-27.png
BN139_2020-01-28,BN139,2020-01-28,0,low activity,2020-01-22,2020-01-28,7,0,0.48599929000548503,images/low_activity/BN139/2020-01-28.png
BN139_2020-01-29,BN139,2020-01-29,0,low activity,2020-01-23,2020-01-29,7,0,0.6238349188545796,images/low_activity/BN139/2020-01-29.png
BN139_2020-01-30,BN139,2020-01-30,0,low activity,2020-01-24,2020-01-30,7,0,0.6239862641296888,images/low_activity/BN139/2020-01-30.png
BN139_2020-01-31,BN139,2020-01-31,0,low activity,2020-01-25,2020-01-31,7,0,0.6232129227970835,images/low_activity/BN139/2020-01-31.png
BN139_2020-02-01,BN139,2020-02-01,2,peak dominant,2020-01-26,2020-02-01,7,0,0.6473101704515308,images/peak_dominant/BN139/2020-02-01.png
BN139_2020-02-02,BN139,2020-02-02,0,low activity,2020-01-27,2020-02-02,7,0,0.6472075933988837,images/low_activity/BN139/2020-02-02.png
BN139_2020-02-03,BN139,2020-02-03,0,low activity,2020-01-28,2020-02-03,7,0,0.6463582745407653,images/low_activity/BN139/2020-02-03.png
BN139_2020-02-04,BN139,2020-02-04,0,low activity,2020-01-29,2020-02-04,7,0,0.6393254419885531,images/low_activity/BN139/2020-02-04.png
BN139_2020-02-05,BN139,2020-02-05,0,low activity,2020-01-30,2020-02-05,7,0,0.6445894560761939,images/low_activity/BN139/2020-02-05.png
BN139_2020-02-06,BN139,2020-02-06,0,low activity,2020-01-31,2020-02-06,7,0,0.6438342957998221,images/low_activity/BN139/2020-02-06.png
BN139_2020-02-07,BN139,2020-02-07,0,low activity,2020-02-01,2020-02-07,7,0,0.6437721384650188,images/low_activity/BN139/2020-02-07.png
BN139_2020-02-08,BN139,2020-02-08,0,low activity,2020-02-02,2020-02-08,7,0,0.6243077914556003,images/low_activity/BN139/2020-02-08.png
BN139_2020-02-09,BN139,2020-02-09,0,low activity,2020-02-03,2020-02-09,7,0,0.6244460713868372,images/low_activity/BN139/2020-02-09.png
BN139_2020-02-10,BN139,2020-02-10,0,low activity,2020-02-04,2020-02-10,7,0,0.6286100975473176,images/low_activity/BN139/2020-02-10.png
BN139_2020-02-11,BN139,2020-02-11,0,low activity,2020-02-05,2020-02-11,7,0,0.4047754391874836,images/low_activity/BN139/2020-02-11.png
BN139_2020-02-12,BN139,2020-02-12,0,low activity,2020-02-06,2020-02-12,7,0,0.6615403153091333,images/low_activity/BN139/2020-02-12.png
BN139_2020-02-13,BN139,2020-02-13,0,low activity,2020-02-07,2020-02-13,7,0,0.661561363748717,images/low_activity/BN139/2020-02-13.png
BN139_2020-02-14,BN139,2020-02-14,0,low activity,2020-02-08,2020-02-14,7,0,0.6899448617602453,images/low_activity/BN139/2020-02-14.png
BN139_2020-02-15,BN139,2020-02-15,0,low activity,2020-02-09,2020-02-15,7,0,0.691469163140126,images/low_activity/BN139/2020-02-15.png
BN139_2020-02-16,BN139,2020-02-16,0,low activity,2020-02-10,2020-02-16,7,0,0.6934825883515344,images/low_activity/BN139/2020-02-16.png
BN139_2020-02-17,BN139,2020-02-17,2,peak dominant,2020-02-11,2020-02-17,7,0,0.6522110757037348,images/peak_dominant/BN139/2020-02-17.png
BN139_2020-02-18,BN139,2020-02-18,2,peak dominant,2020-02-12,2020-02-18,7,0,0.616275264903571,images/peak_dominant/BN139/2020-02-18.png
BN139_2020-02-19,BN139,2020-02-19,0,low activity,2020-02-13,2020-02-19,7,0,0.6258402403369321,images/low_activity/BN139/2020-02-19.png
BN139_2020-02-20,BN139,2020-02-20,0,low activity,2020-02-14,2020-02-20,7,0,0.6240453146414914,images/low_activity/BN139/2020-02-20.png
BN139_2020-02-21,BN139,2020-02-21,0,low activity,2020-02-15,2020-02-21,7,0,0.4905369776456343,images/low_activity/BN139/2020-02-21.png
BN139_2020-02-22,BN139,2020-02-22,0,low activity,2020-02-16,2020-02-22,7,0,0.4939060151941962,images/low_activity/BN139/2020-02-22.png
BN139_2020-02-23,BN139,2020-02-23,0,low activity,2020-02-17,2020-02-23,7,0,0.49018623055229776,images/low_activity/BN139/2020-02-23.png
BN139_2020-02-24,BN139,2020-02-24,0,low activity,2020-02-18,2020-02-24,7,0,0.601183815875102,images/low_activity/BN139/2020-02-24.png
BN139_2020-02-25,BN139,2020-02-25,0,low activity,2020-02-19,2020-02-25,7,0,0.6686921788682386,images/low_activity/BN139/2020-02-25.png
BN139_2020-02-26,BN139,2020-02-26,2,peak dominant,2020-02-20,2020-02-26,7,0,0.636559933916897,images/peak_dominant/BN139/2020-02-26.png
BN139_2020-02-27,BN139,2020-02-27,0,low activity,2020-02-21,2020-02-27,7,0,0.6364722742891902,images/low_activity/BN139/2020-02-27.png
BN139_2020-02-28,BN139,2020-02-28,0,low activity,2020-02-22,2020-02-28,7,0,0.6277376502540453,images/low_activity/BN139/2020-02-28.png
BN139_2020-02-29,BN139,2020-02-29,2,peak dominant,2020-02-23,2020-02-29,7,0,0.2475457941381337,images/peak_dominant/BN139/2020-02-29.png
BN139_2020-03-01,BN139,2020-03-01,0,low activity,2020-02-24,2020-03-01,7,0,0.25201385233666485,images/low_activity/BN139/2020-03-01.png
BN139_2020-03-02,BN139,2020-03-02,0,low activity,2020-02-25,2020-03-02,7,0,0.24616468174862652,images/low_activity/BN139/2020-03-02.png
BN139_2020-03-03,BN139,2020-03-03,2,peak dominant,2020-02-26,2020-03-03,7,0,0.2661975853316003,images/peak_dominant/BN139/2020-03-03.png
BN139_2020-03-04,BN139,2020-03-04,0,low activity,2020-02-27,2020-03-04,7,0,0.6271774426873862,images/low_activity/BN139/2020-03-04.png
BN139_2020-03-05,BN139,2020-03-05,0,low activity,2020-02-28,2020-03-05,7,0,0.6342594286307024,images/low_activity/BN139/2020-03-05.png
BN139_2020-03-06,BN139,2020-03-06,0,low activity,2020-02-29,2020-03-06,7,0,0.6398965085325925,images/low_activity/BN139/2020-03-06.png
BN139_2020-03-07,BN139,2020-03-07,0,low activity,2020-03-01,2020-03-07,7,0,0.45069447675959745,images/low_activity/BN139/2020-03-07.png
BN139_2020-03-08,BN139,2020-03-08,0,low activity,2020-03-02,2020-03-08,7,0,0.45836608616718166,images/low_activity/BN139/2020-03-08.png
BN139_2020-03-09,BN139,2020-03-09,0,low activity,2020-03-03,2020-03-09,7,0,0.45496682062877963,images/low_activity/BN139/2020-03-09.png
BN139_2020-03-10,BN139,2020-03-10,0,low activity,2020-03-04,2020-03-10,7,0,0.060921665167803556,images/low_activity/BN139/2020-03-10.png
BN139_2020-03-11,BN139,2020-03-11,0,low activity,2020-03-05,2020-03-11,7,0,0.04504470339670625,images/low_activity/BN139/2020-03-11.png
BN139_2020-03-12,BN139,2020-03-12,0,low activity,2020-03-06,2020-03-12,7,0,0.051413160792063095,images/low_activity/BN139/2020-03-12.png
BN139_2020-03-13,BN139,2020-03-13,0,low activity,2020-03-07,2020-03-13,7,0,0.15458148214680484,images/low_activity/BN139/2020-03-13.png
BN139_2020-03-14,BN139,2020-03-14,0,low activity,2020-03-08,2020-03-14,7,0,0.14875607531737794,images/low_activity/BN139/2020-03-14.png
BN139_2020-03-15,BN139,2020-03-15,0,low activity,2020-03-09,2020-03-15,7,0,0.14841562369213662,images/low_activity/BN139/2020-03-15.png
BN139_2020-03-16,BN139,2020-03-16,0,low activity,2020-03-10,2020-03-16,7,0,0.14677359131897535,images/low_activity/BN139/2020-03-16.png
BN139_2020-03-17,BN139,2020-03-17,0,low activity,2020-03-11,2020-03-17,7,0,0.15130742824131854,images/low_activity/BN139/2020-03-17.png
BN139_2020-03-18,BN139,2020-03-18,0,low activity,2020-03-12,2020-03-18,7,0,0.15063997068950305,images/low_activity/BN139/2020-03-18.png
BN139_2020-03-19,BN139,2020-03-19,0,low activity,2020-03-13,2020-03-19,7,0,0.1502753213795712,images/low_activity/BN139/2020-03-19.png
BN139_2020-03-20,BN139,2020-03-20,0,low activity,2020-03-14,2020-03-20,7,0,0.14494946997142985,images/low_activity/BN139/2020-03-20.png
BN139_2020-03-21,BN139,2020-03-21,0,low activity,2020-03-15,2020-03-21,7,0,0.144439280888453,images/low_activity/BN139/2020-03-21.png
BN139_2020-03-22,BN139,2020-03-22,0,low activity,2020-03-16,2020-03-22,7,0,0.14478100504421293,images/low_activity/BN139/2020-03-22.png
BN139_2020-03-23,BN139,2020-03-23,0,low activity,2020-03-17,2020-03-23,7,0,0.14494019426185484,images/low_activity/BN139/2020-03-23.png
BN139_2020-03-24,BN139,2020-03-24,0,low activity,2020-03-18,2020-03-24,7,0,0.6162026128385061,images/low_activity/BN139/2020-03-24.png
BN139_2020-03-25,BN139,2020-03-25,0,low activity,2020-03-19,2020-03-25,7,0,0.6522736398834884,images/low_activity/BN139/2020-03-25.png
BN139_2020-03-26,BN139,2020-03-26,0,low activity,2020-03-20,2020-03-26,7,0,0.6737043717375516,images/low_activity/BN139/2020-03-26.png
BN139_2020-03-27,BN139,2020-03-27,0,low activity,2020-03-21,2020-03-27,7,0,0.4077034950061611,images/low_activity/BN139/2020-03-27.png
BN139_2020-03-28,BN139,2020-03-28,0,low activity,2020-03-22,2020-03-28,7,0,0.40731908624192803,images/low_activity/BN139/2020-03-28.png
BN139_2020-03-29,BN139,2020-03-29,0,low activity,2020-03-23,2020-03-29,7,0,0.4554866906893603,images/low_activity/BN139/2020-03-29.png
BN139_2020-03-30,BN139,2020-03-30,0,low activity,2020-03-24,2020-03-30,7,0,0.4658420368105033,images/low_activity/BN139/2020-03-30.png
BN139_2020-03-31,BN139,2020-03-31,0,low activity,2020-03-25,2020-03-31,7,0,0.4411008758031,images/low_activity/BN139/2020-03-31.png
BN139_2020-04-01,BN139,2020-04-01,0,low activity,2020-03-26,2020-04-01,7,0,0.43518298257207827,images/low_activity/BN139/2020-04-01.png
BN139_2020-04-02,BN139,2020-04-02,0,low activity,2020-03-27,2020-04-02,7,0,0.5840135708378345,images/low_activity/BN139/2020-04-02.png
BN139_2020-04-03,BN139,2020-04-03,0,low activity,2020-03-28,2020-04-03,7,0,0.763565990351429,images/low_activity/BN139/2020-04-03.png
BN139_2020-04-04,BN139,2020-04-04,0,low activity,2020-03-29,2020-04-04,7,0,0.5596565131072083,images/low_activity/BN139/2020-04-04.png
BN139_2020-04-05,BN139,2020-04-05,0,low activity,2020-03-30,2020-04-05,7,0,0.5947043974169786,images/low_activity/BN139/2020-04-05.png
BN139_2020-04-06,BN139,2020-04-06,0,low activity,2020-03-31,2020-04-06,7,0,0.6351656704126648,images/low_activity/BN139/2020-04-06.png
BN139_2020-04-07,BN139,2020-04-07,0,low activity,2020-04-01,2020-04-07,7,0,0.6687269050745629,images/low_activity/BN139/2020-04-07.png
BN139_2020-04-08,BN139,2020-04-08,0,low activity,2020-04-02,2020-04-08,7,0,0.6173336255148989,images/low_activity/BN139/2020-04-08.png
BN139_2020-04-09,BN139,2020-04-09,0,low activity,2020-04-03,2020-04-09,7,0,0.6497852914697501,images/low_activity/BN139/2020-04-09.png
BN139_2020-04-10,BN139,2020-04-10,0,low activity,2020-04-04,2020-04-10,7,0,0.5902916448280802,images/low_activity/BN139/2020-04-10.png
BN139_2020-04-11,BN139,2020-04-11,0,low activity,2020-04-05,2020-04-11,7,0,0.3449468236586603,images/low_activity/BN139/2020-04-11.png
BN139_2020-04-12,BN139,2020-04-12,0,low activity,2020-04-06,2020-04-12,7,0,0.39809105788643817,images/low_activity/BN139/2020-04-12.png
BN139_2020-04-13,BN139,2020-04-13,0,low activity,2020-04-07,2020-04-13,7,0,0.41424091814535036,images/low_activity/BN139/2020-04-13.png
BN139_2020-04-14,BN139,2020-04-14,0,low activity,2020-04-08,2020-04-14,7,0,0.3675431554260435,images/low_activity/BN139/2020-04-14.png
BN139_2020-04-15,BN139,2020-04-15,0,low activity,2020-04-09,2020-04-15,7,0,0.49856765780408147,images/low_activity/BN139/2020-04-15.png
BN139_2020-04-16,BN139,2020-04-16,0,low activity,2020-04-10,2020-04-16,7,0,0.494779554199554,images/low_activity/BN139/2020-04-16.png
BN139_2020-04-17,BN139,2020-04-17,0,low activity,2020-04-11,2020-04-17,7,0,0.4674826955117915,images/low_activity/BN139/2020-04-17.png
BN139_2020-04-18,BN139,2020-04-18,0,low activity,2020-04-12,2020-04-18,7,0,0.6038391991428665,images/low_activity/BN139/2020-04-18.png
BN139_2020-04-19,BN139,2020-04-19,0,low activity,2020-04-13,2020-04-19,7,0,0.6241788975280591,images/low_activity/BN139/2020-04-19.png
BN139_2020-04-20,BN139,2020-04-20,0,low activity,2020-04-14,2020-04-20,7,0,0.4304276625652647,images/low_activity/BN139/2020-04-20.png
BN139_2020-04-21,BN139,2020-04-21,0,low activity,2020-04-15,2020-04-21,7,0,0.36099406720438587,images/low_activity/BN139/2020-04-21.png
BN139_2020-04-22,BN139,2020-04-22,0,low activity,2020-04-16,2020-04-22,7,0,0.4132378044239209,images/low_activity/BN139/2020-04-22.png
BN139_2020-04-23,BN139,2020-04-23,0,low activity,2020-04-17,2020-04-23,7,0,0.2792294992862189,images/low_activity/BN139/2020-04-23.png
BN139_2020-04-24,BN139,2020-04-24,0,low activity,2020-04-18,2020-04-24,7,0,0.15277187940480866,images/low_activity/BN139/2020-04-24.png
BN139_2020-04-25,BN139,2020-04-25,0,low activity,2020-04-19,2020-04-25,7,0,0.10564103039020775,images/low_activity/BN139/2020-04-25.png
BN139_2020-04-26,BN139,2020-04-26,0,low activity,2020-04-20,2020-04-26,7,0,0.10777455580757,images/low_activity/BN139/2020-04-26.png
BN139_2020-04-27,BN139,2020-04-27,1,typical,2020-04-21,2020-04-27,7,0,0.1802253208415988,images/typical/BN139/2020-04-27.png
BN139_2020-04-28,BN139,2020-04-28,0,low activity,2020-04-22,2020-04-28,7,0,0.22456011377666404,images/low_activity/BN139/2020-04-28.png
BN139_2020-04-29,BN139,2020-04-29,1,typical,2020-04-23,2020-04-29,7,0,0.2496567130479537,images/typical/BN139/2020-04-29.png
BN139_2020-04-30,BN139,2020-04-30,1,typical,2020-04-24,2020-04-30,7,0,0.3748237364475499,images/typical/BN139/2020-04-30.png
BN139_2020-05-01,BN139,2020-05-01,0,low activity,2020-04-25,2020-05-01,7,0,0.6657123926430536,images/low_activity/BN139/2020-05-01.png
BN139_2020-05-02,BN139,2020-05-02,0,low activity,2020-04-26,2020-05-02,7,0,0.6914008818524969,images/low_activity/BN139/2020-05-02.png
BN139_2020-05-03,BN139,2020-05-03,0,low activity,2020-04-27,2020-05-03,7,0,0.6902667748910885,images/low_activity/BN139/2020-05-03.png
BN139_2020-05-04,BN139,2020-05-04,0,low activity,2020-04-28,2020-05-04,7,0,0.7012864020499876,images/low_activity/BN139/2020-05-04.png
BN139_2020-05-05,BN139,2020-05-05,1,typical,2020-04-29,2020-05-05,7,0,0.6537620505669359,images/typical/BN139/2020-05-05.png
BN139_2020-05-06,BN139,2020-05-06,1,typical,2020-04-30,2020-05-06,7,0,0.5151013211311071,images/typical/BN139/2020-05-06.png
BN139_2020-05-07,BN139,2020-05-07,1,typical,2020-05-01,2020-05-07,7,0,0.294798795892017,images/typical/BN139/2020-05-07.png
BN139_2020-05-08,BN139,2020-05-08,2,peak dominant,2020-05-02,2020-05-08,7,0,0.4087377591473642,images/peak_dominant/BN139/2020-05-08.png
BN139_2020-05-09,BN139,2020-05-09,1,typical,2020-05-03,2020-05-09,7,0,0.42571863829425244,images/typical/BN139/2020-05-09.png
BN139_2020-05-10,BN139,2020-05-10,1,typical,2020-05-04,2020-05-10,7,0,0.5786218341237349,images/typical/BN139/2020-05-10.png
BN139_2020-05-11,BN139,2020-05-11,1,typical,2020-05-05,2020-05-11,7,0,0.5986617641234191,images/typical/BN139/2020-05-11.png
BN139_2020-05-12,BN139,2020-05-12,1,typical,2020-05-06,2020-05-12,7,0,0.6062290942611291,images/typical/BN139/2020-05-12.png
BN139_2020-05-13,BN139,2020-05-13,0,low activity,2020-05-07,2020-05-13,7,0,0.5872459231892342,images/low_activity/BN139/2020-05-13.png
BN139_2020-05-14,BN139,2020-05-14,0,low activity,2020-05-08,2020-05-14,7,0,0.40480181677961213,images/low_activity/BN139/2020-05-14.png
BN139_2020-05-15,BN139,2020-05-15,0,low activity,2020-05-09,2020-05-15,7,0,0.1538381856279669,images/low_activity/BN139/2020-05-15.png
BN139_2020-05-16,BN139,2020-05-16,0,low activity,2020-05-10,2020-05-16,7,0,0.21424144114393576,images/low_activity/BN139/2020-05-16.png
BN139_2020-05-17,BN139,2020-05-17,0,low activity,2020-05-11,2020-05-17,7,0,0.33158387278842977,images/low_activity/BN139/2020-05-17.png
BN139_2020-05-18,BN139,2020-05-18,1,typical,2020-05-12,2020-05-18,7,0,0.3695140071694832,images/typical/BN139/2020-05-18.png
BN139_2020-05-19,BN139,2020-05-19,0,low activity,2020-05-13,2020-05-19,7,0,0.3976764814902987,images/low_activity/BN139/2020-05-19.png
BN139_2020-05-20,BN139,2020-05-20,0,low activity,2020-05-14,2020-05-20,7,0,0.30576106939640785,images/low_activity/BN139/2020-05-20.png
BN139_2020-05-21,BN139,2020-05-21,0,low activity,2020-05-15,2020-05-21,7,0,0.19090176858161503,images/low_activity/BN139/2020-05-21.png
BN139_2020-05-22,BN139,2020-05-22,0,low activity,2020-05-16,2020-05-22,7,0,0.18149774269093422,images/low_activity/BN139/2020-05-22.png
BN139_2020-05-23,BN139,2020-05-23,0,low activity,2020-05-17,2020-05-23,7,0,0.17465371494527973,images/low_activity/BN139/2020-05-23.png
BN139_2020-05-24,BN139,2020-05-24,0,low activity,2020-05-18,2020-05-24,7,0,0.27854141428630824,images/low_activity/BN139/2020-05-24.png
BN139_2020-05-25,BN139,2020-05-25,0,low activity,2020-05-19,2020-05-25,7,0,0.34878054812582804,images/low_activity/BN139/2020-05-25.png
BN139_2020-05-26,BN139,2020-05-26,0,low activity,2020-05-20,2020-05-26,7,0,0.25828787156989624,images/low_activity/BN139/2020-05-26.png
BN139_2020-05-27,BN139,2020-05-27,2,peak dominant,2020-05-21,2020-05-27,7,0,0.6144976376253557,images/peak_dominant/BN139/2020-05-27.png
BN139_2020-05-28,BN139,2020-05-28,2,peak dominant,2020-05-22,2020-05-28,7,0,0.5788187243481531,images/peak_dominant/BN139/2020-05-28.png
BN139_2020-05-29,BN139,2020-05-29,1,typical,2020-05-23,2020-05-29,7,0,0.5581485072643001,images/typical/BN139/2020-05-29.png
BN139_2020-05-30,BN139,2020-05-30,1,typical,2020-05-24,2020-05-30,7,0,0.5490786936212299,images/typical/BN139/2020-05-30.png
BN139_2020-05-31,BN139,2020-05-31,1,typical,2020-05-25,2020-05-31,7,0,0.5970661665592325,images/typical/BN139/2020-05-31.png
BN139_2020-06-01,BN139,2020-06-01,1,typical,2020-05-26,2020-06-01,7,0,0.6249950464215485,images/typical/BN139/2020-06-01.png
BN139_2020-06-02,BN139,2020-06-02,1,typical,2020-05-27,2020-06-02,7,0,0.6248838012392832,images/typical/BN139/2020-06-02.png
BN139_2020-06-03,BN139,2020-06-03,1,typical,2020-05-28,2020-06-03,7,0,0.3063515359842432,images/typical/BN139/2020-06-03.png
BN139_2020-06-04,BN139,2020-06-04,1,typical,2020-05-29,2020-06-04,7,0,0.2862826351670659,images/typical/BN139/2020-06-04.png
BN139_2020-06-05,BN139,2020-06-05,1,typical,2020-05-30,2020-06-05,7,0,0.30518354647754653,images/typical/BN139/2020-06-05.png
BN139_2020-06-06,BN139,2020-06-06,1,typical,2020-05-31,2020-06-06,7,0,0.26200324175132084,images/typical/BN139/2020-06-06.png
BN139_2020-06-07,BN139,2020-06-07,1,typical,2020-06-01,2020-06-07,7,0,0.14735636502401941,images/typical/BN139/2020-06-07.png
BN139_2020-06-08,BN139,2020-06-08,1,typical,2020-06-02,2020-06-08,7,0,0.08199746783988919,images/typical/BN139/2020-06-08.png
BN139_2020-06-09,BN139,2020-06-09,0,low activity,2020-06-03,2020-06-09,7,0,0.08009312036668499,images/low_activity/BN139/2020-06-09.png
BN139_2020-06-10,BN139,2020-06-10,1,typical,2020-06-04,2020-06-10,7,0,0.18107179107771745,images/typical/BN139/2020-06-10.png
BN139_2020-06-11,BN139,2020-06-11,1,typical,2020-06-05,2020-06-11,7,0,0.4687519757176095,images/typical/BN139/2020-06-11.png
BN139_2020-06-12,BN139,2020-06-12,1,typical,2020-06-06,2020-06-12,7,0,0.2940029668758473,images/typical/BN139/2020-06-12.png
BN139_2020-06-13,BN139,2020-06-13,1,typical,2020-06-07,2020-06-13,7,0,0.15228913356320908,images/typical/BN139/2020-06-13.png
BN139_2020-06-14,BN139,2020-06-14,1,typical,2020-06-08,2020-06-14,7,0,0.1720895798685342,images/typical/BN139/2020-06-14.png
BN139_2020-06-15,BN139,2020-06-15,1,typical,2020-06-09,2020-06-15,7,0,0.2348858886594996,images/typical/BN139/2020-06-15.png
BN139_2020-06-16,BN139,2020-06-16,1,typical,2020-06-10,2020-06-16,7,0,0.3302954454169749,images/typical/BN139/2020-06-16.png
BN139_2020-06-17,BN139,2020-06-17,1,typical,2020-06-11,2020-06-17,7,0,0.4106891894541595,images/typical/BN139/2020-06-17.png
BN139_2020-06-18,BN139,2020-06-18,1,typical,2020-06-12,2020-06-18,7,0,0.43530553834489444,images/typical/BN139/2020-06-18.png
BN139_2020-06-19,BN139,2020-06-19,1,typical,2020-06-13,2020-06-19,7,0,0.5571426498636263,images/typical/BN139/2020-06-19.png
BN139_2020-06-20,BN139,2020-06-20,1,typical,2020-06-14,2020-06-20,7,0,0.5640264457331883,images/typical/BN139/2020-06-20.png
BN139_2020-06-21,BN139,2020-06-21,1,typical,2020-06-15,2020-06-21,7,0,0.499272639027236,images/typical/BN139/2020-06-21.png
BN139_2020-06-22,BN139,2020-06-22,1,typical,2020-06-16,2020-06-22,7,0,0.24134708119481113,images/typical/BN139/2020-06-22.png
BN139_2020-06-23,BN139,2020-06-23,1,typical,2020-06-17,2020-06-23,7,0,0.08296799432282748,images/typical/BN139/2020-06-23.png
BN139_2020-06-24,BN139,2020-06-24,2,peak dominant,2020-06-18,2020-06-24,7,0,0.5459941167737867,images/peak_dominant/BN139/2020-06-24.png
BN139_2020-06-25,BN139,2020-06-25,1,typical,2020-06-19,2020-06-25,7,0,0.55749370210218,images/typical/BN139/2020-06-25.png
BN139_2020-06-26,BN139,2020-06-26,1,typical,2020-06-20,2020-06-26,7,0,0.5814357052928479,images/typical/BN139/2020-06-26.png
BN139_2020-06-27,BN139,2020-06-27,2,peak dominant,2020-06-21,2020-06-27,7,0,0.6405425958540821,images/peak_dominant/BN139/2020-06-27.png
BN139_2020-06-28,BN139,2020-06-28,2,peak dominant,2020-06-22,2020-06-28,7,0,0.6813994153817866,images/peak_dominant/BN139/2020-06-28.png
BN139_2020-06-29,BN139,2020-06-29,1,typical,2020-06-23,2020-06-29,7,0,0.66187372885957,images/typical/BN139/2020-06-29.png
BN139_2020-06-30,BN139,2020-06-30,1,typical,2020-06-24,2020-06-30,7,0,0.6441808473783694,images/typical/BN139/2020-06-30.png
BN147_2019-07-31,BN147,2019-07-31,2,peak dominant,2019-07-25,2019-07-31,7,0,0.4484006989338036,images/peak_dominant/BN147/2019-07-31.png
BN147_2019-08-01,BN147,2019-08-01,2,peak dominant,2019-07-26,2019-08-01,7,0,0.4606355246773865,images/peak_dominant/BN147/2019-08-01.png
BN147_2019-08-02,BN147,2019-08-02,2,peak dominant,2019-07-27,2019-08-02,7,0,0.44569954633108166,images/peak_dominant/BN147/2019-08-02.png
BN147_2019-08-03,BN147,2019-08-03,2,peak dominant,2019-07-28,2019-08-03,7,0,0.3420410342552073,images/peak_dominant/BN147/2019-08-03.png
BN147_2019-08-04,BN147,2019-08-04,2,peak dominant,2019-07-29,2019-08-04,7,0,0.3611847529757005,images/peak_dominant/BN147/2019-08-04.png
BN147_2019-08-05,BN147,2019-08-05,2,peak dominant,2019-07-30,2019-08-05,7,0,0.3071493908091546,images/peak_dominant/BN147/2019-08-05.png
BN147_2019-08-06,BN147,2019-08-06,2,peak dominant,2019-07-31,2019-08-06,7,0,0.35126016770640955,images/peak_dominant/BN147/2019-08-06.png
BN147_2019-08-07,BN147,2019-08-07,2,peak dominant,2019-08-01,2019-08-07,7,0,0.3537887178290159,images/peak_dominant/BN147/2019-08-07.png
BN147_2019-08-08,BN147,2019-08-08,2,peak dominant,2019-08-02,2019-08-08,7,0,0.3872305968157652,images/peak_dominant/BN147/2019-08-08.png
BN147_2019-08-09,BN147,2019-08-09,2,peak dominant,2019-08-03,2019-08-09,7,0,0.35036820996144497,images/peak_dominant/BN147/2019-08-09.png
BN147_2019-08-10,BN147,2019-08-10,2,peak dominant,2019-08-04,2019-08-10,7,0,0.4263023799044618,images/peak_dominant/BN147/2019-08-10.png
BN147_2019-08-11,BN147,2019-08-11,2,peak dominant,2019-08-05,2019-08-11,7,0,0.37661699802006804,images/peak_dominant/BN147/2019-08-11.png
BN147_2019-08-12,BN147,2019-08-12,2,peak dominant,2019-08-06,2019-08-12,7,0,0.40145933382358245,images/peak_dominant/BN147/2019-08-12.png
BN147_2019-08-13,BN147,2019-08-13,2,peak dominant,2019-08-07,2019-08-13,7,0,0.4726810521477206,images/peak_dominant/BN147/2019-08-13.png
BN147_2019-08-14,BN147,2019-08-14,2,peak dominant,2019-08-08,2019-08-14,7,0,0.4997329950416196,images/peak_dominant/BN147/2019-08-14.png
BN147_2019-08-15,BN147,2019-08-15,2,peak dominant,2019-08-09,2019-08-15,7,0,0.5230386259924653,images/peak_dominant/BN147/2019-08-15.png
BN147_2019-08-16,BN147,2019-08-16,2,peak dominant,2019-08-10,2019-08-16,7,0,0.4976252530071902,images/peak_dominant/BN147/2019-08-16.png
BN147_2019-08-17,BN147,2019-08-17,2,peak dominant,2019-08-11,2019-08-17,7,0,0.5803855509559998,images/peak_dominant/BN147/2019-08-17.png
BN147_2019-08-18,BN147,2019-08-18,2,peak dominant,2019-08-12,2019-08-18,7,0,0.4372884646756553,images/peak_dominant/BN147/2019-08-18.png
BN147_2019-08-19,BN147,2019-08-19,2,peak dominant,2019-08-13,2019-08-19,7,0,0.43900317244750564,images/peak_dominant/BN147/2019-08-19.png
BN147_2019-08-20,BN147,2019-08-20,2,peak dominant,2019-08-14,2019-08-20,7,0,0.44090137361859383,images/peak_dominant/BN147/2019-08-20.png
BN147_2019-08-21,BN147,2019-08-21,2,peak dominant,2019-08-15,2019-08-21,7,0,0.4385502941654102,images/peak_dominant/BN147/2019-08-21.png
BN147_2019-08-22,BN147,2019-08-22,2,peak dominant,2019-08-16,2019-08-22,7,0,0.42169386565419403,images/peak_dominant/BN147/2019-08-22.png
BN147_2019-08-23,BN147,2019-08-23,2,peak dominant,2019-08-17,2019-08-23,7,0,0.4160463727033256,images/peak_dominant/BN147/2019-08-23.png
BN147_2019-08-24,BN147,2019-08-24,2,peak dominant,2019-08-18,2019-08-24,7,0,0.45216179750173513,images/peak_dominant/BN147/2019-08-24.png
BN147_2019-08-25,BN147,2019-08-25,2,peak dominant,2019-08-19,2019-08-25,7,0,0.3651801022984654,images/peak_dominant/BN147/2019-08-25.png
BN147_2019-08-26,BN147,2019-08-26,2,peak dominant,2019-08-20,2019-08-26,7,0,0.3448351953312659,images/peak_dominant/BN147/2019-08-26.png
BN147_2019-08-27,BN147,2019-08-27,2,peak dominant,2019-08-21,2019-08-27,7,0,0.3419610735843181,images/peak_dominant/BN147/2019-08-27.png
BN147_2019-08-28,BN147,2019-08-28,2,peak dominant,2019-08-22,2019-08-28,7,0,0.2946799827060184,images/peak_dominant/BN147/2019-08-28.png
BN147_2019-08-29,BN147,2019-08-29,2,peak dominant,2019-08-23,2019-08-29,7,0,0.2669454891319246,images/peak_dominant/BN147/2019-08-29.png
BN147_2019-08-30,BN147,2019-08-30,2,peak dominant,2019-08-24,2019-08-30,7,0,0.26675290514871014,images/peak_dominant/BN147/2019-08-30.png
BN147_2019-08-31,BN147,2019-08-31,2,peak dominant,2019-08-25,2019-08-31,7,0,0.2775629525997249,images/peak_dominant/BN147/2019-08-31.png
BN147_2019-09-01,BN147,2019-09-01,2,peak dominant,2019-08-26,2019-09-01,7,0,0.30231156174292967,images/peak_dominant/BN147/2019-09-01.png
BN147_2019-09-02,BN147,2019-09-02,2,peak dominant,2019-08-27,2019-09-02,7,0,0.14688130770365695,images/peak_dominant/BN147/2019-09-02.png
BN147_2019-09-03,BN147,2019-09-03,2,peak dominant,2019-08-28,2019-09-03,7,0,0.17489065425779712,images/peak_dominant/BN147/2019-09-03.png
BN147_2019-09-04,BN147,2019-09-04,2,peak dominant,2019-08-29,2019-09-04,7,0,0.19111999631116355,images/peak_dominant/BN147/2019-09-04.png
BN147_2019-09-05,BN147,2019-09-05,2,peak dominant,2019-08-30,2019-09-05,7,0,0.18779277062464117,images/peak_dominant/BN147/2019-09-05.png
BN147_2019-09-06,BN147,2019-09-06,2,peak dominant,2019-08-31,2019-09-06,7,0,0.1802285164804568,images/peak_dominant/BN147/2019-09-06.png
BN147_2019-09-07,BN147,2019-09-07,2,peak dominant,2019-09-01,2019-09-07,7,0,0.1906894386187998,images/peak_dominant/BN147/2019-09-07.png
BN147_2019-09-08,BN147,2019-09-08,2,peak dominant,2019-09-02,2019-09-08,7,0,0.1896906904293264,images/peak_dominant/BN147/2019-09-08.png
BN147_2019-09-09,BN147,2019-09-09,2,peak dominant,2019-09-03,2019-09-09,7,0,0.3129978595512233,images/peak_dominant/BN147/2019-09-09.png
BN147_2019-09-10,BN147,2019-09-10,2,peak dominant,2019-09-04,2019-09-10,7,0,0.30737932187191347,images/peak_dominant/BN147/2019-09-10.png
BN147_2019-09-11,BN147,2019-09-11,2,peak dominant,2019-09-05,2019-09-11,7,0,0.3198364056906714,images/peak_dominant/BN147/2019-09-11.png
BN147_2019-09-12,BN147,2019-09-12,2,peak dominant,2019-09-06,2019-09-12,7,0,0.36973136826009917,images/peak_dominant/BN147/2019-09-12.png
BN147_2019-09-13,BN147,2019-09-13,2,peak dominant,2019-09-07,2019-09-13,7,0,0.40992976822531463,images/peak_dominant/BN147/2019-09-13.png
BN147_2019-09-14,BN147,2019-09-14,2,peak dominant,2019-09-08,2019-09-14,7,0,0.32410649825604687,images/peak_dominant/BN147/2019-09-14.png
BN147_2019-09-15,BN147,2019-09-15,2,peak dominant,2019-09-09,2019-09-15,7,0,0.24381123327424165,images/peak_dominant/BN147/2019-09-15.png
BN147_2019-09-16,BN147,2019-09-16,2,peak dominant,2019-09-10,2019-09-16,7,0,0.24011950842366336,images/peak_dominant/BN147/2019-09-16.png
BN147_2019-09-17,BN147,2019-09-17,2,peak dominant,2019-09-11,2019-09-17,7,0,0.250772871535194,images/peak_dominant/BN147/2019-09-17.png
BN147_2019-09-18,BN147,2019-09-18,2,peak dominant,2019-09-12,2019-09-18,7,0,0.24281877464298812,images/peak_dominant/BN147/2019-09-18.png
BN147_2019-09-19,BN147,2019-09-19,2,peak dominant,2019-09-13,2019-09-19,7,0,0.2531214015461381,images/peak_dominant/BN147/2019-09-19.png
BN147_2019-09-20,BN147,2019-09-20,2,peak dominant,2019-09-14,2019-09-20,7,0,0.265908327468057,images/peak_dominant/BN147/2019-09-20.png
BN147_2019-09-21,BN147,2019-09-21,2,peak dominant,2019-09-15,2019-09-21,7,0,0.2620364328790786,images/peak_dominant/BN147/2019-09-21.png
BN147_2019-09-22,BN147,2019-09-22,0,low activity,2019-09-16,2019-09-22,7,0,0.3055428012521215,images/low_activity/BN147/2019-09-22.png
BN147_2019-09-23,BN147,2019-09-23,2,peak dominant,2019-09-17,2019-09-23,7,0,0.3164987297022306,images/peak_dominant/BN147/2019-09-23.png
BN147_2019-09-24,BN147,2019-09-24,2,peak dominant,2019-09-18,2019-09-24,7,0,0.3681562977007847,images/peak_dominant/BN147/2019-09-24.png
BN147_2019-09-25,BN147,2019-09-25,2,peak dominant,2019-09-19,2019-09-25,7,0,0.432461463139612,images/peak_dominant/BN147/2019-09-25.png
BN147_2019-09-26,BN147,2019-09-26,2,peak dominant,2019-09-20,2019-09-26,7,0,0.42583600324611026,images/peak_dominant/BN147/2019-09-26.png
BN147_2019-09-27,BN147,2019-09-27,2,peak dominant,2019-09-21,2019-09-27,7,0,0.3739620889317898,images/peak_dominant/BN147/2019-09-27.png
BN147_2019-09-28,BN147,2019-09-28,2,peak dominant,2019-09-22,2019-09-28,7,0,0.5485248850200206,images/peak_dominant/BN147/2019-09-28.png
BN147_2019-09-29,BN147,2019-09-29,2,peak dominant,2019-09-23,2019-09-29,7,0,0.5108924156276967,images/peak_dominant/BN147/2019-09-29.png
BN147_2019-09-30,BN147,2019-09-30,0,low activity,2019-09-24,2019-09-30,7,0,0.38641320696515885,images/low_activity/BN147/2019-09-30.png
BN147_2019-10-01,BN147,2019-10-01,2,peak dominant,2019-09-25,2019-10-01,7,0,0.3952910206783683,images/peak_dominant/BN147/2019-10-01.png
BN147_2019-10-02,BN147,2019-10-02,2,peak dominant,2019-09-26,2019-10-02,7,0,0.41077724644568187,images/peak_dominant/BN147/2019-10-02.png
BN147_2019-10-03,BN147,2019-10-03,2,peak dominant,2019-09-27,2019-10-03,7,0,0.3943371631899598,images/peak_dominant/BN147/2019-10-03.png
BN147_2019-10-04,BN147,2019-10-04,2,peak dominant,2019-09-28,2019-10-04,7,0,0.4663908566111613,images/peak_dominant/BN147/2019-10-04.png
BN147_2019-10-05,BN147,2019-10-05,2,peak dominant,2019-09-29,2019-10-05,7,0,0.6062920492704047,images/peak_dominant/BN147/2019-10-05.png
BN147_2019-10-06,BN147,2019-10-06,0,low activity,2019-09-30,2019-10-06,7,0,0.5628986054780313,images/low_activity/BN147/2019-10-06.png
BN147_2019-10-07,BN147,2019-10-07,2,peak dominant,2019-10-01,2019-10-07,7,0,0.6148699399820085,images/peak_dominant/BN147/2019-10-07.png
BN147_2019-10-08,BN147,2019-10-08,2,peak dominant,2019-10-02,2019-10-08,7,0,0.5810618997236017,images/peak_dominant/BN147/2019-10-08.png
BN147_2019-10-09,BN147,2019-10-09,2,peak dominant,2019-10-03,2019-10-09,7,0,0.5571347409479126,images/peak_dominant/BN147/2019-10-09.png
BN147_2019-10-10,BN147,2019-10-10,2,peak dominant,2019-10-04,2019-10-10,7,0,0.5628937863936434,images/peak_dominant/BN147/2019-10-10.png
BN147_2019-10-11,BN147,2019-10-11,2,peak dominant,2019-10-05,2019-10-11,7,0,0.5921749272332314,images/peak_dominant/BN147/2019-10-11.png
BN147_2019-10-12,BN147,2019-10-12,0,low activity,2019-10-06,2019-10-12,7,0,0.4057549542977734,images/low_activity/BN147/2019-10-12.png
BN147_2019-10-13,BN147,2019-10-13,0,low activity,2019-10-07,2019-10-13,7,0,0.2895051616634704,images/low_activity/BN147/2019-10-13.png
BN147_2019-10-14,BN147,2019-10-14,0,low activity,2019-10-08,2019-10-14,7,0,0.29198506607540603,images/low_activity/BN147/2019-10-14.png
BN147_2019-10-15,BN147,2019-10-15,2,peak dominant,2019-10-09,2019-10-15,7,0,0.3281484667037665,images/peak_dominant/BN147/2019-10-15.png
BN147_2019-10-16,BN147,2019-10-16,2,peak dominant,2019-10-10,2019-10-16,7,0,0.34812467210238973,images/peak_dominant/BN147/2019-10-16.png
BN147_2019-10-17,BN147,2019-10-17,2,peak dominant,2019-10-11,2019-10-17,7,0,0.34278149861674295,images/peak_dominant/BN147/2019-10-17.png
BN147_2019-10-18,BN147,2019-10-18,2,peak dominant,2019-10-12,2019-10-18,7,0,0.36451438371743927,images/peak_dominant/BN147/2019-10-18.png
BN147_2019-10-19,BN147,2019-10-19,2,peak dominant,2019-10-13,2019-10-19,7,0,0.33211586286997263,images/peak_dominant/BN147/2019-10-19.png
BN147_2019-10-20,BN147,2019-10-20,0,low activity,2019-10-14,2019-10-20,7,0,0.3776570603571118,images/low_activity/BN147/2019-10-20.png
BN147_2019-10-21,BN147,2019-10-21,0,low activity,2019-10-15,2019-10-21,7,0,0.3796860975938001,images/low_activity/BN147/2019-10-21.png
BN147_2019-10-22,BN147,2019-10-22,2,peak dominant,2019-10-16,2019-10-22,7,0,0.3919434897682754,images/peak_dominant/BN147/2019-10-22.png
BN147_2019-10-23,BN147,2019-10-23,2,peak dominant,2019-10-17,2019-10-23,7,0,0.4019663897230019,images/peak_dominant/BN147/2019-10-23.png
BN147_2019-10-24,BN147,2019-10-24,2,peak dominant,2019-10-18,2019-10-24,7,0,0.42751969608889795,images/peak_dominant/BN147/2019-10-24.png
BN147_2019-10-25,BN147,2019-10-25,0,low activity,2019-10-19,2019-10-25,7,0,0.2777374517131202,images/low_activity/BN147/2019-10-25.png
BN147_2019-10-26,BN147,2019-10-26,0,low activity,2019-10-20,2019-10-26,7,0,0.13780428550968554,images/low_activity/BN147/2019-10-26.png
BN147_2019-10-27,BN147,2019-10-27,0,low activity,2019-10-21,2019-10-27,7,0,0.26268017997266696,images/low_activity/BN147/2019-10-27.png
BN147_2019-10-28,BN147,2019-10-28,0,low activity,2019-10-22,2019-10-28,7,0,0.2622138629107542,images/low_activity/BN147/2019-10-28.png
BN147_2019-10-29,BN147,2019-10-29,0,low activity,2019-10-23,2019-10-29,7,0,0.3288784569344952,images/low_activity/BN147/2019-10-29.png
BN147_2019-10-30,BN147,2019-10-30,0,low activity,2019-10-24,2019-10-30,7,0,0.41990097303832175,images/low_activity/BN147/2019-10-30.png
BN147_2019-10-31,BN147,2019-10-31,0,low activity,2019-10-25,2019-10-31,7,0,0.42611066473234105,images/low_activity/BN147/2019-10-31.png
BN147_2019-11-01,BN147,2019-11-01,0,low activity,2019-10-26,2019-11-01,7,0,0.4475349073666332,images/low_activity/BN147/2019-11-01.png
BN147_2019-11-02,BN147,2019-11-02,0,low activity,2019-10-27,2019-11-02,7,0,0.3396539660621822,images/low_activity/BN147/2019-11-02.png
BN147_2019-11-03,BN147,2019-11-03,0,low activity,2019-10-28,2019-11-03,7,0,0.5596748563993644,images/low_activity/BN147/2019-11-03.png
BN147_2019-11-04,BN147,2019-11-04,0,low activity,2019-10-29,2019-11-04,7,0,0.5774426673918319,images/low_activity/BN147/2019-11-04.png
BN147_2019-11-05,BN147,2019-11-05,0,low activity,2019-10-30,2019-11-05,7,0,0.5006640923386857,images/low_activity/BN147/2019-11-05.png
BN147_2019-11-06,BN147,2019-11-06,0,low activity,2019-10-31,2019-11-06,7,0,0.4710856528210396,images/low_activity/BN147/2019-11-06.png
BN147_2019-11-07,BN147,2019-11-07,0,low activity,2019-11-01,2019-11-07,7,0,0.4630234899659437,images/low_activity/BN147/2019-11-07.png
BN147_2019-11-08,BN147,2019-11-08,0,low activity,2019-11-02,2019-11-08,7,0,0.521466515713161,images/low_activity/BN147/2019-11-08.png
BN147_2019-11-09,BN147,2019-11-09,0,low activity,2019-11-03,2019-11-09,7,0,0.5305030322270009,images/low_activity/BN147/2019-11-09.png
BN147_2019-11-10,BN147,2019-11-10,0,low activity,2019-11-04,2019-11-10,7,0,0.46863653097189556,images/low_activity/BN147/2019-11-10.png
BN147_2019-11-11,BN147,2019-11-11,0,low activity,2019-11-05,2019-11-11,7,0,0.44238970683794976,images/low_activity/BN147/2019-11-11.png
BN147_2019-11-12,BN147,2019-11-12,0,low activity,2019-11-06,2019-11-12,7,0,0.37026330169040966,images/low_activity/BN147/2019-11-12.png
BN147_2019-11-13,BN147,2019-11-13,0,low activity,2019-11-07,2019-11-13,7,0,0.4053491647161389,images/low_activity/BN147/2019-11-13.png
BN147_2019-11-14,BN147,2019-11-14,0,low activity,2019-11-08,2019-11-14,7,0,0.41671416663144295,images/low_activity/BN147/2019-11-14.png
BN147_2019-11-15,BN147,2019-11-15,0,low activity,2019-11-09,2019-11-15,7,0,0.44571283536561346,images/low_activity/BN147/2019-11-15.png
BN147_2019-11-16,BN147,2019-11-16,0,low activity,2019-11-10,2019-11-16,7,0,0.42403241768459193,images/low_activity/BN147/2019-11-16.png
BN147_2019-11-17,BN147,2019-11-17,0,low activity,2019-11-11,2019-11-17,7,0,0.3669577082136742,images/low_activity/BN147/2019-11-17.png
BN147_2019-11-18,BN147,2019-11-18,0,low activity,2019-11-12,2019-11-18,7,0,0.41891881605061815,images/low_activity/BN147/2019-11-18.png
BN147_2019-11-19,BN147,2019-11-19,0,low activity,2019-11-13,2019-11-19,7,0,0.36694257972674554,images/low_activity/BN147/2019-11-19.png
BN147_2019-11-20,BN147,2019-11-20,0,low activity,2019-11-14,2019-11-20,7,0,0.32656856221435826,images/low_activity/BN147/2019-11-20.png
BN147_2019-11-21,BN147,2019-11-21,2,peak dominant,2019-11-15,2019-11-21,7,0,0.3578851662847915,images/peak_dominant/BN147/2019-11-21.png
BN147_2019-11-22,BN147,2019-11-22,0,low activity,2019-11-16,2019-11-22,7,0,0.3918012770430926,images/low_activity/BN147/2019-11-22.png
BN147_2019-11-23,BN147,2019-11-23,0,low activity,2019-11-17,2019-11-23,7,0,0.34062821026942897,images/low_activity/BN147/2019-11-23.png
BN147_2019-11-24,BN147,2019-11-24,0,low activity,2019-11-18,2019-11-24,7,0,0.344727626009817,images/low_activity/BN147/2019-11-24.png
BN147_2019-11-25,BN147,2019-11-25,0,low activity,2019-11-19,2019-11-25,7,0,0.31814573564434084,images/low_activity/BN147/2019-11-25.png
BN147_2019-11-26,BN147,2019-11-26,0,low activity,2019-11-20,2019-11-26,7,0,0.34398585936407405,images/low_activity/BN147/2019-11-26.png
BN147_2019-11-27,BN147,2019-11-27,0,low activity,2019-11-21,2019-11-27,7,0,0.4270390769274789,images/low_activity/BN147/2019-11-27.png
BN147_2019-11-28,BN147,2019-11-28,0,low activity,2019-11-22,2019-11-28,7,0,0.49980733827811474,images/low_activity/BN147/2019-11-28.png
BN147_2019-11-29,BN147,2019-11-29,0,low activity,2019-11-23,2019-11-29,7,0,0.5740188038992838,images/low_activity/BN147/2019-11-29.png
BN147_2019-11-30,BN147,2019-11-30,0,low activity,2019-11-24,2019-11-30,7,0,0.5267275948071409,images/low_activity/BN147/2019-11-30.png
BN147_2019-12-01,BN147,2019-12-01,0,low activity,2019-11-25,2019-12-01,7,0,0.48034624401051906,images/low_activity/BN147/2019-12-01.png
BN147_2019-12-02,BN147,2019-12-02,0,low activity,2019-11-26,2019-12-02,7,0,0.41100120818969355,images/low_activity/BN147/2019-12-02.png
BN147_2019-12-03,BN147,2019-12-03,0,low activity,2019-11-27,2019-12-03,7,0,0.23270689346750975,images/low_activity/BN147/2019-12-03.png
BN147_2019-12-04,BN147,2019-12-04,0,low activity,2019-11-28,2019-12-04,7,0,0.2750252894946595,images/low_activity/BN147/2019-12-04.png
BN147_2019-12-05,BN147,2019-12-05,0,low activity,2019-11-29,2019-12-05,7,0,0.19987422679081723,images/low_activity/BN147/2019-12-05.png
BN147_2019-12-06,BN147,2019-12-06,0,low activity,2019-11-30,2019-12-06,7,0,0.31329868869486754,images/low_activity/BN147/2019-12-06.png
BN147_2019-12-07,BN147,2019-12-07,0,low activity,2019-12-01,2019-12-07,7,0,0.6024740766047819,images/low_activity/BN147/2019-12-07.png
BN147_2019-12-08,BN147,2019-12-08,0,low activity,2019-12-02,2019-12-08,7,0,0.5907674890773761,images/low_activity/BN147/2019-12-08.png
BN147_2019-12-09,BN147,2019-12-09,0,low activity,2019-12-03,2019-12-09,7,0,0.6239277032415105,images/low_activity/BN147/2019-12-09.png
BN147_2019-12-10,BN147,2019-12-10,0,low activity,2019-12-04,2019-12-10,7,0,0.6314319061011092,images/low_activity/BN147/2019-12-10.png
BN147_2019-12-11,BN147,2019-12-11,0,low activity,2019-12-05,2019-12-11,7,0,0.5580799634759411,images/low_activity/BN147/2019-12-11.png
BN147_2019-12-12,BN147,2019-12-12,0,low activity,2019-12-06,2019-12-12,7,0,0.5408313577677107,images/low_activity/BN147/2019-12-12.png
BN147_2019-12-13,BN147,2019-12-13,0,low activity,2019-12-07,2019-12-13,7,0,0.539011301185112,images/low_activity/BN147/2019-12-13.png
BN147_2019-12-14,BN147,2019-12-14,0,low activity,2019-12-08,2019-12-14,7,0,0.44845657152435103,images/low_activity/BN147/2019-12-14.png
BN147_2019-12-15,BN147,2019-12-15,0,low activity,2019-12-09,2019-12-15,7,0,0.4253679423943125,images/low_activity/BN147/2019-12-15.png
BN147_2019-12-16,BN147,2019-12-16,0,low activity,2019-12-10,2019-12-16,7,0,0.45379197100791957,images/low_activity/BN147/2019-12-16.png
BN147_2019-12-17,BN147,2019-12-17,0,low activity,2019-12-11,2019-12-17,7,0,0.33785380592504,images/low_activity/BN147/2019-12-17.png
BN147_2019-12-18,BN147,2019-12-18,0,low activity,2019-12-12,2019-12-18,7,0,0.4816565337157312,images/low_activity/BN147/2019-12-18.png
BN147_2019-12-19,BN147,2019-12-19,0,low activity,2019-12-13,2019-12-19,7,0,0.48388909816424774,images/low_activity/BN147/2019-12-19.png
BN147_2019-12-20,BN147,2019-12-20,0,low activity,2019-12-14,2019-12-20,7,0,0.564306410675437,images/low_activity/BN147/2019-12-20.png
BN147_2019-12-21,BN147,2019-12-21,0,low activity,2019-12-15,2019-12-21,7,0,0.5791213750211404,images/low_activity/BN147/2019-12-21.png
BN147_2019-12-22,BN147,2019-12-22,0,low activity,2019-12-16,2019-12-22,7,0,0.5236186403051313,images/low_activity/BN147/2019-12-22.png
BN147_2019-12-23,BN147,2019-12-23,0,low activity,2019-12-17,2019-12-23,7,0,0.47211125881567495,images/low_activity/BN147/2019-12-23.png
BN147_2019-12-24,BN147,2019-12-24,0,low activity,2019-12-18,2019-12-24,7,0,0.4249661643195513,images/low_activity/BN147/2019-12-24.png
BN147_2019-12-25,BN147,2019-12-25,0,low activity,2019-12-19,2019-12-25,7,0,0.3634389444297399,images/low_activity/BN147/2019-12-25.png
BN147_2019-12-26,BN147,2019-12-26,0,low activity,2019-12-20,2019-12-26,7,0,0.3923560149218837,images/low_activity/BN147/2019-12-26.png
BN147_2019-12-27,BN147,2019-12-27,0,low activity,2019-12-21,2019-12-27,7,0,0.35004692711404317,images/low_activity/BN147/2019-12-27.png
BN147_2019-12-28,BN147,2019-12-28,0,low activity,2019-12-22,2019-12-28,7,0,0.6540577210603631,images/low_activity/BN147/2019-12-28.png
BN147_2019-12-29,BN147,2019-12-29,0,low activity,2019-12-23,2019-12-29,7,0,0.48724214331136956,images/low_activity/BN147/2019-12-29.png
BN147_2019-12-30,BN147,2019-12-30,0,low activity,2019-12-24,2019-12-30,7,0,0.4193958044023108,images/low_activity/BN147/2019-12-30.png
BN147_2019-12-31,BN147,2019-12-31,0,low activity,2019-12-25,2019-12-31,7,0,0.40932020505678013,images/low_activity/BN147/2019-12-31.png
BN147_2020-01-01,BN147,2020-01-01,0,low activity,2019-12-26,2020-01-01,7,0,0.43890799985119716,images/low_activity/BN147/2020-01-01.png
BN147_2020-01-02,BN147,2020-01-02,0,low activity,2019-12-27,2020-01-02,7,0,0.4473222743158721,images/low_activity/BN147/2020-01-02.png
BN147_2020-01-03,BN147,2020-01-03,0,low activity,2019-12-28,2020-01-03,7,0,0.3474996475285029,images/low_activity/BN147/2020-01-03.png
BN147_2020-01-04,BN147,2020-01-04,0,low activity,2019-12-29,2020-01-04,7,0,0.3790287999131647,images/low_activity/BN147/2020-01-04.png
BN147_2020-01-05,BN147,2020-01-05,0,low activity,2019-12-30,2020-01-05,7,0,0.48149406072213136,images/low_activity/BN147/2020-01-05.png
BN147_2020-01-06,BN147,2020-01-06,0,low activity,2019-12-31,2020-01-06,7,0,0.3731803300064264,images/low_activity/BN147/2020-01-06.png
BN147_2020-01-07,BN147,2020-01-07,0,low activity,2020-01-01,2020-01-07,7,0,0.3723063377762474,images/low_activity/BN147/2020-01-07.png
BN147_2020-01-08,BN147,2020-01-08,0,low activity,2020-01-02,2020-01-08,7,0,0.5367372531720792,images/low_activity/BN147/2020-01-08.png
BN147_2020-01-09,BN147,2020-01-09,0,low activity,2020-01-03,2020-01-09,7,0,0.593241454127436,images/low_activity/BN147/2020-01-09.png
BN147_2020-01-10,BN147,2020-01-10,0,low activity,2020-01-04,2020-01-10,7,0,0.6178145286511223,images/low_activity/BN147/2020-01-10.png
BN147_2020-01-11,BN147,2020-01-11,0,low activity,2020-01-05,2020-01-11,7,0,0.5679960763818899,images/low_activity/BN147/2020-01-11.png
BN147_2020-01-12,BN147,2020-01-12,0,low activity,2020-01-06,2020-01-12,7,0,0.6631854923712384,images/low_activity/BN147/2020-01-12.png
BN147_2020-01-13,BN147,2020-01-13,0,low activity,2020-01-07,2020-01-13,7,0,0.654865615977887,images/low_activity/BN147/2020-01-13.png
BN147_2020-01-14,BN147,2020-01-14,0,low activity,2020-01-08,2020-01-14,7,0,0.542964252715506,images/low_activity/BN147/2020-01-14.png
BN147_2020-01-15,BN147,2020-01-15,0,low activity,2020-01-09,2020-01-15,7,0,0.41275570641957293,images/low_activity/BN147/2020-01-15.png
BN147_2020-01-16,BN147,2020-01-16,0,low activity,2020-01-10,2020-01-16,7,0,0.2639339231497654,images/low_activity/BN147/2020-01-16.png
BN147_2020-01-17,BN147,2020-01-17,0,low activity,2020-01-11,2020-01-17,7,0,0.322801720055212,images/low_activity/BN147/2020-01-17.png
BN147_2020-01-18,BN147,2020-01-18,0,low activity,2020-01-12,2020-01-18,7,0,0.42861033795466325,images/low_activity/BN147/2020-01-18.png
BN147_2020-01-19,BN147,2020-01-19,0,low activity,2020-01-13,2020-01-19,7,0,0.43679668567439073,images/low_activity/BN147/2020-01-19.png
BN147_2020-01-20,BN147,2020-01-20,0,low activity,2020-01-14,2020-01-20,7,0,0.43346647871602745,images/low_activity/BN147/2020-01-20.png
BN147_2020-01-21,BN147,2020-01-21,0,low activity,2020-01-15,2020-01-21,7,0,0.4182137029421766,images/low_activity/BN147/2020-01-21.png
BN147_2020-01-22,BN147,2020-01-22,0,low activity,2020-01-16,2020-01-22,7,0,0.37601979527708523,images/low_activity/BN147/2020-01-22.png
BN147_2020-01-23,BN147,2020-01-23,0,low activity,2020-01-17,2020-01-23,7,0,0.3369680285393678,images/low_activity/BN147/2020-01-23.png
BN147_2020-01-24,BN147,2020-01-24,2,peak dominant,2020-01-18,2020-01-24,7,0,0.498035271535672,images/peak_dominant/BN147/2020-01-24.png
BN147_2020-01-25,BN147,2020-01-25,0,low activity,2020-01-19,2020-01-25,7,0,0.5386717390011946,images/low_activity/BN147/2020-01-25.png
BN147_2020-01-26,BN147,2020-01-26,0,low activity,2020-01-20,2020-01-26,7,0,0.5828716557184442,images/low_activity/BN147/2020-01-26.png
BN147_2020-01-27,BN147,2020-01-27,0,low activity,2020-01-21,2020-01-27,7,0,0.6231041476118037,images/low_activity/BN147/2020-01-27.png
BN147_2020-01-28,BN147,2020-01-28,0,low activity,2020-01-22,2020-01-28,7,0,0.6191334053072745,images/low_activity/BN147/2020-01-28.png
BN147_2020-01-29,BN147,2020-01-29,0,low activity,2020-01-23,2020-01-29,7,0,0.47061977087461027,images/low_activity/BN147/2020-01-29.png
BN147_2020-01-30,BN147,2020-01-30,0,low activity,2020-01-24,2020-01-30,7,0,0.4262470846525416,images/low_activity/BN147/2020-01-30.png
BN147_2020-01-31,BN147,2020-01-31,0,low activity,2020-01-25,2020-01-31,7,0,0.4152394744439705,images/low_activity/BN147/2020-01-31.png
BN147_2020-02-01,BN147,2020-02-01,0,low activity,2020-01-26,2020-02-01,7,0,0.37601104081354414,images/low_activity/BN147/2020-02-01.png
BN147_2020-02-02,BN147,2020-02-02,0,low activity,2020-01-27,2020-02-02,7,0,0.2720763407065203,images/low_activity/BN147/2020-02-02.png
BN147_2020-02-03,BN147,2020-02-03,0,low activity,2020-01-28,2020-02-03,7,0,0.2869814830758737,images/low_activity/BN147/2020-02-03.png
BN147_2020-02-04,BN147,2020-02-04,0,low activity,2020-01-29,2020-02-04,7,0,0.22537438312606584,images/low_activity/BN147/2020-02-04.png
BN147_2020-02-05,BN147,2020-02-05,0,low activity,2020-01-30,2020-02-05,7,0,0.3698429769114422,images/low_activity/BN147/2020-02-05.png
BN147_2020-02-06,BN147,2020-02-06,0,low activity,2020-01-31,2020-02-06,7,0,0.35686828437756324,images/low_activity/BN147/2020-02-06.png
BN147_2020-02-07,BN147,2020-02-07,0,low activity,2020-02-01,2020-02-07,7,0,0.34621458557089646,images/low_activity/BN147/2020-02-07.png
BN147_2020-02-08,BN147,2020-02-08,0,low activity,2020-02-02,2020-02-08,7,0,0.46362650349469886,images/low_activity/BN147/2020-02-08.png
BN147_2020-02-09,BN147,2020-02-09,0,low activity,2020-02-03,2020-02-09,7,0,0.5116812962312555,images/low_activity/BN147/2020-02-09.png
BN147_2020-02-10,BN147,2020-02-10,0,low activity,2020-02-04,2020-02-10,7,0,0.4800099150274813,images/low_activity/BN147/2020-02-10.png
BN147_2020-02-11,BN147,2020-02-11,0,low activity,2020-02-05,2020-02-11,7,0,0.43153702921584736,images/low_activity/BN147/2020-02-11.png
BN147_2020-02-12,BN147,2020-02-12,0,low activity,2020-02-06,2020-02-12,7,0,0.4433151145868347,images/low_activity/BN147/2020-02-12.png
BN147_2020-02-13,BN147,2020-02-13,0,low activity,2020-02-07,2020-02-13,7,0,0.43918041175090083,images/low_activity/BN147/2020-02-13.png
BN147_2020-02-14,BN147,2020-02-14,0,low activity,2020-02-08,2020-02-14,7,0,0.4731185692386848,images/low_activity/BN147/2020-02-14.png
BN147_2020-02-15,BN147,2020-02-15,0,low activity,2020-02-09,2020-02-15,7,0,0.5032887962072125,images/low_activity/BN147/2020-02-15.png
BN147_2020-02-16,BN147,2020-02-16,0,low activity,2020-02-10,2020-02-16,7,0,0.5053102004528057,images/low_activity/BN147/2020-02-16.png
BN147_2020-02-17,BN147,2020-02-17,0,low activity,2020-02-11,2020-02-17,7,0,0.5407599845001306,images/low_activity/BN147/2020-02-17.png
BN147_2020-02-18,BN147,2020-02-18,0,low activity,2020-02-12,2020-02-18,7,0,0.5862469329584338,images/low_activity/BN147/2020-02-18.png
BN147_2020-02-19,BN147,2020-02-19,0,low activity,2020-02-13,2020-02-19,7,0,0.6037681554348543,images/low_activity/BN147/2020-02-19.png
BN147_2020-02-20,BN147,2020-02-20,0,low activity,2020-02-14,2020-02-20,7,0,0.551270894396175,images/low_activity/BN147/2020-02-20.png
BN147_2020-02-21,BN147,2020-02-21,0,low activity,2020-02-15,2020-02-21,7,0,0.5004209667664699,images/low_activity/BN147/2020-02-21.png
BN147_2020-02-22,BN147,2020-02-22,0,low activity,2020-02-16,2020-02-22,7,0,0.4366728227506251,images/low_activity/BN147/2020-02-22.png
BN147_2020-02-23,BN147,2020-02-23,0,low activity,2020-02-17,2020-02-23,7,0,0.3247779537019264,images/low_activity/BN147/2020-02-23.png
BN147_2020-02-24,BN147,2020-02-24,0,low activity,2020-02-18,2020-02-24,7,0,0.31909862608091727,images/low_activity/BN147/2020-02-24.png
BN147_2020-02-25,BN147,2020-02-25,0,low activity,2020-02-19,2020-02-25,7,0,0.3143812841222075,images/low_activity/BN147/2020-02-25.png
BN147_2020-02-26,BN147,2020-02-26,0,low activity,2020-02-20,2020-02-26,7,0,0.34027196494080975,images/low_activity/BN147/2020-02-26.png
BN147_2020-02-27,BN147,2020-02-27,0,low activity,2020-02-21,2020-02-27,7,0,0.35480935371209454,images/low_activity/BN147/2020-02-27.png
BN147_2020-02-28,BN147,2020-02-28,0,low activity,2020-02-22,2020-02-28,7,0,0.3301665669988105,images/low_activity/BN147/2020-02-28.png
BN147_2020-02-29,BN147,2020-02-29,0,low activity,2020-02-23,2020-02-29,7,0,0.5163217528162796,images/low_activity/BN147/2020-02-29.png
BN147_2020-03-01,BN147,2020-03-01,0,low activity,2020-02-24,2020-03-01,7,0,0.6208762261543798,images/low_activity/BN147/2020-03-01.png
BN147_2020-03-02,BN147,2020-03-02,0,low activity,2020-02-25,2020-03-02,7,0,0.6452848228507045,images/low_activity/BN147/2020-03-02.png
BN147_2020-03-03,BN147,2020-03-03,0,low activity,2020-02-26,2020-03-03,7,0,0.6504503535749196,images/low_activity/BN147/2020-03-03.png
BN147_2020-03-04,BN147,2020-03-04,0,low activity,2020-02-27,2020-03-04,7,0,0.5641697621963945,images/low_activity/BN147/2020-03-04.png
BN147_2020-03-05,BN147,2020-03-05,0,low activity,2020-02-28,2020-03-05,7,0,0.4631993579998953,images/low_activity/BN147/2020-03-05.png
BN147_2020-03-06,BN147,2020-03-06,0,low activity,2020-02-29,2020-03-06,7,0,0.48534402944536786,images/low_activity/BN147/2020-03-06.png
BN147_2020-03-07,BN147,2020-03-07,0,low activity,2020-03-01,2020-03-07,7,0,0.5004539550958028,images/low_activity/BN147/2020-03-07.png
BN147_2020-03-08,BN147,2020-03-08,0,low activity,2020-03-02,2020-03-08,7,0,0.5581247696250341,images/low_activity/BN147/2020-03-08.png
BN147_2020-03-09,BN147,2020-03-09,0,low activity,2020-03-03,2020-03-09,7,0,0.6137439327708756,images/low_activity/BN147/2020-03-09.png
BN147_2020-03-10,BN147,2020-03-10,0,low activity,2020-03-04,2020-03-10,7,0,0.5397099209808854,images/low_activity/BN147/2020-03-10.png
BN147_2020-03-11,BN147,2020-03-11,0,low activity,2020-03-05,2020-03-11,7,0,0.5213990236029236,images/low_activity/BN147/2020-03-11.png
BN147_2020-03-12,BN147,2020-03-12,0,low activity,2020-03-06,2020-03-12,7,0,0.5736944457004354,images/low_activity/BN147/2020-03-12.png
BN147_2020-03-13,BN147,2020-03-13,0,low activity,2020-03-07,2020-03-13,7,0,0.6424439321023415,images/low_activity/BN147/2020-03-13.png
BN147_2020-03-14,BN147,2020-03-14,0,low activity,2020-03-08,2020-03-14,7,0,0.5912828184674062,images/low_activity/BN147/2020-03-14.png
BN147_2020-03-15,BN147,2020-03-15,0,low activity,2020-03-09,2020-03-15,7,0,0.4228792225144781,images/low_activity/BN147/2020-03-15.png
BN147_2020-03-16,BN147,2020-03-16,0,low activity,2020-03-10,2020-03-16,7,0,0.5385476768263529,images/low_activity/BN147/2020-03-16.png
BN147_2020-03-17,BN147,2020-03-17,0,low activity,2020-03-11,2020-03-17,7,0,0.550773075132445,images/low_activity/BN147/2020-03-17.png
BN147_2020-03-18,BN147,2020-03-18,0,low activity,2020-03-12,2020-03-18,7,0,0.5213367951001747,images/low_activity/BN147/2020-03-18.png
BN147_2020-03-19,BN147,2020-03-19,0,low activity,2020-03-13,2020-03-19,7,0,0.489211223806562,images/low_activity/BN147/2020-03-19.png
BN147_2020-03-20,BN147,2020-03-20,0,low activity,2020-03-14,2020-03-20,7,0,0.45607774030435205,images/low_activity/BN147/2020-03-20.png
BN147_2020-03-21,BN147,2020-03-21,0,low activity,2020-03-15,2020-03-21,7,0,0.6042286799945987,images/low_activity/BN147/2020-03-21.png
BN147_2020-03-22,BN147,2020-03-22,0,low activity,2020-03-16,2020-03-22,7,0,0.5533593573837469,images/low_activity/BN147/2020-03-22.png
BN147_2020-03-23,BN147,2020-03-23,0,low activity,2020-03-17,2020-03-23,7,0,0.4679559438467419,images/low_activity/BN147/2020-03-23.png
BN147_2020-03-24,BN147,2020-03-24,0,low activity,2020-03-18,2020-03-24,7,0,0.4862211527613339,images/low_activity/BN147/2020-03-24.png
BN147_2020-03-25,BN147,2020-03-25,0,low activity,2020-03-19,2020-03-25,7,0,0.5832956996092369,images/low_activity/BN147/2020-03-25.png
BN147_2020-03-26,BN147,2020-03-26,0,low activity,2020-03-20,2020-03-26,7,0,0.5113932574173908,images/low_activity/BN147/2020-03-26.png
BN147_2020-03-27,BN147,2020-03-27,0,low activity,2020-03-21,2020-03-27,7,0,0.4475108581981955,images/low_activity/BN147/2020-03-27.png
BN147_2020-03-28,BN147,2020-03-28,0,low activity,2020-03-22,2020-03-28,7,0,0.46244189137785907,images/low_activity/BN147/2020-03-28.png
BN147_2020-03-29,BN147,2020-03-29,0,low activity,2020-03-23,2020-03-29,7,0,0.36986362505162296,images/low_activity/BN147/2020-03-29.png
BN147_2020-03-30,BN147,2020-03-30,2,peak dominant,2020-03-24,2020-03-30,7,0,0.35873693127541073,images/peak_dominant/BN147/2020-03-30.png
BN147_2020-03-31,BN147,2020-03-31,0,low activity,2020-03-25,2020-03-31,7,0,0.3489457244359823,images/low_activity/BN147/2020-03-31.png
BN147_2020-04-01,BN147,2020-04-01,0,low activity,2020-03-26,2020-04-01,7,0,0.36606027464697516,images/low_activity/BN147/2020-04-01.png
BN147_2020-04-02,BN147,2020-04-02,2,peak dominant,2020-03-27,2020-04-02,7,0,0.35728574133898294,images/peak_dominant/BN147/2020-04-02.png
BN147_2020-04-03,BN147,2020-04-03,0,low activity,2020-03-28,2020-04-03,7,0,0.4661242923896066,images/low_activity/BN147/2020-04-03.png
BN147_2020-04-04,BN147,2020-04-04,0,low activity,2020-03-29,2020-04-04,7,0,0.5719432543632044,images/low_activity/BN147/2020-04-04.png
BN147_2020-04-05,BN147,2020-04-05,0,low activity,2020-03-30,2020-04-05,7,0,0.5116047063485691,images/low_activity/BN147/2020-04-05.png
BN147_2020-04-06,BN147,2020-04-06,0,low activity,2020-03-31,2020-04-06,7,0,0.4031710222629946,images/low_activity/BN147/2020-04-06.png
BN147_2020-04-07,BN147,2020-04-07,0,low activity,2020-04-01,2020-04-07,7,0,0.43929500293810697,images/low_activity/BN147/2020-04-07.png
BN147_2020-04-08,BN147,2020-04-08,0,low activity,2020-04-02,2020-04-08,7,0,0.46510989335988645,images/low_activity/BN147/2020-04-08.png
BN147_2020-04-09,BN147,2020-04-09,0,low activity,2020-04-03,2020-04-09,7,0,0.41235580801656746,images/low_activity/BN147/2020-04-09.png
BN147_2020-04-10,BN147,2020-04-10,0,low activity,2020-04-04,2020-04-10,7,0,0.3839787816510758,images/low_activity/BN147/2020-04-10.png
BN147_2020-04-11,BN147,2020-04-11,0,low activity,2020-04-05,2020-04-11,7,0,0.3472564495734101,images/low_activity/BN147/2020-04-11.png
BN147_2020-04-12,BN147,2020-04-12,0,low activity,2020-04-06,2020-04-12,7,0,0.22754812356149554,images/low_activity/BN147/2020-04-12.png
BN147_2020-04-13,BN147,2020-04-13,0,low activity,2020-04-07,2020-04-13,7,0,0.3361767871078713,images/low_activity/BN147/2020-04-13.png
BN147_2020-04-14,BN147,2020-04-14,0,low activity,2020-04-08,2020-04-14,7,0,0.38452857557988773,images/low_activity/BN147/2020-04-14.png
BN147_2020-04-15,BN147,2020-04-15,0,low activity,2020-04-09,2020-04-15,7,0,0.3896439702148024,images/low_activity/BN147/2020-04-15.png
BN147_2020-04-16,BN147,2020-04-16,0,low activity,2020-04-10,2020-04-16,7,0,0.40064711293595434,images/low_activity/BN147/2020-04-16.png
BN147_2020-04-17,BN147,2020-04-17,0,low activity,2020-04-11,2020-04-17,7,0,0.37376691663435246,images/low_activity/BN147/2020-04-17.png
BN147_2020-04-18,BN147,2020-04-18,0,low activity,2020-04-12,2020-04-18,7,0,0.5780215513500647,images/low_activity/BN147/2020-04-18.png
BN147_2020-04-19,BN147,2020-04-19,0,low activity,2020-04-13,2020-04-19,7,0,0.4459489948067271,images/low_activity/BN147/2020-04-19.png
BN147_2020-04-20,BN147,2020-04-20,2,peak dominant,2020-04-14,2020-04-20,7,0,0.561106612670516,images/peak_dominant/BN147/2020-04-20.png
BN147_2020-04-21,BN147,2020-04-21,0,low activity,2020-04-15,2020-04-21,7,0,0.4607881316075655,images/low_activity/BN147/2020-04-21.png
BN147_2020-04-22,BN147,2020-04-22,0,low activity,2020-04-16,2020-04-22,7,0,0.3966227383382746,images/low_activity/BN147/2020-04-22.png
BN147_2020-04-23,BN147,2020-04-23,2,peak dominant,2020-04-17,2020-04-23,7,0,0.3781530221375012,images/peak_dominant/BN147/2020-04-23.png
BN147_2020-04-24,BN147,2020-04-24,2,peak dominant,2020-04-18,2020-04-24,7,0,0.38549753382946816,images/peak_dominant/BN147/2020-04-24.png
BN147_2020-04-25,BN147,2020-04-25,2,peak dominant,2020-04-19,2020-04-25,7,0,0.6353402353395798,images/peak_dominant/BN147/2020-04-25.png
BN147_2020-04-26,BN147,2020-04-26,2,peak dominant,2020-04-20,2020-04-26,7,0,0.27898675959955177,images/peak_dominant/BN147/2020-04-26.png
BN147_2020-04-27,BN147,2020-04-27,2,peak dominant,2020-04-21,2020-04-27,7,0,0.2630810193709306,images/peak_dominant/BN147/2020-04-27.png
BN147_2020-04-28,BN147,2020-04-28,2,peak dominant,2020-04-22,2020-04-28,7,0,0.2687009102202203,images/peak_dominant/BN147/2020-04-28.png
BN147_2020-04-29,BN147,2020-04-29,2,peak dominant,2020-04-23,2020-04-29,7,0,0.3048287778927917,images/peak_dominant/BN147/2020-04-29.png
BN147_2020-04-30,BN147,2020-04-30,2,peak dominant,2020-04-24,2020-04-30,7,0,0.31298287530516494,images/peak_dominant/BN147/2020-04-30.png
BN147_2020-05-01,BN147,2020-05-01,2,peak dominant,2020-04-25,2020-05-01,7,0,0.37373183027788776,images/peak_dominant/BN147/2020-05-01.png
BN147_2020-05-02,BN147,2020-05-02,2,peak dominant,2020-04-26,2020-05-02,7,0,0.42385678060975057,images/peak_dominant/BN147/2020-05-02.png
BN147_2020-05-03,BN147,2020-05-03,0,low activity,2020-04-27,2020-05-03,7,0,0.3109020809443235,images/low_activity/BN147/2020-05-03.png
BN147_2020-05-04,BN147,2020-05-04,2,peak dominant,2020-04-28,2020-05-04,7,0,0.2641709551738578,images/peak_dominant/BN147/2020-05-04.png
BN147_2020-05-05,BN147,2020-05-05,2,peak dominant,2020-04-29,2020-05-05,7,0,0.3072901763974654,images/peak_dominant/BN147/2020-05-05.png
BN147_2020-05-06,BN147,2020-05-06,2,peak dominant,2020-04-30,2020-05-06,7,0,0.34453880983060303,images/peak_dominant/BN147/2020-05-06.png
BN147_2020-05-07,BN147,2020-05-07,2,peak dominant,2020-05-01,2020-05-07,7,0,0.2978881015888581,images/peak_dominant/BN147/2020-05-07.png
BN147_2020-05-08,BN147,2020-05-08,2,peak dominant,2020-05-02,2020-05-08,7,0,0.24706579622151165,images/peak_dominant/BN147/2020-05-08.png
BN147_2020-05-09,BN147,2020-05-09,2,peak dominant,2020-05-03,2020-05-09,7,0,0.3945387476785125,images/peak_dominant/BN147/2020-05-09.png
BN147_2020-05-10,BN147,2020-05-10,0,low activity,2020-05-04,2020-05-10,7,0,0.42377570761835315,images/low_activity/BN147/2020-05-10.png
BN147_2020-05-11,BN147,2020-05-11,2,peak dominant,2020-05-05,2020-05-11,7,0,0.40282042148817815,images/peak_dominant/BN147/2020-05-11.png
BN147_2020-05-12,BN147,2020-05-12,2,peak dominant,2020-05-06,2020-05-12,7,0,0.42245786333600643,images/peak_dominant/BN147/2020-05-12.png
BN147_2020-05-13,BN147,2020-05-13,2,peak dominant,2020-05-07,2020-05-13,7,0,0.4228080066581054,images/peak_dominant/BN147/2020-05-13.png
BN147_2020-05-14,BN147,2020-05-14,2,peak dominant,2020-05-08,2020-05-14,7,0,0.3664778804105343,images/peak_dominant/BN147/2020-05-14.png
BN147_2020-05-15,BN147,2020-05-15,2,peak dominant,2020-05-09,2020-05-15,7,0,0.4463817821456504,images/peak_dominant/BN147/2020-05-15.png
BN147_2020-05-16,BN147,2020-05-16,0,low activity,2020-05-10,2020-05-16,7,0,0.5354562195777269,images/low_activity/BN147/2020-05-16.png
BN147_2020-05-17,BN147,2020-05-17,0,low activity,2020-05-11,2020-05-17,7,0,0.5601218675549823,images/low_activity/BN147/2020-05-17.png
BN147_2020-05-18,BN147,2020-05-18,2,peak dominant,2020-05-12,2020-05-18,7,0,0.5515441888314685,images/peak_dominant/BN147/2020-05-18.png
BN147_2020-05-19,BN147,2020-05-19,2,peak dominant,2020-05-13,2020-05-19,7,0,0.45850473258713914,images/peak_dominant/BN147/2020-05-19.png
BN147_2020-05-20,BN147,2020-05-20,2,peak dominant,2020-05-14,2020-05-20,7,0,0.4642618693945986,images/peak_dominant/BN147/2020-05-20.png
BN147_2020-05-21,BN147,2020-05-21,0,low activity,2020-05-15,2020-05-21,7,0,0.45450634294371844,images/low_activity/BN147/2020-05-21.png
BN147_2020-05-22,BN147,2020-05-22,0,low activity,2020-05-16,2020-05-22,7,0,0.45570878076465304,images/low_activity/BN147/2020-05-22.png
BN147_2020-05-23,BN147,2020-05-23,0,low activity,2020-05-17,2020-05-23,7,0,0.44585479687818963,images/low_activity/BN147/2020-05-23.png
BN147_2020-05-24,BN147,2020-05-24,0,low activity,2020-05-18,2020-05-24,7,0,0.5444193606923606,images/low_activity/BN147/2020-05-24.png
BN147_2020-05-25,BN147,2020-05-25,2,peak dominant,2020-05-19,2020-05-25,7,0,0.5872576195813987,images/peak_dominant/BN147/2020-05-25.png
BN147_2020-05-26,BN147,2020-05-26,2,peak dominant,2020-05-20,2020-05-26,7,0,0.6445037677377904,images/peak_dominant/BN147/2020-05-26.png
BN147_2020-05-27,BN147,2020-05-27,2,peak dominant,2020-05-21,2020-05-27,7,0,0.5900050572084105,images/peak_dominant/BN147/2020-05-27.png
BN147_2020-05-28,BN147,2020-05-28,2,peak dominant,2020-05-22,2020-05-28,7,0,0.5118702521061873,images/peak_dominant/BN147/2020-05-28.png
BN147_2020-05-29,BN147,2020-05-29,2,peak dominant,2020-05-23,2020-05-29,7,0,0.35407602675099786,images/peak_dominant/BN147/2020-05-29.png
BN147_2020-05-30,BN147,2020-05-30,2,peak dominant,2020-05-24,2020-05-30,7,0,0.45947734674492346,images/peak_dominant/BN147/2020-05-30.png
BN147_2020-05-31,BN147,2020-05-31,2,peak dominant,2020-05-25,2020-05-31,7,0,0.4002352251884894,images/peak_dominant/BN147/2020-05-31.png
BN147_2020-06-01,BN147,2020-06-01,2,peak dominant,2020-05-26,2020-06-01,7,0,0.42349818880935564,images/peak_dominant/BN147/2020-06-01.png
BN147_2020-06-02,BN147,2020-06-02,2,peak dominant,2020-05-27,2020-06-02,7,0,0.4214604512081296,images/peak_dominant/BN147/2020-06-02.png
BN147_2020-06-03,BN147,2020-06-03,2,peak dominant,2020-05-28,2020-06-03,7,0,0.4672159370015809,images/peak_dominant/BN147/2020-06-03.png
BN147_2020-06-04,BN147,2020-06-04,2,peak dominant,2020-05-29,2020-06-04,7,0,0.46819984240058965,images/peak_dominant/BN147/2020-06-04.png
BN147_2020-06-05,BN147,2020-06-05,2,peak dominant,2020-05-30,2020-06-05,7,0,0.46009030093513487,images/peak_dominant/BN147/2020-06-05.png
BN147_2020-06-06,BN147,2020-06-06,2,peak dominant,2020-05-31,2020-06-06,7,0,0.29160777709569746,images/peak_dominant/BN147/2020-06-06.png
BN147_2020-06-07,BN147,2020-06-07,0,low activity,2020-06-01,2020-06-07,7,0,0.38161509950331907,images/low_activity/BN147/2020-06-07.png
BN147_2020-06-08,BN147,2020-06-08,0,low activity,2020-06-02,2020-06-08,7,0,0.22609935619718596,images/low_activity/BN147/2020-06-08.png
BN147_2020-06-09,BN147,2020-06-09,2,peak dominant,2020-06-03,2020-06-09,7,0,0.22638977535670152,images/peak_dominant/BN147/2020-06-09.png
BN147_2020-06-10,BN147,2020-06-10,2,peak dominant,2020-06-04,2020-06-10,7,0,0.26661291918281627,images/peak_dominant/BN147/2020-06-10.png
BN147_2020-06-11,BN147,2020-06-11,2,peak dominant,2020-06-05,2020-06-11,7,0,0.353168283557713,images/peak_dominant/BN147/2020-06-11.png
BN147_2020-06-12,BN147,2020-06-12,2,peak dominant,2020-06-06,2020-06-12,7,0,0.32928317117052675,images/peak_dominant/BN147/2020-06-12.png
BN147_2020-06-13,BN147,2020-06-13,2,peak dominant,2020-06-07,2020-06-13,7,0,0.35131026805071697,images/peak_dominant/BN147/2020-06-13.png
BN147_2020-06-14,BN147,2020-06-14,2,peak dominant,2020-06-08,2020-06-14,7,0,0.4177251232117226,images/peak_dominant/BN147/2020-06-14.png
BN147_2020-06-15,BN147,2020-06-15,2,peak dominant,2020-06-09,2020-06-15,7,0,0.43562652418870984,images/peak_dominant/BN147/2020-06-15.png
BN147_2020-06-16,BN147,2020-06-16,2,peak dominant,2020-06-10,2020-06-16,7,0,0.32383174430081796,images/peak_dominant/BN147/2020-06-16.png
BN147_2020-06-17,BN147,2020-06-17,2,peak dominant,2020-06-11,2020-06-17,7,0,0.30431384738741607,images/peak_dominant/BN147/2020-06-17.png
BN147_2020-06-18,BN147,2020-06-18,2,peak dominant,2020-06-12,2020-06-18,7,0,0.3289371511938824,images/peak_dominant/BN147/2020-06-18.png
BN147_2020-06-19,BN147,2020-06-19,2,peak dominant,2020-06-13,2020-06-19,7,0,0.38587444842220636,images/peak_dominant/BN147/2020-06-19.png
BN147_2020-06-20,BN147,2020-06-20,2,peak dominant,2020-06-14,2020-06-20,7,0,0.3204474724227735,images/peak_dominant/BN147/2020-06-20.png
BN147_2020-06-21,BN147,2020-06-21,0,low activity,2020-06-15,2020-06-21,7,0,0.3565857024515364,images/low_activity/BN147/2020-06-21.png
BN147_2020-06-22,BN147,2020-06-22,2,peak dominant,2020-06-16,2020-06-22,7,0,0.35656642088317025,images/peak_dominant/BN147/2020-06-22.png
BN147_2020-06-23,BN147,2020-06-23,2,peak dominant,2020-06-17,2020-06-23,7,0,0.42383648946549946,images/peak_dominant/BN147/2020-06-23.png
BN147_2020-06-24,BN147,2020-06-24,2,peak dominant,2020-06-18,2020-06-24,7,0,0.4006117792484405,images/peak_dominant/BN147/2020-06-24.png
BN147_2020-06-25,BN147,2020-06-25,2,peak dominant,2020-06-19,2020-06-25,7,0,0.40336219978914745,images/peak_dominant/BN147/2020-06-25.png
BN147_2020-06-26,BN147,2020-06-26,2,peak dominant,2020-06-20,2020-06-26,7,0,0.41560714135198157,images/peak_dominant/BN147/2020-06-26.png
BN147_2020-06-27,BN147,2020-06-27,2,peak dominant,2020-06-21,2020-06-27,7,0,0.6126116907756411,images/peak_dominant/BN147/2020-06-27.png
BN147_2020-06-28,BN147,2020-06-28,2,peak dominant,2020-06-22,2020-06-28,7,0,0.2974519276081076,images/peak_dominant/BN147/2020-06-28.png
BN147_2020-06-29,BN147,2020-06-29,2,peak dominant,2020-06-23,2020-06-29,7,0,0.29381488641445197,images/peak_dominant/BN147/2020-06-29.png
BN147_2020-06-30,BN147,2020-06-30,2,peak dominant,2020-06-24,2020-06-30,7,0,0.39539712051035736,images/peak_dominant/BN147/2020-06-30.png
BN002_2019-07-31,BN002,2019-07-31,1,typical,2019-07-25,2019-07-31,7,0,0.13673994901748282,images/typical/BN002/2019-07-31.png
BN002_2019-08-01,BN002,2019-08-01,1,typical,2019-07-26,2019-08-01,7,0,0.13681788758504876,images/typical/BN002/2019-08-01.png
BN002_2019-08-02,BN002,2019-08-02,1,typical,2019-07-27,2019-08-02,7,0,0.13623762499333966,images/typical/BN002/2019-08-02.png
BN002_2019-08-03,BN002,2019-08-03,1,typical,2019-07-28,2019-08-03,7,0,0.15509158029046408,images/typical/BN002/2019-08-03.png
BN002_2019-08-04,BN002,2019-08-04,1,typical,2019-07-29,2019-08-04,7,0,0.13898229813177,images/typical/BN002/2019-08-04.png
BN002_2019-08-05,BN002,2019-08-05,1,typical,2019-07-30,2019-08-05,7,0,0.15116089602966717,images/typical/BN002/2019-08-05.png
BN002_2019-08-06,BN002,2019-08-06,1,typical,2019-07-31,2019-08-06,7,0,0.16935475692396101,images/typical/BN002/2019-08-06.png
BN002_2019-08-07,BN002,2019-08-07,1,typical,2019-08-01,2019-08-07,7,0,0.15683435552744981,images/typical/BN002/2019-08-07.png
BN002_2019-08-08,BN002,2019-08-08,1,typical,2019-08-02,2019-08-08,7,0,0.15234729059148167,images/typical/BN002/2019-08-08.png
BN002_2019-08-09,BN002,2019-08-09,1,typical,2019-08-03,2019-08-09,7,0,0.15309921522160164,images/typical/BN002/2019-08-09.png
BN002_2019-08-10,BN002,2019-08-10,1,typical,2019-08-04,2019-08-10,7,0,0.17520211687295925,images/typical/BN002/2019-08-10.png
BN002_2019-08-11,BN002,2019-08-11,1,typical,2019-08-05,2019-08-11,7,0,0.18421224073242873,images/typical/BN002/2019-08-11.png
BN002_2019-08-12,BN002,2019-08-12,1,typical,2019-08-06,2019-08-12,7,0,0.17850001083309167,images/typical/BN002/2019-08-12.png
BN002_2019-08-13,BN002,2019-08-13,1,typical,2019-08-07,2019-08-13,7,0,0.17206589032889605,images/typical/BN002/2019-08-13.png
BN002_2019-08-14,BN002,2019-08-14,1,typical,2019-08-08,2019-08-14,7,0,0.17426912133586359,images/typical/BN002/2019-08-14.png
BN002_2019-08-15,BN002,2019-08-15,1,typical,2019-08-09,2019-08-15,7,0,0.1868919288656811,images/typical/BN002/2019-08-15.png
BN002_2019-08-16,BN002,2019-08-16,1,typical,2019-08-10,2019-08-16,7,0,0.1947942904684982,images/typical/BN002/2019-08-16.png
BN002_2019-08-17,BN002,2019-08-17,1,typical,2019-08-11,2019-08-17,7,0,0.15820899381132766,images/typical/BN002/2019-08-17.png
BN002_2019-08-18,BN002,2019-08-18,1,typical,2019-08-12,2019-08-18,7,0,0.15155002032468515,images/typical/BN002/2019-08-18.png
BN002_2019-08-19,BN002,2019-08-19,1,typical,2019-08-13,2019-08-19,7,0,0.13717846289935537,images/typical/BN002/2019-08-19.png
BN002_2019-08-20,BN002,2019-08-20,1,typical,2019-08-14,2019-08-20,7,0,0.18379118388670854,images/typical/BN002/2019-08-20.png
BN002_2019-08-21,BN002,2019-08-21,1,typical,2019-08-15,2019-08-21,7,0,0.14785983846598807,images/typical/BN002/2019-08-21.png
BN002_2019-08-22,BN002,2019-08-22,1,typical,2019-08-16,2019-08-22,7,0,0.12932745997048276,images/typical/BN002/2019-08-22.png
BN002_2019-08-23,BN002,2019-08-23,1,typical,2019-08-17,2019-08-23,7,0,0.11062811803713937,images/typical/BN002/2019-08-23.png
BN002_2019-08-24,BN002,2019-08-24,1,typical,2019-08-18,2019-08-24,7,0,0.11903064726589382,images/typical/BN002/2019-08-24.png
BN002_2019-08-25,BN002,2019-08-25,1,typical,2019-08-19,2019-08-25,7,0,0.11924208115360942,images/typical/BN002/2019-08-25.png
BN002_2019-08-26,BN002,2019-08-26,1,typical,2019-08-20,2019-08-26,7,0,0.14960927352541728,images/typical/BN002/2019-08-26.png
BN002_2019-08-27,BN002,2019-08-27,1,typical,2019-08-21,2019-08-27,7,0,0.13111310301030435,images/typical/BN002/2019-08-27.png
BN002_2019-08-28,BN002,2019-08-28,1,typical,2019-08-22,2019-08-28,7,0,0.14281256956489824,images/typical/BN002/2019-08-28.png
BN002_2019-08-29,BN002,2019-08-29,1,typical,2019-08-23,2019-08-29,7,0,0.14547228713039553,images/typical/BN002/2019-08-29.png
BN002_2019-08-30,BN002,2019-08-30,1,typical,2019-08-24,2019-08-30,7,0,0.1387362520306874,images/typical/BN002/2019-08-30.png
BN002_2019-08-31,BN002,2019-08-31,1,typical,2019-08-25,2019-08-31,7,0,0.1431380202737912,images/typical/BN002/2019-08-31.png
BN002_2019-09-01,BN002,2019-09-01,1,typical,2019-08-26,2019-09-01,7,0,0.1258428582050969,images/typical/BN002/2019-09-01.png
BN002_2019-09-02,BN002,2019-09-02,1,typical,2019-08-27,2019-09-02,7,0,0.030039306597741868,images/typical/BN002/2019-09-02.png
BN002_2019-09-03,BN002,2019-09-03,1,typical,2019-08-28,2019-09-03,7,0,0.02980089907566847,images/typical/BN002/2019-09-03.png
BN002_2019-09-04,BN002,2019-09-04,1,typical,2019-08-29,2019-09-04,7,0,0.03257131270198294,images/typical/BN002/2019-09-04.png
BN002_2019-09-05,BN002,2019-09-05,1,typical,2019-08-30,2019-09-05,7,0,0.02992065288978928,images/typical/BN002/2019-09-05.png
BN002_2019-09-06,BN002,2019-09-06,1,typical,2019-08-31,2019-09-06,7,0,0.02703083938411582,images/typical/BN002/2019-09-06.png
BN002_2019-09-07,BN002,2019-09-07,1,typical,2019-09-01,2019-09-07,7,0,0.028759902493494735,images/typical/BN002/2019-09-07.png
BN002_2019-09-08,BN002,2019-09-08,1,typical,2019-09-02,2019-09-08,7,0,0.028454065521955885,images/typical/BN002/2019-09-08.png
BN002_2019-09-09,BN002,2019-09-09,1,typical,2019-09-03,2019-09-09,7,0,0.12796453390554866,images/typical/BN002/2019-09-09.png
BN002_2019-09-10,BN002,2019-09-10,1,typical,2019-09-04,2019-09-10,7,0,0.1254523433944932,images/typical/BN002/2019-09-10.png
BN002_2019-09-11,BN002,2019-09-11,1,typical,2019-09-05,2019-09-11,7,0,0.1285022852674847,images/typical/BN002/2019-09-11.png
BN002_2019-09-12,BN002,2019-09-12,1,typical,2019-09-06,2019-09-12,7,0,0.1281429349543548,images/typical/BN002/2019-09-12.png
BN002_2019-09-13,BN002,2019-09-13,1,typical,2019-09-07,2019-09-13,7,0,0.1374089675229895,images/typical/BN002/2019-09-13.png
BN002_2019-09-14,BN002,2019-09-14,1,typical,2019-09-08,2019-09-14,7,0,0.1643486716451987,images/typical/BN002/2019-09-14.png
BN002_2019-09-15,BN002,2019-09-15,1,typical,2019-09-09,2019-09-15,7,0,0.15111638846363354,images/typical/BN002/2019-09-15.png
BN002_2019-09-16,BN002,2019-09-16,1,typical,2019-09-10,2019-09-16,7,0,0.1516024950701577,images/typical/BN002/2019-09-16.png
BN002_2019-09-17,BN002,2019-09-17,1,typical,2019-09-11,2019-09-17,7,0,0.15533160282258496,images/typical/BN002/2019-09-17.png
BN002_2019-09-18,BN002,2019-09-18,1,typical,2019-09-12,2019-09-18,7,0,0.15539860995761634,images/typical/BN002/2019-09-18.png
BN002_2019-09-19,BN002,2019-09-19,1,typical,2019-09-13,2019-09-19,7,0,0.1569174272368864,images/typical/BN002/2019-09-19.png
BN002_2019-09-20,BN002,2019-09-20,1,typical,2019-09-14,2019-09-20,7,0,0.1579215471452696,images/typical/BN002/2019-09-20.png
BN002_2019-09-21,BN002,2019-09-21,1,typical,2019-09-15,2019-09-21,7,0,0.15191555913638383,images/typical/BN002/2019-09-21.png
BN002_2019-09-22,BN002,2019-09-22,1,typical,2019-09-16,2019-09-22,7,0,0.22403752439488883,images/typical/BN002/2019-09-22.png
BN002_2019-09-23,BN002,2019-09-23,1,typical,2019-09-17,2019-09-23,7,0,0.22621528601384613,images/typical/BN002/2019-09-23.png
BN002_2019-09-24,BN002,2019-09-24,1,typical,2019-09-18,2019-09-24,7,0,0.23219650966313346,images/typical/BN002/2019-09-24.png
BN002_2019-09-25,BN002,2019-09-25,1,typical,2019-09-19,2019-09-25,7,0,0.23994310418714918,images/typical/BN002/2019-09-25.png
BN002_2019-09-26,BN002,2019-09-26,1,typical,2019-09-20,2019-09-26,7,0,0.25213733881302025,images/typical/BN002/2019-09-26.png
BN002_2019-09-27,BN002,2019-09-27,1,typical,2019-09-21,2019-09-27,7,0,0.2486412838862293,images/typical/BN002/2019-09-27.png
BN002_2019-09-28,BN002,2019-09-28,1,typical,2019-09-22,2019-09-28,7,0,0.21178275829182383,images/typical/BN002/2019-09-28.png
BN002_2019-09-29,BN002,2019-09-29,1,typical,2019-09-23,2019-09-29,7,0,0.13459409685177642,images/typical/BN002/2019-09-29.png
BN002_2019-09-30,BN002,2019-09-30,1,typical,2019-09-24,2019-09-30,7,0,0.13928752161055669,images/typical/BN002/2019-09-30.png
BN002_2019-10-01,BN002,2019-10-01,1,typical,2019-09-25,2019-10-01,7,0,0.13775589074213015,images/typical/BN002/2019-10-01.png
BN002_2019-10-02,BN002,2019-10-02,1,typical,2019-09-26,2019-10-02,7,0,0.139957411774397,images/typical/BN002/2019-10-02.png
BN002_2019-10-03,BN002,2019-10-03,1,typical,2019-09-27,2019-10-03,7,0,0.14034694007168058,images/typical/BN002/2019-10-03.png
BN002_2019-10-04,BN002,2019-10-04,1,typical,2019-09-28,2019-10-04,7,0,0.1371238819714352,images/typical/BN002/2019-10-04.png
BN002_2019-10-05,BN002,2019-10-05,1,typical,2019-09-29,2019-10-05,7,0,0.1381754519584549,images/typical/BN002/2019-10-05.png
BN002_2019-10-06,BN002,2019-10-06,1,typical,2019-09-30,2019-10-06,7,0,0.13956504372265252,images/typical/BN002/2019-10-06.png
BN002_2019-10-07,BN002,2019-10-07,1,typical,2019-10-01,2019-10-07,7,0,0.13723454011159694,images/typical/BN002/2019-10-07.png
BN002_2019-10-08,BN002,2019-10-08,1,typical,2019-10-02,2019-10-08,7,0,0.13520790779958916,images/typical/BN002/2019-10-08.png
BN002_2019-10-09,BN002,2019-10-09,1,typical,2019-10-03,2019-10-09,7,0,0.1362103243735078,images/typical/BN002/2019-10-09.png
BN002_2019-10-10,BN002,2019-10-10,1,typical,2019-10-04,2019-10-10,7,0,0.13335725639098636,images/typical/BN002/2019-10-10.png
BN002_2019-10-11,BN002,2019-10-11,1,typical,2019-10-05,2019-10-11,7,0,0.12808960517763096,images/typical/BN002/2019-10-11.png
BN002_2019-10-12,BN002,2019-10-12,1,typical,2019-10-06,2019-10-12,7,0,0.12660969099402042,images/typical/BN002/2019-10-12.png
BN002_2019-10-13,BN002,2019-10-13,1,typical,2019-10-07,2019-10-13,7,0,0.1258837302763643,images/typical/BN002/2019-10-13.png
BN002_2019-10-14,BN002,2019-10-14,1,typical,2019-10-08,2019-10-14,7,0,0.08360929823016715,images/typical/BN002/2019-10-14.png
BN002_2019-10-15,BN002,2019-10-15,1,typical,2019-10-09,2019-10-15,7,0,0.10527566960683979,images/typical/BN002/2019-10-15.png
BN002_2019-10-16,BN002,2019-10-16,1,typical,2019-10-10,2019-10-16,7,0,0.10220791405419748,images/typical/BN002/2019-10-16.png
BN002_2019-10-17,BN002,2019-10-17,1,typical,2019-10-11,2019-10-17,7,0,0.1062665779431255,images/typical/BN002/2019-10-17.png
BN002_2019-10-18,BN002,2019-10-18,1,typical,2019-10-12,2019-10-18,7,0,0.11226083340559824,images/typical/BN002/2019-10-18.png
BN002_2019-10-19,BN002,2019-10-19,1,typical,2019-10-13,2019-10-19,7,0,0.1225869830092132,images/typical/BN002/2019-10-19.png
BN002_2019-10-20,BN002,2019-10-20,1,typical,2019-10-14,2019-10-20,7,0,0.1141368851410146,images/typical/BN002/2019-10-20.png
BN002_2019-10-21,BN002,2019-10-21,1,typical,2019-10-15,2019-10-21,7,0,0.10710330689124943,images/typical/BN002/2019-10-21.png
BN002_2019-10-22,BN002,2019-10-22,1,typical,2019-10-16,2019-10-22,7,0,0.12796904662887174,images/typical/BN002/2019-10-22.png
BN002_2019-10-23,BN002,2019-10-23,1,typical,2019-10-17,2019-10-23,7,0,0.12720445066893432,images/typical/BN002/2019-10-23.png
BN002_2019-10-24,BN002,2019-10-24,1,typical,2019-10-18,2019-10-24,7,0,0.12525296273153988,images/typical/BN002/2019-10-24.png
BN002_2019-10-25,BN002,2019-10-25,1,typical,2019-10-19,2019-10-25,7,0,0.13694006986093532,images/typical/BN002/2019-10-25.png
BN002_2019-10-26,BN002,2019-10-26,1,typical,2019-10-20,2019-10-26,7,0,0.15794329483890804,images/typical/BN002/2019-10-26.png
BN002_2019-10-27,BN002,2019-10-27,1,typical,2019-10-21,2019-10-27,7,0,0.13558631549146233,images/typical/BN002/2019-10-27.png
BN002_2019-10-28,BN002,2019-10-28,1,typical,2019-10-22,2019-10-28,7,0,0.1328330942129862,images/typical/BN002/2019-10-28.png
BN002_2019-10-29,BN002,2019-10-29,1,typical,2019-10-23,2019-10-29,7,0,0.12252780901041269,images/typical/BN002/2019-10-29.png
BN002_2019-10-30,BN002,2019-10-30,1,typical,2019-10-24,2019-10-30,7,0,0.10748961717870581,images/typical/BN002/2019-10-30.png
BN002_2019-10-31,BN002,2019-10-31,1,typical,2019-10-25,2019-10-31,7,0,0.10088873469301728,images/typical/BN002/2019-10-31.png
BN002_2019-11-01,BN002,2019-11-01,1,typical,2019-10-26,2019-11-01,7,0,0.13421847001746118,images/typical/BN002/2019-11-01.png
BN002_2019-11-02,BN002,2019-11-02,1,typical,2019-10-27,2019-11-02,7,0,0.18513002824062597,images/typical/BN002/2019-11-02.png
BN002_2019-11-03,BN002,2019-11-03,1,typical,2019-10-28,2019-11-03,7,0,0.13962932806532982,images/typical/BN002/2019-11-03.png
BN002_2019-11-04,BN002,2019-11-04,1,typical,2019-10-29,2019-11-04,7,0,0.15954044684736624,images/typical/BN002/2019-11-04.png
BN002_2019-11-05,BN002,2019-11-05,1,typical,2019-10-30,2019-11-05,7,0,0.15080002957578806,images/typical/BN002/2019-11-05.png
BN002_2019-11-06,BN002,2019-11-06,1,typical,2019-10-31,2019-11-06,7,0,0.1589746649038879,images/typical/BN002/2019-11-06.png
BN002_2019-11-07,BN002,2019-11-07,1,typical,2019-11-01,2019-11-07,7,0,0.17681330394303757,images/typical/BN002/2019-11-07.png
BN002_2019-11-08,BN002,2019-11-08,1,typical,2019-11-02,2019-11-08,7,0,0.18657075607106094,images/typical/BN002/2019-11-08.png
BN002_2019-11-09,BN002,2019-11-09,1,typical,2019-11-03,2019-11-09,7,0,0.2434704111273302,images/typical/BN002/2019-11-09.png
BN002_2019-11-10,BN002,2019-11-10,1,typical,2019-11-04,2019-11-10,7,0,0.1431245850664338,images/typical/BN002/2019-11-10.png
BN002_2019-11-11,BN002,2019-11-11,1,typical,2019-11-05,2019-11-11,7,0,0.027860899001999825,images/typical/BN002/2019-11-11.png
BN002_2019-11-12,BN002,2019-11-12,1,typical,2019-11-06,2019-11-12,7,0,0.03214090909151632,images/typical/BN002/2019-11-12.png
BN002_2019-11-13,BN002,2019-11-13,1,typical,2019-11-07,2019-11-13,7,0,0.04351527596703816,images/typical/BN002/2019-11-13.png
BN002_2019-11-14,BN002,2019-11-14,1,typical,2019-11-08,2019-11-14,7,0,0.054882828994562746,images/typical/BN002/2019-11-14.png
BN002_2019-11-15,BN002,2019-11-15,1,typical,2019-11-09,2019-11-15,7,0,0.06050736218465428,images/typical/BN002/2019-11-15.png
BN002_2019-11-16,BN002,2019-11-16,1,typical,2019-11-10,2019-11-16,7,0,0.06395895541271518,images/typical/BN002/2019-11-16.png
BN002_2019-11-17,BN002,2019-11-17,1,typical,2019-11-11,2019-11-17,7,0,0.06497202674675673,images/typical/BN002/2019-11-17.png
BN002_2019-11-18,BN002,2019-11-18,1,typical,2019-11-12,2019-11-18,7,0,0.15128618376612601,images/typical/BN002/2019-11-18.png
BN002_2019-11-19,BN002,2019-11-19,1,typical,2019-11-13,2019-11-19,7,0,0.15625843291773267,images/typical/BN002/2019-11-19.png
BN002_2019-11-20,BN002,2019-11-20,1,typical,2019-11-14,2019-11-20,7,0,0.15209648099989675,images/typical/BN002/2019-11-20.png
BN002_2019-11-21,BN002,2019-11-21,1,typical,2019-11-15,2019-11-21,7,0,0.15256391727527366,images/typical/BN002/2019-11-21.png
BN002_2019-11-22,BN002,2019-11-22,1,typical,2019-11-16,2019-11-22,7,0,0.15357819432824169,images/typical/BN002/2019-11-22.png
BN002_2019-11-23,BN002,2019-11-23,1,typical,2019-11-17,2019-11-23,7,0,0.14294465254857153,images/typical/BN002/2019-11-23.png
BN002_2019-11-24,BN002,2019-11-24,1,typical,2019-11-18,2019-11-24,7,0,0.14455543115216404,images/typical/BN002/2019-11-24.png
BN002_2019-11-25,BN002,2019-11-25,1,typical,2019-11-19,2019-11-25,7,0,0.14581318691610826,images/typical/BN002/2019-11-25.png
BN002_2019-11-26,BN002,2019-11-26,1,typical,2019-11-20,2019-11-26,7,0,0.14667673703398035,images/typical/BN002/2019-11-26.png
BN002_2019-11-27,BN002,2019-11-27,1,typical,2019-11-21,2019-11-27,7,0,0.12128925548251428,images/typical/BN002/2019-11-27.png
BN002_2019-11-28,BN002,2019-11-28,1,typical,2019-11-22,2019-11-28,7,0,0.05442881935330815,images/typical/BN002/2019-11-28.png
BN002_2019-11-29,BN002,2019-11-29,1,typical,2019-11-23,2019-11-29,7,0,0.06757376501948224,images/typical/BN002/2019-11-29.png
BN002_2019-11-30,BN002,2019-11-30,1,typical,2019-11-24,2019-11-30,7,0,0.059084638017298886,images/typical/BN002/2019-11-30.png
BN002_2019-12-01,BN002,2019-12-01,1,typical,2019-11-25,2019-12-01,7,0,0.0543745156750026,images/typical/BN002/2019-12-01.png
BN002_2019-12-02,BN002,2019-12-02,1,typical,2019-11-26,2019-12-02,7,0,0.05564044423231477,images/typical/BN002/2019-12-02.png
BN002_2019-12-03,BN002,2019-12-03,1,typical,2019-11-27,2019-12-03,7,0,0.05057716757328318,images/typical/BN002/2019-12-03.png
BN002_2019-12-04,BN002,2019-12-04,1,typical,2019-11-28,2019-12-04,7,0,0.022099533270515215,images/typical/BN002/2019-12-04.png
BN002_2019-12-05,BN002,2019-12-05,1,typical,2019-11-29,2019-12-05,7,0,0.022041437090191636,images/typical/BN002/2019-12-05.png
BN002_2019-12-06,BN002,2019-12-06,1,typical,2019-11-30,2019-12-06,7,0,0.12883169033671593,images/typical/BN002/2019-12-06.png
BN002_2019-12-07,BN002,2019-12-07,1,typical,2019-12-01,2019-12-07,7,0,0.14691287566996145,images/typical/BN002/2019-12-07.png
BN002_2019-12-08,BN002,2019-12-08,1,typical,2019-12-02,2019-12-08,7,0,0.13815485704693825,images/typical/BN002/2019-12-08.png
BN002_2019-12-09,BN002,2019-12-09,1,typical,2019-12-03,2019-12-09,7,0,0.11787664042708938,images/typical/BN002/2019-12-09.png
BN002_2019-12-10,BN002,2019-12-10,1,typical,2019-12-04,2019-12-10,7,0,0.13590892167885946,images/typical/BN002/2019-12-10.png
BN002_2019-12-11,BN002,2019-12-11,1,typical,2019-12-05,2019-12-11,7,0,0.17695168193641392,images/typical/BN002/2019-12-11.png
BN002_2019-12-12,BN002,2019-12-12,1,typical,2019-12-06,2019-12-12,7,0,0.16874888935575522,images/typical/BN002/2019-12-12.png
BN002_2019-12-13,BN002,2019-12-13,1,typical,2019-12-07,2019-12-13,7,0,0.17186610165230784,images/typical/BN002/2019-12-13.png
BN002_2019-12-14,BN002,2019-12-14,1,typical,2019-12-08,2019-12-14,7,0,0.15583236949319765,images/typical/BN002/2019-12-14.png
BN002_2019-12-15,BN002,2019-12-15,1,typical,2019-12-09,2019-12-15,7,0,0.15159751544150407,images/typical/BN002/2019-12-15.png
BN002_2019-12-16,BN002,2019-12-16,1,typical,2019-12-10,2019-12-16,7,0,0.14984605979072516,images/typical/BN002/2019-12-16.png
BN002_2019-12-17,BN002,2019-12-17,1,typical,2019-12-11,2019-12-17,7,0,0.15329995233063914,images/typical/BN002/2019-12-17.png
BN002_2019-12-18,BN002,2019-12-18,1,typical,2019-12-12,2019-12-18,7,0,0.15499874140875172,images/typical/BN002/2019-12-18.png
BN002_2019-12-19,BN002,2019-12-19,1,typical,2019-12-13,2019-12-19,7,0,0.16143023530521977,images/typical/BN002/2019-12-19.png
BN002_2019-12-20,BN002,2019-12-20,1,typical,2019-12-14,2019-12-20,7,0,0.1597679367956168,images/typical/BN002/2019-12-20.png
BN002_2019-12-21,BN002,2019-12-21,1,typical,2019-12-15,2019-12-21,7,0,0.16794885723621358,images/typical/BN002/2019-12-21.png
BN002_2019-12-22,BN002,2019-12-22,1,typical,2019-12-16,2019-12-22,7,0,0.14373167217573815,images/typical/BN002/2019-12-22.png
BN002_2019-12-23,BN002,2019-12-23,1,typical,2019-12-17,2019-12-23,7,0,0.08574955466863479,images/typical/BN002/2019-12-23.png
BN002_2019-12-24,BN002,2019-12-24,1,typical,2019-12-18,2019-12-24,7,0,0.04429133487992793,images/typical/BN002/2019-12-24.png
BN002_2019-12-25,BN002,2019-12-25,1,typical,2019-12-19,2019-12-25,7,0,0.11301883941494688,images/typical/BN002/2019-12-25.png
BN002_2019-12-26,BN002,2019-12-26,1,typical,2019-12-20,2019-12-26,7,0,0.24099275259537276,images/typical/BN002/2019-12-26.png
BN002_2019-12-27,BN002,2019-12-27,1,typical,2019-12-21,2019-12-27,7,0,0.0811782116154744,images/typical/BN002/2019-12-27.png
BN002_2019-12-28,BN002,2019-12-28,1,typical,2019-12-22,2019-12-28,7,0,0.08251657255960226,images/typical/BN002/2019-12-28.png
BN002_2019-12-29,BN002,2019-12-29,1,typical,2019-12-23,2019-12-29,7,0,0.08438772828217557,images/typical/BN002/2019-12-29.png
BN002_2019-12-30,BN002,2019-12-30,1,typical,2019-12-24,2019-12-30,7,0,0.08613018133065362,images/typical/BN002/2019-12-30.png
BN002_2019-12-31,BN002,2019-12-31,1,typical,2019-12-25,2019-12-31,7,0,0.09168475152958949,images/typical/BN002/2019-12-31.png
BN002_2020-01-01,BN002,2020-01-01,1,typical,2019-12-26,2020-01-01,7,0,0.1176206459339019,images/typical/BN002/2020-01-01.png
BN002_2020-01-02,BN002,2020-01-02,1,typical,2019-12-27,2020-01-02,7,0,0.10623612114199935,images/typical/BN002/2020-01-02.png
BN002_2020-01-03,BN002,2020-01-03,1,typical,2019-12-28,2020-01-03,7,0,0.08470665811232395,images/typical/BN002/2020-01-03.png
BN002_2020-01-04,BN002,2020-01-04,1,typical,2019-12-29,2020-01-04,7,0,0.08842201765619949,images/typical/BN002/2020-01-04.png
BN002_2020-01-05,BN002,2020-01-05,1,typical,2019-12-30,2020-01-05,7,0,0.07497641316594415,images/typical/BN002/2020-01-05.png
BN002_2020-01-06,BN002,2020-01-06,1,typical,2019-12-31,2020-01-06,7,0,0.18202708657843755,images/typical/BN002/2020-01-06.png
BN002_2020-01-07,BN002,2020-01-07,1,typical,2020-01-01,2020-01-07,7,0,0.10151986658308583,images/typical/BN002/2020-01-07.png
BN002_2020-01-08,BN002,2020-01-08,1,typical,2020-01-02,2020-01-08,7,0,0.09898419390601172,images/typical/BN002/2020-01-08.png
BN002_2020-01-09,BN002,2020-01-09,1,typical,2020-01-03,2020-01-09,7,0,0.09955085113035288,images/typical/BN002/2020-01-09.png
BN002_2020-01-10,BN002,2020-01-10,1,typical,2020-01-04,2020-01-10,7,0,0.16639674441269098,images/typical/BN002/2020-01-10.png
BN002_2020-01-11,BN002,2020-01-11,1,typical,2020-01-05,2020-01-11,7,0,0.27050403733246126,images/typical/BN002/2020-01-11.png
BN002_2020-01-12,BN002,2020-01-12,1,typical,2020-01-06,2020-01-12,7,0,0.44670166876165607,images/typical/BN002/2020-01-12.png
BN002_2020-01-13,BN002,2020-01-13,1,typical,2020-01-07,2020-01-13,7,0,0.3587942021691756,images/typical/BN002/2020-01-13.png
BN002_2020-01-14,BN002,2020-01-14,1,typical,2020-01-08,2020-01-14,7,0,0.16628782359472263,images/typical/BN002/2020-01-14.png
BN002_2020-01-15,BN002,2020-01-15,1,typical,2020-01-09,2020-01-15,7,0,0.09465197143497053,images/typical/BN002/2020-01-15.png
BN002_2020-01-16,BN002,2020-01-16,1,typical,2020-01-10,2020-01-16,7,0,0.1059035186983253,images/typical/BN002/2020-01-16.png
BN002_2020-01-17,BN002,2020-01-17,1,typical,2020-01-11,2020-01-17,7,0,0.16478384088616446,images/typical/BN002/2020-01-17.png
BN002_2020-01-18,BN002,2020-01-18,1,typical,2020-01-12,2020-01-18,7,0,0.1537272949587,images/typical/BN002/2020-01-18.png
BN002_2020-01-19,BN002,2020-01-19,1,typical,2020-01-13,2020-01-19,7,0,0.1340861630393192,images/typical/BN002/2020-01-19.png
BN002_2020-01-20,BN002,2020-01-20,1,typical,2020-01-14,2020-01-20,7,0,0.038094111001996334,images/typical/BN002/2020-01-20.png
BN002_2020-01-21,BN002,2020-01-21,1,typical,2020-01-15,2020-01-21,7,0,0.03837524002152862,images/typical/BN002/2020-01-21.png
BN002_2020-01-22,BN002,2020-01-22,1,typical,2020-01-16,2020-01-22,7,0,0.042989023443845094,images/typical/BN002/2020-01-22.png
BN002_2020-01-23,BN002,2020-01-23,1,typical,2020-01-17,2020-01-23,7,0,0.04196718236502722,images/typical/BN002/2020-01-23.png
BN002_2020-01-24,BN002,2020-01-24,1,typical,2020-01-18,2020-01-24,7,0,0.043304737869789896,images/typical/BN002/2020-01-24.png
BN002_2020-01-25,BN002,2020-01-25,1,typical,2020-01-19,2020-01-25,7,0,0.036455465063823085,images/typical/BN002/2020-01-25.png
BN002_2020-01-26,BN002,2020-01-26,1,typical,2020-01-20,2020-01-26,7,0,0.035497195721251186,images/typical/BN002/2020-01-26.png
BN002_2020-01-27,BN002,2020-01-27,1,typical,2020-01-21,2020-01-27,7,0,0.12373758350257147,images/typical/BN002/2020-01-27.png
BN002_2020-01-28,BN002,2020-01-28,1,typical,2020-01-22,2020-01-28,7,0,0.12187534296251092,images/typical/BN002/2020-01-28.png
BN002_2020-01-29,BN002,2020-01-29,1,typical,2020-01-23,2020-01-29,7,0,0.12235848204544311,images/typical/BN002/2020-01-29.png
BN002_2020-01-30,BN002,2020-01-30,1,typical,2020-01-24,2020-01-30,7,0,0.1224571486817822,images/typical/BN002/2020-01-30.png
BN002_2020-01-31,BN002,2020-01-31,1,typical,2020-01-25,2020-01-31,7,0,0.13737278856080137,images/typical/BN002/2020-01-31.png
BN002_2020-02-01,BN002,2020-02-01,1,typical,2020-01-26,2020-02-01,7,0,0.1372777030201204,images/typical/BN002/2020-02-01.png
BN002_2020-02-02,BN002,2020-02-02,1,typical,2020-01-27,2020-02-02,7,0,0.14114955086615844,images/typical/BN002/2020-02-02.png
BN002_2020-02-03,BN002,2020-02-03,1,typical,2020-01-28,2020-02-03,7,0,0.14229832415428773,images/typical/BN002/2020-02-03.png
BN002_2020-02-04,BN002,2020-02-04,1,typical,2020-01-29,2020-02-04,7,0,0.14546395369118179,images/typical/BN002/2020-02-04.png
BN002_2020-02-05,BN002,2020-02-05,1,typical,2020-01-30,2020-02-05,7,0,0.14123450964006332,images/typical/BN002/2020-02-05.png
BN002_2020-02-06,BN002,2020-02-06,1,typical,2020-01-31,2020-02-06,7,0,0.1395666656895037,images/typical/BN002/2020-02-06.png
BN002_2020-02-07,BN002,2020-02-07,1,typical,2020-02-01,2020-02-07,7,0,0.1374899267367281,images/typical/BN002/2020-02-07.png
BN002_2020-02-08,BN002,2020-02-08,1,typical,2020-02-02,2020-02-08,7,0,0.14409022839182806,images/typical/BN002/2020-02-08.png
BN002_2020-02-09,BN002,2020-02-09,1,typical,2020-02-03,2020-02-09,7,0,0.15447999419668348,images/typical/BN002/2020-02-09.png
BN002_2020-02-10,BN002,2020-02-10,1,typical,2020-02-04,2020-02-10,7,0,0.15522857882557894,images/typical/BN002/2020-02-10.png
BN002_2020-02-11,BN002,2020-02-11,1,typical,2020-02-05,2020-02-11,7,0,0.15744982040587502,images/typical/BN002/2020-02-11.png
BN002_2020-02-12,BN002,2020-02-12,1,typical,2020-02-06,2020-02-12,7,0,0.1596712345431207,images/typical/BN002/2020-02-12.png
BN002_2020-02-13,BN002,2020-02-13,1,typical,2020-02-07,2020-02-13,7,0,0.16242223383461954,images/typical/BN002/2020-02-13.png
BN002_2020-02-14,BN002,2020-02-14,1,typical,2020-02-08,2020-02-14,7,0,0.1596576523072689,images/typical/BN002/2020-02-14.png
BN002_2020-02-15,BN002,2020-02-15,1,typical,2020-02-09,2020-02-15,7,0,0.13563295789134508,images/typical/BN002/2020-02-15.png
BN002_2020-02-16,BN002,2020-02-16,1,typical,2020-02-10,2020-02-16,7,0,0.13434477714643664,images/typical/BN002/2020-02-16.png
BN002_2020-02-17,BN002,2020-02-17,1,typical,2020-02-11,2020-02-17,7,0,0.1334544286637057,images/typical/BN002/2020-02-17.png
BN002_2020-02-18,BN002,2020-02-18,1,typical,2020-02-12,2020-02-18,7,0,0.13378987375412973,images/typical/BN002/2020-02-18.png
BN002_2020-02-19,BN002,2020-02-19,1,typical,2020-02-13,2020-02-19,7,0,0.13478739671582027,images/typical/BN002/2020-02-19.png
BN002_2020-02-20,BN002,2020-02-20,1,typical,2020-02-14,2020-02-20,7,0,0.13816232372291917,images/typical/BN002/2020-02-20.png
BN002_2020-02-21,BN002,2020-02-21,1,typical,2020-02-15,2020-02-21,7,0,0.13380104887149058,images/typical/BN002/2020-02-21.png
BN002_2020-02-22,BN002,2020-02-22,1,typical,2020-02-16,2020-02-22,7,0,0.13914096105439863,images/typical/BN002/2020-02-22.png
BN002_2020-02-23,BN002,2020-02-23,1,typical,2020-02-17,2020-02-23,7,0,0.13548355558775285,images/typical/BN002/2020-02-23.png
BN002_2020-02-24,BN002,2020-02-24,1,typical,2020-02-18,2020-02-24,7,0,0.1360275261112864,images/typical/BN002/2020-02-24.png
BN002_2020-02-25,BN002,2020-02-25,1,typical,2020-02-19,2020-02-25,7,0,0.13583830250075077,images/typical/BN002/2020-02-25.png
BN002_2020-02-26,BN002,2020-02-26,1,typical,2020-02-20,2020-02-26,7,0,0.13433718031490718,images/typical/BN002/2020-02-26.png
BN002_2020-02-27,BN002,2020-02-27,1,typical,2020-02-21,2020-02-27,7,0,0.13202605973692885,images/typical/BN002/2020-02-27.png
BN002_2020-02-28,BN002,2020-02-28,1,typical,2020-02-22,2020-02-28,7,0,0.1338457183949184,images/typical/BN002/2020-02-28.png
BN002_2020-02-29,BN002,2020-02-29,1,typical,2020-02-23,2020-02-29,7,0,0.13370725182749177,images/typical/BN002/2020-02-29.png
BN002_2020-03-01,BN002,2020-03-01,1,typical,2020-02-24,2020-03-01,7,0,0.13413916860321307,images/typical/BN002/2020-03-01.png
BN002_2020-03-02,BN002,2020-03-02,1,typical,2020-02-25,2020-03-02,7,0,0.13138692724276613,images/typical/BN002/2020-03-02.png
BN002_2020-03-03,BN002,2020-03-03,1,typical,2020-02-26,2020-03-03,7,0,0.13971016111344764,images/typical/BN002/2020-03-03.png
BN002_2020-03-04,BN002,2020-03-04,1,typical,2020-02-27,2020-03-04,7,0,0.14571514315911296,images/typical/BN002/2020-03-04.png
BN002_2020-03-05,BN002,2020-03-05,1,typical,2020-02-28,2020-03-05,7,0,0.14861555181372685,images/typical/BN002/2020-03-05.png
BN002_2020-03-06,BN002,2020-03-06,1,typical,2020-02-29,2020-03-06,7,0,0.15348145256752838,images/typical/BN002/2020-03-06.png
BN002_2020-03-07,BN002,2020-03-07,1,typical,2020-03-01,2020-03-07,7,0,0.4005283063917956,images/typical/BN002/2020-03-07.png
BN002_2020-03-08,BN002,2020-03-08,1,typical,2020-03-02,2020-03-08,7,0,0.24287606508126283,images/typical/BN002/2020-03-08.png
BN002_2020-03-09,BN002,2020-03-09,1,typical,2020-03-03,2020-03-09,7,0,0.1597113356315098,images/typical/BN002/2020-03-09.png
BN002_2020-03-10,BN002,2020-03-10,1,typical,2020-03-04,2020-03-10,7,0,0.19675662360555846,images/typical/BN002/2020-03-10.png
BN002_2020-03-11,BN002,2020-03-11,1,typical,2020-03-05,2020-03-11,7,0,0.32000145016629344,images/typical/BN002/2020-03-11.png
BN002_2020-03-12,BN002,2020-03-12,1,typical,2020-03-06,2020-03-12,7,0,0.44871614497988926,images/typical/BN002/2020-03-12.png
BN002_2020-03-13,BN002,2020-03-13,1,typical,2020-03-07,2020-03-13,7,0,0.2292594978077074,images/typical/BN002/2020-03-13.png
BN002_2020-03-14,BN002,2020-03-14,1,typical,2020-03-08,2020-03-14,7,0,0.172246923071782,images/typical/BN002/2020-03-14.png
BN002_2020-03-15,BN002,2020-03-15,1,typical,2020-03-09,2020-03-15,7,0,0.16788687884260864,images/typical/BN002/2020-03-15.png
BN002_2020-03-16,BN002,2020-03-16,1,typical,2020-03-10,2020-03-16,7,0,0.31513493577764506,images/typical/BN002/2020-03-16.png
BN002_2020-03-17,BN002,2020-03-17,1,typical,2020-03-11,2020-03-17,7,0,0.17562203449468008,images/typical/BN002/2020-03-17.png
BN002_2020-03-18,BN002,2020-03-18,1,typical,2020-03-12,2020-03-18,7,0,0.16789568559263734,images/typical/BN002/2020-03-18.png
BN002_2020-03-19,BN002,2020-03-19,1,typical,2020-03-13,2020-03-19,7,0,0.18930293145090946,images/typical/BN002/2020-03-19.png
BN002_2020-03-20,BN002,2020-03-20,1,typical,2020-03-14,2020-03-20,7,0,0.4873200242603722,images/typical/BN002/2020-03-20.png
BN002_2020-03-21,BN002,2020-03-21,1,typical,2020-03-15,2020-03-21,7,0,0.34525105951560564,images/typical/BN002/2020-03-21.png
BN002_2020-03-22,BN002,2020-03-22,1,typical,2020-03-16,2020-03-22,7,0,0.2635052095646088,images/typical/BN002/2020-03-22.png
BN002_2020-03-23,BN002,2020-03-23,1,typical,2020-03-17,2020-03-23,7,0,0.25400346805102186,images/typical/BN002/2020-03-23.png
BN002_2020-03-24,BN002,2020-03-24,1,typical,2020-03-18,2020-03-24,7,0,0.16262273298051302,images/typical/BN002/2020-03-24.png
BN002_2020-03-25,BN002,2020-03-25,1,typical,2020-03-19,2020-03-25,7,0,0.13238824160015872,images/typical/BN002/2020-03-25.png
BN002_2020-03-26,BN002,2020-03-26,1,typical,2020-03-20,2020-03-26,7,0,0.1394730427835013,images/typical/BN002/2020-03-26.png
BN002_2020-03-27,BN002,2020-03-27,1,typical,2020-03-21,2020-03-27,7,0,0.15786581584263237,images/typical/BN002/2020-03-27.png
BN002_2020-03-28,BN002,2020-03-28,1,typical,2020-03-22,2020-03-28,7,0,0.16918239372314386,images/typical/BN002/2020-03-28.png
BN002_2020-03-29,BN002,2020-03-29,1,typical,2020-03-23,2020-03-29,7,0,0.1574886278124202,images/typical/BN002/2020-03-29.png
BN002_2020-03-30,BN002,2020-03-30,1,typical,2020-03-24,2020-03-30,7,0,0.21651262144691386,images/typical/BN002/2020-03-30.png
BN002_2020-03-31,BN002,2020-03-31,1,typical,2020-03-25,2020-03-31,7,0,0.202634304049843,images/typical/BN002/2020-03-31.png
BN002_2020-04-01,BN002,2020-04-01,1,typical,2020-03-26,2020-04-01,7,0,0.21920455819871587,images/typical/BN002/2020-04-01.png
BN002_2020-04-02,BN002,2020-04-02,1,typical,2020-03-27,2020-04-02,7,0,0.39972314787555285,images/typical/BN002/2020-04-02.png
BN002_2020-04-03,BN002,2020-04-03,1,typical,2020-03-28,2020-04-03,7,0,0.4243920416490146,images/typical/BN002/2020-04-03.png
BN002_2020-04-04,BN002,2020-04-04,1,typical,2020-03-29,2020-04-04,7,0,0.3841490531729143,images/typical/BN002/2020-04-04.png
BN002_2020-04-05,BN002,2020-04-05,1,typical,2020-03-30,2020-04-05,7,0,0.3184912313588771,images/typical/BN002/2020-04-05.png
BN002_2020-04-06,BN002,2020-04-06,1,typical,2020-03-31,2020-04-06,7,0,0.31905844415161416,images/typical/BN002/2020-04-06.png
BN002_2020-04-07,BN002,2020-04-07,1,typical,2020-04-01,2020-04-07,7,0,0.35842040030734396,images/typical/BN002/2020-04-07.png
BN002_2020-04-08,BN002,2020-04-08,1,typical,2020-04-02,2020-04-08,7,0,0.44964986498592513,images/typical/BN002/2020-04-08.png
BN002_2020-04-09,BN002,2020-04-09,1,typical,2020-04-03,2020-04-09,7,0,0.21425378738134496,images/typical/BN002/2020-04-09.png
BN002_2020-04-10,BN002,2020-04-10,1,typical,2020-04-04,2020-04-10,7,0,0.21944398711408802,images/typical/BN002/2020-04-10.png
BN002_2020-04-11,BN002,2020-04-11,1,typical,2020-04-05,2020-04-11,7,0,0.40923430608646916,images/typical/BN002/2020-04-11.png
BN002_2020-04-12,BN002,2020-04-12,1,typical,2020-04-06,2020-04-12,7,0,0.40277009256320084,images/typical/BN002/2020-04-12.png
BN002_2020-04-13,BN002,2020-04-13,1,typical,2020-04-07,2020-04-13,7,0,0.44500078048606295,images/typical/BN002/2020-04-13.png
BN002_2020-04-14,BN002,2020-04-14,1,typical,2020-04-08,2020-04-14,7,0,0.2989825345099868,images/typical/BN002/2020-04-14.png
BN002_2020-04-15,BN002,2020-04-15,1,typical,2020-04-09,2020-04-15,7,0,0.19148838097126128,images/typical/BN002/2020-04-15.png
BN002_2020-04-16,BN002,2020-04-16,1,typical,2020-04-10,2020-04-16,7,0,0.17654418508299455,images/typical/BN002/2020-04-16.png
BN002_2020-04-17,BN002,2020-04-17,1,typical,2020-04-11,2020-04-17,7,0,0.2232147110226977,images/typical/BN002/2020-04-17.png
BN002_2020-04-18,BN002,2020-04-18,1,typical,2020-04-12,2020-04-18,7,0,0.2549253014998178,images/typical/BN002/2020-04-18.png
BN002_2020-04-19,BN002,2020-04-19,1,typical,2020-04-13,2020-04-19,7,0,0.2600371953487048,images/typical/BN002/2020-04-19.png
BN002_2020-04-20,BN002,2020-04-20,1,typical,2020-04-14,2020-04-20,7,0,0.22561432180689184,images/typical/BN002/2020-04-20.png
BN002_2020-04-21,BN002,2020-04-21,1,typical,2020-04-15,2020-04-21,7,0,0.20004563293268976,images/typical/BN002/2020-04-21.png
BN002_2020-04-22,BN002,2020-04-22,1,typical,2020-04-16,2020-04-22,7,0,0.1491935452430693,images/typical/BN002/2020-04-22.png
BN002_2020-04-23,BN002,2020-04-23,1,typical,2020-04-17,2020-04-23,7,0,0.14895165062491053,images/typical/BN002/2020-04-23.png
BN002_2020-04-24,BN002,2020-04-24,1,typical,2020-04-18,2020-04-24,7,0,0.1770891553210265,images/typical/BN002/2020-04-24.png
BN002_2020-04-25,BN002,2020-04-25,1,typical,2020-04-19,2020-04-25,7,0,0.29130620868286244,images/typical/BN002/2020-04-25.png
BN002_2020-04-26,BN002,2020-04-26,1,typical,2020-04-20,2020-04-26,7,0,0.12028922293298942,images/typical/BN002/2020-04-26.png
BN002_2020-04-27,BN002,2020-04-27,1,typical,2020-04-21,2020-04-27,7,0,0.2707984732021656,images/typical/BN002/2020-04-27.png
BN002_2020-04-28,BN002,2020-04-28,1,typical,2020-04-22,2020-04-28,7,0,0.3552400037232158,images/typical/BN002/2020-04-28.png
BN002_2020-04-29,BN002,2020-04-29,1,typical,2020-04-23,2020-04-29,7,0,0.4070400893662497,images/typical/BN002/2020-04-29.png
BN002_2020-04-30,BN002,2020-04-30,1,typical,2020-04-24,2020-04-30,7,0,0.4470776815682658,images/typical/BN002/2020-04-30.png
BN002_2020-05-01,BN002,2020-05-01,1,typical,2020-04-25,2020-05-01,7,0,0.5357727668550513,images/typical/BN002/2020-05-01.png
BN002_2020-05-02,BN002,2020-05-02,1,typical,2020-04-26,2020-05-02,7,0,0.4569197716513082,images/typical/BN002/2020-05-02.png
BN002_2020-05-03,BN002,2020-05-03,1,typical,2020-04-27,2020-05-03,7,0,0.382756525716563,images/typical/BN002/2020-05-03.png
BN002_2020-05-04,BN002,2020-05-04,1,typical,2020-04-28,2020-05-04,7,0,0.5175867142874673,images/typical/BN002/2020-05-04.png
BN002_2020-05-05,BN002,2020-05-05,1,typical,2020-04-29,2020-05-05,7,0,0.5625772986740815,images/typical/BN002/2020-05-05.png
BN002_2020-05-06,BN002,2020-05-06,1,typical,2020-04-30,2020-05-06,7,0,0.524821405315263,images/typical/BN002/2020-05-06.png
BN002_2020-05-07,BN002,2020-05-07,1,typical,2020-05-01,2020-05-07,7,0,0.5488506264999529,images/typical/BN002/2020-05-07.png
BN002_2020-05-08,BN002,2020-05-08,1,typical,2020-05-02,2020-05-08,7,0,0.21257758445182914,images/typical/BN002/2020-05-08.png
BN002_2020-05-09,BN002,2020-05-09,1,typical,2020-05-03,2020-05-09,7,0,0.5602501783049196,images/typical/BN002/2020-05-09.png
BN002_2020-05-10,BN002,2020-05-10,1,typical,2020-05-04,2020-05-10,7,0,0.5526321597418629,images/typical/BN002/2020-05-10.png
BN002_2020-05-11,BN002,2020-05-11,1,typical,2020-05-05,2020-05-11,7,0,0.5043057382834485,images/typical/BN002/2020-05-11.png
BN002_2020-05-12,BN002,2020-05-12,1,typical,2020-05-06,2020-05-12,7,0,0.4281431189150701,images/typical/BN002/2020-05-12.png
BN002_2020-05-13,BN002,2020-05-13,1,typical,2020-05-07,2020-05-13,7,0,0.3949109710029613,images/typical/BN002/2020-05-13.png
BN002_2020-05-14,BN002,2020-05-14,1,typical,2020-05-08,2020-05-14,7,0,0.3695395077755728,images/typical/BN002/2020-05-14.png
BN002_2020-05-15,BN002,2020-05-15,1,typical,2020-05-09,2020-05-15,7,0,0.34869357645391136,images/typical/BN002/2020-05-15.png
BN002_2020-05-16,BN002,2020-05-16,1,typical,2020-05-10,2020-05-16,7,0,0.3714249853092017,images/typical/BN002/2020-05-16.png
BN002_2020-05-17,BN002,2020-05-17,1,typical,2020-05-11,2020-05-17,7,0,0.430639990028558,images/typical/BN002/2020-05-17.png
BN002_2020-05-18,BN002,2020-05-18,1,typical,2020-05-12,2020-05-18,7,0,0.42086762499715585,images/typical/BN002/2020-05-18.png
BN002_2020-05-19,BN002,2020-05-19,1,typical,2020-05-13,2020-05-19,7,0,0.5735094524731389,images/typical/BN002/2020-05-19.png
BN002_2020-05-20,BN002,2020-05-20,1,typical,2020-05-14,2020-05-20,7,0,0.36583369181549663,images/typical/BN002/2020-05-20.png
BN002_2020-05-21,BN002,2020-05-21,1,typical,2020-05-15,2020-05-21,7,0,0.26199754260793673,images/typical/BN002/2020-05-21.png
BN002_2020-05-22,BN002,2020-05-22,1,typical,2020-05-16,2020-05-22,7,0,0.12212667515772452,images/typical/BN002/2020-05-22.png
BN002_2020-05-23,BN002,2020-05-23,1,typical,2020-05-17,2020-05-23,7,0,0.07940789312372368,images/typical/BN002/2020-05-23.png
BN002_2020-05-24,BN002,2020-05-24,1,typical,2020-05-18,2020-05-24,7,0,0.13339153930012745,images/typical/BN002/2020-05-24.png
BN002_2020-05-25,BN002,2020-05-25,1,typical,2020-05-19,2020-05-25,7,0,0.24991659900884416,images/typical/BN002/2020-05-25.png
BN002_2020-05-26,BN002,2020-05-26,1,typical,2020-05-20,2020-05-26,7,0,0.2847369201292018,images/typical/BN002/2020-05-26.png
BN002_2020-05-27,BN002,2020-05-27,1,typical,2020-05-21,2020-05-27,7,0,0.3322961676211686,images/typical/BN002/2020-05-27.png
BN002_2020-05-28,BN002,2020-05-28,1,typical,2020-05-22,2020-05-28,7,0,0.1415220070115481,images/typical/BN002/2020-05-28.png
BN002_2020-05-29,BN002,2020-05-29,1,typical,2020-05-23,2020-05-29,7,0,0.07225031036690323,images/typical/BN002/2020-05-29.png
BN002_2020-05-30,BN002,2020-05-30,1,typical,2020-05-24,2020-05-30,7,0,0.11601278665316704,images/typical/BN002/2020-05-30.png
BN002_2020-05-31,BN002,2020-05-31,1,typical,2020-05-25,2020-05-31,7,0,0.2026553901973034,images/typical/BN002/2020-05-31.png
BN002_2020-06-01,BN002,2020-06-01,1,typical,2020-05-26,2020-06-01,7,0,0.35482462016387467,images/typical/BN002/2020-06-01.png
BN002_2020-06-02,BN002,2020-06-02,1,typical,2020-05-27,2020-06-02,7,0,0.3603826316308341,images/typical/BN002/2020-06-02.png
BN002_2020-06-03,BN002,2020-06-03,1,typical,2020-05-28,2020-06-03,7,0,0.2549249921212751,images/typical/BN002/2020-06-03.png
BN002_2020-06-04,BN002,2020-06-04,1,typical,2020-05-29,2020-06-04,7,0,0.37675690255258554,images/typical/BN002/2020-06-04.png
BN002_2020-06-05,BN002,2020-06-05,1,typical,2020-05-30,2020-06-05,7,0,0.5111142565307107,images/typical/BN002/2020-06-05.png
BN002_2020-06-06,BN002,2020-06-06,1,typical,2020-05-31,2020-06-06,7,0,0.4890279137285595,images/typical/BN002/2020-06-06.png
BN002_2020-06-07,BN002,2020-06-07,1,typical,2020-06-01,2020-06-07,7,0,0.13574167899106965,images/typical/BN002/2020-06-07.png
BN002_2020-06-08,BN002,2020-06-08,1,typical,2020-06-02,2020-06-08,7,0,0.04538266967270146,images/typical/BN002/2020-06-08.png
BN002_2020-06-09,BN002,2020-06-09,1,typical,2020-06-03,2020-06-09,7,0,0.06462227367115479,images/typical/BN002/2020-06-09.png
BN002_2020-06-10,BN002,2020-06-10,1,typical,2020-06-04,2020-06-10,7,0,0.2595795845907774,images/typical/BN002/2020-06-10.png
BN002_2020-06-11,BN002,2020-06-11,1,typical,2020-06-05,2020-06-11,7,0,0.5350796253324268,images/typical/BN002/2020-06-11.png
BN002_2020-06-12,BN002,2020-06-12,1,typical,2020-06-06,2020-06-12,7,0,0.5359464190372061,images/typical/BN002/2020-06-12.png
BN002_2020-06-13,BN002,2020-06-13,1,typical,2020-06-07,2020-06-13,7,0,0.5249686197479625,images/typical/BN002/2020-06-13.png
BN002_2020-06-14,BN002,2020-06-14,1,typical,2020-06-08,2020-06-14,7,0,0.5620234726952849,images/typical/BN002/2020-06-14.png
BN002_2020-06-15,BN002,2020-06-15,1,typical,2020-06-09,2020-06-15,7,0,0.5862294569285965,images/typical/BN002/2020-06-15.png
BN002_2020-06-16,BN002,2020-06-16,1,typical,2020-06-10,2020-06-16,7,0,0.5869756550462739,images/typical/BN002/2020-06-16.png
BN002_2020-06-17,BN002,2020-06-17,1,typical,2020-06-11,2020-06-17,7,0,0.20363256658036716,images/typical/BN002/2020-06-17.png
BN002_2020-06-18,BN002,2020-06-18,1,typical,2020-06-12,2020-06-18,7,0,0.12802653581739465,images/typical/BN002/2020-06-18.png
BN002_2020-06-19,BN002,2020-06-19,1,typical,2020-06-13,2020-06-19,7,0,0.21914910896560513,images/typical/BN002/2020-06-19.png
BN002_2020-06-20,BN002,2020-06-20,1,typical,2020-06-14,2020-06-20,7,0,0.3594445495177973,images/typical/BN002/2020-06-20.png
BN002_2020-06-21,BN002,2020-06-21,1,typical,2020-06-15,2020-06-21,7,0,0.43360897879125454,images/typical/BN002/2020-06-21.png
BN002_2020-06-22,BN002,2020-06-22,1,typical,2020-06-16,2020-06-22,7,0,0.4358362921578497,images/typical/BN002/2020-06-22.png
BN002_2020-06-23,BN002,2020-06-23,1,typical,2020-06-17,2020-06-23,7,0,0.19677274226619182,images/typical/BN002/2020-06-23.png
BN002_2020-06-24,BN002,2020-06-24,1,typical,2020-06-18,2020-06-24,7,0,0.10944693694631898,images/typical/BN002/2020-06-24.png
BN002_2020-06-25,BN002,2020-06-25,1,typical,2020-06-19,2020-06-25,7,0,0.13431755615480215,images/typical/BN002/2020-06-25.png
BN002_2020-06-26,BN002,2020-06-26,1,typical,2020-06-20,2020-06-26,7,0,0.20075541228669402,images/typical/BN002/2020-06-26.png
BN002_2020-06-27,BN002,2020-06-27,1,typical,2020-06-21,2020-06-27,7,0,0.23519518716425303,images/typical/BN002/2020-06-27.png
BN002_2020-06-28,BN002,2020-06-28,1,typical,2020-06-22,2020-06-28,7,0,0.16050098698549745,images/typical/BN002/2020-06-28.png
BN002_2020-06-29,BN002,2020-06-29,1,typical,2020-06-23,2020-06-29,7,0,0.11784798637941701,images/typical/BN002/2020-06-29.png
BN002_2020-06-30,BN002,2020-06-30,1,typical,2020-06-24,2020-06-30,7,0,0.1902705155719722,images/typical/BN002/2020-06-30.png
BN024_2019-07-31,BN024,2019-07-31,1,typical,2019-07-25,2019-07-31,7,0,0.22408210647197452,images/typical/BN024/2019-07-31.png
BN024_2019-08-01,BN024,2019-08-01,1,typical,2019-07-26,2019-08-01,7,0,0.25741381034225536,images/typical/BN024/2019-08-01.png
BN024_2019-08-02,BN024,2019-08-02,1,typical,2019-07-27,2019-08-02,7,0,0.22263068374114173,images/typical/BN024/2019-08-02.png
BN024_2019-08-03,BN024,2019-08-03,1,typical,2019-07-28,2019-08-03,7,0,0.2088377911046399,images/typical/BN024/2019-08-03.png
BN024_2019-08-04,BN024,2019-08-04,1,typical,2019-07-29,2019-08-04,7,0,0.27404185267019826,images/typical/BN024/2019-08-04.png
BN024_2019-08-05,BN024,2019-08-05,1,typical,2019-07-30,2019-08-05,7,0,0.33738579234806093,images/typical/BN024/2019-08-05.png
BN024_2019-08-06,BN024,2019-08-06,1,typical,2019-07-31,2019-08-06,7,0,0.2720099614202106,images/typical/BN024/2019-08-06.png
BN024_2019-08-07,BN024,2019-08-07,1,typical,2019-08-01,2019-08-07,7,0,0.23985219930721793,images/typical/BN024/2019-08-07.png
BN024_2019-08-08,BN024,2019-08-08,1,typical,2019-08-02,2019-08-08,7,0,0.17740767331062743,images/typical/BN024/2019-08-08.png
BN024_2019-08-09,BN024,2019-08-09,1,typical,2019-08-03,2019-08-09,7,0,0.22305534140462158,images/typical/BN024/2019-08-09.png
BN024_2019-08-10,BN024,2019-08-10,1,typical,2019-08-04,2019-08-10,7,0,0.16726477452407396,images/typical/BN024/2019-08-10.png
BN024_2019-08-11,BN024,2019-08-11,1,typical,2019-08-05,2019-08-11,7,0,0.23921162730492435,images/typical/BN024/2019-08-11.png
BN024_2019-08-12,BN024,2019-08-12,1,typical,2019-08-06,2019-08-12,7,0,0.2881170245945475,images/typical/BN024/2019-08-12.png
BN024_2019-08-13,BN024,2019-08-13,1,typical,2019-08-07,2019-08-13,7,0,0.2481594392921967,images/typical/BN024/2019-08-13.png
BN024_2019-08-14,BN024,2019-08-14,1,typical,2019-08-08,2019-08-14,7,0,0.1551159989920701,images/typical/BN024/2019-08-14.png
BN024_2019-08-15,BN024,2019-08-15,1,typical,2019-08-09,2019-08-15,7,0,0.30238690275808566,images/typical/BN024/2019-08-15.png
BN024_2019-08-16,BN024,2019-08-16,1,typical,2019-08-10,2019-08-16,7,0,0.30590091068309205,images/typical/BN024/2019-08-16.png
BN024_2019-08-17,BN024,2019-08-17,1,typical,2019-08-11,2019-08-17,7,0,0.29985447319887215,images/typical/BN024/2019-08-17.png
BN024_2019-08-18,BN024,2019-08-18,1,typical,2019-08-12,2019-08-18,7,0,0.3547161740937737,images/typical/BN024/2019-08-18.png
BN024_2019-08-19,BN024,2019-08-19,1,typical,2019-08-13,2019-08-19,7,0,0.3297246815290893,images/typical/BN024/2019-08-19.png
BN024_2019-08-20,BN024,2019-08-20,1,typical,2019-08-14,2019-08-20,7,0,0.3461656746073303,images/typical/BN024/2019-08-20.png
BN024_2019-08-21,BN024,2019-08-21,1,typical,2019-08-15,2019-08-21,7,0,0.3261665820235239,images/typical/BN024/2019-08-21.png
BN024_2019-08-22,BN024,2019-08-22,1,typical,2019-08-16,2019-08-22,7,0,0.35401672166997616,images/typical/BN024/2019-08-22.png
BN024_2019-08-23,BN024,2019-08-23,1,typical,2019-08-17,2019-08-23,7,0,0.23701178413342117,images/typical/BN024/2019-08-23.png
BN024_2019-08-24,BN024,2019-08-24,1,typical,2019-08-18,2019-08-24,7,0,0.2044912376032892,images/typical/BN024/2019-08-24.png
BN024_2019-08-25,BN024,2019-08-25,1,typical,2019-08-19,2019-08-25,7,0,0.12381029503749773,images/typical/BN024/2019-08-25.png
BN024_2019-08-26,BN024,2019-08-26,1,typical,2019-08-20,2019-08-26,7,0,0.10017841184740336,images/typical/BN024/2019-08-26.png
BN024_2019-08-27,BN024,2019-08-27,1,typical,2019-08-21,2019-08-27,7,0,0.2082920152120979,images/typical/BN024/2019-08-27.png
BN024_2019-08-28,BN024,2019-08-28,1,typical,2019-08-22,2019-08-28,7,0,0.4323273084620976,images/typical/BN024/2019-08-28.png
BN024_2019-08-29,BN024,2019-08-29,1,typical,2019-08-23,2019-08-29,7,0,0.34707744603679375,images/typical/BN024/2019-08-29.png
BN024_2019-08-30,BN024,2019-08-30,1,typical,2019-08-24,2019-08-30,7,0,0.392636419326031,images/typical/BN024/2019-08-30.png
BN024_2019-08-31,BN024,2019-08-31,1,typical,2019-08-25,2019-08-31,7,0,0.33015988770208976,images/typical/BN024/2019-08-31.png
BN024_2019-09-01,BN024,2019-09-01,1,typical,2019-08-26,2019-09-01,7,0,0.6133691484333041,images/typical/BN024/2019-09-01.png
BN024_2019-09-02,BN024,2019-09-02,1,typical,2019-08-27,2019-09-02,7,0,0.6405695028816416,images/typical/BN024/2019-09-02.png
BN024_2019-09-03,BN024,2019-09-03,1,typical,2019-08-28,2019-09-03,7,0,0.639924424245893,images/typical/BN024/2019-09-03.png
BN024_2019-09-04,BN024,2019-09-04,1,typical,2019-08-29,2019-09-04,7,0,0.6396073011137242,images/typical/BN024/2019-09-04.png
BN024_2019-09-05,BN024,2019-09-05,1,typical,2019-08-30,2019-09-05,7,0,0.6393449553603284,images/typical/BN024/2019-09-05.png
BN024_2019-09-06,BN024,2019-09-06,1,typical,2019-08-31,2019-09-06,7,0,0.6390942240443285,images/typical/BN024/2019-09-06.png
BN024_2019-09-07,BN024,2019-09-07,1,typical,2019-09-01,2019-09-07,7,0,0.640690265561671,images/typical/BN024/2019-09-07.png
BN024_2019-09-08,BN024,2019-09-08,1,typical,2019-09-02,2019-09-08,7,0,0.6013807111481018,images/typical/BN024/2019-09-08.png
BN024_2019-09-09,BN024,2019-09-09,1,typical,2019-09-03,2019-09-09,7,0,0.6122471070961959,images/typical/BN024/2019-09-09.png
BN024_2019-09-10,BN024,2019-09-10,1,typical,2019-09-04,2019-09-10,7,0,0.6060050559077353,images/typical/BN024/2019-09-10.png
BN024_2019-09-11,BN024,2019-09-11,1,typical,2019-09-05,2019-09-11,7,0,0.6022098273694461,images/typical/BN024/2019-09-11.png
BN024_2019-09-12,BN024,2019-09-12,1,typical,2019-09-06,2019-09-12,7,0,0.5943363499916627,images/typical/BN024/2019-09-12.png
BN024_2019-09-13,BN024,2019-09-13,1,typical,2019-09-07,2019-09-13,7,0,0.6075261061245805,images/typical/BN024/2019-09-13.png
BN024_2019-09-14,BN024,2019-09-14,1,typical,2019-09-08,2019-09-14,7,0,0.5819839546738407,images/typical/BN024/2019-09-14.png
BN024_2019-09-15,BN024,2019-09-15,1,typical,2019-09-09,2019-09-15,7,0,0.5895747649105046,images/typical/BN024/2019-09-15.png
BN024_2019-09-16,BN024,2019-09-16,1,typical,2019-09-10,2019-09-16,7,0,0.19031370407081633,images/typical/BN024/2019-09-16.png
BN024_2019-09-17,BN024,2019-09-17,1,typical,2019-09-11,2019-09-17,7,0,0.2620681002326253,images/typical/BN024/2019-09-17.png
BN024_2019-09-18,BN024,2019-09-18,1,typical,2019-09-12,2019-09-18,7,0,0.3473573922529653,images/typical/BN024/2019-09-18.png
BN024_2019-09-19,BN024,2019-09-19,1,typical,2019-09-13,2019-09-19,7,0,0.5296595637223078,images/typical/BN024/2019-09-19.png
BN024_2019-09-20,BN024,2019-09-20,1,typical,2019-09-14,2019-09-20,7,0,0.48853780700421934,images/typical/BN024/2019-09-20.png
BN024_2019-09-21,BN024,2019-09-21,1,typical,2019-09-15,2019-09-21,7,0,0.20017270369262768,images/typical/BN024/2019-09-21.png
BN024_2019-09-22,BN024,2019-09-22,1,typical,2019-09-16,2019-09-22,7,0,0.13783568276102975,images/typical/BN024/2019-09-22.png
BN024_2019-09-23,BN024,2019-09-23,1,typical,2019-09-17,2019-09-23,7,0,0.2356377198080126,images/typical/BN024/2019-09-23.png
BN024_2019-09-24,BN024,2019-09-24,1,typical,2019-09-18,2019-09-24,7,0,0.31170677087228416,images/typical/BN024/2019-09-24.png
BN024_2019-09-25,BN024,2019-09-25,1,typical,2019-09-19,2019-09-25,7,0,0.4839297073243286,images/typical/BN024/2019-09-25.png
BN024_2019-09-26,BN024,2019-09-26,1,typical,2019-09-20,2019-09-26,7,0,0.5888075832815233,images/typical/BN024/2019-09-26.png
BN024_2019-09-27,BN024,2019-09-27,1,typical,2019-09-21,2019-09-27,7,0,0.5925066551004545,images/typical/BN024/2019-09-27.png
BN024_2019-09-28,BN024,2019-09-28,1,typical,2019-09-22,2019-09-28,7,0,0.6070596304575918,images/typical/BN024/2019-09-28.png
BN024_2019-09-29,BN024,2019-09-29,1,typical,2019-09-23,2019-09-29,7,0,0.6194235943643138,images/typical/BN024/2019-09-29.png
BN024_2019-09-30,BN024,2019-09-30,1,typical,2019-09-24,2019-09-30,7,0,0.4724816857787873,images/typical/BN024/2019-09-30.png
BN024_2019-10-01,BN024,2019-10-01,1,typical,2019-09-25,2019-10-01,7,0,0.4218374587955669,images/typical/BN024/2019-10-01.png
BN024_2019-10-02,BN024,2019-10-02,1,typical,2019-09-26,2019-10-02,7,0,0.4144031121609532,images/typical/BN024/2019-10-02.png
BN024_2019-10-03,BN024,2019-10-03,1,typical,2019-09-27,2019-10-03,7,0,0.3937561845855997,images/typical/BN024/2019-10-03.png
BN024_2019-10-04,BN024,2019-10-04,1,typical,2019-09-28,2019-10-04,7,0,0.27320063132559486,images/typical/BN024/2019-10-04.png
BN024_2019-10-05,BN024,2019-10-05,1,typical,2019-09-29,2019-10-05,7,0,0.3039008020529808,images/typical/BN024/2019-10-05.png
BN024_2019-10-06,BN024,2019-10-06,1,typical,2019-09-30,2019-10-06,7,0,0.24979612418154373,images/typical/BN024/2019-10-06.png
BN024_2019-10-07,BN024,2019-10-07,1,typical,2019-10-01,2019-10-07,7,0,0.2616703309897921,images/typical/BN024/2019-10-07.png
BN024_2019-10-08,BN024,2019-10-08,1,typical,2019-10-02,2019-10-08,7,0,0.39479898897293614,images/typical/BN024/2019-10-08.png
BN024_2019-10-09,BN024,2019-10-09,1,typical,2019-10-03,2019-10-09,7,0,0.47147592026696766,images/typical/BN024/2019-10-09.png
BN024_2019-10-10,BN024,2019-10-10,1,typical,2019-10-04,2019-10-10,7,0,0.5214497981757547,images/typical/BN024/2019-10-10.png
BN024_2019-10-11,BN024,2019-10-11,1,typical,2019-10-05,2019-10-11,7,0,0.5019318420010617,images/typical/BN024/2019-10-11.png
BN024_2019-10-12,BN024,2019-10-12,1,typical,2019-10-06,2019-10-12,7,0,0.4890979807908686,images/typical/BN024/2019-10-12.png
BN024_2019-10-13,BN024,2019-10-13,1,typical,2019-10-07,2019-10-13,7,0,0.49906849564142125,images/typical/BN024/2019-10-13.png
BN024_2019-10-14,BN024,2019-10-14,1,typical,2019-10-08,2019-10-14,7,0,0.6207450278720575,images/typical/BN024/2019-10-14.png
BN024_2019-10-15,BN024,2019-10-15,1,typical,2019-10-09,2019-10-15,7,0,0.6391292258864887,images/typical/BN024/2019-10-15.png
BN024_2019-10-16,BN024,2019-10-16,1,typical,2019-10-10,2019-10-16,7,0,0.6415335204464632,images/typical/BN024/2019-10-16.png
BN024_2019-10-17,BN024,2019-10-17,1,typical,2019-10-11,2019-10-17,7,0,0.4071304010791054,images/typical/BN024/2019-10-17.png
BN024_2019-10-18,BN024,2019-10-18,1,typical,2019-10-12,2019-10-18,7,0,0.3605680777273085,images/typical/BN024/2019-10-18.png
BN024_2019-10-19,BN024,2019-10-19,1,typical,2019-10-13,2019-10-19,7,0,0.360467712923625,images/typical/BN024/2019-10-19.png
BN024_2019-10-20,BN024,2019-10-20,1,typical,2019-10-14,2019-10-20,7,0,0.3836764178642297,images/typical/BN024/2019-10-20.png
BN024_2019-10-21,BN024,2019-10-21,1,typical,2019-10-15,2019-10-21,7,0,0.39859015124015473,images/typical/BN024/2019-10-21.png
BN024_2019-10-22,BN024,2019-10-22,1,typical,2019-10-16,2019-10-22,7,0,0.40781315076887453,images/typical/BN024/2019-10-22.png
BN024_2019-10-23,BN024,2019-10-23,1,typical,2019-10-17,2019-10-23,7,0,0.5614544925789786,images/typical/BN024/2019-10-23.png
BN024_2019-10-24,BN024,2019-10-24,1,typical,2019-10-18,2019-10-24,7,0,0.3737981192737654,images/typical/BN024/2019-10-24.png
BN024_2019-10-25,BN024,2019-10-25,1,typical,2019-10-19,2019-10-25,7,0,0.4388987682069726,images/typical/BN024/2019-10-25.png
BN024_2019-10-26,BN024,2019-10-26,1,typical,2019-10-20,2019-10-26,7,0,0.4569177550791208,images/typical/BN024/2019-10-26.png
BN024_2019-10-27,BN024,2019-10-27,1,typical,2019-10-21,2019-10-27,7,0,0.5848007518034037,images/typical/BN024/2019-10-27.png
BN024_2019-10-28,BN024,2019-10-28,1,typical,2019-10-22,2019-10-28,7,0,0.5958928787523989,images/typical/BN024/2019-10-28.png
BN024_2019-10-29,BN024,2019-10-29,1,typical,2019-10-23,2019-10-29,7,0,0.5995947686884348,images/typical/BN024/2019-10-29.png
BN024_2019-10-30,BN024,2019-10-30,1,typical,2019-10-24,2019-10-30,7,0,0.5423455633218811,images/typical/BN024/2019-10-30.png
BN024_2019-10-31,BN024,2019-10-31,1,typical,2019-10-25,2019-10-31,7,0,0.6483342436590581,images/typical/BN024/2019-10-31.png
BN024_2019-11-01,BN024,2019-11-01,1,typical,2019-10-26,2019-11-01,7,0,0.6360091068816951,images/typical/BN024/2019-11-01.png
BN024_2019-11-02,BN024,2019-11-02,1,typical,2019-10-27,2019-11-02,7,0,0.6216100782190667,images/typical/BN024/2019-11-02.png
BN024_2019-11-03,BN024,2019-11-03,1,typical,2019-10-28,2019-11-03,7,0,0.6207314285530025,images/typical/BN024/2019-11-03.png
BN024_2019-11-04,BN024,2019-11-04,1,typical,2019-10-29,2019-11-04,7,0,0.6289290480317186,images/typical/BN024/2019-11-04.png
BN024_2019-11-05,BN024,2019-11-05,1,typical,2019-10-30,2019-11-05,7,0,0.6358386448194908,images/typical/BN024/2019-11-05.png
BN024_2019-11-06,BN024,2019-11-06,1,typical,2019-10-31,2019-11-06,7,0,0.6118032465573746,images/typical/BN024/2019-11-06.png
BN024_2019-11-07,BN024,2019-11-07,1,typical,2019-11-01,2019-11-07,7,0,0.5868256181000641,images/typical/BN024/2019-11-07.png
BN024_2019-11-08,BN024,2019-11-08,1,typical,2019-11-02,2019-11-08,7,0,0.45994564279702405,images/typical/BN024/2019-11-08.png
BN024_2019-11-09,BN024,2019-11-09,1,typical,2019-11-03,2019-11-09,7,0,0.32263268203170536,images/typical/BN024/2019-11-09.png
BN024_2019-11-10,BN024,2019-11-10,1,typical,2019-11-04,2019-11-10,7,0,0.27042964649780804,images/typical/BN024/2019-11-10.png
BN024_2019-11-11,BN024,2019-11-11,1,typical,2019-11-05,2019-11-11,7,0,0.44995162207636213,images/typical/BN024/2019-11-11.png
BN024_2019-11-12,BN024,2019-11-12,1,typical,2019-11-06,2019-11-12,7,0,0.5806911375628027,images/typical/BN024/2019-11-12.png
BN024_2019-11-13,BN024,2019-11-13,1,typical,2019-11-07,2019-11-13,7,0,0.6584632570071304,images/typical/BN024/2019-11-13.png
BN024_2019-11-14,BN024,2019-11-14,1,typical,2019-11-08,2019-11-14,7,0,0.6157508671332674,images/typical/BN024/2019-11-14.png
BN024_2019-11-15,BN024,2019-11-15,1,typical,2019-11-09,2019-11-15,7,0,0.6284089381038859,images/typical/BN024/2019-11-15.png
BN024_2019-11-16,BN024,2019-11-16,1,typical,2019-11-10,2019-11-16,7,0,0.6914616647556813,images/typical/BN024/2019-11-16.png
BN024_2019-11-17,BN024,2019-11-17,1,typical,2019-11-11,2019-11-17,7,0,0.6925083715655902,images/typical/BN024/2019-11-17.png
BN024_2019-11-18,BN024,2019-11-18,1,typical,2019-11-12,2019-11-18,7,0,0.6557403606070411,images/typical/BN024/2019-11-18.png
BN024_2019-11-19,BN024,2019-11-19,1,typical,2019-11-13,2019-11-19,7,0,0.6321495265581878,images/typical/BN024/2019-11-19.png
BN024_2019-11-20,BN024,2019-11-20,1,typical,2019-11-14,2019-11-20,7,0,0.4257109909744847,images/typical/BN024/2019-11-20.png
BN024_2019-11-21,BN024,2019-11-21,1,typical,2019-11-15,2019-11-21,7,0,0.314539656719179,images/typical/BN024/2019-11-21.png
BN024_2019-11-22,BN024,2019-11-22,1,typical,2019-11-16,2019-11-22,7,0,0.3155461235004044,images/typical/BN024/2019-11-22.png
BN024_2019-11-23,BN024,2019-11-23,1,typical,2019-11-17,2019-11-23,7,0,0.39304407196625457,images/typical/BN024/2019-11-23.png
BN024_2019-11-24,BN024,2019-11-24,1,typical,2019-11-18,2019-11-24,7,0,0.4104972215066266,images/typical/BN024/2019-11-24.png
BN024_2019-11-25,BN024,2019-11-25,1,typical,2019-11-19,2019-11-25,7,0,0.36655454542273913,images/typical/BN024/2019-11-25.png
BN024_2019-11-26,BN024,2019-11-26,1,typical,2019-11-20,2019-11-26,7,0,0.43238288673804015,images/typical/BN024/2019-11-26.png
BN024_2019-11-27,BN024,2019-11-27,1,typical,2019-11-21,2019-11-27,7,0,0.6100498376480055,images/typical/BN024/2019-11-27.png
BN024_2019-11-28,BN024,2019-11-28,1,typical,2019-11-22,2019-11-28,7,0,0.5699429484448768,images/typical/BN024/2019-11-28.png
BN024_2019-11-29,BN024,2019-11-29,0,low activity,2019-11-23,2019-11-29,7,0,0.6105205441941058,images/low_activity/BN024/2019-11-29.png
BN024_2019-11-30,BN024,2019-11-30,1,typical,2019-11-24,2019-11-30,7,0,0.5691590546359685,images/typical/BN024/2019-11-30.png
BN024_2019-12-01,BN024,2019-12-01,1,typical,2019-11-25,2019-12-01,7,0,0.5892996150558536,images/typical/BN024/2019-12-01.png
BN024_2019-12-02,BN024,2019-12-02,1,typical,2019-11-26,2019-12-02,7,0,0.581198394965902,images/typical/BN024/2019-12-02.png
BN024_2019-12-03,BN024,2019-12-03,1,typical,2019-11-27,2019-12-03,7,0,0.5859168664538894,images/typical/BN024/2019-12-03.png
BN024_2019-12-04,BN024,2019-12-04,1,typical,2019-11-28,2019-12-04,7,0,0.6122193144962196,images/typical/BN024/2019-12-04.png
BN024_2019-12-05,BN024,2019-12-05,1,typical,2019-11-29,2019-12-05,7,0,0.6188273934079309,images/typical/BN024/2019-12-05.png
BN024_2019-12-06,BN024,2019-12-06,1,typical,2019-11-30,2019-12-06,7,0,0.4282438021476871,images/typical/BN024/2019-12-06.png
BN024_2019-12-07,BN024,2019-12-07,1,typical,2019-12-01,2019-12-07,7,0,0.5780566674485611,images/typical/BN024/2019-12-07.png
BN024_2019-12-08,BN024,2019-12-08,1,typical,2019-12-02,2019-12-08,7,0,0.3413973956623838,images/typical/BN024/2019-12-08.png
BN024_2019-12-09,BN024,2019-12-09,1,typical,2019-12-03,2019-12-09,7,0,0.342727156029933,images/typical/BN024/2019-12-09.png
BN024_2019-12-10,BN024,2019-12-10,0,low activity,2019-12-04,2019-12-10,7,0,0.6168219965045427,images/low_activity/BN024/2019-12-10.png
BN024_2019-12-11,BN024,2019-12-11,0,low activity,2019-12-05,2019-12-11,7,0,0.20890570724113677,images/low_activity/BN024/2019-12-11.png
BN024_2019-12-12,BN024,2019-12-12,0,low activity,2019-12-06,2019-12-12,7,0,0.047076182733585124,images/low_activity/BN024/2019-12-12.png
BN024_2019-12-13,BN024,2019-12-13,0,low activity,2019-12-07,2019-12-13,7,0,0.029805235586702603,images/low_activity/BN024/2019-12-13.png
BN024_2019-12-14,BN024,2019-12-14,0,low activity,2019-12-08,2019-12-14,7,0,0.1339976405719895,images/low_activity/BN024/2019-12-14.png
BN024_2019-12-15,BN024,2019-12-15,0,low activity,2019-12-09,2019-12-15,7,0,0.5504152686626578,images/low_activity/BN024/2019-12-15.png
BN024_2019-12-16,BN024,2019-12-16,0,low activity,2019-12-10,2019-12-16,7,0,0.5336301844275604,images/low_activity/BN024/2019-12-16.png
BN024_2019-12-17,BN024,2019-12-17,0,low activity,2019-12-11,2019-12-17,7,0,0.20186279210811728,images/low_activity/BN024/2019-12-17.png
BN024_2019-12-18,BN024,2019-12-18,0,low activity,2019-12-12,2019-12-18,7,0,0.40102970761479106,images/low_activity/BN024/2019-12-18.png
BN024_2019-12-19,BN024,2019-12-19,1,typical,2019-12-13,2019-12-19,7,0,0.33845277117228745,images/typical/BN024/2019-12-19.png
BN024_2019-12-20,BN024,2019-12-20,1,typical,2019-12-14,2019-12-20,7,0,0.12868135827100113,images/typical/BN024/2019-12-20.png
BN024_2019-12-21,BN024,2019-12-21,1,typical,2019-12-15,2019-12-21,7,0,0.06758275642810577,images/typical/BN024/2019-12-21.png
BN024_2019-12-22,BN024,2019-12-22,1,typical,2019-12-16,2019-12-22,7,0,0.10555912526577979,images/typical/BN024/2019-12-22.png
BN024_2019-12-23,BN024,2019-12-23,0,low activity,2019-12-17,2019-12-23,7,0,0.38880098590499895,images/low_activity/BN024/2019-12-23.png
BN024_2019-12-24,BN024,2019-12-24,0,low activity,2019-12-18,2019-12-24,7,0,0.3646587622153019,images/low_activity/BN024/2019-12-24.png
BN024_2019-12-25,BN024,2019-12-25,0,low activity,2019-12-19,2019-12-25,7,0,0.2043415334172732,images/low_activity/BN024/2019-12-25.png
BN024_2019-12-26,BN024,2019-12-26,0,low activity,2019-12-20,2019-12-26,7,0,0.1538010466284971,images/low_activity/BN024/2019-12-26.png
BN024_2019-12-27,BN024,2019-12-27,0,low activity,2019-12-21,2019-12-27,7,0,0.21269754655085207,images/low_activity/BN024/2019-12-27.png
BN024_2019-12-28,BN024,2019-12-28,0,low activity,2019-12-22,2019-12-28,7,0,0.4061645684609584,images/low_activity/BN024/2019-12-28.png
BN024_2019-12-29,BN024,2019-12-29,0,low activity,2019-12-23,2019-12-29,7,0,0.5215084899402415,images/low_activity/BN024/2019-12-29.png
BN024_2019-12-30,BN024,2019-12-30,0,low activity,2019-12-24,2019-12-30,7,0,0.2302864441127071,images/low_activity/BN024/2019-12-30.png
BN024_2019-12-31,BN024,2019-12-31,0,low activity,2019-12-25,2019-12-31,7,0,0.2638451717635924,images/low_activity/BN024/2019-12-31.png
BN024_2020-01-01,BN024,2020-01-01,0,low activity,2019-12-26,2020-01-01,7,0,0.30023027310325723,images/low_activity/BN024/2020-01-01.png
BN024_2020-01-02,BN024,2020-01-02,0,low activity,2019-12-27,2020-01-02,7,0,0.3130900794980451,images/low_activity/BN024/2020-01-02.png
BN024_2020-01-03,BN024,2020-01-03,0,low activity,2019-12-28,2020-01-03,7,0,0.2968472623667216,images/low_activity/BN024/2020-01-03.png
BN024_2020-01-04,BN024,2020-01-04,0,low activity,2019-12-29,2020-01-04,7,0,0.262401949046311,images/low_activity/BN024/2020-01-04.png
BN024_2020-01-05,BN024,2020-01-05,0,low activity,2019-12-30,2020-01-05,7,0,0.40537581747480383,images/low_activity/BN024/2020-01-05.png
BN024_2020-01-06,BN024,2020-01-06,0,low activity,2019-12-31,2020-01-06,7,0,0.27339632672634345,images/low_activity/BN024/2020-01-06.png
BN024_2020-01-07,BN024,2020-01-07,0,low activity,2020-01-01,2020-01-07,7,0,0.18890246494613147,images/low_activity/BN024/2020-01-07.png
BN024_2020-01-08,BN024,2020-01-08,0,low activity,2020-01-02,2020-01-08,7,0,0.23683908080722138,images/low_activity/BN024/2020-01-08.png
BN024_2020-01-09,BN024,2020-01-09,0,low activity,2020-01-03,2020-01-09,7,0,0.3713755808598083,images/low_activity/BN024/2020-01-09.png
BN024_2020-01-10,BN024,2020-01-10,0,low activity,2020-01-04,2020-01-10,7,0,0.43131054577593314,images/low_activity/BN024/2020-01-10.png
BN024_2020-01-11,BN024,2020-01-11,0,low activity,2020-01-05,2020-01-11,7,0,0.29946905606845575,images/low_activity/BN024/2020-01-11.png
BN024_2020-01-12,BN024,2020-01-12,0,low activity,2020-01-06,2020-01-12,7,0,0.2257874118468076,images/low_activity/BN024/2020-01-12.png
BN024_2020-01-13,BN024,2020-01-13,0,low activity,2020-01-07,2020-01-13,7,0,0.2905120123860213,images/low_activity/BN024/2020-01-13.png
BN024_2020-01-14,BN024,2020-01-14,0,low activity,2020-01-08,2020-01-14,7,0,0.3101998243981698,images/low_activity/BN024/2020-01-14.png
BN024_2020-01-15,BN024,2020-01-15,0,low activity,2020-01-09,2020-01-15,7,0,0.33436661292125847,images/low_activity/BN024/2020-01-15.png
BN024_2020-01-16,BN024,2020-01-16,0,low activity,2020-01-10,2020-01-16,7,0,0.2043395808998091,images/low_activity/BN024/2020-01-16.png
BN024_2020-01-17,BN024,2020-01-17,0,low activity,2020-01-11,2020-01-17,7,0,0.1567152751319857,images/low_activity/BN024/2020-01-17.png
BN024_2020-01-18,BN024,2020-01-18,0,low activity,2020-01-12,2020-01-18,7,0,0.25527309763433526,images/low_activity/BN024/2020-01-18.png
BN024_2020-01-19,BN024,2020-01-19,0,low activity,2020-01-13,2020-01-19,7,0,0.3860598259863254,images/low_activity/BN024/2020-01-19.png
BN024_2020-01-20,BN024,2020-01-20,0,low activity,2020-01-14,2020-01-20,7,0,0.3877474818335604,images/low_activity/BN024/2020-01-20.png
BN024_2020-01-21,BN024,2020-01-21,0,low activity,2020-01-15,2020-01-21,7,0,0.4871194300213295,images/low_activity/BN024/2020-01-21.png
BN024_2020-01-22,BN024,2020-01-22,0,low activity,2020-01-16,2020-01-22,7,0,0.4303491664830703,images/low_activity/BN024/2020-01-22.png
BN024_2020-01-23,BN024,2020-01-23,0,low activity,2020-01-17,2020-01-23,7,0,0.4327090745218356,images/low_activity/BN024/2020-01-23.png
BN024_2020-01-24,BN024,2020-01-24,0,low activity,2020-01-18,2020-01-24,7,0,0.4355191336176248,images/low_activity/BN024/2020-01-24.png
BN024_2020-01-25,BN024,2020-01-25,0,low activity,2020-01-19,2020-01-25,7,0,0.450436314150732,images/low_activity/BN024/2020-01-25.png
BN024_2020-01-26,BN024,2020-01-26,0,low activity,2020-01-20,2020-01-26,7,0,0.47633573679635954,images/low_activity/BN024/2020-01-26.png
BN024_2020-01-27,BN024,2020-01-27,0,low activity,2020-01-21,2020-01-27,7,0,0.4459939828566702,images/low_activity/BN024/2020-01-27.png
BN024_2020-01-28,BN024,2020-01-28,0,low activity,2020-01-22,2020-01-28,7,0,0.4940917030201897,images/low_activity/BN024/2020-01-28.png
BN024_2020-01-29,BN024,2020-01-29,0,low activity,2020-01-23,2020-01-29,7,0,0.4955749993345749,images/low_activity/BN024/2020-01-29.png
BN024_2020-01-30,BN024,2020-01-30,0,low activity,2020-01-24,2020-01-30,7,0,0.4811285713336305,images/low_activity/BN024/2020-01-30.png
BN024_2020-01-31,BN024,2020-01-31,0,low activity,2020-01-25,2020-01-31,7,0,0.4628088100156805,images/low_activity/BN024/2020-01-31.png
BN024_2020-02-01,BN024,2020-02-01,0,low activity,2020-01-26,2020-02-01,7,0,0.45529886170326206,images/low_activity/BN024/2020-02-01.png
BN024_2020-02-02,BN024,2020-02-02,0,low activity,2020-01-27,2020-02-02,7,0,0.3631191438185151,images/low_activity/BN024/2020-02-02.png
BN024_2020-02-03,BN024,2020-02-03,0,low activity,2020-01-28,2020-02-03,7,0,0.5169516913085096,images/low_activity/BN024/2020-02-03.png
BN024_2020-02-04,BN024,2020-02-04,0,low activity,2020-01-29,2020-02-04,7,0,0.5268467101946073,images/low_activity/BN024/2020-02-04.png
BN024_2020-02-05,BN024,2020-02-05,0,low activity,2020-01-30,2020-02-05,7,0,0.21311170412022876,images/low_activity/BN024/2020-02-05.png
BN024_2020-02-06,BN024,2020-02-06,0,low activity,2020-01-31,2020-02-06,7,0,0.10199205821421127,images/low_activity/BN024/2020-02-06.png
BN024_2020-02-07,BN024,2020-02-07,0,low activity,2020-02-01,2020-02-07,7,0,0.11113793931538694,images/low_activity/BN024/2020-02-07.png
BN024_2020-02-08,BN024,2020-02-08,0,low activity,2020-02-02,2020-02-08,7,0,0.15725799392246823,images/low_activity/BN024/2020-02-08.png
BN024_2020-02-09,BN024,2020-02-09,0,low activity,2020-02-03,2020-02-09,7,0,0.19523228241039145,images/low_activity/BN024/2020-02-09.png
BN024_2020-02-10,BN024,2020-02-10,0,low activity,2020-02-04,2020-02-10,7,0,0.509446235320398,images/low_activity/BN024/2020-02-10.png
BN024_2020-02-11,BN024,2020-02-11,1,typical,2020-02-05,2020-02-11,7,0,0.33536625200556525,images/typical/BN024/2020-02-11.png
BN024_2020-02-12,BN024,2020-02-12,1,typical,2020-02-06,2020-02-12,7,0,0.16477706566701275,images/typical/BN024/2020-02-12.png
BN024_2020-02-13,BN024,2020-02-13,1,typical,2020-02-07,2020-02-13,7,0,0.09725097649134473,images/typical/BN024/2020-02-13.png
BN024_2020-02-14,BN024,2020-02-14,1,typical,2020-02-08,2020-02-14,7,0,0.15281785314147314,images/typical/BN024/2020-02-14.png
BN024_2020-02-15,BN024,2020-02-15,1,typical,2020-02-09,2020-02-15,7,0,0.43797526515225293,images/typical/BN024/2020-02-15.png
BN024_2020-02-16,BN024,2020-02-16,1,typical,2020-02-10,2020-02-16,7,0,0.5782706327384503,images/typical/BN024/2020-02-16.png
BN024_2020-02-17,BN024,2020-02-17,1,typical,2020-02-11,2020-02-17,7,0,0.17839693589933342,images/typical/BN024/2020-02-17.png
BN024_2020-02-18,BN024,2020-02-18,1,typical,2020-02-12,2020-02-18,7,0,0.16736118488169952,images/typical/BN024/2020-02-18.png
BN024_2020-02-19,BN024,2020-02-19,1,typical,2020-02-13,2020-02-19,7,0,0.45238930014837053,images/typical/BN024/2020-02-19.png
BN024_2020-02-20,BN024,2020-02-20,1,typical,2020-02-14,2020-02-20,7,0,0.6467566814431615,images/typical/BN024/2020-02-20.png
BN024_2020-02-21,BN024,2020-02-21,1,typical,2020-02-15,2020-02-21,7,0,0.6763114556054571,images/typical/BN024/2020-02-21.png
BN024_2020-02-22,BN024,2020-02-22,1,typical,2020-02-16,2020-02-22,7,0,0.5420218595855593,images/typical/BN024/2020-02-22.png
BN024_2020-02-23,BN024,2020-02-23,1,typical,2020-02-17,2020-02-23,7,0,0.40763873814735024,images/typical/BN024/2020-02-23.png
BN024_2020-02-24,BN024,2020-02-24,1,typical,2020-02-18,2020-02-24,7,0,0.45986170938816273,images/typical/BN024/2020-02-24.png
BN024_2020-02-25,BN024,2020-02-25,1,typical,2020-02-19,2020-02-25,7,0,0.37089728628056545,images/typical/BN024/2020-02-25.png
BN024_2020-02-26,BN024,2020-02-26,1,typical,2020-02-20,2020-02-26,7,0,0.3685826434724584,images/typical/BN024/2020-02-26.png
BN024_2020-02-27,BN024,2020-02-27,1,typical,2020-02-21,2020-02-27,7,0,0.5211307964504013,images/typical/BN024/2020-02-27.png
BN024_2020-02-28,BN024,2020-02-28,1,typical,2020-02-22,2020-02-28,7,0,0.5236856925753436,images/typical/BN024/2020-02-28.png
BN024_2020-02-29,BN024,2020-02-29,1,typical,2020-02-23,2020-02-29,7,0,0.5803754138815003,images/typical/BN024/2020-02-29.png
BN024_2020-03-01,BN024,2020-03-01,1,typical,2020-02-24,2020-03-01,7,0,0.5719833702007151,images/typical/BN024/2020-03-01.png
BN024_2020-03-02,BN024,2020-03-02,1,typical,2020-02-25,2020-03-02,7,0,0.589634866085184,images/typical/BN024/2020-03-02.png
BN024_2020-03-03,BN024,2020-03-03,1,typical,2020-02-26,2020-03-03,7,0,0.6279366694123613,images/typical/BN024/2020-03-03.png
BN024_2020-03-04,BN024,2020-03-04,1,typical,2020-02-27,2020-03-04,7,0,0.636734782036143,images/typical/BN024/2020-03-04.png
BN024_2020-03-05,BN024,2020-03-05,1,typical,2020-02-28,2020-03-05,7,0,0.4640470938519944,images/typical/BN024/2020-03-05.png
BN024_2020-03-06,BN024,2020-03-06,1,typical,2020-02-29,2020-03-06,7,0,0.5082867324347671,images/typical/BN024/2020-03-06.png
BN024_2020-03-07,BN024,2020-03-07,1,typical,2020-03-01,2020-03-07,7,0,0.6322231881083594,images/typical/BN024/2020-03-07.png
BN024_2020-03-08,BN024,2020-03-08,1,typical,2020-03-02,2020-03-08,7,0,0.42436819851206425,images/typical/BN024/2020-03-08.png
BN024_2020-03-09,BN024,2020-03-09,1,typical,2020-03-03,2020-03-09,7,0,0.37454225868590624,images/typical/BN024/2020-03-09.png
BN024_2020-03-10,BN024,2020-03-10,1,typical,2020-03-04,2020-03-10,7,0,0.3300386395020594,images/typical/BN024/2020-03-10.png
BN024_2020-03-11,BN024,2020-03-11,1,typical,2020-03-05,2020-03-11,7,0,0.46962101355165276,images/typical/BN024/2020-03-11.png
BN024_2020-03-12,BN024,2020-03-12,1,typical,2020-03-06,2020-03-12,7,0,0.6303599180460089,images/typical/BN024/2020-03-12.png
BN024_2020-03-13,BN024,2020-03-13,1,typical,2020-03-07,2020-03-13,7,0,0.5230967299841309,images/typical/BN024/2020-03-13.png
BN024_2020-03-14,BN024,2020-03-14,1,typical,2020-03-08,2020-03-14,7,0,0.48100058645295113,images/typical/BN024/2020-03-14.png
BN024_2020-03-15,BN024,2020-03-15,1,typical,2020-03-09,2020-03-15,7,0,0.5658975971874526,images/typical/BN024/2020-03-15.png
BN024_2020-03-16,BN024,2020-03-16,1,typical,2020-03-10,2020-03-16,7,0,0.6391990447963666,images/typical/BN024/2020-03-16.png
BN024_2020-03-17,BN024,2020-03-17,1,typical,2020-03-11,2020-03-17,7,0,0.6025998797413878,images/typical/BN024/2020-03-17.png
BN024_2020-03-18,BN024,2020-03-18,1,typical,2020-03-12,2020-03-18,7,0,0.5488611039003812,images/typical/BN024/2020-03-18.png
BN024_2020-03-19,BN024,2020-03-19,1,typical,2020-03-13,2020-03-19,7,0,0.4455768434412764,images/typical/BN024/2020-03-19.png
BN024_2020-03-20,BN024,2020-03-20,1,typical,2020-03-14,2020-03-20,7,0,0.39718987525607496,images/typical/BN024/2020-03-20.png
BN024_2020-03-21,BN024,2020-03-21,1,typical,2020-03-15,2020-03-21,7,0,0.3826918018496989,images/typical/BN024/2020-03-21.png
BN024_2020-03-22,BN024,2020-03-22,1,typical,2020-03-16,2020-03-22,7,0,0.38770116370462654,images/typical/BN024/2020-03-22.png
BN024_2020-03-23,BN024,2020-03-23,1,typical,2020-03-17,2020-03-23,7,0,0.30019182012689705,images/typical/BN024/2020-03-23.png
BN024_2020-03-24,BN024,2020-03-24,1,typical,2020-03-18,2020-03-24,7,0,0.2821183967752418,images/typical/BN024/2020-03-24.png
BN024_2020-03-25,BN024,2020-03-25,1,typical,2020-03-19,2020-03-25,7,0,0.20478103230478029,images/typical/BN024/2020-03-25.png
BN024_2020-03-26,BN024,2020-03-26,1,typical,2020-03-20,2020-03-26,7,0,0.3410232078679609,images/typical/BN024/2020-03-26.png
BN024_2020-03-27,BN024,2020-03-27,1,typical,2020-03-21,2020-03-27,7,0,0.4174283160831934,images/typical/BN024/2020-03-27.png
BN024_2020-03-28,BN024,2020-03-28,1,typical,2020-03-22,2020-03-28,7,0,0.661191470784216,images/typical/BN024/2020-03-28.png
BN024_2020-03-29,BN024,2020-03-29,1,typical,2020-03-23,2020-03-29,7,0,0.7250740574846741,images/typical/BN024/2020-03-29.png
BN024_2020-03-30,BN024,2020-03-30,1,typical,2020-03-24,2020-03-30,7,0,0.7070689633570261,images/typical/BN024/2020-03-30.png
BN024_2020-03-31,BN024,2020-03-31,1,typical,2020-03-25,2020-03-31,7,0,0.680016237007813,images/typical/BN024/2020-03-31.png
BN024_2020-04-01,BN024,2020-04-01,1,typical,2020-03-26,2020-04-01,7,0,0.6767884848448421,images/typical/BN024/2020-04-01.png
BN024_2020-04-02,BN024,2020-04-02,1,typical,2020-03-27,2020-04-02,7,0,0.6808812091317686,images/typical/BN024/2020-04-02.png
BN024_2020-04-03,BN024,2020-04-03,1,typical,2020-03-28,2020-04-03,7,0,0.6648043092718314,images/typical/BN024/2020-04-03.png
BN024_2020-04-04,BN024,2020-04-04,1,typical,2020-03-29,2020-04-04,7,0,0.5277720881529038,images/typical/BN024/2020-04-04.png
BN024_2020-04-05,BN024,2020-04-05,1,typical,2020-03-30,2020-04-05,7,0,0.5076541843015421,images/typical/BN024/2020-04-05.png
BN024_2020-04-06,BN024,2020-04-06,1,typical,2020-03-31,2020-04-06,7,0,0.6788013305212887,images/typical/BN024/2020-04-06.png
BN024_2020-04-07,BN024,2020-04-07,1,typical,2020-04-01,2020-04-07,7,0,0.6859612086018765,images/typical/BN024/2020-04-07.png
BN024_2020-04-08,BN024,2020-04-08,1,typical,2020-04-02,2020-04-08,7,0,0.5025483785252515,images/typical/BN024/2020-04-08.png
BN024_2020-04-09,BN024,2020-04-09,1,typical,2020-04-03,2020-04-09,7,0,0.5716894424302754,images/typical/BN024/2020-04-09.png
BN024_2020-04-10,BN024,2020-04-10,1,typical,2020-04-04,2020-04-10,7,0,0.5123488930786381,images/typical/BN024/2020-04-10.png
BN024_2020-04-11,BN024,2020-04-11,1,typical,2020-04-05,2020-04-11,7,0,0.5016726568778654,images/typical/BN024/2020-04-11.png
BN024_2020-04-12,BN024,2020-04-12,1,typical,2020-04-06,2020-04-12,7,0,0.5968033865462012,images/typical/BN024/2020-04-12.png
BN024_2020-04-13,BN024,2020-04-13,1,typical,2020-04-07,2020-04-13,7,0,0.6202797943790399,images/typical/BN024/2020-04-13.png
BN024_2020-04-14,BN024,2020-04-14,1,typical,2020-04-08,2020-04-14,7,0,0.6476606794999425,images/typical/BN024/2020-04-14.png
BN024_2020-04-15,BN024,2020-04-15,1,typical,2020-04-09,2020-04-15,7,0,0.44340559820098874,images/typical/BN024/2020-04-15.png
BN024_2020-04-16,BN024,2020-04-16,1,typical,2020-04-10,2020-04-16,7,0,0.2804880673024954,images/typical/BN024/2020-04-16.png
BN024_2020-04-17,BN024,2020-04-17,1,typical,2020-04-11,2020-04-17,7,0,0.31549318301247975,images/typical/BN024/2020-04-17.png
BN024_2020-04-18,BN024,2020-04-18,1,typical,2020-04-12,2020-04-18,7,0,0.31638012942421845,images/typical/BN024/2020-04-18.png
BN024_2020-04-19,BN024,2020-04-19,1,typical,2020-04-13,2020-04-19,7,0,0.33740185360697195,images/typical/BN024/2020-04-19.png
BN024_2020-04-20,BN024,2020-04-20,1,typical,2020-04-14,2020-04-20,7,0,0.44204732922653167,images/typical/BN024/2020-04-20.png
BN024_2020-04-21,BN024,2020-04-21,1,typical,2020-04-15,2020-04-21,7,0,0.3586483998289157,images/typical/BN024/2020-04-21.png
BN024_2020-04-22,BN024,2020-04-22,1,typical,2020-04-16,2020-04-22,7,0,0.4670789450722882,images/typical/BN024/2020-04-22.png
BN024_2020-04-23,BN024,2020-04-23,1,typical,2020-04-17,2020-04-23,7,0,0.6025077012292894,images/typical/BN024/2020-04-23.png
BN024_2020-04-24,BN024,2020-04-24,1,typical,2020-04-18,2020-04-24,7,0,0.23455408119104457,images/typical/BN024/2020-04-24.png
BN024_2020-04-25,BN024,2020-04-25,1,typical,2020-04-19,2020-04-25,7,0,0.12653313214676984,images/typical/BN024/2020-04-25.png
BN024_2020-04-26,BN024,2020-04-26,1,typical,2020-04-20,2020-04-26,7,0,0.1016231217428695,images/typical/BN024/2020-04-26.png
BN024_2020-04-27,BN024,2020-04-27,1,typical,2020-04-21,2020-04-27,7,0,0.19804937694884311,images/typical/BN024/2020-04-27.png
BN024_2020-04-28,BN024,2020-04-28,1,typical,2020-04-22,2020-04-28,7,0,0.45541685797685966,images/typical/BN024/2020-04-28.png
BN024_2020-04-29,BN024,2020-04-29,1,typical,2020-04-23,2020-04-29,7,0,0.3739300416975173,images/typical/BN024/2020-04-29.png
BN024_2020-04-30,BN024,2020-04-30,1,typical,2020-04-24,2020-04-30,7,0,0.3944995336959661,images/typical/BN024/2020-04-30.png
BN024_2020-05-01,BN024,2020-05-01,1,typical,2020-04-25,2020-05-01,7,0,0.5314824192128218,images/typical/BN024/2020-05-01.png
BN024_2020-05-02,BN024,2020-05-02,1,typical,2020-04-26,2020-05-02,7,0,0.5869606602278551,images/typical/BN024/2020-05-02.png
BN024_2020-05-03,BN024,2020-05-03,0,low activity,2020-04-27,2020-05-03,7,0,0.2297141927459523,images/low_activity/BN024/2020-05-03.png
BN024_2020-05-04,BN024,2020-05-04,1,typical,2020-04-28,2020-05-04,7,0,0.11179812365785205,images/typical/BN024/2020-05-04.png
BN024_2020-05-05,BN024,2020-05-05,1,typical,2020-04-29,2020-05-05,7,0,0.153233567398932,images/typical/BN024/2020-05-05.png
BN024_2020-05-06,BN024,2020-05-06,1,typical,2020-04-30,2020-05-06,7,0,0.34275254397834987,images/typical/BN024/2020-05-06.png
BN024_2020-05-07,BN024,2020-05-07,1,typical,2020-05-01,2020-05-07,7,0,0.47231242400443324,images/typical/BN024/2020-05-07.png
BN024_2020-05-08,BN024,2020-05-08,1,typical,2020-05-02,2020-05-08,7,0,0.2406913578742881,images/typical/BN024/2020-05-08.png
BN024_2020-05-09,BN024,2020-05-09,1,typical,2020-05-03,2020-05-09,7,0,0.26622339730829886,images/typical/BN024/2020-05-09.png
BN024_2020-05-10,BN024,2020-05-10,1,typical,2020-05-04,2020-05-10,7,0,0.31346503165110057,images/typical/BN024/2020-05-10.png
BN024_2020-05-11,BN024,2020-05-11,1,typical,2020-05-05,2020-05-11,7,0,0.2711670567277163,images/typical/BN024/2020-05-11.png
BN024_2020-05-12,BN024,2020-05-12,0,low activity,2020-05-06,2020-05-12,7,0,0.35074611296327224,images/low_activity/BN024/2020-05-12.png
BN024_2020-05-13,BN024,2020-05-13,0,low activity,2020-05-07,2020-05-13,7,0,0.360886996412002,images/low_activity/BN024/2020-05-13.png
BN024_2020-05-14,BN024,2020-05-14,0,low activity,2020-05-08,2020-05-14,7,0,0.15022343757416748,images/low_activity/BN024/2020-05-14.png
BN024_2020-05-15,BN024,2020-05-15,0,low activity,2020-05-09,2020-05-15,7,0,0.15667056942145344,images/low_activity/BN024/2020-05-15.png
BN024_2020-05-16,BN024,2020-05-16,0,low activity,2020-05-10,2020-05-16,7,0,0.19937533369189372,images/low_activity/BN024/2020-05-16.png
BN024_2020-05-17,BN024,2020-05-17,1,typical,2020-05-11,2020-05-17,7,0,0.17246120352136207,images/typical/BN024/2020-05-17.png
BN024_2020-05-18,BN024,2020-05-18,0,low activity,2020-05-12,2020-05-18,7,0,0.6018717137673736,images/low_activity/BN024/2020-05-18.png
BN024_2020-05-19,BN024,2020-05-19,0,low activity,2020-05-13,2020-05-19,7,0,0.5989372083318016,images/low_activity/BN024/2020-05-19.png
BN024_2020-05-20,BN024,2020-05-20,0,low activity,2020-05-14,2020-05-20,7,0,0.6062394632228018,images/low_activity/BN024/2020-05-20.png
BN024_2020-05-21,BN024,2020-05-21,0,low activity,2020-05-15,2020-05-21,7,0,0.6101664398011712,images/low_activity/BN024/2020-05-21.png
BN024_2020-05-22,BN024,2020-05-22,1,typical,2020-05-16,2020-05-22,7,0,0.6098616912206648,images/typical/BN024/2020-05-22.png
BN024_2020-05-23,BN024,2020-05-23,0,low activity,2020-05-17,2020-05-23,7,0,0.6115105757246495,images/low_activity/BN024/2020-05-23.png
BN024_2020-05-24,BN024,2020-05-24,0,low activity,2020-05-18,2020-05-24,7,0,0.6132409138534469,images/low_activity/BN024/2020-05-24.png
BN024_2020-05-25,BN024,2020-05-25,1,typical,2020-05-19,2020-05-25,7,0,0.40088842996878554,images/typical/BN024/2020-05-25.png
BN024_2020-05-26,BN024,2020-05-26,1,typical,2020-05-20,2020-05-26,7,0,0.2920334319659656,images/typical/BN024/2020-05-26.png
BN024_2020-05-27,BN024,2020-05-27,1,typical,2020-05-21,2020-05-27,7,0,0.2360632745107059,images/typical/BN024/2020-05-27.png
BN024_2020-05-28,BN024,2020-05-28,1,typical,2020-05-22,2020-05-28,7,0,0.1620626193218633,images/typical/BN024/2020-05-28.png
BN024_2020-05-29,BN024,2020-05-29,1,typical,2020-05-23,2020-05-29,7,0,0.14431937097595302,images/typical/BN024/2020-05-29.png
BN024_2020-05-30,BN024,2020-05-30,1,typical,2020-05-24,2020-05-30,7,0,0.18912613757150049,images/typical/BN024/2020-05-30.png
BN024_2020-05-31,BN024,2020-05-31,1,typical,2020-05-25,2020-05-31,7,0,0.2769552913399737,images/typical/BN024/2020-05-31.png
BN024_2020-06-01,BN024,2020-06-01,1,typical,2020-05-26,2020-06-01,7,0,0.4124950575123512,images/typical/BN024/2020-06-01.png
BN024_2020-06-02,BN024,2020-06-02,1,typical,2020-05-27,2020-06-02,7,0,0.4280645971548157,images/typical/BN024/2020-06-02.png
BN024_2020-06-03,BN024,2020-06-03,1,typical,2020-05-28,2020-06-03,7,0,0.4239546836749329,images/typical/BN024/2020-06-03.png
BN024_2020-06-04,BN024,2020-06-04,1,typical,2020-05-29,2020-06-04,7,0,0.4054908881979556,images/typical/BN024/2020-06-04.png
BN024_2020-06-05,BN024,2020-06-05,1,typical,2020-05-30,2020-06-05,7,0,0.49329171311228187,images/typical/BN024/2020-06-05.png
BN024_2020-06-06,BN024,2020-06-06,0,low activity,2020-05-31,2020-06-06,7,0,0.47975065685762197,images/low_activity/BN024/2020-06-06.png
BN024_2020-06-07,BN024,2020-06-07,1,typical,2020-06-01,2020-06-07,7,0,0.17544728246027966,images/typical/BN024/2020-06-07.png
BN024_2020-06-08,BN024,2020-06-08,0,low activity,2020-06-02,2020-06-08,7,0,0.09465967387642532,images/low_activity/BN024/2020-06-08.png
BN024_2020-06-09,BN024,2020-06-09,1,typical,2020-06-03,2020-06-09,7,0,0.12077772989347883,images/typical/BN024/2020-06-09.png
BN024_2020-06-10,BN024,2020-06-10,1,typical,2020-06-04,2020-06-10,7,0,0.2314445135659398,images/typical/BN024/2020-06-10.png
BN024_2020-06-11,BN024,2020-06-11,1,typical,2020-06-05,2020-06-11,7,0,0.18491499576052736,images/typical/BN024/2020-06-11.png
BN024_2020-06-12,BN024,2020-06-12,1,typical,2020-06-06,2020-06-12,7,0,0.14119339420849966,images/typical/BN024/2020-06-12.png
BN024_2020-06-13,BN024,2020-06-13,1,typical,2020-06-07,2020-06-13,7,0,0.15577256876083972,images/typical/BN024/2020-06-13.png
BN024_2020-06-14,BN024,2020-06-14,1,typical,2020-06-08,2020-06-14,7,0,0.2389228607051012,images/typical/BN024/2020-06-14.png
BN024_2020-06-15,BN024,2020-06-15,1,typical,2020-06-09,2020-06-15,7,0,0.40850036110003335,images/typical/BN024/2020-06-15.png
BN024_2020-06-16,BN024,2020-06-16,1,typical,2020-06-10,2020-06-16,7,0,0.4051058411170082,images/typical/BN024/2020-06-16.png
BN024_2020-06-17,BN024,2020-06-17,1,typical,2020-06-11,2020-06-17,7,0,0.3545329452808684,images/typical/BN024/2020-06-17.png
BN024_2020-06-18,BN024,2020-06-18,1,typical,2020-06-12,2020-06-18,7,0,0.35674283266056583,images/typical/BN024/2020-06-18.png
BN024_2020-06-19,BN024,2020-06-19,1,typical,2020-06-13,2020-06-19,7,0,0.49667293560553827,images/typical/BN024/2020-06-19.png
BN024_2020-06-20,BN024,2020-06-20,1,typical,2020-06-14,2020-06-20,7,0,0.4678975773605996,images/typical/BN024/2020-06-20.png
BN024_2020-06-21,BN024,2020-06-21,1,typical,2020-06-15,2020-06-21,7,0,0.38887572003457366,images/typical/BN024/2020-06-21.png
BN024_2020-06-22,BN024,2020-06-22,0,low activity,2020-06-16,2020-06-22,7,0,0.3266425510814104,images/low_activity/BN024/2020-06-22.png
BN024_2020-06-23,BN024,2020-06-23,1,typical,2020-06-17,2020-06-23,7,0,0.30311663079019696,images/typical/BN024/2020-06-23.png
BN024_2020-06-24,BN024,2020-06-24,0,low activity,2020-06-18,2020-06-24,7,0,0.5777772110059591,images/low_activity/BN024/2020-06-24.png
BN024_2020-06-25,BN024,2020-06-25,0,low activity,2020-06-19,2020-06-25,7,0,0.6354470771839524,images/low_activity/BN024/2020-06-25.png
BN024_2020-06-26,BN024,2020-06-26,1,typical,2020-06-20,2020-06-26,7,0,0.6157428266920582,images/typical/BN024/2020-06-26.png
BN024_2020-06-27,BN024,2020-06-27,0,low activity,2020-06-21,2020-06-27,7,0,0.5518508056298371,images/low_activity/BN024/2020-06-27.png
BN024_2020-06-28,BN024,2020-06-28,0,low activity,2020-06-22,2020-06-28,7,0,0.5180802419676802,images/low_activity/BN024/2020-06-28.png
BN024_2020-06-29,BN024,2020-06-29,1,typical,2020-06-23,2020-06-29,7,0,0.6011551799566811,images/typical/BN024/2020-06-29.png
BN024_2020-06-30,BN024,2020-06-30,0,low activity,2020-06-24,2020-06-30,7,0,0.649899465814995,images/low_activity/BN024/2020-06-30.png
BN029_2019-07-31,BN029,2019-07-31,1,typical,2019-07-25,2019-07-31,7,0,0.29337573075465573,images/typical/BN029/2019-07-31.png
BN029_2019-08-01,BN029,2019-08-01,1,typical,2019-07-26,2019-08-01,7,0,0.2872676016760699,images/typical/BN029/2019-08-01.png
BN029_2019-08-02,BN029,2019-08-02,1,typical,2019-07-27,2019-08-02,7,0,0.2987427791100262,images/typical/BN029/2019-08-02.png
BN029_2019-08-03,BN029,2019-08-03,1,typical,2019-07-28,2019-08-03,7,0,0.39853698436778523,images/typical/BN029/2019-08-03.png
BN029_2019-08-04,BN029,2019-08-04,1,typical,2019-07-29,2019-08-04,7,0,0.3409625318033368,images/typical/BN029/2019-08-04.png
BN029_2019-08-05,BN029,2019-08-05,1,typical,2019-07-30,2019-08-05,7,0,0.39912211297969874,images/typical/BN029/2019-08-05.png
BN029_2019-08-06,BN029,2019-08-06,1,typical,2019-07-31,2019-08-06,7,0,0.3936582292979592,images/typical/BN029/2019-08-06.png
BN029_2019-08-07,BN029,2019-08-07,1,typical,2019-08-01,2019-08-07,7,0,0.4366082914189075,images/typical/BN029/2019-08-07.png
BN029_2019-08-08,BN029,2019-08-08,1,typical,2019-08-02,2019-08-08,7,0,0.44969039185587456,images/typical/BN029/2019-08-08.png
BN029_2019-08-09,BN029,2019-08-09,1,typical,2019-08-03,2019-08-09,7,0,0.347708904699859,images/typical/BN029/2019-08-09.png
BN029_2019-08-10,BN029,2019-08-10,1,typical,2019-08-04,2019-08-10,7,0,0.28976933813770267,images/typical/BN029/2019-08-10.png
BN029_2019-08-11,BN029,2019-08-11,1,typical,2019-08-05,2019-08-11,7,0,0.27263442109316005,images/typical/BN029/2019-08-11.png
BN029_2019-08-12,BN029,2019-08-12,1,typical,2019-08-06,2019-08-12,7,0,0.2264096580613011,images/typical/BN029/2019-08-12.png
BN029_2019-08-13,BN029,2019-08-13,1,typical,2019-08-07,2019-08-13,7,0,0.23779089165612702,images/typical/BN029/2019-08-13.png
BN029_2019-08-14,BN029,2019-08-14,1,typical,2019-08-08,2019-08-14,7,0,0.2645732493367395,images/typical/BN029/2019-08-14.png
BN029_2019-08-15,BN029,2019-08-15,1,typical,2019-08-09,2019-08-15,7,0,0.2836074361769645,images/typical/BN029/2019-08-15.png
BN029_2019-08-16,BN029,2019-08-16,1,typical,2019-08-10,2019-08-16,7,0,0.2823726917472201,images/typical/BN029/2019-08-16.png
BN029_2019-08-17,BN029,2019-08-17,1,typical,2019-08-11,2019-08-17,7,0,0.2782844909275604,images/typical/BN029/2019-08-17.png
BN029_2019-08-18,BN029,2019-08-18,1,typical,2019-08-12,2019-08-18,7,0,0.36280191539837237,images/typical/BN029/2019-08-18.png
BN029_2019-08-19,BN029,2019-08-19,1,typical,2019-08-13,2019-08-19,7,0,0.3673408972608187,images/typical/BN029/2019-08-19.png
BN029_2019-08-20,BN029,2019-08-20,1,typical,2019-08-14,2019-08-20,7,0,0.38025158686609883,images/typical/BN029/2019-08-20.png
BN029_2019-08-21,BN029,2019-08-21,1,typical,2019-08-15,2019-08-21,7,0,0.3943667101796411,images/typical/BN029/2019-08-21.png
BN029_2019-08-22,BN029,2019-08-22,1,typical,2019-08-16,2019-08-22,7,0,0.4794096449434088,images/typical/BN029/2019-08-22.png
BN029_2019-08-23,BN029,2019-08-23,1,typical,2019-08-17,2019-08-23,7,0,0.4377516466404033,images/typical/BN029/2019-08-23.png
BN029_2019-08-24,BN029,2019-08-24,1,typical,2019-08-18,2019-08-24,7,0,0.5030188337991439,images/typical/BN029/2019-08-24.png
BN029_2019-08-25,BN029,2019-08-25,1,typical,2019-08-19,2019-08-25,7,0,0.39023760642344063,images/typical/BN029/2019-08-25.png
BN029_2019-08-26,BN029,2019-08-26,1,typical,2019-08-20,2019-08-26,7,0,0.36801627347838517,images/typical/BN029/2019-08-26.png
BN029_2019-08-27,BN029,2019-08-27,1,typical,2019-08-21,2019-08-27,7,0,0.3483836945840368,images/typical/BN029/2019-08-27.png
BN029_2019-08-28,BN029,2019-08-28,1,typical,2019-08-22,2019-08-28,7,0,0.3137045128351687,images/typical/BN029/2019-08-28.png
BN029_2019-08-29,BN029,2019-08-29,1,typical,2019-08-23,2019-08-29,7,0,0.25475506856599184,images/typical/BN029/2019-08-29.png
BN029_2019-08-30,BN029,2019-08-30,1,typical,2019-08-24,2019-08-30,7,0,0.23091592004822564,images/typical/BN029/2019-08-30.png
BN029_2019-08-31,BN029,2019-08-31,1,typical,2019-08-25,2019-08-31,7,0,0.3327345986094974,images/typical/BN029/2019-08-31.png
BN029_2019-09-01,BN029,2019-09-01,1,typical,2019-08-26,2019-09-01,7,0,0.30199532368350473,images/typical/BN029/2019-09-01.png
BN029_2019-09-02,BN029,2019-09-02,1,typical,2019-08-27,2019-09-02,7,0,0.2854858339516791,images/typical/BN029/2019-09-02.png
BN029_2019-09-03,BN029,2019-09-03,1,typical,2019-08-28,2019-09-03,7,0,0.32091360525147283,images/typical/BN029/2019-09-03.png
BN029_2019-09-04,BN029,2019-09-04,1,typical,2019-08-29,2019-09-04,7,0,0.35947858537074556,images/typical/BN029/2019-09-04.png
BN029_2019-09-05,BN029,2019-09-05,1,typical,2019-08-30,2019-09-05,7,0,0.3311516172329876,images/typical/BN029/2019-09-05.png
BN029_2019-09-06,BN029,2019-09-06,1,typical,2019-08-31,2019-09-06,7,0,0.3315946750850648,images/typical/BN029/2019-09-06.png
BN029_2019-09-07,BN029,2019-09-07,1,typical,2019-09-01,2019-09-07,7,0,0.3456232343060863,images/typical/BN029/2019-09-07.png
BN029_2019-09-08,BN029,2019-09-08,1,typical,2019-09-02,2019-09-08,7,0,0.31970527352023004,images/typical/BN029/2019-09-08.png
BN029_2019-09-09,BN029,2019-09-09,1,typical,2019-09-03,2019-09-09,7,0,0.28218603921661073,images/typical/BN029/2019-09-09.png
BN029_2019-09-10,BN029,2019-09-10,1,typical,2019-09-04,2019-09-10,7,0,0.24042782036332347,images/typical/BN029/2019-09-10.png
BN029_2019-09-11,BN029,2019-09-11,1,typical,2019-09-05,2019-09-11,7,0,0.24778631691747927,images/typical/BN029/2019-09-11.png
BN029_2019-09-12,BN029,2019-09-12,1,typical,2019-09-06,2019-09-12,7,0,0.22505506915546836,images/typical/BN029/2019-09-12.png
BN029_2019-09-13,BN029,2019-09-13,1,typical,2019-09-07,2019-09-13,7,0,0.2458905807318126,images/typical/BN029/2019-09-13.png
BN029_2019-09-14,BN029,2019-09-14,1,typical,2019-09-08,2019-09-14,7,0,0.22965377333678474,images/typical/BN029/2019-09-14.png
BN029_2019-09-15,BN029,2019-09-15,1,typical,2019-09-09,2019-09-15,7,0,0.22566331935103057,images/typical/BN029/2019-09-15.png
BN029_2019-09-16,BN029,2019-09-16,1,typical,2019-09-10,2019-09-16,7,0,0.2718430934838619,images/typical/BN029/2019-09-16.png
BN029_2019-09-17,BN029,2019-09-17,1,typical,2019-09-11,2019-09-17,7,0,0.3046552289664252,images/typical/BN029/2019-09-17.png
BN029_2019-09-18,BN029,2019-09-18,1,typical,2019-09-12,2019-09-18,7,0,0.3320227499338102,images/typical/BN029/2019-09-18.png
BN029_2019-09-19,BN029,2019-09-19,1,typical,2019-09-13,2019-09-19,7,0,0.32533166827657506,images/typical/BN029/2019-09-19.png
BN029_2019-09-20,BN029,2019-09-20,1,typical,2019-09-14,2019-09-20,7,0,0.34570399156824194,images/typical/BN029/2019-09-20.png
BN029_2019-09-21,BN029,2019-09-21,1,typical,2019-09-15,2019-09-21,7,0,0.3629438412058496,images/typical/BN029/2019-09-21.png
BN029_2019-09-22,BN029,2019-09-22,1,typical,2019-09-16,2019-09-22,7,0,0.4066587771579844,images/typical/BN029/2019-09-22.png
BN029_2019-09-23,BN029,2019-09-23,1,typical,2019-09-17,2019-09-23,7,0,0.3989233863198026,images/typical/BN029/2019-09-23.png
BN029_2019-09-24,BN029,2019-09-24,1,typical,2019-09-18,2019-09-24,7,0,0.3650664903014261,images/typical/BN029/2019-09-24.png
BN029_2019-09-25,BN029,2019-09-25,1,typical,2019-09-19,2019-09-25,7,0,0.2739897908009465,images/typical/BN029/2019-09-25.png
BN029_2019-09-26,BN029,2019-09-26,1,typical,2019-09-20,2019-09-26,7,0,0.2185201821333601,images/typical/BN029/2019-09-26.png
BN029_2019-09-27,BN029,2019-09-27,1,typical,2019-09-21,2019-09-27,7,0,0.20265899263192425,images/typical/BN029/2019-09-27.png
BN029_2019-09-28,BN029,2019-09-28,1,typical,2019-09-22,2019-09-28,7,0,0.16352517400772848,images/typical/BN029/2019-09-28.png
BN029_2019-09-29,BN029,2019-09-29,1,typical,2019-09-23,2019-09-29,7,0,0.19854219254313402,images/typical/BN029/2019-09-29.png
BN029_2019-09-30,BN029,2019-09-30,1,typical,2019-09-24,2019-09-30,7,0,0.19278702348005317,images/typical/BN029/2019-09-30.png
BN029_2019-10-01,BN029,2019-10-01,1,typical,2019-09-25,2019-10-01,7,0,0.18909808592718858,images/typical/BN029/2019-10-01.png
BN029_2019-10-02,BN029,2019-10-02,1,typical,2019-09-26,2019-10-02,7,0,0.20829871646870565,images/typical/BN029/2019-10-02.png
BN029_2019-10-03,BN029,2019-10-03,1,typical,2019-09-27,2019-10-03,7,0,0.2289629316962744,images/typical/BN029/2019-10-03.png
BN029_2019-10-04,BN029,2019-10-04,1,typical,2019-09-28,2019-10-04,7,0,0.2225537408079089,images/typical/BN029/2019-10-04.png
BN029_2019-10-05,BN029,2019-10-05,1,typical,2019-09-29,2019-10-05,7,0,0.231875259156736,images/typical/BN029/2019-10-05.png
BN029_2019-10-06,BN029,2019-10-06,1,typical,2019-09-30,2019-10-06,7,0,0.18334305408554552,images/typical/BN029/2019-10-06.png
BN029_2019-10-07,BN029,2019-10-07,1,typical,2019-10-01,2019-10-07,7,0,0.17732687928648586,images/typical/BN029/2019-10-07.png
BN029_2019-10-08,BN029,2019-10-08,1,typical,2019-10-02,2019-10-08,7,0,0.19822707183540747,images/typical/BN029/2019-10-08.png
BN029_2019-10-09,BN029,2019-10-09,1,typical,2019-10-03,2019-10-09,7,0,0.18875833843880604,images/typical/BN029/2019-10-09.png
BN029_2019-10-10,BN029,2019-10-10,1,typical,2019-10-04,2019-10-10,7,0,0.1769061139176076,images/typical/BN029/2019-10-10.png
BN029_2019-10-11,BN029,2019-10-11,1,typical,2019-10-05,2019-10-11,7,0,0.1896836786069604,images/typical/BN029/2019-10-11.png
BN029_2019-10-12,BN029,2019-10-12,1,typical,2019-10-06,2019-10-12,7,0,0.39557702093243335,images/typical/BN029/2019-10-12.png
BN029_2019-10-13,BN029,2019-10-13,1,typical,2019-10-07,2019-10-13,7,0,0.3192582073753961,images/typical/BN029/2019-10-13.png
BN029_2019-10-14,BN029,2019-10-14,1,typical,2019-10-08,2019-10-14,7,0,0.2349070332728927,images/typical/BN029/2019-10-14.png
BN029_2019-10-15,BN029,2019-10-15,1,typical,2019-10-09,2019-10-15,7,0,0.24036075785370553,images/typical/BN029/2019-10-15.png
BN029_2019-10-16,BN029,2019-10-16,1,typical,2019-10-10,2019-10-16,7,0,0.22548185294738368,images/typical/BN029/2019-10-16.png
BN029_2019-10-17,BN029,2019-10-17,1,typical,2019-10-11,2019-10-17,7,0,0.24291298613661297,images/typical/BN029/2019-10-17.png
BN029_2019-10-18,BN029,2019-10-18,1,typical,2019-10-12,2019-10-18,7,0,0.25188558520905996,images/typical/BN029/2019-10-18.png
BN029_2019-10-19,BN029,2019-10-19,1,typical,2019-10-13,2019-10-19,7,0,0.27724103742431166,images/typical/BN029/2019-10-19.png
BN029_2019-10-20,BN029,2019-10-20,1,typical,2019-10-14,2019-10-20,7,0,0.2615581678140524,images/typical/BN029/2019-10-20.png
BN029_2019-10-21,BN029,2019-10-21,1,typical,2019-10-15,2019-10-21,7,0,0.3175998138385542,images/typical/BN029/2019-10-21.png
BN029_2019-10-22,BN029,2019-10-22,1,typical,2019-10-16,2019-10-22,7,0,0.15902990082074192,images/typical/BN029/2019-10-22.png
BN029_2019-10-23,BN029,2019-10-23,1,typical,2019-10-17,2019-10-23,7,0,0.14204809967607993,images/typical/BN029/2019-10-23.png
BN029_2019-10-24,BN029,2019-10-24,1,typical,2019-10-18,2019-10-24,7,0,0.13633225844884828,images/typical/BN029/2019-10-24.png
BN029_2019-10-25,BN029,2019-10-25,1,typical,2019-10-19,2019-10-25,7,0,0.18120318823824097,images/typical/BN029/2019-10-25.png
BN029_2019-10-26,BN029,2019-10-26,1,typical,2019-10-20,2019-10-26,7,0,0.17394459262031658,images/typical/BN029/2019-10-26.png
BN029_2019-10-27,BN029,2019-10-27,1,typical,2019-10-21,2019-10-27,7,0,0.1885800202160486,images/typical/BN029/2019-10-27.png
BN029_2019-10-28,BN029,2019-10-28,1,typical,2019-10-22,2019-10-28,7,0,0.22767681905618453,images/typical/BN029/2019-10-28.png
BN029_2019-10-29,BN029,2019-10-29,1,typical,2019-10-23,2019-10-29,7,0,0.47795684071616396,images/typical/BN029/2019-10-29.png
BN029_2019-10-30,BN029,2019-10-30,1,typical,2019-10-24,2019-10-30,7,0,0.1869712494375994,images/typical/BN029/2019-10-30.png
BN029_2019-10-31,BN029,2019-10-31,2,peak dominant,2019-10-25,2019-10-31,7,0,0.10971354541511193,images/peak_dominant/BN029/2019-10-31.png
BN029_2019-11-01,BN029,2019-11-01,2,peak dominant,2019-10-26,2019-11-01,7,0,0.09314712117728449,images/peak_dominant/BN029/2019-11-01.png
BN029_2019-11-02,BN029,2019-11-02,1,typical,2019-10-27,2019-11-02,7,0,0.10939540386944933,images/typical/BN029/2019-11-02.png
BN029_2019-11-03,BN029,2019-11-03,1,typical,2019-10-28,2019-11-03,7,0,0.10503770982846895,images/typical/BN029/2019-11-03.png
BN029_2019-11-04,BN029,2019-11-04,1,typical,2019-10-29,2019-11-04,7,0,0.12899711968946334,images/typical/BN029/2019-11-04.png
BN029_2019-11-05,BN029,2019-11-05,1,typical,2019-10-30,2019-11-05,7,0,0.14229760713830478,images/typical/BN029/2019-11-05.png
BN029_2019-11-06,BN029,2019-11-06,1,typical,2019-10-31,2019-11-06,7,0,0.19578744031488995,images/typical/BN029/2019-11-06.png
BN029_2019-11-07,BN029,2019-11-07,1,typical,2019-11-01,2019-11-07,7,0,0.42578863900686886,images/typical/BN029/2019-11-07.png
BN029_2019-11-08,BN029,2019-11-08,1,typical,2019-11-02,2019-11-08,7,0,0.22542778181957132,images/typical/BN029/2019-11-08.png
BN029_2019-11-09,BN029,2019-11-09,1,typical,2019-11-03,2019-11-09,7,0,0.1726898773117981,images/typical/BN029/2019-11-09.png
BN029_2019-11-10,BN029,2019-11-10,1,typical,2019-11-04,2019-11-10,7,0,0.15963189142285827,images/typical/BN029/2019-11-10.png
BN029_2019-11-11,BN029,2019-11-11,1,typical,2019-11-05,2019-11-11,7,0,0.13182166105823423,images/typical/BN029/2019-11-11.png
BN029_2019-11-12,BN029,2019-11-12,1,typical,2019-11-06,2019-11-12,7,0,0.12590789511181283,images/typical/BN029/2019-11-12.png
BN029_2019-11-13,BN029,2019-11-13,1,typical,2019-11-07,2019-11-13,7,0,0.155163939727371,images/typical/BN029/2019-11-13.png
BN029_2019-11-14,BN029,2019-11-14,1,typical,2019-11-08,2019-11-14,7,0,0.14425656855985217,images/typical/BN029/2019-11-14.png
BN029_2019-11-15,BN029,2019-11-15,1,typical,2019-11-09,2019-11-15,7,0,0.10416984425505321,images/typical/BN029/2019-11-15.png
BN029_2019-11-16,BN029,2019-11-16,1,typical,2019-11-10,2019-11-16,7,0,0.1207846033562379,images/typical/BN029/2019-11-16.png
BN029_2019-11-17,BN029,2019-11-17,1,typical,2019-11-11,2019-11-17,7,0,0.11288097346009549,images/typical/BN029/2019-11-17.png
BN029_2019-11-18,BN029,2019-11-18,1,typical,2019-11-12,2019-11-18,7,0,0.145305872375723,images/typical/BN029/2019-11-18.png
BN029_2019-11-19,BN029,2019-11-19,1,typical,2019-11-13,2019-11-19,7,0,0.15332954846261423,images/typical/BN029/2019-11-19.png
BN029_2019-11-20,BN029,2019-11-20,1,typical,2019-11-14,2019-11-20,7,0,0.1674105782230157,images/typical/BN029/2019-11-20.png
BN029_2019-11-21,BN029,2019-11-21,1,typical,2019-11-15,2019-11-21,7,0,0.19094270285331832,images/typical/BN029/2019-11-21.png
BN029_2019-11-22,BN029,2019-11-22,1,typical,2019-11-16,2019-11-22,7,0,0.1495587210208394,images/typical/BN029/2019-11-22.png
BN029_2019-11-23,BN029,2019-11-23,1,typical,2019-11-17,2019-11-23,7,0,0.3082557312702004,images/typical/BN029/2019-11-23.png
BN029_2019-11-24,BN029,2019-11-24,1,typical,2019-11-18,2019-11-24,7,0,0.2736381810867441,images/typical/BN029/2019-11-24.png
BN029_2019-11-25,BN029,2019-11-25,1,typical,2019-11-19,2019-11-25,7,0,0.22296201944474564,images/typical/BN029/2019-11-25.png
BN029_2019-11-26,BN029,2019-11-26,1,typical,2019-11-20,2019-11-26,7,0,0.18586707680305836,images/typical/BN029/2019-11-26.png
BN029_2019-11-27,BN029,2019-11-27,1,typical,2019-11-21,2019-11-27,7,0,0.2428647007035269,images/typical/BN029/2019-11-27.png
BN029_2019-11-28,BN029,2019-11-28,1,typical,2019-11-22,2019-11-28,7,0,0.17089481565347106,images/typical/BN029/2019-11-28.png
BN029_2019-11-29,BN029,2019-11-29,1,typical,2019-11-23,2019-11-29,7,0,0.17114414797346925,images/typical/BN029/2019-11-29.png
BN029_2019-11-30,BN029,2019-11-30,1,typical,2019-11-24,2019-11-30,7,0,0.2269502974499035,images/typical/BN029/2019-11-30.png
BN029_2019-12-01,BN029,2019-12-01,1,typical,2019-11-25,2019-12-01,7,0,0.3875429540694067,images/typical/BN029/2019-12-01.png
BN029_2019-12-02,BN029,2019-12-02,1,typical,2019-11-26,2019-12-02,7,0,0.3419883816552569,images/typical/BN029/2019-12-02.png
BN029_2019-12-03,BN029,2019-12-03,1,typical,2019-11-27,2019-12-03,7,0,0.3449623202254973,images/typical/BN029/2019-12-03.png
BN029_2019-12-04,BN029,2019-12-04,1,typical,2019-11-28,2019-12-04,7,0,0.3468226786461264,images/typical/BN029/2019-12-04.png
BN029_2019-12-05,BN029,2019-12-05,1,typical,2019-11-29,2019-12-05,7,0,0.34854332831991247,images/typical/BN029/2019-12-05.png
BN029_2019-12-06,BN029,2019-12-06,1,typical,2019-11-30,2019-12-06,7,0,0.3692183743864534,images/typical/BN029/2019-12-06.png
BN029_2019-12-07,BN029,2019-12-07,1,typical,2019-12-01,2019-12-07,7,0,0.2550296585118826,images/typical/BN029/2019-12-07.png
BN029_2019-12-08,BN029,2019-12-08,1,typical,2019-12-02,2019-12-08,7,0,0.1540117806658541,images/typical/BN029/2019-12-08.png
BN029_2019-12-09,BN029,2019-12-09,1,typical,2019-12-03,2019-12-09,7,0,0.1812029948324214,images/typical/BN029/2019-12-09.png
BN029_2019-12-10,BN029,2019-12-10,2,peak dominant,2019-12-04,2019-12-10,7,0,0.20897364173154234,images/peak_dominant/BN029/2019-12-10.png
BN029_2019-12-11,BN029,2019-12-11,2,peak dominant,2019-12-05,2019-12-11,7,0,0.15612949583255525,images/peak_dominant/BN029/2019-12-11.png
BN029_2019-12-12,BN029,2019-12-12,2,peak dominant,2019-12-06,2019-12-12,7,0,0.1580123159780283,images/peak_dominant/BN029/2019-12-12.png
BN029_2019-12-13,BN029,2019-12-13,2,peak dominant,2019-12-07,2019-12-13,7,0,0.15406126998518863,images/peak_dominant/BN029/2019-12-13.png
BN029_2019-12-14,BN029,2019-12-14,1,typical,2019-12-08,2019-12-14,7,0,0.20952368406215932,images/typical/BN029/2019-12-14.png
BN029_2019-12-15,BN029,2019-12-15,1,typical,2019-12-09,2019-12-15,7,0,0.18777898847676927,images/typical/BN029/2019-12-15.png
BN029_2019-12-16,BN029,2019-12-16,1,typical,2019-12-10,2019-12-16,7,0,0.37563839945251826,images/typical/BN029/2019-12-16.png
BN029_2019-12-17,BN029,2019-12-17,1,typical,2019-12-11,2019-12-17,7,0,0.27837152703654905,images/typical/BN029/2019-12-17.png
BN029_2019-12-18,BN029,2019-12-18,1,typical,2019-12-12,2019-12-18,7,0,0.2560871966055857,images/typical/BN029/2019-12-18.png
BN029_2019-12-19,BN029,2019-12-19,2,peak dominant,2019-12-13,2019-12-19,7,0,0.2386553806951956,images/peak_dominant/BN029/2019-12-19.png
BN029_2019-12-20,BN029,2019-12-20,1,typical,2019-12-14,2019-12-20,7,0,0.21307563874597363,images/typical/BN029/2019-12-20.png
BN029_2019-12-21,BN029,2019-12-21,1,typical,2019-12-15,2019-12-21,7,0,0.23166100785161603,images/typical/BN029/2019-12-21.png
BN029_2019-12-22,BN029,2019-12-22,1,typical,2019-12-16,2019-12-22,7,0,0.22848964374527403,images/typical/BN029/2019-12-22.png
BN029_2019-12-23,BN029,2019-12-23,2,peak dominant,2019-12-17,2019-12-23,7,0,0.18179651330003718,images/peak_dominant/BN029/2019-12-23.png
BN029_2019-12-24,BN029,2019-12-24,1,typical,2019-12-18,2019-12-24,7,0,0.2887446335124748,images/typical/BN029/2019-12-24.png
BN029_2019-12-25,BN029,2019-12-25,1,typical,2019-12-19,2019-12-25,7,0,0.2714892405961612,images/typical/BN029/2019-12-25.png
BN029_2019-12-26,BN029,2019-12-26,1,typical,2019-12-20,2019-12-26,7,0,0.30438572070148096,images/typical/BN029/2019-12-26.png
BN029_2019-12-27,BN029,2019-12-27,1,typical,2019-12-21,2019-12-27,7,0,0.21876923886754104,images/typical/BN029/2019-12-27.png
BN029_2019-12-28,BN029,2019-12-28,1,typical,2019-12-22,2019-12-28,7,0,0.31582367810593864,images/typical/BN029/2019-12-28.png
BN029_2019-12-29,BN029,2019-12-29,1,typical,2019-12-23,2019-12-29,7,0,0.4193929215302424,images/typical/BN029/2019-12-29.png
BN029_2019-12-30,BN029,2019-12-30,1,typical,2019-12-24,2019-12-30,7,0,0.4291249671426304,images/typical/BN029/2019-12-30.png
BN029_2019-12-31,BN029,2019-12-31,1,typical,2019-12-25,2019-12-31,7,0,0.4518249003706227,images/typical/BN029/2019-12-31.png
BN029_2020-01-01,BN029,2020-01-01,2,peak dominant,2019-12-26,2020-01-01,7,0,0.42588511675494184,images/peak_dominant/BN029/2020-01-01.png
BN029_2020-01-02,BN029,2020-01-02,1,typical,2019-12-27,2020-01-02,7,0,0.4481190476651079,images/typical/BN029/2020-01-02.png
BN029_2020-01-03,BN029,2020-01-03,2,peak dominant,2019-12-28,2020-01-03,7,0,0.42619707700548914,images/peak_dominant/BN029/2020-01-03.png
BN029_2020-01-04,BN029,2020-01-04,1,typical,2019-12-29,2020-01-04,7,0,0.29292261005600634,images/typical/BN029/2020-01-04.png
BN029_2020-01-05,BN029,2020-01-05,1,typical,2019-12-30,2020-01-05,7,0,0.23976781287830595,images/typical/BN029/2020-01-05.png
BN029_2020-01-06,BN029,2020-01-06,2,peak dominant,2019-12-31,2020-01-06,7,0,0.12011474328872776,images/peak_dominant/BN029/2020-01-06.png
BN029_2020-01-07,BN029,2020-01-07,2,peak dominant,2020-01-01,2020-01-07,7,0,0.12323677086806181,images/peak_dominant/BN029/2020-01-07.png
BN029_2020-01-08,BN029,2020-01-08,2,peak dominant,2020-01-02,2020-01-08,7,0,0.19249729438561974,images/peak_dominant/BN029/2020-01-08.png
BN029_2020-01-09,BN029,2020-01-09,2,peak dominant,2020-01-03,2020-01-09,7,0,0.30285485325154266,images/peak_dominant/BN029/2020-01-09.png
BN029_2020-01-10,BN029,2020-01-10,2,peak dominant,2020-01-04,2020-01-10,7,0,0.1665413383573912,images/peak_dominant/BN029/2020-01-10.png
BN029_2020-01-11,BN029,2020-01-11,1,typical,2020-01-05,2020-01-11,7,0,0.18722230456023475,images/typical/BN029/2020-01-11.png
BN029_2020-01-12,BN029,2020-01-12,1,typical,2020-01-06,2020-01-12,7,0,0.18601481509513693,images/typical/BN029/2020-01-12.png
BN029_2020-01-13,BN029,2020-01-13,1,typical,2020-01-07,2020-01-13,7,0,0.18516426307283382,images/typical/BN029/2020-01-13.png
BN029_2020-01-14,BN029,2020-01-14,2,peak dominant,2020-01-08,2020-01-14,7,0,0.1820046299039361,images/peak_dominant/BN029/2020-01-14.png
BN029_2020-01-15,BN029,2020-01-15,2,peak dominant,2020-01-09,2020-01-15,7,0,0.18040549746251244,images/peak_dominant/BN029/2020-01-15.png
BN029_2020-01-16,BN029,2020-01-16,2,peak dominant,2020-01-10,2020-01-16,7,0,0.17554445408721922,images/peak_dominant/BN029/2020-01-16.png
BN029_2020-01-17,BN029,2020-01-17,2,peak dominant,2020-01-11,2020-01-17,7,0,0.17206949887987996,images/peak_dominant/BN029/2020-01-17.png
BN029_2020-01-18,BN029,2020-01-18,1,typical,2020-01-12,2020-01-18,7,0,0.17749368361353748,images/typical/BN029/2020-01-18.png
BN029_2020-01-19,BN029,2020-01-19,1,typical,2020-01-13,2020-01-19,7,0,0.15910764086580267,images/typical/BN029/2020-01-19.png
BN029_2020-01-20,BN029,2020-01-20,2,peak dominant,2020-01-14,2020-01-20,7,0,0.1513371868738986,images/peak_dominant/BN029/2020-01-20.png
BN029_2020-01-21,BN029,2020-01-21,1,typical,2020-01-15,2020-01-21,7,0,0.1586228545925763,images/typical/BN029/2020-01-21.png
BN029_2020-01-22,BN029,2020-01-22,1,typical,2020-01-16,2020-01-22,7,0,0.16719996887183747,images/typical/BN029/2020-01-22.png
BN029_2020-01-23,BN029,2020-01-23,2,peak dominant,2020-01-17,2020-01-23,7,0,0.16079425551880408,images/peak_dominant/BN029/2020-01-23.png
BN029_2020-01-24,BN029,2020-01-24,2,peak dominant,2020-01-18,2020-01-24,7,0,0.1581226136169001,images/peak_dominant/BN029/2020-01-24.png
BN029_2020-01-25,BN029,2020-01-25,1,typical,2020-01-19,2020-01-25,7,0,0.20195039481776256,images/typical/BN029/2020-01-25.png
BN029_2020-01-26,BN029,2020-01-26,1,typical,2020-01-20,2020-01-26,7,0,0.17913596720567002,images/typical/BN029/2020-01-26.png
BN029_2020-01-27,BN029,2020-01-27,2,peak dominant,2020-01-21,2020-01-27,7,0,0.17193982921408388,images/peak_dominant/BN029/2020-01-27.png
BN029_2020-01-28,BN029,2020-01-28,2,peak dominant,2020-01-22,2020-01-28,7,0,0.17534577823962244,images/peak_dominant/BN029/2020-01-28.png
BN029_2020-01-29,BN029,2020-01-29,2,peak dominant,2020-01-23,2020-01-29,7,0,0.1793173033697224,images/peak_dominant/BN029/2020-01-29.png
BN029_2020-01-30,BN029,2020-01-30,2,peak dominant,2020-01-24,2020-01-30,7,0,0.17493316570463155,images/peak_dominant/BN029/2020-01-30.png
BN029_2020-01-31,BN029,2020-01-31,2,peak dominant,2020-01-25,2020-01-31,7,0,0.1760970151077528,images/peak_dominant/BN029/2020-01-31.png
BN029_2020-02-01,BN029,2020-02-01,1,typical,2020-01-26,2020-02-01,7,0,0.15493644611975105,images/typical/BN029/2020-02-01.png
BN029_2020-02-02,BN029,2020-02-02,1,typical,2020-01-27,2020-02-02,7,0,0.15871664593168164,images/typical/BN029/2020-02-02.png
BN029_2020-02-03,BN029,2020-02-03,1,typical,2020-01-28,2020-02-03,7,0,0.16465089949663217,images/typical/BN029/2020-02-03.png
BN029_2020-02-04,BN029,2020-02-04,1,typical,2020-01-29,2020-02-04,7,0,0.20600013111366164,images/typical/BN029/2020-02-04.png
BN029_2020-02-05,BN029,2020-02-05,2,peak dominant,2020-01-30,2020-02-05,7,0,0.20396739526638688,images/peak_dominant/BN029/2020-02-05.png
BN029_2020-02-06,BN029,2020-02-06,2,peak dominant,2020-01-31,2020-02-06,7,0,0.1335930151127205,images/peak_dominant/BN029/2020-02-06.png
BN029_2020-02-07,BN029,2020-02-07,2,peak dominant,2020-02-01,2020-02-07,7,0,0.1521341002594617,images/peak_dominant/BN029/2020-02-07.png
BN029_2020-02-08,BN029,2020-02-08,1,typical,2020-02-02,2020-02-08,7,0,0.14513463496596776,images/typical/BN029/2020-02-08.png
BN029_2020-02-09,BN029,2020-02-09,1,typical,2020-02-03,2020-02-09,7,0,0.14492387643745241,images/typical/BN029/2020-02-09.png
BN029_2020-02-10,BN029,2020-02-10,2,peak dominant,2020-02-04,2020-02-10,7,0,0.133280493317521,images/peak_dominant/BN029/2020-02-10.png
BN029_2020-02-11,BN029,2020-02-11,2,peak dominant,2020-02-05,2020-02-11,7,0,0.14105354048576194,images/peak_dominant/BN029/2020-02-11.png
BN029_2020-02-12,BN029,2020-02-12,2,peak dominant,2020-02-06,2020-02-12,7,0,0.21411636889141908,images/peak_dominant/BN029/2020-02-12.png
BN029_2020-02-13,BN029,2020-02-13,2,peak dominant,2020-02-07,2020-02-13,7,0,0.14636518902647616,images/peak_dominant/BN029/2020-02-13.png
BN029_2020-02-14,BN029,2020-02-14,2,peak dominant,2020-02-08,2020-02-14,7,0,0.13926108125834283,images/peak_dominant/BN029/2020-02-14.png
BN029_2020-02-15,BN029,2020-02-15,1,typical,2020-02-09,2020-02-15,7,0,0.136475152138941,images/typical/BN029/2020-02-15.png
BN029_2020-02-16,BN029,2020-02-16,1,typical,2020-02-10,2020-02-16,7,0,0.1419330204053263,images/typical/BN029/2020-02-16.png
BN029_2020-02-17,BN029,2020-02-17,2,peak dominant,2020-02-11,2020-02-17,7,0,0.14160368845164023,images/peak_dominant/BN029/2020-02-17.png
BN029_2020-02-18,BN029,2020-02-18,2,peak dominant,2020-02-12,2020-02-18,7,0,0.13216409301060147,images/peak_dominant/BN029/2020-02-18.png
BN029_2020-02-19,BN029,2020-02-19,1,typical,2020-02-13,2020-02-19,7,0,0.1328935047082681,images/typical/BN029/2020-02-19.png
BN029_2020-02-20,BN029,2020-02-20,2,peak dominant,2020-02-14,2020-02-20,7,0,0.1503545601732193,images/peak_dominant/BN029/2020-02-20.png
BN029_2020-02-21,BN029,2020-02-21,1,typical,2020-02-15,2020-02-21,7,0,0.1271203606410056,images/typical/BN029/2020-02-21.png
BN029_2020-02-22,BN029,2020-02-22,0,low activity,2020-02-16,2020-02-22,7,0,0.13522402665256117,images/low_activity/BN029/2020-02-22.png
BN029_2020-02-23,BN029,2020-02-23,1,typical,2020-02-17,2020-02-23,7,0,0.12003429507596082,images/typical/BN029/2020-02-23.png
BN029_2020-02-24,BN029,2020-02-24,2,peak dominant,2020-02-18,2020-02-24,7,0,0.11041291984464012,images/peak_dominant/BN029/2020-02-24.png
BN029_2020-02-25,BN029,2020-02-25,2,peak dominant,2020-02-19,2020-02-25,7,0,0.09731556154373501,images/peak_dominant/BN029/2020-02-25.png
BN029_2020-02-26,BN029,2020-02-26,2,peak dominant,2020-02-20,2020-02-26,7,0,0.07353291631281046,images/peak_dominant/BN029/2020-02-26.png
BN029_2020-02-27,BN029,2020-02-27,2,peak dominant,2020-02-21,2020-02-27,7,0,0.06649694221274624,images/peak_dominant/BN029/2020-02-27.png
BN029_2020-02-28,BN029,2020-02-28,2,peak dominant,2020-02-22,2020-02-28,7,0,0.1263301432455966,images/peak_dominant/BN029/2020-02-28.png
BN029_2020-02-29,BN029,2020-02-29,1,typical,2020-02-23,2020-02-29,7,0,0.1869628293929868,images/typical/BN029/2020-02-29.png
BN029_2020-03-01,BN029,2020-03-01,0,low activity,2020-02-24,2020-03-01,7,0,0.21122498967147663,images/low_activity/BN029/2020-03-01.png
BN029_2020-03-02,BN029,2020-03-02,2,peak dominant,2020-02-25,2020-03-02,7,0,0.23063345937417967,images/peak_dominant/BN029/2020-03-02.png
BN029_2020-03-03,BN029,2020-03-03,1,typical,2020-02-26,2020-03-03,7,0,0.2533188963674866,images/typical/BN029/2020-03-03.png
BN029_2020-03-04,BN029,2020-03-04,2,peak dominant,2020-02-27,2020-03-04,7,0,0.2954370525612434,images/peak_dominant/BN029/2020-03-04.png
BN029_2020-03-05,BN029,2020-03-05,2,peak dominant,2020-02-28,2020-03-05,7,0,0.333973090566428,images/peak_dominant/BN029/2020-03-05.png
BN029_2020-03-06,BN029,2020-03-06,1,typical,2020-02-29,2020-03-06,7,0,0.2029658521244515,images/typical/BN029/2020-03-06.png
BN029_2020-03-07,BN029,2020-03-07,0,low activity,2020-03-01,2020-03-07,7,0,0.08849784619869326,images/low_activity/BN029/2020-03-07.png
BN029_2020-03-08,BN029,2020-03-08,0,low activity,2020-03-02,2020-03-08,7,0,0.08908454533834607,images/low_activity/BN029/2020-03-08.png
BN029_2020-03-09,BN029,2020-03-09,1,typical,2020-03-03,2020-03-09,7,0,0.09273921312854363,images/typical/BN029/2020-03-09.png
BN029_2020-03-10,BN029,2020-03-10,1,typical,2020-03-04,2020-03-10,7,0,0.12785745681533892,images/typical/BN029/2020-03-10.png
BN029_2020-03-11,BN029,2020-03-11,1,typical,2020-03-05,2020-03-11,7,0,0.21597292805662802,images/typical/BN029/2020-03-11.png
BN029_2020-03-12,BN029,2020-03-12,1,typical,2020-03-06,2020-03-12,7,0,0.13627941659640125,images/typical/BN029/2020-03-12.png
BN029_2020-03-13,BN029,2020-03-13,1,typical,2020-03-07,2020-03-13,7,0,0.1775574637200239,images/typical/BN029/2020-03-13.png
BN029_2020-03-14,BN029,2020-03-14,1,typical,2020-03-08,2020-03-14,7,0,0.2295253485835262,images/typical/BN029/2020-03-14.png
BN029_2020-03-15,BN029,2020-03-15,0,low activity,2020-03-09,2020-03-15,7,0,0.22669606096603576,images/low_activity/BN029/2020-03-15.png
BN029_2020-03-16,BN029,2020-03-16,2,peak dominant,2020-03-10,2020-03-16,7,0,0.19131435763707275,images/peak_dominant/BN029/2020-03-16.png
BN029_2020-03-17,BN029,2020-03-17,1,typical,2020-03-11,2020-03-17,7,0,0.1358218711302962,images/typical/BN029/2020-03-17.png
BN029_2020-03-18,BN029,2020-03-18,1,typical,2020-03-12,2020-03-18,7,0,0.15498615582601333,images/typical/BN029/2020-03-18.png
BN029_2020-03-19,BN029,2020-03-19,2,peak dominant,2020-03-13,2020-03-19,7,0,0.15178359204492864,images/peak_dominant/BN029/2020-03-19.png
BN029_2020-03-20,BN029,2020-03-20,2,peak dominant,2020-03-14,2020-03-20,7,0,0.13209957370145428,images/peak_dominant/BN029/2020-03-20.png
BN029_2020-03-21,BN029,2020-03-21,0,low activity,2020-03-15,2020-03-21,7,0,0.1293148780360822,images/low_activity/BN029/2020-03-21.png
BN029_2020-03-22,BN029,2020-03-22,0,low activity,2020-03-16,2020-03-22,7,0,0.12882541224631233,images/low_activity/BN029/2020-03-22.png
BN029_2020-03-23,BN029,2020-03-23,1,typical,2020-03-17,2020-03-23,7,0,0.1313627229583207,images/typical/BN029/2020-03-23.png
BN029_2020-03-24,BN029,2020-03-24,1,typical,2020-03-18,2020-03-24,7,0,0.12798099346004124,images/typical/BN029/2020-03-24.png
BN029_2020-03-25,BN029,2020-03-25,1,typical,2020-03-19,2020-03-25,7,0,0.1283334957161371,images/typical/BN029/2020-03-25.png
BN029_2020-03-26,BN029,2020-03-26,1,typical,2020-03-20,2020-03-26,7,0,0.17644331092323462,images/typical/BN029/2020-03-26.png
BN029_2020-03-27,BN029,2020-03-27,2,peak dominant,2020-03-21,2020-03-27,7,0,0.1579891891343627,images/peak_dominant/BN029/2020-03-27.png
BN029_2020-03-28,BN029,2020-03-28,1,typical,2020-03-22,2020-03-28,7,0,0.20532835044507655,images/typical/BN029/2020-03-28.png
BN029_2020-03-29,BN029,2020-03-29,1,typical,2020-03-23,2020-03-29,7,0,0.19533077580060615,images/typical/BN029/2020-03-29.png
BN029_2020-03-30,BN029,2020-03-30,2,peak dominant,2020-03-24,2020-03-30,7,0,0.17156056026262725,images/peak_dominant/BN029/2020-03-30.png
BN029_2020-03-31,BN029,2020-03-31,1,typical,2020-03-25,2020-03-31,7,0,0.16537672121496544,images/typical/BN029/2020-03-31.png
BN029_2020-04-01,BN029,2020-04-01,1,typical,2020-03-26,2020-04-01,7,0,0.15511993635763047,images/typical/BN029/2020-04-01.png
BN029_2020-04-02,BN029,2020-04-02,1,typical,2020-03-27,2020-04-02,7,0,0.13915453432964695,images/typical/BN029/2020-04-02.png
BN029_2020-04-03,BN029,2020-04-03,1,typical,2020-03-28,2020-04-03,7,0,0.25545570687900604,images/typical/BN029/2020-04-03.png
BN029_2020-04-04,BN029,2020-04-04,0,low activity,2020-03-29,2020-04-04,7,0,0.20963351482893797,images/low_activity/BN029/2020-04-04.png
BN029_2020-04-05,BN029,2020-04-05,0,low activity,2020-03-30,2020-04-05,7,0,0.18271908490205266,images/low_activity/BN029/2020-04-05.png
BN029_2020-04-06,BN029,2020-04-06,1,typical,2020-03-31,2020-04-06,7,0,0.1688724148214704,images/typical/BN029/2020-04-06.png
BN029_2020-04-07,BN029,2020-04-07,1,typical,2020-04-01,2020-04-07,7,0,0.14122404060317661,images/typical/BN029/2020-04-07.png
BN029_2020-04-08,BN029,2020-04-08,1,typical,2020-04-02,2020-04-08,7,0,0.13663736893029502,images/typical/BN029/2020-04-08.png
BN029_2020-04-09,BN029,2020-04-09,1,typical,2020-04-03,2020-04-09,7,0,0.13541443680877577,images/typical/BN029/2020-04-09.png
BN029_2020-04-10,BN029,2020-04-10,1,typical,2020-04-04,2020-04-10,7,0,0.15740000938717247,images/typical/BN029/2020-04-10.png
BN029_2020-04-11,BN029,2020-04-11,0,low activity,2020-04-05,2020-04-11,7,0,0.15929973220825377,images/low_activity/BN029/2020-04-11.png
BN029_2020-04-12,BN029,2020-04-12,0,low activity,2020-04-06,2020-04-12,7,0,0.16633965933788783,images/low_activity/BN029/2020-04-12.png
BN029_2020-04-13,BN029,2020-04-13,1,typical,2020-04-07,2020-04-13,7,0,0.1275942328499247,images/typical/BN029/2020-04-13.png
BN029_2020-04-14,BN029,2020-04-14,1,typical,2020-04-08,2020-04-14,7,0,0.11261448712834769,images/typical/BN029/2020-04-14.png
BN029_2020-04-15,BN029,2020-04-15,1,typical,2020-04-09,2020-04-15,7,0,0.14503006723684447,images/typical/BN029/2020-04-15.png
BN029_2020-04-16,BN029,2020-04-16,1,typical,2020-04-10,2020-04-16,7,0,0.14566603493968758,images/typical/BN029/2020-04-16.png
BN029_2020-04-17,BN029,2020-04-17,1,typical,2020-04-11,2020-04-17,7,0,0.1306525601262485,images/typical/BN029/2020-04-17.png
BN029_2020-04-18,BN029,2020-04-18,0,low activity,2020-04-12,2020-04-18,7,0,0.1342551115738361,images/low_activity/BN029/2020-04-18.png
BN029_2020-04-19,BN029,2020-04-19,0,low activity,2020-04-13,2020-04-19,7,0,0.12707754430071866,images/low_activity/BN029/2020-04-19.png
BN029_2020-04-20,BN029,2020-04-20,1,typical,2020-04-14,2020-04-20,7,0,0.1040483568142716,images/typical/BN029/2020-04-20.png
BN029_2020-04-21,BN029,2020-04-21,1,typical,2020-04-15,2020-04-21,7,0,0.1236763249511483,images/typical/BN029/2020-04-21.png
BN029_2020-04-22,BN029,2020-04-22,1,typical,2020-04-16,2020-04-22,7,0,0.16332978834009756,images/typical/BN029/2020-04-22.png
BN029_2020-04-23,BN029,2020-04-23,1,typical,2020-04-17,2020-04-23,7,0,0.14872170336027662,images/typical/BN029/2020-04-23.png
BN029_2020-04-24,BN029,2020-04-24,1,typical,2020-04-18,2020-04-24,7,0,0.14328223151745836,images/typical/BN029/2020-04-24.png
BN029_2020-04-25,BN029,2020-04-25,0,low activity,2020-04-19,2020-04-25,7,0,0.1820790348239224,images/low_activity/BN029/2020-04-25.png
BN029_2020-04-26,BN029,2020-04-26,0,low activity,2020-04-20,2020-04-26,7,0,0.1533179914327206,images/low_activity/BN029/2020-04-26.png
BN029_2020-04-27,BN029,2020-04-27,1,typical,2020-04-21,2020-04-27,7,0,0.15336247309367454,images/typical/BN029/2020-04-27.png
BN029_2020-04-28,BN029,2020-04-28,1,typical,2020-04-22,2020-04-28,7,0,0.15590664888835423,images/typical/BN029/2020-04-28.png
BN029_2020-04-29,BN029,2020-04-29,1,typical,2020-04-23,2020-04-29,7,0,0.1528178967094281,images/typical/BN029/2020-04-29.png
BN029_2020-04-30,BN029,2020-04-30,1,typical,2020-04-24,2020-04-30,7,0,0.1552169083486413,images/typical/BN029/2020-04-30.png
BN029_2020-05-01,BN029,2020-05-01,1,typical,2020-04-25,2020-05-01,7,0,0.20830328782268845,images/typical/BN029/2020-05-01.png
BN029_2020-05-02,BN029,2020-05-02,0,low activity,2020-04-26,2020-05-02,7,0,0.24001521327311282,images/low_activity/BN029/2020-05-02.png
BN029_2020-05-03,BN029,2020-05-03,0,low activity,2020-04-27,2020-05-03,7,0,0.23918632575422175,images/low_activity/BN029/2020-05-03.png
BN029_2020-05-04,BN029,2020-05-04,1,typical,2020-04-28,2020-05-04,7,0,0.2528487395821548,images/typical/BN029/2020-05-04.png
BN029_2020-05-05,BN029,2020-05-05,1,typical,2020-04-29,2020-05-05,7,0,0.2714199843242869,images/typical/BN029/2020-05-05.png
BN029_2020-05-06,BN029,2020-05-06,1,typical,2020-04-30,2020-05-06,7,0,0.29372262316175834,images/typical/BN029/2020-05-06.png
BN029_2020-05-07,BN029,2020-05-07,1,typical,2020-05-01,2020-05-07,7,0,0.30481620502580925,images/typical/BN029/2020-05-07.png
BN029_2020-05-08,BN029,2020-05-08,1,typical,2020-05-02,2020-05-08,7,0,0.17662221995523641,images/typical/BN029/2020-05-08.png
BN029_2020-05-09,BN029,2020-05-09,0,low activity,2020-05-03,2020-05-09,7,0,0.17506806785296208,images/low_activity/BN029/2020-05-09.png
BN029_2020-05-10,BN029,2020-05-10,0,low activity,2020-05-04,2020-05-10,7,0,0.1737191672748998,images/low_activity/BN029/2020-05-10.png
BN029_2020-05-11,BN029,2020-05-11,1,typical,2020-05-05,2020-05-11,7,0,0.174431788734998,images/typical/BN029/2020-05-11.png
BN029_2020-05-12,BN029,2020-05-12,1,typical,2020-05-06,2020-05-12,7,0,0.1704186603838492,images/typical/BN029/2020-05-12.png
BN029_2020-05-13,BN029,2020-05-13,1,typical,2020-05-07,2020-05-13,7,0,0.16446243418719422,images/typical/BN029/2020-05-13.png
BN029_2020-05-14,BN029,2020-05-14,1,typical,2020-05-08,2020-05-14,7,0,0.1537917634776513,images/typical/BN029/2020-05-14.png
BN029_2020-05-15,BN029,2020-05-15,1,typical,2020-05-09,2020-05-15,7,0,0.13400507868947795,images/typical/BN029/2020-05-15.png
BN029_2020-05-16,BN029,2020-05-16,0,low activity,2020-05-10,2020-05-16,7,0,0.1318681221741385,images/low_activity/BN029/2020-05-16.png
BN029_2020-05-17,BN029,2020-05-17,0,low activity,2020-05-11,2020-05-17,7,0,0.13296901174248682,images/low_activity/BN029/2020-05-17.png
BN029_2020-05-18,BN029,2020-05-18,1,typical,2020-05-12,2020-05-18,7,0,0.1254737362040053,images/typical/BN029/2020-05-18.png
BN029_2020-05-19,BN029,2020-05-19,1,typical,2020-05-13,2020-05-19,7,0,0.13148357008218758,images/typical/BN029/2020-05-19.png
BN029_2020-05-20,BN029,2020-05-20,1,typical,2020-05-14,2020-05-20,7,0,0.13684569599292307,images/typical/BN029/2020-05-20.png
BN029_2020-05-21,BN029,2020-05-21,1,typical,2020-05-15,2020-05-21,7,0,0.15232324572203743,images/typical/BN029/2020-05-21.png
BN029_2020-05-22,BN029,2020-05-22,1,typical,2020-05-16,2020-05-22,7,0,0.15902228231218724,images/typical/BN029/2020-05-22.png
BN029_2020-05-23,BN029,2020-05-23,0,low activity,2020-05-17,2020-05-23,7,0,0.17432043135976302,images/low_activity/BN029/2020-05-23.png
BN029_2020-05-24,BN029,2020-05-24,0,low activity,2020-05-18,2020-05-24,7,0,0.1682781398114497,images/low_activity/BN029/2020-05-24.png
BN029_2020-05-25,BN029,2020-05-25,1,typical,2020-05-19,2020-05-25,7,0,0.1720014324415016,images/typical/BN029/2020-05-25.png
BN029_2020-05-26,BN029,2020-05-26,1,typical,2020-05-20,2020-05-26,7,0,0.18228138779136585,images/typical/BN029/2020-05-26.png
BN029_2020-05-27,BN029,2020-05-27,1,typical,2020-05-21,2020-05-27,7,0,0.1700448574838444,images/typical/BN029/2020-05-27.png
BN029_2020-05-28,BN029,2020-05-28,1,typical,2020-05-22,2020-05-28,7,0,0.1698600504195119,images/typical/BN029/2020-05-28.png
BN029_2020-05-29,BN029,2020-05-29,1,typical,2020-05-23,2020-05-29,7,0,0.16044545772266297,images/typical/BN029/2020-05-29.png
BN029_2020-05-30,BN029,2020-05-30,0,low activity,2020-05-24,2020-05-30,7,0,0.17428560759258374,images/low_activity/BN029/2020-05-30.png
BN029_2020-05-31,BN029,2020-05-31,0,low activity,2020-05-25,2020-05-31,7,0,0.16493184003631745,images/low_activity/BN029/2020-05-31.png
BN029_2020-06-01,BN029,2020-06-01,1,typical,2020-05-26,2020-06-01,7,0,0.1966615088593424,images/typical/BN029/2020-06-01.png
BN029_2020-06-02,BN029,2020-06-02,1,typical,2020-05-27,2020-06-02,7,0,0.1487962954968515,images/typical/BN029/2020-06-02.png
BN029_2020-06-03,BN029,2020-06-03,1,typical,2020-05-28,2020-06-03,7,0,0.1329756111579584,images/typical/BN029/2020-06-03.png
BN029_2020-06-04,BN029,2020-06-04,1,typical,2020-05-29,2020-06-04,7,0,0.13386000923486566,images/typical/BN029/2020-06-04.png
BN029_2020-06-05,BN029,2020-06-05,1,typical,2020-05-30,2020-06-05,7,0,0.15720199560024758,images/typical/BN029/2020-06-05.png
BN029_2020-06-06,BN029,2020-06-06,0,low activity,2020-05-31,2020-06-06,7,0,0.16185674323814067,images/low_activity/BN029/2020-06-06.png
BN029_2020-06-07,BN029,2020-06-07,0,low activity,2020-06-01,2020-06-07,7,0,0.15486602789754372,images/low_activity/BN029/2020-06-07.png
BN029_2020-06-08,BN029,2020-06-08,1,typical,2020-06-02,2020-06-08,7,0,0.15761222588235815,images/typical/BN029/2020-06-08.png
BN029_2020-06-09,BN029,2020-06-09,1,typical,2020-06-03,2020-06-09,7,0,0.14373850360052165,images/typical/BN029/2020-06-09.png
BN029_2020-06-10,BN029,2020-06-10,1,typical,2020-06-04,2020-06-10,7,0,0.16768691519587745,images/typical/BN029/2020-06-10.png
BN029_2020-06-11,BN029,2020-06-11,1,typical,2020-06-05,2020-06-11,7,0,0.1623959115385582,images/typical/BN029/2020-06-11.png
BN029_2020-06-12,BN029,2020-06-12,1,typical,2020-06-06,2020-06-12,7,0,0.16329695509467973,images/typical/BN029/2020-06-12.png
BN029_2020-06-13,BN029,2020-06-13,1,typical,2020-06-07,2020-06-13,7,0,0.1976560852226757,images/typical/BN029/2020-06-13.png
BN029_2020-06-14,BN029,2020-06-14,1,typical,2020-06-08,2020-06-14,7,0,0.19376556710711235,images/typical/BN029/2020-06-14.png
BN029_2020-06-15,BN029,2020-06-15,1,typical,2020-06-09,2020-06-15,7,0,0.36487619167363333,images/typical/BN029/2020-06-15.png
BN029_2020-06-16,BN029,2020-06-16,1,typical,2020-06-10,2020-06-16,7,0,0.27772057894579716,images/typical/BN029/2020-06-16.png
BN029_2020-06-17,BN029,2020-06-17,1,typical,2020-06-11,2020-06-17,7,0,0.27919460441225735,images/typical/BN029/2020-06-17.png
BN029_2020-06-18,BN029,2020-06-18,1,typical,2020-06-12,2020-06-18,7,0,0.2988206947412002,images/typical/BN029/2020-06-18.png
BN029_2020-06-19,BN029,2020-06-19,1,typical,2020-06-13,2020-06-19,7,0,0.2932069289492741,images/typical/BN029/2020-06-19.png
BN029_2020-06-20,BN029,2020-06-20,1,typical,2020-06-14,2020-06-20,7,0,0.30255392480427734,images/typical/BN029/2020-06-20.png
BN029_2020-06-21,BN029,2020-06-21,1,typical,2020-06-15,2020-06-21,7,0,0.32263472525520803,images/typical/BN029/2020-06-21.png
BN029_2020-06-22,BN029,2020-06-22,1,typical,2020-06-16,2020-06-22,7,0,0.149310083946466,images/typical/BN029/2020-06-22.png
BN029_2020-06-23,BN029,2020-06-23,1,typical,2020-06-17,2020-06-23,7,0,0.13920189402088945,images/typical/BN029/2020-06-23.png
BN029_2020-06-24,BN029,2020-06-24,1,typical,2020-06-18,2020-06-24,7,0,0.1396626094424887,images/typical/BN029/2020-06-24.png
BN029_2020-06-25,BN029,2020-06-25,1,typical,2020-06-19,2020-06-25,7,0,0.1376208878998331,images/typical/BN029/2020-06-25.png
BN029_2020-06-26,BN029,2020-06-26,1,typical,2020-06-20,2020-06-26,7,0,0.13787077342216622,images/typical/BN029/2020-06-26.png
BN029_2020-06-27,BN029,2020-06-27,0,low activity,2020-06-21,2020-06-27,7,0,0.15186739045666808,images/low_activity/BN029/2020-06-27.png
BN029_2020-06-28,BN029,2020-06-28,0,low activity,2020-06-22,2020-06-28,7,0,0.13739714995720645,images/low_activity/BN029/2020-06-28.png
BN029_2020-06-29,BN029,2020-06-29,1,typical,2020-06-23,2020-06-29,7,0,0.1480356750287603,images/typical/BN029/2020-06-29.png
BN029_2020-06-30,BN029,2020-06-30,1,typical,2020-06-24,2020-06-30,7,0,0.1698042446507887,images/typical/BN029/2020-06-30.png
BN045_2019-07-31,BN045,2019-07-31,1,typical,2019-07-25,2019-07-31,7,0,0.1525546488975373,images/typical/BN045/2019-07-31.png
BN045_2019-08-01,BN045,2019-08-01,1,typical,2019-07-26,2019-08-01,7,0,0.11471366271387835,images/typical/BN045/2019-08-01.png
BN045_2019-08-02,BN045,2019-08-02,1,typical,2019-07-27,2019-08-02,7,0,0.1366424340596129,images/typical/BN045/2019-08-02.png
BN045_2019-08-03,BN045,2019-08-03,1,typical,2019-07-28,2019-08-03,7,0,0.43947427287660007,images/typical/BN045/2019-08-03.png
BN045_2019-08-04,BN045,2019-08-04,1,typical,2019-07-29,2019-08-04,7,0,0.30335421665782025,images/typical/BN045/2019-08-04.png
BN045_2019-08-05,BN045,2019-08-05,1,typical,2019-07-30,2019-08-05,7,0,0.3620067467697602,images/typical/BN045/2019-08-05.png
BN045_2019-08-06,BN045,2019-08-06,1,typical,2019-07-31,2019-08-06,7,0,0.36775138982655164,images/typical/BN045/2019-08-06.png
BN045_2019-08-07,BN045,2019-08-07,1,typical,2019-08-01,2019-08-07,7,0,0.37398580352309135,images/typical/BN045/2019-08-07.png
BN045_2019-08-08,BN045,2019-08-08,1,typical,2019-08-02,2019-08-08,7,0,0.3050400928626539,images/typical/BN045/2019-08-08.png
BN045_2019-08-09,BN045,2019-08-09,1,typical,2019-08-03,2019-08-09,7,0,0.37150761733866705,images/typical/BN045/2019-08-09.png
BN045_2019-08-10,BN045,2019-08-10,1,typical,2019-08-04,2019-08-10,7,0,0.19676164902370138,images/typical/BN045/2019-08-10.png
BN045_2019-08-11,BN045,2019-08-11,1,typical,2019-08-05,2019-08-11,7,0,0.20418535068016683,images/typical/BN045/2019-08-11.png
BN045_2019-08-12,BN045,2019-08-12,1,typical,2019-08-06,2019-08-12,7,0,0.2587589302694924,images/typical/BN045/2019-08-12.png
BN045_2019-08-13,BN045,2019-08-13,1,typical,2019-08-07,2019-08-13,7,0,0.16710313408526786,images/typical/BN045/2019-08-13.png
BN045_2019-08-14,BN045,2019-08-14,1,typical,2019-08-08,2019-08-14,7,0,0.10094952338689894,images/typical/BN045/2019-08-14.png
BN045_2019-08-15,BN045,2019-08-15,1,typical,2019-08-09,2019-08-15,7,0,0.10637906092830221,images/typical/BN045/2019-08-15.png
BN045_2019-08-16,BN045,2019-08-16,1,typical,2019-08-10,2019-08-16,7,0,0.16334016012623653,images/typical/BN045/2019-08-16.png
BN045_2019-08-17,BN045,2019-08-17,1,typical,2019-08-11,2019-08-17,7,0,0.5318373144103967,images/typical/BN045/2019-08-17.png
BN045_2019-08-18,BN045,2019-08-18,1,typical,2019-08-12,2019-08-18,7,0,0.3842780369321205,images/typical/BN045/2019-08-18.png
BN045_2019-08-19,BN045,2019-08-19,1,typical,2019-08-13,2019-08-19,7,0,0.4303380952143827,images/typical/BN045/2019-08-19.png
BN045_2019-08-20,BN045,2019-08-20,1,typical,2019-08-14,2019-08-20,7,0,0.41001827583348416,images/typical/BN045/2019-08-20.png
BN045_2019-08-21,BN045,2019-08-21,1,typical,2019-08-15,2019-08-21,7,0,0.4034405734682451,images/typical/BN045/2019-08-21.png
BN045_2019-08-22,BN045,2019-08-22,1,typical,2019-08-16,2019-08-22,7,0,0.437087758346001,images/typical/BN045/2019-08-22.png
BN045_2019-08-23,BN045,2019-08-23,1,typical,2019-08-17,2019-08-23,7,0,0.41569876764775116,images/typical/BN045/2019-08-23.png
BN045_2019-08-24,BN045,2019-08-24,1,typical,2019-08-18,2019-08-24,7,0,0.5165274031391769,images/typical/BN045/2019-08-24.png
BN045_2019-08-25,BN045,2019-08-25,1,typical,2019-08-19,2019-08-25,7,0,0.352959785375173,images/typical/BN045/2019-08-25.png
BN045_2019-08-26,BN045,2019-08-26,1,typical,2019-08-20,2019-08-26,7,0,0.43866266592688924,images/typical/BN045/2019-08-26.png
BN045_2019-08-27,BN045,2019-08-27,1,typical,2019-08-21,2019-08-27,7,0,0.49865443508811974,images/typical/BN045/2019-08-27.png
BN045_2019-08-28,BN045,2019-08-28,1,typical,2019-08-22,2019-08-28,7,0,0.5462445352050316,images/typical/BN045/2019-08-28.png
BN045_2019-08-29,BN045,2019-08-29,1,typical,2019-08-23,2019-08-29,7,0,0.4965521065276032,images/typical/BN045/2019-08-29.png
BN045_2019-08-30,BN045,2019-08-30,1,typical,2019-08-24,2019-08-30,7,0,0.48474970336984374,images/typical/BN045/2019-08-30.png
BN045_2019-08-31,BN045,2019-08-31,1,typical,2019-08-25,2019-08-31,7,0,0.49889292347209757,images/typical/BN045/2019-08-31.png
BN045_2019-09-01,BN045,2019-09-01,1,typical,2019-08-26,2019-09-01,7,0,0.4658839422982883,images/typical/BN045/2019-09-01.png
BN045_2019-09-02,BN045,2019-09-02,1,typical,2019-08-27,2019-09-02,7,0,0.265237059683839,images/typical/BN045/2019-09-02.png
BN045_2019-09-03,BN045,2019-09-03,1,typical,2019-08-28,2019-09-03,7,0,0.29621337559683386,images/typical/BN045/2019-09-03.png
BN045_2019-09-04,BN045,2019-09-04,1,typical,2019-08-29,2019-09-04,7,0,0.32329235746977397,images/typical/BN045/2019-09-04.png
BN045_2019-09-05,BN045,2019-09-05,1,typical,2019-08-30,2019-09-05,7,0,0.3080026300744036,images/typical/BN045/2019-09-05.png
BN045_2019-09-06,BN045,2019-09-06,1,typical,2019-08-31,2019-09-06,7,0,0.2984458109498791,images/typical/BN045/2019-09-06.png
BN045_2019-09-07,BN045,2019-09-07,1,typical,2019-09-01,2019-09-07,7,0,0.22027930228426368,images/typical/BN045/2019-09-07.png
BN045_2019-09-08,BN045,2019-09-08,1,typical,2019-09-02,2019-09-08,7,0,0.24907997967812653,images/typical/BN045/2019-09-08.png
BN045_2019-09-09,BN045,2019-09-09,1,typical,2019-09-03,2019-09-09,7,0,0.19973374233308333,images/typical/BN045/2019-09-09.png
BN045_2019-09-10,BN045,2019-09-10,1,typical,2019-09-04,2019-09-10,7,0,0.2012292890089646,images/typical/BN045/2019-09-10.png
BN045_2019-09-11,BN045,2019-09-11,1,typical,2019-09-05,2019-09-11,7,0,0.21022850113228295,images/typical/BN045/2019-09-11.png
BN045_2019-09-12,BN045,2019-09-12,1,typical,2019-09-06,2019-09-12,7,0,0.2218978203411619,images/typical/BN045/2019-09-12.png
BN045_2019-09-13,BN045,2019-09-13,1,typical,2019-09-07,2019-09-13,7,0,0.1920317307121098,images/typical/BN045/2019-09-13.png
BN045_2019-09-14,BN045,2019-09-14,1,typical,2019-09-08,2019-09-14,7,0,0.21389299279292395,images/typical/BN045/2019-09-14.png
BN045_2019-09-15,BN045,2019-09-15,1,typical,2019-09-09,2019-09-15,7,0,0.21395582435651464,images/typical/BN045/2019-09-15.png
BN045_2019-09-16,BN045,2019-09-16,1,typical,2019-09-10,2019-09-16,7,0,0.21036077523529978,images/typical/BN045/2019-09-16.png
BN045_2019-09-17,BN045,2019-09-17,1,typical,2019-09-11,2019-09-17,7,0,0.22147973607391175,images/typical/BN045/2019-09-17.png
BN045_2019-09-18,BN045,2019-09-18,1,typical,2019-09-12,2019-09-18,7,0,0.22959002255286182,images/typical/BN045/2019-09-18.png
BN045_2019-09-19,BN045,2019-09-19,1,typical,2019-09-13,2019-09-19,7,0,0.2241638724050382,images/typical/BN045/2019-09-19.png
BN045_2019-09-20,BN045,2019-09-20,1,typical,2019-09-14,2019-09-20,7,0,0.23196715677882454,images/typical/BN045/2019-09-20.png
BN045_2019-09-21,BN045,2019-09-21,1,typical,2019-09-15,2019-09-21,7,0,0.25567669258538644,images/typical/BN045/2019-09-21.png
BN045_2019-09-22,BN045,2019-09-22,1,typical,2019-09-16,2019-09-22,7,0,0.25174239688921324,images/typical/BN045/2019-09-22.png
BN045_2019-09-23,BN045,2019-09-23,1,typical,2019-09-17,2019-09-23,7,0,0.27505130686783047,images/typical/BN045/2019-09-23.png
BN045_2019-09-24,BN045,2019-09-24,1,typical,2019-09-18,2019-09-24,7,0,0.21250396979338712,images/typical/BN045/2019-09-24.png
BN045_2019-09-25,BN045,2019-09-25,1,typical,2019-09-19,2019-09-25,7,0,0.2334595570918283,images/typical/BN045/2019-09-25.png
BN045_2019-09-26,BN045,2019-09-26,1,typical,2019-09-20,2019-09-26,7,0,0.2682986713587941,images/typical/BN045/2019-09-26.png
BN045_2019-09-27,BN045,2019-09-27,1,typical,2019-09-21,2019-09-27,7,0,0.2512337737980703,images/typical/BN045/2019-09-27.png
BN045_2019-09-28,BN045,2019-09-28,1,typical,2019-09-22,2019-09-28,7,0,0.35714935793497476,images/typical/BN045/2019-09-28.png
BN045_2019-09-29,BN045,2019-09-29,1,typical,2019-09-23,2019-09-29,7,0,0.30763568396760405,images/typical/BN045/2019-09-29.png
BN045_2019-09-30,BN045,2019-09-30,1,typical,2019-09-24,2019-09-30,7,0,0.31127441600726785,images/typical/BN045/2019-09-30.png
BN045_2019-10-01,BN045,2019-10-01,1,typical,2019-09-25,2019-10-01,7,0,0.3105677292689137,images/typical/BN045/2019-10-01.png
BN045_2019-10-02,BN045,2019-10-02,1,typical,2019-09-26,2019-10-02,7,0,0.29186816451709025,images/typical/BN045/2019-10-02.png
BN045_2019-10-03,BN045,2019-10-03,1,typical,2019-09-27,2019-10-03,7,0,0.2668958686564491,images/typical/BN045/2019-10-03.png
BN045_2019-10-04,BN045,2019-10-04,1,typical,2019-09-28,2019-10-04,7,0,0.25345027382897145,images/typical/BN045/2019-10-04.png
BN045_2019-10-05,BN045,2019-10-05,1,typical,2019-09-29,2019-10-05,7,0,0.24894796152352924,images/typical/BN045/2019-10-05.png
BN045_2019-10-06,BN045,2019-10-06,1,typical,2019-09-30,2019-10-06,7,0,0.21349781389355285,images/typical/BN045/2019-10-06.png
BN045_2019-10-07,BN045,2019-10-07,1,typical,2019-10-01,2019-10-07,7,0,0.2724533661837295,images/typical/BN045/2019-10-07.png
BN045_2019-10-08,BN045,2019-10-08,1,typical,2019-10-02,2019-10-08,7,0,0.29872756442527026,images/typical/BN045/2019-10-08.png
BN045_2019-10-09,BN045,2019-10-09,1,typical,2019-10-03,2019-10-09,7,0,0.3175188930696304,images/typical/BN045/2019-10-09.png
BN045_2019-10-10,BN045,2019-10-10,1,typical,2019-10-04,2019-10-10,7,0,0.35052266771591245,images/typical/BN045/2019-10-10.png
BN045_2019-10-11,BN045,2019-10-11,1,typical,2019-10-05,2019-10-11,7,0,0.3811001064990303,images/typical/BN045/2019-10-11.png
BN045_2019-10-12,BN045,2019-10-12,1,typical,2019-10-06,2019-10-12,7,0,0.2882053015859828,images/typical/BN045/2019-10-12.png
BN045_2019-10-13,BN045,2019-10-13,1,typical,2019-10-07,2019-10-13,7,0,0.2477775000383059,images/typical/BN045/2019-10-13.png
BN045_2019-10-14,BN045,2019-10-14,1,typical,2019-10-08,2019-10-14,7,0,0.33032262247427757,images/typical/BN045/2019-10-14.png
BN045_2019-10-15,BN045,2019-10-15,1,typical,2019-10-09,2019-10-15,7,0,0.31526792275736126,images/typical/BN045/2019-10-15.png
BN045_2019-10-16,BN045,2019-10-16,1,typical,2019-10-10,2019-10-16,7,0,0.32081030064917343,images/typical/BN045/2019-10-16.png
BN045_2019-10-17,BN045,2019-10-17,1,typical,2019-10-11,2019-10-17,7,0,0.4085472650594111,images/typical/BN045/2019-10-17.png
BN045_2019-10-18,BN045,2019-10-18,1,typical,2019-10-12,2019-10-18,7,0,0.4675448041664705,images/typical/BN045/2019-10-18.png
BN045_2019-10-19,BN045,2019-10-19,1,typical,2019-10-13,2019-10-19,7,0,0.40066705473299147,images/typical/BN045/2019-10-19.png
BN045_2019-10-20,BN045,2019-10-20,1,typical,2019-10-14,2019-10-20,7,0,0.31507382824274893,images/typical/BN045/2019-10-20.png
BN045_2019-10-21,BN045,2019-10-21,1,typical,2019-10-15,2019-10-21,7,0,0.3320834491167503,images/typical/BN045/2019-10-21.png
BN045_2019-10-22,BN045,2019-10-22,1,typical,2019-10-16,2019-10-22,7,0,0.4715288774162143,images/typical/BN045/2019-10-22.png
BN045_2019-10-23,BN045,2019-10-23,1,typical,2019-10-17,2019-10-23,7,0,0.5186569475575281,images/typical/BN045/2019-10-23.png
BN045_2019-10-24,BN045,2019-10-24,1,typical,2019-10-18,2019-10-24,7,0,0.2913554833884459,images/typical/BN045/2019-10-24.png
BN045_2019-10-25,BN045,2019-10-25,1,typical,2019-10-19,2019-10-25,7,0,0.36331521260686905,images/typical/BN045/2019-10-25.png
BN045_2019-10-26,BN045,2019-10-26,1,typical,2019-10-20,2019-10-26,7,0,0.2825004601373524,images/typical/BN045/2019-10-26.png
BN045_2019-10-27,BN045,2019-10-27,1,typical,2019-10-21,2019-10-27,7,0,0.31974781361472615,images/typical/BN045/2019-10-27.png
BN045_2019-10-28,BN045,2019-10-28,1,typical,2019-10-22,2019-10-28,7,0,0.2986915205133802,images/typical/BN045/2019-10-28.png
BN045_2019-10-29,BN045,2019-10-29,1,typical,2019-10-23,2019-10-29,7,0,0.31149258283958353,images/typical/BN045/2019-10-29.png
BN045_2019-10-30,BN045,2019-10-30,1,typical,2019-10-24,2019-10-30,7,0,0.30877617522140494,images/typical/BN045/2019-10-30.png
BN045_2019-10-31,BN045,2019-10-31,1,typical,2019-10-25,2019-10-31,7,0,0.36346390048414917,images/typical/BN045/2019-10-31.png
BN045_2019-11-01,BN045,2019-11-01,1,typical,2019-10-26,2019-11-01,7,0,0.33492605940430936,images/typical/BN045/2019-11-01.png
BN045_2019-11-02,BN045,2019-11-02,1,typical,2019-10-27,2019-11-02,7,0,0.25076989953389633,images/typical/BN045/2019-11-02.png
BN045_2019-11-03,BN045,2019-11-03,1,typical,2019-10-28,2019-11-03,7,0,0.30754218591456517,images/typical/BN045/2019-11-03.png
BN045_2019-11-04,BN045,2019-11-04,1,typical,2019-10-29,2019-11-04,7,0,0.28850491841278014,images/typical/BN045/2019-11-04.png
BN045_2019-11-05,BN045,2019-11-05,1,typical,2019-10-30,2019-11-05,7,0,0.34897679770372775,images/typical/BN045/2019-11-05.png
BN045_2019-11-06,BN045,2019-11-06,1,typical,2019-10-31,2019-11-06,7,0,0.2768012538252254,images/typical/BN045/2019-11-06.png
BN045_2019-11-07,BN045,2019-11-07,1,typical,2019-11-01,2019-11-07,7,0,0.20850272326080357,images/typical/BN045/2019-11-07.png
BN045_2019-11-08,BN045,2019-11-08,1,typical,2019-11-02,2019-11-08,7,0,0.22733176289539408,images/typical/BN045/2019-11-08.png
BN045_2019-11-09,BN045,2019-11-09,1,typical,2019-11-03,2019-11-09,7,0,0.413152597230627,images/typical/BN045/2019-11-09.png
BN045_2019-11-10,BN045,2019-11-10,1,typical,2019-11-04,2019-11-10,7,0,0.30501868810032784,images/typical/BN045/2019-11-10.png
BN045_2019-11-11,BN045,2019-11-11,1,typical,2019-11-05,2019-11-11,7,0,0.37027917223579593,images/typical/BN045/2019-11-11.png
BN045_2019-11-12,BN045,2019-11-12,1,typical,2019-11-06,2019-11-12,7,0,0.4134064176468027,images/typical/BN045/2019-11-12.png
BN045_2019-11-13,BN045,2019-11-13,1,typical,2019-11-07,2019-11-13,7,0,0.4293876458309276,images/typical/BN045/2019-11-13.png
BN045_2019-11-14,BN045,2019-11-14,1,typical,2019-11-08,2019-11-14,7,0,0.4573831135569697,images/typical/BN045/2019-11-14.png
BN045_2019-11-15,BN045,2019-11-15,1,typical,2019-11-09,2019-11-15,7,0,0.3993679944242216,images/typical/BN045/2019-11-15.png
BN045_2019-11-16,BN045,2019-11-16,1,typical,2019-11-10,2019-11-16,7,0,0.39315437775219764,images/typical/BN045/2019-11-16.png
BN045_2019-11-17,BN045,2019-11-17,1,typical,2019-11-11,2019-11-17,7,0,0.43646714171003237,images/typical/BN045/2019-11-17.png
BN045_2019-11-18,BN045,2019-11-18,1,typical,2019-11-12,2019-11-18,7,0,0.42322793787813917,images/typical/BN045/2019-11-18.png
BN045_2019-11-19,BN045,2019-11-19,1,typical,2019-11-13,2019-11-19,7,0,0.39363313171145875,images/typical/BN045/2019-11-19.png
BN045_2019-11-20,BN045,2019-11-20,1,typical,2019-11-14,2019-11-20,7,0,0.3356337343545227,images/typical/BN045/2019-11-20.png
BN045_2019-11-21,BN045,2019-11-21,1,typical,2019-11-15,2019-11-21,7,0,0.42126005061887484,images/typical/BN045/2019-11-21.png
BN045_2019-11-22,BN045,2019-11-22,1,typical,2019-11-16,2019-11-22,7,0,0.4429873015106058,images/typical/BN045/2019-11-22.png
BN045_2019-11-23,BN045,2019-11-23,1,typical,2019-11-17,2019-11-23,7,0,0.2409658040252036,images/typical/BN045/2019-11-23.png
BN045_2019-11-24,BN045,2019-11-24,1,typical,2019-11-18,2019-11-24,7,0,0.10622374333637591,images/typical/BN045/2019-11-24.png
BN045_2019-11-25,BN045,2019-11-25,1,typical,2019-11-19,2019-11-25,7,0,0.12833330686068303,images/typical/BN045/2019-11-25.png
BN045_2019-11-26,BN045,2019-11-26,1,typical,2019-11-20,2019-11-26,7,0,0.2463908562696613,images/typical/BN045/2019-11-26.png
BN045_2019-11-27,BN045,2019-11-27,1,typical,2019-11-21,2019-11-27,7,0,0.3444832463295209,images/typical/BN045/2019-11-27.png
BN045_2019-11-28,BN045,2019-11-28,0,low activity,2019-11-22,2019-11-28,7,0,0.4907674396725661,images/low_activity/BN045/2019-11-28.png
BN045_2019-11-29,BN045,2019-11-29,0,low activity,2019-11-23,2019-11-29,7,0,0.14627346123085436,images/low_activity/BN045/2019-11-29.png
BN045_2019-11-30,BN045,2019-11-30,1,typical,2019-11-24,2019-11-30,7,0,0.14616293613964876,images/typical/BN045/2019-11-30.png
BN045_2019-12-01,BN045,2019-12-01,1,typical,2019-11-25,2019-12-01,7,0,0.14604861489188953,images/typical/BN045/2019-12-01.png
BN045_2019-12-02,BN045,2019-12-02,1,typical,2019-11-26,2019-12-02,7,0,0.1394833296782702,images/typical/BN045/2019-12-02.png
BN045_2019-12-03,BN045,2019-12-03,1,typical,2019-11-27,2019-12-03,7,0,0.12940241068197134,images/typical/BN045/2019-12-03.png
BN045_2019-12-04,BN045,2019-12-04,1,typical,2019-11-28,2019-12-04,7,0,0.1261551526992659,images/typical/BN045/2019-12-04.png
BN045_2019-12-05,BN045,2019-12-05,1,typical,2019-11-29,2019-12-05,7,0,0.4360234101703901,images/typical/BN045/2019-12-05.png
BN045_2019-12-06,BN045,2019-12-06,1,typical,2019-11-30,2019-12-06,7,0,0.2647539763166064,images/typical/BN045/2019-12-06.png
BN045_2019-12-07,BN045,2019-12-07,1,typical,2019-12-01,2019-12-07,7,0,0.3483117738521426,images/typical/BN045/2019-12-07.png
BN045_2019-12-08,BN045,2019-12-08,1,typical,2019-12-02,2019-12-08,7,0,0.4453781694865876,images/typical/BN045/2019-12-08.png
BN045_2019-12-09,BN045,2019-12-09,1,typical,2019-12-03,2019-12-09,7,0,0.46892845727244925,images/typical/BN045/2019-12-09.png
BN045_2019-12-10,BN045,2019-12-10,1,typical,2019-12-04,2019-12-10,7,0,0.41031547128722345,images/typical/BN045/2019-12-10.png
BN045_2019-12-11,BN045,2019-12-11,1,typical,2019-12-05,2019-12-11,7,0,0.4197482640982586,images/typical/BN045/2019-12-11.png
BN045_2019-12-12,BN045,2019-12-12,1,typical,2019-12-06,2019-12-12,7,0,0.4706837526941966,images/typical/BN045/2019-12-12.png
BN045_2019-12-13,BN045,2019-12-13,1,typical,2019-12-07,2019-12-13,7,0,0.5348322827354521,images/typical/BN045/2019-12-13.png
BN045_2019-12-14,BN045,2019-12-14,1,typical,2019-12-08,2019-12-14,7,0,0.5158198812739915,images/typical/BN045/2019-12-14.png
BN045_2019-12-15,BN045,2019-12-15,1,typical,2019-12-09,2019-12-15,7,0,0.3196905864918951,images/typical/BN045/2019-12-15.png
BN045_2019-12-16,BN045,2019-12-16,1,typical,2019-12-10,2019-12-16,7,0,0.34800936153072765,images/typical/BN045/2019-12-16.png
BN045_2019-12-17,BN045,2019-12-17,1,typical,2019-12-11,2019-12-17,7,0,0.33625888951527366,images/typical/BN045/2019-12-17.png
BN045_2019-12-18,BN045,2019-12-18,1,typical,2019-12-12,2019-12-18,7,0,0.3213393063236661,images/typical/BN045/2019-12-18.png
BN045_2019-12-19,BN045,2019-12-19,1,typical,2019-12-13,2019-12-19,7,0,0.3135594138795614,images/typical/BN045/2019-12-19.png
BN045_2019-12-20,BN045,2019-12-20,1,typical,2019-12-14,2019-12-20,7,0,0.30517980780227716,images/typical/BN045/2019-12-20.png
BN045_2019-12-21,BN045,2019-12-21,1,typical,2019-12-15,2019-12-21,7,0,0.41773747820057994,images/typical/BN045/2019-12-21.png
BN045_2019-12-22,BN045,2019-12-22,1,typical,2019-12-16,2019-12-22,7,0,0.44235248662019394,images/typical/BN045/2019-12-22.png
BN045_2019-12-23,BN045,2019-12-23,1,typical,2019-12-17,2019-12-23,7,0,0.3597099714885841,images/typical/BN045/2019-12-23.png
BN045_2019-12-24,BN045,2019-12-24,1,typical,2019-12-18,2019-12-24,7,0,0.5754537180217414,images/typical/BN045/2019-12-24.png
BN045_2019-12-25,BN045,2019-12-25,0,low activity,2019-12-19,2019-12-25,7,0,0.16253422426946537,images/low_activity/BN045/2019-12-25.png
BN045_2019-12-26,BN045,2019-12-26,1,typical,2019-12-20,2019-12-26,7,0,0.1616267064947749,images/typical/BN045/2019-12-26.png
BN045_2019-12-27,BN045,2019-12-27,1,typical,2019-12-21,2019-12-27,7,0,0.16181009518222766,images/typical/BN045/2019-12-27.png
BN045_2019-12-28,BN045,2019-12-28,1,typical,2019-12-22,2019-12-28,7,0,0.16440619011630322,images/typical/BN045/2019-12-28.png
BN045_2019-12-29,BN045,2019-12-29,1,typical,2019-12-23,2019-12-29,7,0,0.14945898261594454,images/typical/BN045/2019-12-29.png
BN045_2019-12-30,BN045,2019-12-30,1,typical,2019-12-24,2019-12-30,7,0,0.1525288786433701,images/typical/BN045/2019-12-30.png
BN045_2019-12-31,BN045,2019-12-31,1,typical,2019-12-25,2019-12-31,7,0,0.47303545880727954,images/typical/BN045/2019-12-31.png
BN045_2020-01-01,BN045,2020-01-01,1,typical,2019-12-26,2020-01-01,7,0,0.3451904321274973,images/typical/BN045/2020-01-01.png
BN045_2020-01-02,BN045,2020-01-02,1,typical,2019-12-27,2020-01-02,7,0,0.3050305195469585,images/typical/BN045/2020-01-02.png
BN045_2020-01-03,BN045,2020-01-03,1,typical,2019-12-28,2020-01-03,7,0,0.23086427405506746,images/typical/BN045/2020-01-03.png
BN045_2020-01-04,BN045,2020-01-04,1,typical,2019-12-29,2020-01-04,7,0,0.19784945817205427,images/typical/BN045/2020-01-04.png
BN045_2020-01-05,BN045,2020-01-05,1,typical,2019-12-30,2020-01-05,7,0,0.17887645707377797,images/typical/BN045/2020-01-05.png
BN045_2020-01-06,BN045,2020-01-06,1,typical,2019-12-31,2020-01-06,7,0,0.2353757228744711,images/typical/BN045/2020-01-06.png
BN045_2020-01-07,BN045,2020-01-07,1,typical,2020-01-01,2020-01-07,7,0,0.43219723671216154,images/typical/BN045/2020-01-07.png
BN045_2020-01-08,BN045,2020-01-08,1,typical,2020-01-02,2020-01-08,7,0,0.3872551819890915,images/typical/BN045/2020-01-08.png
BN045_2020-01-09,BN045,2020-01-09,1,typical,2020-01-03,2020-01-09,7,0,0.4243521546204065,images/typical/BN045/2020-01-09.png
BN045_2020-01-10,BN045,2020-01-10,1,typical,2020-01-04,2020-01-10,7,0,0.5138575830340484,images/typical/BN045/2020-01-10.png
BN045_2020-01-11,BN045,2020-01-11,1,typical,2020-01-05,2020-01-11,7,0,0.6505810830273057,images/typical/BN045/2020-01-11.png
BN045_2020-01-12,BN045,2020-01-12,1,typical,2020-01-06,2020-01-12,7,0,0.6498406934035638,images/typical/BN045/2020-01-12.png
BN045_2020-01-13,BN045,2020-01-13,1,typical,2020-01-07,2020-01-13,7,0,0.544964657939988,images/typical/BN045/2020-01-13.png
BN045_2020-01-14,BN045,2020-01-14,1,typical,2020-01-08,2020-01-14,7,0,0.2998721017173009,images/typical/BN045/2020-01-14.png
BN045_2020-01-15,BN045,2020-01-15,1,typical,2020-01-09,2020-01-15,7,0,0.1956039786695407,images/typical/BN045/2020-01-15.png
BN045_2020-01-16,BN045,2020-01-16,1,typical,2020-01-10,2020-01-16,7,0,0.20537919512609312,images/typical/BN045/2020-01-16.png
BN045_2020-01-17,BN045,2020-01-17,1,typical,2020-01-11,2020-01-17,7,0,0.25717919360634955,images/typical/BN045/2020-01-17.png
BN045_2020-01-18,BN045,2020-01-18,1,typical,2020-01-12,2020-01-18,7,0,0.23576338210442735,images/typical/BN045/2020-01-18.png
BN045_2020-01-19,BN045,2020-01-19,1,typical,2020-01-13,2020-01-19,7,0,0.22463218693333065,images/typical/BN045/2020-01-19.png
BN045_2020-01-20,BN045,2020-01-20,1,typical,2020-01-14,2020-01-20,7,0,0.44691525685428957,images/typical/BN045/2020-01-20.png
BN045_2020-01-21,BN045,2020-01-21,1,typical,2020-01-15,2020-01-21,7,0,0.4575278659041094,images/typical/BN045/2020-01-21.png
BN045_2020-01-22,BN045,2020-01-22,1,typical,2020-01-16,2020-01-22,7,0,0.4626645473290362,images/typical/BN045/2020-01-22.png
BN045_2020-01-23,BN045,2020-01-23,1,typical,2020-01-17,2020-01-23,7,0,0.4598170821621489,images/typical/BN045/2020-01-23.png
BN045_2020-01-24,BN045,2020-01-24,1,typical,2020-01-18,2020-01-24,7,0,0.45440932729176803,images/typical/BN045/2020-01-24.png
BN045_2020-01-25,BN045,2020-01-25,1,typical,2020-01-19,2020-01-25,7,0,0.47877653953850163,images/typical/BN045/2020-01-25.png
BN045_2020-01-26,BN045,2020-01-26,1,typical,2020-01-20,2020-01-26,7,0,0.554482429095037,images/typical/BN045/2020-01-26.png
BN045_2020-01-27,BN045,2020-01-27,1,typical,2020-01-21,2020-01-27,7,0,0.30843096165958617,images/typical/BN045/2020-01-27.png
BN045_2020-01-28,BN045,2020-01-28,1,typical,2020-01-22,2020-01-28,7,0,0.3531764002724147,images/typical/BN045/2020-01-28.png
BN045_2020-01-29,BN045,2020-01-29,1,typical,2020-01-23,2020-01-29,7,0,0.2359877561360686,images/typical/BN045/2020-01-29.png
BN045_2020-01-30,BN045,2020-01-30,1,typical,2020-01-24,2020-01-30,7,0,0.2045902069653257,images/typical/BN045/2020-01-30.png
BN045_2020-01-31,BN045,2020-01-31,1,typical,2020-01-25,2020-01-31,7,0,0.15528338024352348,images/typical/BN045/2020-01-31.png
BN045_2020-02-01,BN045,2020-02-01,1,typical,2020-01-26,2020-02-01,7,0,0.14815576225678478,images/typical/BN045/2020-02-01.png
BN045_2020-02-02,BN045,2020-02-02,1,typical,2020-01-27,2020-02-02,7,0,0.17683659967090973,images/typical/BN045/2020-02-02.png
BN045_2020-02-03,BN045,2020-02-03,1,typical,2020-01-28,2020-02-03,7,0,0.16755542864621525,images/typical/BN045/2020-02-03.png
BN045_2020-02-04,BN045,2020-02-04,1,typical,2020-01-29,2020-02-04,7,0,0.16807354888557474,images/typical/BN045/2020-02-04.png
BN045_2020-02-05,BN045,2020-02-05,1,typical,2020-01-30,2020-02-05,7,0,0.17876848660810146,images/typical/BN045/2020-02-05.png
BN045_2020-02-06,BN045,2020-02-06,1,typical,2020-01-31,2020-02-06,7,0,0.15281638961829788,images/typical/BN045/2020-02-06.png
BN045_2020-02-07,BN045,2020-02-07,1,typical,2020-02-01,2020-02-07,7,0,0.15348346568242804,images/typical/BN045/2020-02-07.png
BN045_2020-02-08,BN045,2020-02-08,1,typical,2020-02-02,2020-02-08,7,0,0.4538038526482343,images/typical/BN045/2020-02-08.png
BN045_2020-02-09,BN045,2020-02-09,1,typical,2020-02-03,2020-02-09,7,0,0.31617389072586677,images/typical/BN045/2020-02-09.png
BN045_2020-02-10,BN045,2020-02-10,1,typical,2020-02-04,2020-02-10,7,0,0.5740008369952465,images/typical/BN045/2020-02-10.png
BN045_2020-02-11,BN045,2020-02-11,1,typical,2020-02-05,2020-02-11,7,0,0.45914169273186206,images/typical/BN045/2020-02-11.png
BN045_2020-02-12,BN045,2020-02-12,1,typical,2020-02-06,2020-02-12,7,0,0.37920404994937695,images/typical/BN045/2020-02-12.png
BN045_2020-02-13,BN045,2020-02-13,1,typical,2020-02-07,2020-02-13,7,0,0.3577845785878981,images/typical/BN045/2020-02-13.png
BN045_2020-02-14,BN045,2020-02-14,1,typical,2020-02-08,2020-02-14,7,0,0.38912413809780516,images/typical/BN045/2020-02-14.png
BN045_2020-02-15,BN045,2020-02-15,1,typical,2020-02-09,2020-02-15,7,0,0.25602621094684563,images/typical/BN045/2020-02-15.png
BN045_2020-02-16,BN045,2020-02-16,1,typical,2020-02-10,2020-02-16,7,0,0.21444100396019067,images/typical/BN045/2020-02-16.png
BN045_2020-02-17,BN045,2020-02-17,1,typical,2020-02-11,2020-02-17,7,0,0.16482838927941798,images/typical/BN045/2020-02-17.png
BN045_2020-02-18,BN045,2020-02-18,1,typical,2020-02-12,2020-02-18,7,0,0.20885764689532738,images/typical/BN045/2020-02-18.png
BN045_2020-02-19,BN045,2020-02-19,1,typical,2020-02-13,2020-02-19,7,0,0.25781750137702736,images/typical/BN045/2020-02-19.png
BN045_2020-02-20,BN045,2020-02-20,1,typical,2020-02-14,2020-02-20,7,0,0.2966117831058161,images/typical/BN045/2020-02-20.png
BN045_2020-02-21,BN045,2020-02-21,1,typical,2020-02-15,2020-02-21,7,0,0.3335237376361041,images/typical/BN045/2020-02-21.png
BN045_2020-02-22,BN045,2020-02-22,1,typical,2020-02-16,2020-02-22,7,0,0.5928569717108976,images/typical/BN045/2020-02-22.png
BN045_2020-02-23,BN045,2020-02-23,1,typical,2020-02-17,2020-02-23,7,0,0.3731865515827458,images/typical/BN045/2020-02-23.png
BN045_2020-02-24,BN045,2020-02-24,1,typical,2020-02-18,2020-02-24,7,0,0.3208405234042834,images/typical/BN045/2020-02-24.png
BN045_2020-02-25,BN045,2020-02-25,1,typical,2020-02-19,2020-02-25,7,0,0.285223515247905,images/typical/BN045/2020-02-25.png
BN045_2020-02-26,BN045,2020-02-26,1,typical,2020-02-20,2020-02-26,7,0,0.2518967118549493,images/typical/BN045/2020-02-26.png
BN045_2020-02-27,BN045,2020-02-27,1,typical,2020-02-21,2020-02-27,7,0,0.22715505493175914,images/typical/BN045/2020-02-27.png
BN045_2020-02-28,BN045,2020-02-28,1,typical,2020-02-22,2020-02-28,7,0,0.30446868952123707,images/typical/BN045/2020-02-28.png
BN045_2020-02-29,BN045,2020-02-29,1,typical,2020-02-23,2020-02-29,7,0,0.29972909696868943,images/typical/BN045/2020-02-29.png
BN045_2020-03-01,BN045,2020-03-01,1,typical,2020-02-24,2020-03-01,7,0,0.21614397332797056,images/typical/BN045/2020-03-01.png
BN045_2020-03-02,BN045,2020-03-02,1,typical,2020-02-25,2020-03-02,7,0,0.20005211356646724,images/typical/BN045/2020-03-02.png
BN045_2020-03-03,BN045,2020-03-03,1,typical,2020-02-26,2020-03-03,7,0,0.25339193198552257,images/typical/BN045/2020-03-03.png
BN045_2020-03-04,BN045,2020-03-04,1,typical,2020-02-27,2020-03-04,7,0,0.31505499526548275,images/typical/BN045/2020-03-04.png
BN045_2020-03-05,BN045,2020-03-05,1,typical,2020-02-28,2020-03-05,7,0,0.31827519713916486,images/typical/BN045/2020-03-05.png
BN045_2020-03-06,BN045,2020-03-06,1,typical,2020-02-29,2020-03-06,7,0,0.3467700471661056,images/typical/BN045/2020-03-06.png
BN045_2020-03-07,BN045,2020-03-07,1,typical,2020-03-01,2020-03-07,7,0,0.23935613512475318,images/typical/BN045/2020-03-07.png
BN045_2020-03-08,BN045,2020-03-08,1,typical,2020-03-02,2020-03-08,7,0,0.25767595752948624,images/typical/BN045/2020-03-08.png
BN045_2020-03-09,BN045,2020-03-09,1,typical,2020-03-03,2020-03-09,7,0,0.24615073918009828,images/typical/BN045/2020-03-09.png
BN045_2020-03-10,BN045,2020-03-10,1,typical,2020-03-04,2020-03-10,7,0,0.29654586006255834,images/typical/BN045/2020-03-10.png
BN045_2020-03-11,BN045,2020-03-11,1,typical,2020-03-05,2020-03-11,7,0,0.37039475028213703,images/typical/BN045/2020-03-11.png
BN045_2020-03-12,BN045,2020-03-12,1,typical,2020-03-06,2020-03-12,7,0,0.39064613935527787,images/typical/BN045/2020-03-12.png
BN045_2020-03-13,BN045,2020-03-13,1,typical,2020-03-07,2020-03-13,7,0,0.38291796557877944,images/typical/BN045/2020-03-13.png
BN045_2020-03-14,BN045,2020-03-14,1,typical,2020-03-08,2020-03-14,7,0,0.5922508201500567,images/typical/BN045/2020-03-14.png
BN045_2020-03-15,BN045,2020-03-15,1,typical,2020-03-09,2020-03-15,7,0,0.4477515223463393,images/typical/BN045/2020-03-15.png
BN045_2020-03-16,BN045,2020-03-16,1,typical,2020-03-10,2020-03-16,7,0,0.41068562753288596,images/typical/BN045/2020-03-16.png
BN045_2020-03-17,BN045,2020-03-17,1,typical,2020-03-11,2020-03-17,7,0,0.37651093444490524,images/typical/BN045/2020-03-17.png
BN045_2020-03-18,BN045,2020-03-18,1,typical,2020-03-12,2020-03-18,7,0,0.35006811887670325,images/typical/BN045/2020-03-18.png
BN045_2020-03-19,BN045,2020-03-19,1,typical,2020-03-13,2020-03-19,7,0,0.4762570316399764,images/typical/BN045/2020-03-19.png
BN045_2020-03-20,BN045,2020-03-20,1,typical,2020-03-14,2020-03-20,7,0,0.4905834981054625,images/typical/BN045/2020-03-20.png
BN045_2020-03-21,BN045,2020-03-21,1,typical,2020-03-15,2020-03-21,7,0,0.33372253966517595,images/typical/BN045/2020-03-21.png
BN045_2020-03-22,BN045,2020-03-22,1,typical,2020-03-16,2020-03-22,7,0,0.15150529693975015,images/typical/BN045/2020-03-22.png
BN045_2020-03-23,BN045,2020-03-23,1,typical,2020-03-17,2020-03-23,7,0,0.1543146342050955,images/typical/BN045/2020-03-23.png
BN045_2020-03-24,BN045,2020-03-24,1,typical,2020-03-18,2020-03-24,7,0,0.15029905331376084,images/typical/BN045/2020-03-24.png
BN045_2020-03-25,BN045,2020-03-25,1,typical,2020-03-19,2020-03-25,7,0,0.14682614889837137,images/typical/BN045/2020-03-25.png
BN045_2020-03-26,BN045,2020-03-26,1,typical,2020-03-20,2020-03-26,7,0,0.1627971431449923,images/typical/BN045/2020-03-26.png
BN045_2020-03-27,BN045,2020-03-27,1,typical,2020-03-21,2020-03-27,7,0,0.15015419835286586,images/typical/BN045/2020-03-27.png
BN045_2020-03-28,BN045,2020-03-28,1,typical,2020-03-22,2020-03-28,7,0,0.15921209783437018,images/typical/BN045/2020-03-28.png
BN045_2020-03-29,BN045,2020-03-29,1,typical,2020-03-23,2020-03-29,7,0,0.14668985834036397,images/typical/BN045/2020-03-29.png
BN045_2020-03-30,BN045,2020-03-30,1,typical,2020-03-24,2020-03-30,7,0,0.14802930418772187,images/typical/BN045/2020-03-30.png
BN045_2020-03-31,BN045,2020-03-31,1,typical,2020-03-25,2020-03-31,7,0,0.18009538684221552,images/typical/BN045/2020-03-31.png
BN045_2020-04-01,BN045,2020-04-01,1,typical,2020-03-26,2020-04-01,7,0,0.1707732843932236,images/typical/BN045/2020-04-01.png
BN045_2020-04-02,BN045,2020-04-02,1,typical,2020-03-27,2020-04-02,7,0,0.16991160469272212,images/typical/BN045/2020-04-02.png
BN045_2020-04-03,BN045,2020-04-03,1,typical,2020-03-28,2020-04-03,7,0,0.1774531594731062,images/typical/BN045/2020-04-03.png
BN045_2020-04-04,BN045,2020-04-04,1,typical,2020-03-29,2020-04-04,7,0,0.18081047648653661,images/typical/BN045/2020-04-04.png
BN045_2020-04-05,BN045,2020-04-05,1,typical,2020-03-30,2020-04-05,7,0,0.14669113595512262,images/typical/BN045/2020-04-05.png
BN045_2020-04-06,BN045,2020-04-06,1,typical,2020-03-31,2020-04-06,7,0,0.16160278061905248,images/typical/BN045/2020-04-06.png
BN045_2020-04-07,BN045,2020-04-07,1,typical,2020-04-01,2020-04-07,7,0,0.16020680463282877,images/typical/BN045/2020-04-07.png
BN045_2020-04-08,BN045,2020-04-08,1,typical,2020-04-02,2020-04-08,7,0,0.11366361120261104,images/typical/BN045/2020-04-08.png
BN045_2020-04-09,BN045,2020-04-09,1,typical,2020-04-03,2020-04-09,7,0,0.13603553812793412,images/typical/BN045/2020-04-09.png
BN045_2020-04-10,BN045,2020-04-10,1,typical,2020-04-04,2020-04-10,7,0,0.13220825088638052,images/typical/BN045/2020-04-10.png
BN045_2020-04-11,BN045,2020-04-11,1,typical,2020-04-05,2020-04-11,7,0,0.14884201637824312,images/typical/BN045/2020-04-11.png
BN045_2020-04-12,BN045,2020-04-12,1,typical,2020-04-06,2020-04-12,7,0,0.1345954886150475,images/typical/BN045/2020-04-12.png
BN045_2020-04-13,BN045,2020-04-13,1,typical,2020-04-07,2020-04-13,7,0,0.14290394512258284,images/typical/BN045/2020-04-13.png
BN045_2020-04-14,BN045,2020-04-14,1,typical,2020-04-08,2020-04-14,7,0,0.1317204673375717,images/typical/BN045/2020-04-14.png
BN045_2020-04-15,BN045,2020-04-15,1,typical,2020-04-09,2020-04-15,7,0,0.1717256933177662,images/typical/BN045/2020-04-15.png
BN045_2020-04-16,BN045,2020-04-16,1,typical,2020-04-10,2020-04-16,7,0,0.15583139926453243,images/typical/BN045/2020-04-16.png
BN045_2020-04-17,BN045,2020-04-17,1,typical,2020-04-11,2020-04-17,7,0,0.14643932746381402,images/typical/BN045/2020-04-17.png
BN045_2020-04-18,BN045,2020-04-18,1,typical,2020-04-12,2020-04-18,7,0,0.2370954480812401,images/typical/BN045/2020-04-18.png
BN045_2020-04-19,BN045,2020-04-19,1,typical,2020-04-13,2020-04-19,7,0,0.1818950920874163,images/typical/BN045/2020-04-19.png
BN045_2020-04-20,BN045,2020-04-20,1,typical,2020-04-14,2020-04-20,7,0,0.18114241904012954,images/typical/BN045/2020-04-20.png
BN045_2020-04-21,BN045,2020-04-21,1,typical,2020-04-15,2020-04-21,7,0,0.17706104657176275,images/typical/BN045/2020-04-21.png
BN045_2020-04-22,BN045,2020-04-22,1,typical,2020-04-16,2020-04-22,7,0,0.24357458199043996,images/typical/BN045/2020-04-22.png
BN045_2020-04-23,BN045,2020-04-23,1,typical,2020-04-17,2020-04-23,7,0,0.24106066808678023,images/typical/BN045/2020-04-23.png
BN045_2020-04-24,BN045,2020-04-24,1,typical,2020-04-18,2020-04-24,7,0,0.12028139474159306,images/typical/BN045/2020-04-24.png
BN045_2020-04-25,BN045,2020-04-25,1,typical,2020-04-19,2020-04-25,7,0,0.20981543819054782,images/typical/BN045/2020-04-25.png
BN045_2020-04-26,BN045,2020-04-26,1,typical,2020-04-20,2020-04-26,7,0,0.18941270984489691,images/typical/BN045/2020-04-26.png
BN045_2020-04-27,BN045,2020-04-27,1,typical,2020-04-21,2020-04-27,7,0,0.22201967193131705,images/typical/BN045/2020-04-27.png
BN045_2020-04-28,BN045,2020-04-28,1,typical,2020-04-22,2020-04-28,7,0,0.21667543184073368,images/typical/BN045/2020-04-28.png
BN045_2020-04-29,BN045,2020-04-29,1,typical,2020-04-23,2020-04-29,7,0,0.21825770235789488,images/typical/BN045/2020-04-29.png
BN045_2020-04-30,BN045,2020-04-30,1,typical,2020-04-24,2020-04-30,7,0,0.22567792472311113,images/typical/BN045/2020-04-30.png
BN045_2020-05-01,BN045,2020-05-01,1,typical,2020-04-25,2020-05-01,7,0,0.42608821063905794,images/typical/BN045/2020-05-01.png
BN045_2020-05-02,BN045,2020-05-02,1,typical,2020-04-26,2020-05-02,7,0,0.37761163443760853,images/typical/BN045/2020-05-02.png
BN045_2020-05-03,BN045,2020-05-03,1,typical,2020-04-27,2020-05-03,7,0,0.22096945342497942,images/typical/BN045/2020-05-03.png
BN045_2020-05-04,BN045,2020-05-04,1,typical,2020-04-28,2020-05-04,7,0,0.25770649667695866,images/typical/BN045/2020-05-04.png
BN045_2020-05-05,BN045,2020-05-05,1,typical,2020-04-29,2020-05-05,7,0,0.21837534033445227,images/typical/BN045/2020-05-05.png
BN045_2020-05-06,BN045,2020-05-06,1,typical,2020-04-30,2020-05-06,7,0,0.2351559495284957,images/typical/BN045/2020-05-06.png
BN045_2020-05-07,BN045,2020-05-07,1,typical,2020-05-01,2020-05-07,7,0,0.23704750605964087,images/typical/BN045/2020-05-07.png
BN045_2020-05-08,BN045,2020-05-08,1,typical,2020-05-02,2020-05-08,7,0,0.17035129587493147,images/typical/BN045/2020-05-08.png
BN045_2020-05-09,BN045,2020-05-09,1,typical,2020-05-03,2020-05-09,7,0,0.1730129526362241,images/typical/BN045/2020-05-09.png
BN045_2020-05-10,BN045,2020-05-10,1,typical,2020-05-04,2020-05-10,7,0,0.19092248404158532,images/typical/BN045/2020-05-10.png
BN045_2020-05-11,BN045,2020-05-11,1,typical,2020-05-05,2020-05-11,7,0,0.19570456476967596,images/typical/BN045/2020-05-11.png
BN045_2020-05-12,BN045,2020-05-12,1,typical,2020-05-06,2020-05-12,7,0,0.17617145234941936,images/typical/BN045/2020-05-12.png
BN045_2020-05-13,BN045,2020-05-13,1,typical,2020-05-07,2020-05-13,7,0,0.17377094339340549,images/typical/BN045/2020-05-13.png
BN045_2020-05-14,BN045,2020-05-14,1,typical,2020-05-08,2020-05-14,7,0,0.18273582216614812,images/typical/BN045/2020-05-14.png
BN045_2020-05-15,BN045,2020-05-15,1,typical,2020-05-09,2020-05-15,7,0,0.18291483178513218,images/typical/BN045/2020-05-15.png
BN045_2020-05-16,BN045,2020-05-16,1,typical,2020-05-10,2020-05-16,7,0,0.17118701105180895,images/typical/BN045/2020-05-16.png
BN045_2020-05-17,BN045,2020-05-17,1,typical,2020-05-11,2020-05-17,7,0,0.1575122975191249,images/typical/BN045/2020-05-17.png
BN045_2020-05-18,BN045,2020-05-18,1,typical,2020-05-12,2020-05-18,7,0,0.15697042038663253,images/typical/BN045/2020-05-18.png
BN045_2020-05-19,BN045,2020-05-19,1,typical,2020-05-13,2020-05-19,7,0,0.1674439001168545,images/typical/BN045/2020-05-19.png
BN045_2020-05-20,BN045,2020-05-20,1,typical,2020-05-14,2020-05-20,7,0,0.15967987178106213,images/typical/BN045/2020-05-20.png
BN045_2020-05-21,BN045,2020-05-21,1,typical,2020-05-15,2020-05-21,7,0,0.14793159012681772,images/typical/BN045/2020-05-21.png
BN045_2020-05-22,BN045,2020-05-22,1,typical,2020-05-16,2020-05-22,7,0,0.14587820157533507,images/typical/BN045/2020-05-22.png
BN045_2020-05-23,BN045,2020-05-23,1,typical,2020-05-17,2020-05-23,7,0,0.14339597763147696,images/typical/BN045/2020-05-23.png
BN045_2020-05-24,BN045,2020-05-24,1,typical,2020-05-18,2020-05-24,7,0,0.14731179532201025,images/typical/BN045/2020-05-24.png
BN045_2020-05-25,BN045,2020-05-25,1,typical,2020-05-19,2020-05-25,7,0,0.20705464855419514,images/typical/BN045/2020-05-25.png
BN045_2020-05-26,BN045,2020-05-26,1,typical,2020-05-20,2020-05-26,7,0,0.217322407681831,images/typical/BN045/2020-05-26.png
BN045_2020-05-27,BN045,2020-05-27,1,typical,2020-05-21,2020-05-27,7,0,0.22717399041018038,images/typical/BN045/2020-05-27.png
BN045_2020-05-28,BN045,2020-05-28,1,typical,2020-05-22,2020-05-28,7,0,0.21432430984242481,images/typical/BN045/2020-05-28.png
BN045_2020-05-29,BN045,2020-05-29,1,typical,2020-05-23,2020-05-29,7,0,0.1908527931322614,images/typical/BN045/2020-05-29.png
BN045_2020-05-30,BN045,2020-05-30,1,typical,2020-05-24,2020-05-30,7,0,0.28475193444827623,images/typical/BN045/2020-05-30.png
BN045_2020-05-31,BN045,2020-05-31,1,typical,2020-05-25,2020-05-31,7,0,0.43480464349735143,images/typical/BN045/2020-05-31.png
BN045_2020-06-01,BN045,2020-06-01,1,typical,2020-05-26,2020-06-01,7,0,0.15200985534677278,images/typical/BN045/2020-06-01.png
BN045_2020-06-02,BN045,2020-06-02,1,typical,2020-05-27,2020-06-02,7,0,0.13083601466458245,images/typical/BN045/2020-06-02.png
BN045_2020-06-03,BN045,2020-06-03,1,typical,2020-05-28,2020-06-03,7,0,0.14891164804726012,images/typical/BN045/2020-06-03.png
BN045_2020-06-04,BN045,2020-06-04,1,typical,2020-05-29,2020-06-04,7,0,0.14378998325165906,images/typical/BN045/2020-06-04.png
BN045_2020-06-05,BN045,2020-06-05,1,typical,2020-05-30,2020-06-05,7,0,0.14533008027616964,images/typical/BN045/2020-06-05.png
BN045_2020-06-06,BN045,2020-06-06,1,typical,2020-05-31,2020-06-06,7,0,0.19861473630881774,images/typical/BN045/2020-06-06.png
BN045_2020-06-07,BN045,2020-06-07,1,typical,2020-06-01,2020-06-07,7,0,0.13605453279934665,images/typical/BN045/2020-06-07.png
BN045_2020-06-08,BN045,2020-06-08,1,typical,2020-06-02,2020-06-08,7,0,0.13193603387686892,images/typical/BN045/2020-06-08.png
BN045_2020-06-09,BN045,2020-06-09,1,typical,2020-06-03,2020-06-09,7,0,0.13523655867476606,images/typical/BN045/2020-06-09.png
BN045_2020-06-10,BN045,2020-06-10,1,typical,2020-06-04,2020-06-10,7,0,0.13776874337530357,images/typical/BN045/2020-06-10.png
BN045_2020-06-11,BN045,2020-06-11,1,typical,2020-06-05,2020-06-11,7,0,0.13864201721906996,images/typical/BN045/2020-06-11.png
BN045_2020-06-12,BN045,2020-06-12,1,typical,2020-06-06,2020-06-12,7,0,0.13727899661936754,images/typical/BN045/2020-06-12.png
BN045_2020-06-13,BN045,2020-06-13,1,typical,2020-06-07,2020-06-13,7,0,0.17223444406082314,images/typical/BN045/2020-06-13.png
BN045_2020-06-14,BN045,2020-06-14,1,typical,2020-06-08,2020-06-14,7,0,0.1627997939668033,images/typical/BN045/2020-06-14.png
BN045_2020-06-15,BN045,2020-06-15,1,typical,2020-06-09,2020-06-15,7,0,0.1617627249606302,images/typical/BN045/2020-06-15.png
BN045_2020-06-16,BN045,2020-06-16,1,typical,2020-06-10,2020-06-16,7,0,0.15976737947045927,images/typical/BN045/2020-06-16.png
BN045_2020-06-17,BN045,2020-06-17,1,typical,2020-06-11,2020-06-17,7,0,0.15943850883308539,images/typical/BN045/2020-06-17.png
BN045_2020-06-18,BN045,2020-06-18,1,typical,2020-06-12,2020-06-18,7,0,0.15935581420242406,images/typical/BN045/2020-06-18.png
BN045_2020-06-19,BN045,2020-06-19,1,typical,2020-06-13,2020-06-19,7,0,0.1614161260222892,images/typical/BN045/2020-06-19.png
BN045_2020-06-20,BN045,2020-06-20,1,typical,2020-06-14,2020-06-20,7,0,0.1616257535088088,images/typical/BN045/2020-06-20.png
BN045_2020-06-21,BN045,2020-06-21,1,typical,2020-06-15,2020-06-21,7,0,0.13559309543438824,images/typical/BN045/2020-06-21.png
BN045_2020-06-22,BN045,2020-06-22,1,typical,2020-06-16,2020-06-22,7,0,0.13770800636599145,images/typical/BN045/2020-06-22.png
BN045_2020-06-23,BN045,2020-06-23,1,typical,2020-06-17,2020-06-23,7,0,0.14044975469531362,images/typical/BN045/2020-06-23.png
BN045_2020-06-24,BN045,2020-06-24,1,typical,2020-06-18,2020-06-24,7,0,0.14013406070410872,images/typical/BN045/2020-06-24.png
BN045_2020-06-25,BN045,2020-06-25,1,typical,2020-06-19,2020-06-25,7,0,0.14349036715143332,images/typical/BN045/2020-06-25.png
BN045_2020-06-26,BN045,2020-06-26,1,typical,2020-06-20,2020-06-26,7,0,0.14188774075779476,images/typical/BN045/2020-06-26.png
BN045_2020-06-27,BN045,2020-06-27,1,typical,2020-06-21,2020-06-27,7,0,0.14281877612000135,images/typical/BN045/2020-06-27.png
BN045_2020-06-28,BN045,2020-06-28,1,typical,2020-06-22,2020-06-28,7,0,0.14319511679529298,images/typical/BN045/2020-06-28.png
BN045_2020-06-29,BN045,2020-06-29,1,typical,2020-06-23,2020-06-29,7,0,0.15556679542410637,images/typical/BN045/2020-06-29.png
BN045_2020-06-30,BN045,2020-06-30,1,typical,2020-06-24,2020-06-30,7,0,0.16813808064730262,images/typical/BN045/2020-06-30.png
BN051_2019-07-31,BN051,2019-07-31,1,typical,2019-07-25,2019-07-31,7,0,0.15061649455407303,images/typical/BN051/2019-07-31.png
BN051_2019-08-01,BN051,2019-08-01,1,typical,2019-07-26,2019-08-01,7,0,0.14436120000285643,images/typical/BN051/2019-08-01.png
BN051_2019-08-02,BN051,2019-08-02,1,typical,2019-07-27,2019-08-02,7,0,0.14206658413481932,images/typical/BN051/2019-08-02.png
BN051_2019-08-03,BN051,2019-08-03,1,typical,2019-07-28,2019-08-03,7,0,0.15717531406798635,images/typical/BN051/2019-08-03.png
BN051_2019-08-04,BN051,2019-08-04,1,typical,2019-07-29,2019-08-04,7,0,0.13707173528967606,images/typical/BN051/2019-08-04.png
BN051_2019-08-05,BN051,2019-08-05,1,typical,2019-07-30,2019-08-05,7,0,0.13119167041425517,images/typical/BN051/2019-08-05.png
BN051_2019-08-06,BN051,2019-08-06,1,typical,2019-07-31,2019-08-06,7,0,0.13881067337794578,images/typical/BN051/2019-08-06.png
BN051_2019-08-07,BN051,2019-08-07,1,typical,2019-08-01,2019-08-07,7,0,0.1398924403680167,images/typical/BN051/2019-08-07.png
BN051_2019-08-08,BN051,2019-08-08,1,typical,2019-08-02,2019-08-08,7,0,0.14634520579389293,images/typical/BN051/2019-08-08.png
BN051_2019-08-09,BN051,2019-08-09,1,typical,2019-08-03,2019-08-09,7,0,0.1428796892059137,images/typical/BN051/2019-08-09.png
BN051_2019-08-10,BN051,2019-08-10,1,typical,2019-08-04,2019-08-10,7,0,0.1509810837395142,images/typical/BN051/2019-08-10.png
BN051_2019-08-11,BN051,2019-08-11,1,typical,2019-08-05,2019-08-11,7,0,0.14762386453509077,images/typical/BN051/2019-08-11.png
BN051_2019-08-12,BN051,2019-08-12,1,typical,2019-08-06,2019-08-12,7,0,0.14252372741347055,images/typical/BN051/2019-08-12.png
BN051_2019-08-13,BN051,2019-08-13,1,typical,2019-08-07,2019-08-13,7,0,0.1994623003152335,images/typical/BN051/2019-08-13.png
BN051_2019-08-14,BN051,2019-08-14,1,typical,2019-08-08,2019-08-14,7,0,0.22699462686821303,images/typical/BN051/2019-08-14.png
BN051_2019-08-15,BN051,2019-08-15,1,typical,2019-08-09,2019-08-15,7,0,0.22878772529867303,images/typical/BN051/2019-08-15.png
BN051_2019-08-16,BN051,2019-08-16,1,typical,2019-08-10,2019-08-16,7,0,0.23029848143879358,images/typical/BN051/2019-08-16.png
BN051_2019-08-17,BN051,2019-08-17,1,typical,2019-08-11,2019-08-17,7,0,0.22929482790764735,images/typical/BN051/2019-08-17.png
BN051_2019-08-18,BN051,2019-08-18,1,typical,2019-08-12,2019-08-18,7,0,0.23038014570185686,images/typical/BN051/2019-08-18.png
BN051_2019-08-19,BN051,2019-08-19,1,typical,2019-08-13,2019-08-19,7,0,0.20314027398749115,images/typical/BN051/2019-08-19.png
BN051_2019-08-20,BN051,2019-08-20,1,typical,2019-08-14,2019-08-20,7,0,0.19578991975233692,images/typical/BN051/2019-08-20.png
BN051_2019-08-21,BN051,2019-08-21,1,typical,2019-08-15,2019-08-21,7,0,0.18889376925757748,images/typical/BN051/2019-08-21.png
BN051_2019-08-22,BN051,2019-08-22,1,typical,2019-08-16,2019-08-22,7,0,0.13958144784116794,images/typical/BN051/2019-08-22.png
BN051_2019-08-23,BN051,2019-08-23,1,typical,2019-08-17,2019-08-23,7,0,0.14532929269887226,images/typical/BN051/2019-08-23.png
BN051_2019-08-24,BN051,2019-08-24,1,typical,2019-08-18,2019-08-24,7,0,0.35479851503544796,images/typical/BN051/2019-08-24.png
BN051_2019-08-25,BN051,2019-08-25,1,typical,2019-08-19,2019-08-25,7,0,0.3282751441391752,images/typical/BN051/2019-08-25.png
BN051_2019-08-26,BN051,2019-08-26,1,typical,2019-08-20,2019-08-26,7,0,0.2702428757511882,images/typical/BN051/2019-08-26.png
BN051_2019-08-27,BN051,2019-08-27,1,typical,2019-08-21,2019-08-27,7,0,0.27241644384907854,images/typical/BN051/2019-08-27.png
BN051_2019-08-28,BN051,2019-08-28,1,typical,2019-08-22,2019-08-28,7,0,0.21699092964236405,images/typical/BN051/2019-08-28.png
BN051_2019-08-29,BN051,2019-08-29,1,typical,2019-08-23,2019-08-29,7,0,0.18293336070319008,images/typical/BN051/2019-08-29.png
BN051_2019-08-30,BN051,2019-08-30,1,typical,2019-08-24,2019-08-30,7,0,0.18287591963451746,images/typical/BN051/2019-08-30.png
BN051_2019-08-31,BN051,2019-08-31,1,typical,2019-08-25,2019-08-31,7,0,0.2165654961577935,images/typical/BN051/2019-08-31.png
BN051_2019-09-01,BN051,2019-09-01,1,typical,2019-08-26,2019-09-01,7,0,0.19621138024674342,images/typical/BN051/2019-09-01.png
BN051_2019-09-02,BN051,2019-09-02,1,typical,2019-08-27,2019-09-02,7,0,0.1825103813896422,images/typical/BN051/2019-09-02.png
BN051_2019-09-03,BN051,2019-09-03,1,typical,2019-08-28,2019-09-03,7,0,0.11823702798497449,images/typical/BN051/2019-09-03.png
BN051_2019-09-04,BN051,2019-09-04,1,typical,2019-08-29,2019-09-04,7,0,0.08757125376040302,images/typical/BN051/2019-09-04.png
BN051_2019-09-05,BN051,2019-09-05,1,typical,2019-08-30,2019-09-05,7,0,0.10143018023665953,images/typical/BN051/2019-09-05.png
BN051_2019-09-06,BN051,2019-09-06,1,typical,2019-08-31,2019-09-06,7,0,0.12062657534841342,images/typical/BN051/2019-09-06.png
BN051_2019-09-07,BN051,2019-09-07,1,typical,2019-09-01,2019-09-07,7,0,0.1461342242462851,images/typical/BN051/2019-09-07.png
BN051_2019-09-08,BN051,2019-09-08,1,typical,2019-09-02,2019-09-08,7,0,0.15211601274653216,images/typical/BN051/2019-09-08.png
BN051_2019-09-09,BN051,2019-09-09,1,typical,2019-09-03,2019-09-09,7,0,0.22336875765259182,images/typical/BN051/2019-09-09.png
BN051_2019-09-10,BN051,2019-09-10,1,typical,2019-09-04,2019-09-10,7,0,0.2076230763441015,images/typical/BN051/2019-09-10.png
BN051_2019-09-11,BN051,2019-09-11,1,typical,2019-09-05,2019-09-11,7,0,0.18647337571042352,images/typical/BN051/2019-09-11.png
BN051_2019-09-12,BN051,2019-09-12,1,typical,2019-09-06,2019-09-12,7,0,0.2080566370868544,images/typical/BN051/2019-09-12.png
BN051_2019-09-13,BN051,2019-09-13,1,typical,2019-09-07,2019-09-13,7,0,0.18928998856152798,images/typical/BN051/2019-09-13.png
BN051_2019-09-14,BN051,2019-09-14,1,typical,2019-09-08,2019-09-14,7,0,0.18960762682628662,images/typical/BN051/2019-09-14.png
BN051_2019-09-15,BN051,2019-09-15,1,typical,2019-09-09,2019-09-15,7,0,0.13035161793018027,images/typical/BN051/2019-09-15.png
BN051_2019-09-16,BN051,2019-09-16,1,typical,2019-09-10,2019-09-16,7,0,0.1408798643800907,images/typical/BN051/2019-09-16.png
BN051_2019-09-17,BN051,2019-09-17,1,typical,2019-09-11,2019-09-17,7,0,0.16678825566108035,images/typical/BN051/2019-09-17.png
BN051_2019-09-18,BN051,2019-09-18,1,typical,2019-09-12,2019-09-18,7,0,0.20349400216222485,images/typical/BN051/2019-09-18.png
BN051_2019-09-19,BN051,2019-09-19,1,typical,2019-09-13,2019-09-19,7,0,0.20092112546045904,images/typical/BN051/2019-09-19.png
BN051_2019-09-20,BN051,2019-09-20,1,typical,2019-09-14,2019-09-20,7,0,0.20447831690515383,images/typical/BN051/2019-09-20.png
BN051_2019-09-21,BN051,2019-09-21,1,typical,2019-09-15,2019-09-21,7,0,0.21235489113451778,images/typical/BN051/2019-09-21.png
BN051_2019-09-22,BN051,2019-09-22,1,typical,2019-09-16,2019-09-22,7,0,0.21133562705084555,images/typical/BN051/2019-09-22.png
BN051_2019-09-23,BN051,2019-09-23,1,typical,2019-09-17,2019-09-23,7,0,0.21702036689528714,images/typical/BN051/2019-09-23.png
BN051_2019-09-24,BN051,2019-09-24,1,typical,2019-09-18,2019-09-24,7,0,0.20819908259188763,images/typical/BN051/2019-09-24.png
BN051_2019-09-25,BN051,2019-09-25,1,typical,2019-09-19,2019-09-25,7,0,0.16693222682479672,images/typical/BN051/2019-09-25.png
BN051_2019-09-26,BN051,2019-09-26,1,typical,2019-09-20,2019-09-26,7,0,0.15092145526780923,images/typical/BN051/2019-09-26.png
BN051_2019-09-27,BN051,2019-09-27,1,typical,2019-09-21,2019-09-27,7,0,0.15654217421617367,images/typical/BN051/2019-09-27.png
BN051_2019-09-28,BN051,2019-09-28,1,typical,2019-09-22,2019-09-28,7,0,0.23708729351615962,images/typical/BN051/2019-09-28.png
BN051_2019-09-29,BN051,2019-09-29,1,typical,2019-09-23,2019-09-29,7,0,0.24906423419914347,images/typical/BN051/2019-09-29.png
BN051_2019-09-30,BN051,2019-09-30,1,typical,2019-09-24,2019-09-30,7,0,0.23703588772527442,images/typical/BN051/2019-09-30.png
BN051_2019-10-01,BN051,2019-10-01,1,typical,2019-09-25,2019-10-01,7,0,0.25429861672636267,images/typical/BN051/2019-10-01.png
BN051_2019-10-02,BN051,2019-10-02,1,typical,2019-09-26,2019-10-02,7,0,0.3377125388595383,images/typical/BN051/2019-10-02.png
BN051_2019-10-03,BN051,2019-10-03,1,typical,2019-09-27,2019-10-03,7,0,0.40061646954782276,images/typical/BN051/2019-10-03.png
BN051_2019-10-04,BN051,2019-10-04,1,typical,2019-09-28,2019-10-04,7,0,0.30817738182289867,images/typical/BN051/2019-10-04.png
BN051_2019-10-05,BN051,2019-10-05,1,typical,2019-09-29,2019-10-05,7,0,0.18513599910475959,images/typical/BN051/2019-10-05.png
BN051_2019-10-06,BN051,2019-10-06,1,typical,2019-09-30,2019-10-06,7,0,0.1953259794415887,images/typical/BN051/2019-10-06.png
BN051_2019-10-07,BN051,2019-10-07,1,typical,2019-10-01,2019-10-07,7,0,0.18167054556299467,images/typical/BN051/2019-10-07.png
BN051_2019-10-08,BN051,2019-10-08,1,typical,2019-10-02,2019-10-08,7,0,0.20039578727724636,images/typical/BN051/2019-10-08.png
BN051_2019-10-09,BN051,2019-10-09,1,typical,2019-10-03,2019-10-09,7,0,0.17160188074041896,images/typical/BN051/2019-10-09.png
BN051_2019-10-10,BN051,2019-10-10,1,typical,2019-10-04,2019-10-10,7,0,0.17628301505223873,images/typical/BN051/2019-10-10.png
BN051_2019-10-11,BN051,2019-10-11,1,typical,2019-10-05,2019-10-11,7,0,0.19846541436076748,images/typical/BN051/2019-10-11.png
BN051_2019-10-12,BN051,2019-10-12,1,typical,2019-10-06,2019-10-12,7,0,0.14789392688063122,images/typical/BN051/2019-10-12.png
BN051_2019-10-13,BN051,2019-10-13,1,typical,2019-10-07,2019-10-13,7,0,0.14690555175355857,images/typical/BN051/2019-10-13.png
BN051_2019-10-14,BN051,2019-10-14,1,typical,2019-10-08,2019-10-14,7,0,0.10469541865706855,images/typical/BN051/2019-10-14.png
BN051_2019-10-15,BN051,2019-10-15,1,typical,2019-10-09,2019-10-15,7,0,0.14081333109379116,images/typical/BN051/2019-10-15.png
BN051_2019-10-16,BN051,2019-10-16,1,typical,2019-10-10,2019-10-16,7,0,0.14181223167143867,images/typical/BN051/2019-10-16.png
BN051_2019-10-17,BN051,2019-10-17,1,typical,2019-10-11,2019-10-17,7,0,0.137691538320306,images/typical/BN051/2019-10-17.png
BN051_2019-10-18,BN051,2019-10-18,1,typical,2019-10-12,2019-10-18,7,0,0.09628598286186268,images/typical/BN051/2019-10-18.png
BN051_2019-10-19,BN051,2019-10-19,1,typical,2019-10-13,2019-10-19,7,0,0.12943501543943547,images/typical/BN051/2019-10-19.png
BN051_2019-10-20,BN051,2019-10-20,1,typical,2019-10-14,2019-10-20,7,0,0.12256745294871456,images/typical/BN051/2019-10-20.png
BN051_2019-10-21,BN051,2019-10-21,1,typical,2019-10-15,2019-10-21,7,0,0.13172281067902306,images/typical/BN051/2019-10-21.png
BN051_2019-10-22,BN051,2019-10-22,2,peak dominant,2019-10-16,2019-10-22,7,0,0.23057586700772975,images/peak_dominant/BN051/2019-10-22.png
BN051_2019-10-23,BN051,2019-10-23,2,peak dominant,2019-10-17,2019-10-23,7,0,0.23827205535009338,images/peak_dominant/BN051/2019-10-23.png
BN051_2019-10-24,BN051,2019-10-24,1,typical,2019-10-18,2019-10-24,7,0,0.2608726460376305,images/typical/BN051/2019-10-24.png
BN051_2019-10-25,BN051,2019-10-25,1,typical,2019-10-19,2019-10-25,7,0,0.26239448622587336,images/typical/BN051/2019-10-25.png
BN051_2019-10-26,BN051,2019-10-26,1,typical,2019-10-20,2019-10-26,7,0,0.19837718970039636,images/typical/BN051/2019-10-26.png
BN051_2019-10-27,BN051,2019-10-27,1,typical,2019-10-21,2019-10-27,7,0,0.19775143788536845,images/typical/BN051/2019-10-27.png
BN051_2019-10-28,BN051,2019-10-28,1,typical,2019-10-22,2019-10-28,7,0,0.19608861085651189,images/typical/BN051/2019-10-28.png
BN051_2019-10-29,BN051,2019-10-29,2,peak dominant,2019-10-23,2019-10-29,7,0,0.20077538368257283,images/peak_dominant/BN051/2019-10-29.png
BN051_2019-10-30,BN051,2019-10-30,0,low activity,2019-10-24,2019-10-30,7,0,0.3988975128135446,images/low_activity/BN051/2019-10-30.png
BN051_2019-10-31,BN051,2019-10-31,0,low activity,2019-10-25,2019-10-31,7,0,0.1978438138028161,images/low_activity/BN051/2019-10-31.png
BN051_2019-11-01,BN051,2019-11-01,0,low activity,2019-10-26,2019-11-01,7,0,0.10109899192549694,images/low_activity/BN051/2019-11-01.png
BN051_2019-11-02,BN051,2019-11-02,0,low activity,2019-10-27,2019-11-02,7,0,0.09200890332601999,images/low_activity/BN051/2019-11-02.png
BN051_2019-11-03,BN051,2019-11-03,0,low activity,2019-10-28,2019-11-03,7,0,0.15797805181987434,images/low_activity/BN051/2019-11-03.png
BN051_2019-11-04,BN051,2019-11-04,0,low activity,2019-10-29,2019-11-04,7,0,0.4953143786329719,images/low_activity/BN051/2019-11-04.png
BN051_2019-11-05,BN051,2019-11-05,0,low activity,2019-10-30,2019-11-05,7,0,0.5844585482130954,images/low_activity/BN051/2019-11-05.png
BN051_2019-11-06,BN051,2019-11-06,0,low activity,2019-10-31,2019-11-06,7,0,0.499701382619627,images/low_activity/BN051/2019-11-06.png
BN051_2019-11-07,BN051,2019-11-07,0,low activity,2019-11-01,2019-11-07,7,0,0.5378884112702206,images/low_activity/BN051/2019-11-07.png
BN051_2019-11-08,BN051,2019-11-08,0,low activity,2019-11-02,2019-11-08,7,0,0.5070787177604966,images/low_activity/BN051/2019-11-08.png
BN051_2019-11-09,BN051,2019-11-09,0,low activity,2019-11-03,2019-11-09,7,0,0.5426732483138712,images/low_activity/BN051/2019-11-09.png
BN051_2019-11-10,BN051,2019-11-10,0,low activity,2019-11-04,2019-11-10,7,0,0.6368442135545452,images/low_activity/BN051/2019-11-10.png
BN051_2019-11-11,BN051,2019-11-11,0,low activity,2019-11-05,2019-11-11,7,0,0.593764694357102,images/low_activity/BN051/2019-11-11.png
BN051_2019-11-12,BN051,2019-11-12,0,low activity,2019-11-06,2019-11-12,7,0,0.49004885422899036,images/low_activity/BN051/2019-11-12.png
BN051_2019-11-13,BN051,2019-11-13,0,low activity,2019-11-07,2019-11-13,7,0,0.2906222488627181,images/low_activity/BN051/2019-11-13.png
BN051_2019-11-14,BN051,2019-11-14,0,low activity,2019-11-08,2019-11-14,7,0,0.18227030123641438,images/low_activity/BN051/2019-11-14.png
BN051_2019-11-15,BN051,2019-11-15,0,low activity,2019-11-09,2019-11-15,7,0,0.1574226054056742,images/low_activity/BN051/2019-11-15.png
BN051_2019-11-16,BN051,2019-11-16,0,low activity,2019-11-10,2019-11-16,7,0,0.2561531076979798,images/low_activity/BN051/2019-11-16.png
BN051_2019-11-17,BN051,2019-11-17,0,low activity,2019-11-11,2019-11-17,7,0,0.39402415209378444,images/low_activity/BN051/2019-11-17.png
BN051_2019-11-18,BN051,2019-11-18,0,low activity,2019-11-12,2019-11-18,7,0,0.5337354216818327,images/low_activity/BN051/2019-11-18.png
BN051_2019-11-19,BN051,2019-11-19,0,low activity,2019-11-13,2019-11-19,7,1,0.6729691337762109,images/low_activity/BN051/2019-11-19.png
BN051_2019-11-20,BN051,2019-11-20,2,peak dominant,2019-11-14,2019-11-20,7,1,0.6209311196548922,images/peak_dominant/BN051/2019-11-20.png
BN051_2019-11-21,BN051,2019-11-21,1,typical,2019-11-15,2019-11-21,7,0,0.23007938173174375,images/typical/BN051/2019-11-21.png
BN051_2019-11-22,BN051,2019-11-22,1,typical,2019-11-16,2019-11-22,7,0,0.0604884266230587,images/typical/BN051/2019-11-22.png
BN051_2019-11-23,BN051,2019-11-23,1,typical,2019-11-17,2019-11-23,7,0,0.052333201701613596,images/typical/BN051/2019-11-23.png
BN051_2019-11-24,BN051,2019-11-24,1,typical,2019-11-18,2019-11-24,7,0,0.15267792703011993,images/typical/BN051/2019-11-24.png
BN051_2019-11-25,BN051,2019-11-25,1,typical,2019-11-19,2019-11-25,7,0,0.4882344535971294,images/typical/BN051/2019-11-25.png
BN051_2019-11-26,BN051,2019-11-26,2,peak dominant,2019-11-20,2019-11-26,7,0,0.5590222591531753,images/peak_dominant/BN051/2019-11-26.png
BN051_2019-11-27,BN051,2019-11-27,1,typical,2019-11-21,2019-11-27,7,0,0.18416743877318345,images/typical/BN051/2019-11-27.png
BN051_2019-11-28,BN051,2019-11-28,1,typical,2019-11-22,2019-11-28,7,0,0.11645546218575062,images/typical/BN051/2019-11-28.png
BN051_2019-11-29,BN051,2019-11-29,0,low activity,2019-11-23,2019-11-29,7,0,0.3709590264527923,images/low_activity/BN051/2019-11-29.png
BN051_2019-11-30,BN051,2019-11-30,0,low activity,2019-11-24,2019-11-30,7,0,0.14280091999475641,images/low_activity/BN051/2019-11-30.png
BN051_2019-12-01,BN051,2019-12-01,0,low activity,2019-11-25,2019-12-01,7,0,0.04785446840394691,images/low_activity/BN051/2019-12-01.png
BN051_2019-12-02,BN051,2019-12-02,2,peak dominant,2019-11-26,2019-12-02,7,0,0.10280438939219752,images/peak_dominant/BN051/2019-12-02.png
BN051_2019-12-03,BN051,2019-12-03,1,typical,2019-11-27,2019-12-03,7,0,0.10141794630844378,images/typical/BN051/2019-12-03.png
BN051_2019-12-04,BN051,2019-12-04,1,typical,2019-11-28,2019-12-04,7,0,0.08342909753786056,images/typical/BN051/2019-12-04.png
BN051_2019-12-05,BN051,2019-12-05,1,typical,2019-11-29,2019-12-05,7,0,0.051970675481449964,images/typical/BN051/2019-12-05.png
BN051_2019-12-06,BN051,2019-12-06,1,typical,2019-11-30,2019-12-06,7,0,0.13164251921860085,images/typical/BN051/2019-12-06.png
BN051_2019-12-07,BN051,2019-12-07,1,typical,2019-12-01,2019-12-07,7,0,0.49230374090058027,images/typical/BN051/2019-12-07.png
BN051_2019-12-08,BN051,2019-12-08,1,typical,2019-12-02,2019-12-08,7,0,0.5914249284124394,images/typical/BN051/2019-12-08.png
BN051_2019-12-09,BN051,2019-12-09,2,peak dominant,2019-12-03,2019-12-09,7,0,0.1997755092104598,images/peak_dominant/BN051/2019-12-09.png
BN051_2019-12-10,BN051,2019-12-10,1,typical,2019-12-04,2019-12-10,7,0,0.23013531381346028,images/typical/BN051/2019-12-10.png
BN051_2019-12-11,BN051,2019-12-11,1,typical,2019-12-05,2019-12-11,7,0,0.2875568130835218,images/typical/BN051/2019-12-11.png
BN051_2019-12-12,BN051,2019-12-12,1,typical,2019-12-06,2019-12-12,7,0,0.37916849271461667,images/typical/BN051/2019-12-12.png
BN051_2019-12-13,BN051,2019-12-13,1,typical,2019-12-07,2019-12-13,7,0,0.38333687124835436,images/typical/BN051/2019-12-13.png
BN051_2019-12-14,BN051,2019-12-14,1,typical,2019-12-08,2019-12-14,7,0,0.27053839368110244,images/typical/BN051/2019-12-14.png
BN051_2019-12-15,BN051,2019-12-15,1,typical,2019-12-09,2019-12-15,7,0,0.1704722327703306,images/typical/BN051/2019-12-15.png
BN051_2019-12-16,BN051,2019-12-16,1,typical,2019-12-10,2019-12-16,7,0,0.14139163047423553,images/typical/BN051/2019-12-16.png
BN051_2019-12-17,BN051,2019-12-17,1,typical,2019-12-11,2019-12-17,7,0,0.17577317388557887,images/typical/BN051/2019-12-17.png
BN051_2019-12-18,BN051,2019-12-18,1,typical,2019-12-12,2019-12-18,7,0,0.19289647604618287,images/typical/BN051/2019-12-18.png
BN051_2019-12-19,BN051,2019-12-19,1,typical,2019-12-13,2019-12-19,7,0,0.1580912039645648,images/typical/BN051/2019-12-19.png
BN051_2019-12-20,BN051,2019-12-20,1,typical,2019-12-14,2019-12-20,7,0,0.17770104499853143,images/typical/BN051/2019-12-20.png
BN051_2019-12-21,BN051,2019-12-21,1,typical,2019-12-15,2019-12-21,7,0,0.16902612172008158,images/typical/BN051/2019-12-21.png
BN051_2019-12-22,BN051,2019-12-22,1,typical,2019-12-16,2019-12-22,7,0,0.15918856383111663,images/typical/BN051/2019-12-22.png
BN051_2019-12-23,BN051,2019-12-23,1,typical,2019-12-17,2019-12-23,7,0,0.09057362146388274,images/typical/BN051/2019-12-23.png
BN051_2019-12-24,BN051,2019-12-24,1,typical,2019-12-18,2019-12-24,7,0,0.13370198006201528,images/typical/BN051/2019-12-24.png
BN051_2019-12-25,BN051,2019-12-25,1,typical,2019-12-19,2019-12-25,7,0,0.10887420885597887,images/typical/BN051/2019-12-25.png
BN051_2019-12-26,BN051,2019-12-26,1,typical,2019-12-20,2019-12-26,7,0,0.1426298387362101,images/typical/BN051/2019-12-26.png
BN051_2019-12-27,BN051,2019-12-27,1,typical,2019-12-21,2019-12-27,7,0,0.12854325718656529,images/typical/BN051/2019-12-27.png
BN051_2019-12-28,BN051,2019-12-28,1,typical,2019-12-22,2019-12-28,7,0,0.12869420364144418,images/typical/BN051/2019-12-28.png
BN051_2019-12-29,BN051,2019-12-29,1,typical,2019-12-23,2019-12-29,7,0,0.1762574120249878,images/typical/BN051/2019-12-29.png
BN051_2019-12-30,BN051,2019-12-30,0,low activity,2019-12-24,2019-12-30,7,0,0.315913274982012,images/low_activity/BN051/2019-12-30.png
BN051_2019-12-31,BN051,2019-12-31,1,typical,2019-12-25,2019-12-31,7,0,0.275420667589612,images/typical/BN051/2019-12-31.png
BN051_2020-01-01,BN051,2020-01-01,0,low activity,2019-12-26,2020-01-01,7,0,0.20342335407777817,images/low_activity/BN051/2020-01-01.png
BN051_2020-01-02,BN051,2020-01-02,1,typical,2019-12-27,2020-01-02,7,0,0.36864514277324856,images/typical/BN051/2020-01-02.png
BN051_2020-01-03,BN051,2020-01-03,1,typical,2019-12-28,2020-01-03,7,0,0.5592334560142418,images/typical/BN051/2020-01-03.png
BN051_2020-01-04,BN051,2020-01-04,0,low activity,2019-12-29,2020-01-04,7,0,0.4385310714626462,images/low_activity/BN051/2020-01-04.png
BN051_2020-01-05,BN051,2020-01-05,0,low activity,2019-12-30,2020-01-05,7,0,0.26548468967182964,images/low_activity/BN051/2020-01-05.png
BN051_2020-01-06,BN051,2020-01-06,1,typical,2019-12-31,2020-01-06,7,0,0.06948881916419576,images/typical/BN051/2020-01-06.png
BN051_2020-01-07,BN051,2020-01-07,1,typical,2020-01-01,2020-01-07,7,0,0.16476475779750627,images/typical/BN051/2020-01-07.png
BN051_2020-01-08,BN051,2020-01-08,1,typical,2020-01-02,2020-01-08,7,0,0.20875549500673862,images/typical/BN051/2020-01-08.png
BN051_2020-01-09,BN051,2020-01-09,1,typical,2020-01-03,2020-01-09,7,0,0.3516658578128452,images/typical/BN051/2020-01-09.png
BN051_2020-01-10,BN051,2020-01-10,1,typical,2020-01-04,2020-01-10,7,0,0.25045323204049946,images/typical/BN051/2020-01-10.png
BN051_2020-01-11,BN051,2020-01-11,1,typical,2020-01-05,2020-01-11,7,0,0.2637558002721835,images/typical/BN051/2020-01-11.png
BN051_2020-01-12,BN051,2020-01-12,1,typical,2020-01-06,2020-01-12,7,0,0.31877139239530156,images/typical/BN051/2020-01-12.png
BN051_2020-01-13,BN051,2020-01-13,1,typical,2020-01-07,2020-01-13,7,0,0.24495332021691824,images/typical/BN051/2020-01-13.png
BN051_2020-01-14,BN051,2020-01-14,1,typical,2020-01-08,2020-01-14,7,0,0.13408026012329,images/typical/BN051/2020-01-14.png
BN051_2020-01-15,BN051,2020-01-15,1,typical,2020-01-09,2020-01-15,7,0,0.08368378851563832,images/typical/BN051/2020-01-15.png
BN051_2020-01-16,BN051,2020-01-16,1,typical,2020-01-10,2020-01-16,7,0,0.10614848469074664,images/typical/BN051/2020-01-16.png
BN051_2020-01-17,BN051,2020-01-17,1,typical,2020-01-11,2020-01-17,7,0,0.13546677386258632,images/typical/BN051/2020-01-17.png
BN051_2020-01-18,BN051,2020-01-18,1,typical,2020-01-12,2020-01-18,7,0,0.13874322479781298,images/typical/BN051/2020-01-18.png
BN051_2020-01-19,BN051,2020-01-19,1,typical,2020-01-13,2020-01-19,7,0,0.13895602237745827,images/typical/BN051/2020-01-19.png
BN051_2020-01-20,BN051,2020-01-20,1,typical,2020-01-14,2020-01-20,7,0,0.05096112794496657,images/typical/BN051/2020-01-20.png
BN051_2020-01-21,BN051,2020-01-21,1,typical,2020-01-15,2020-01-21,7,0,0.06674079080674115,images/typical/BN051/2020-01-21.png
BN051_2020-01-22,BN051,2020-01-22,1,typical,2020-01-16,2020-01-22,7,0,0.06573514529937007,images/typical/BN051/2020-01-22.png
BN051_2020-01-23,BN051,2020-01-23,1,typical,2020-01-17,2020-01-23,7,0,0.06429213810339626,images/typical/BN051/2020-01-23.png
BN051_2020-01-24,BN051,2020-01-24,1,typical,2020-01-18,2020-01-24,7,0,0.061694879457036035,images/typical/BN051/2020-01-24.png
BN051_2020-01-25,BN051,2020-01-25,1,typical,2020-01-19,2020-01-25,7,0,0.07180410410893653,images/typical/BN051/2020-01-25.png
BN051_2020-01-26,BN051,2020-01-26,1,typical,2020-01-20,2020-01-26,7,0,0.08584326138180784,images/typical/BN051/2020-01-26.png
BN051_2020-01-27,BN051,2020-01-27,1,typical,2020-01-21,2020-01-27,7,0,0.15001242732594897,images/typical/BN051/2020-01-27.png
BN051_2020-01-28,BN051,2020-01-28,1,typical,2020-01-22,2020-01-28,7,0,0.14397313335182405,images/typical/BN051/2020-01-28.png
BN051_2020-01-29,BN051,2020-01-29,1,typical,2020-01-23,2020-01-29,7,0,0.13902374391520908,images/typical/BN051/2020-01-29.png
BN051_2020-01-30,BN051,2020-01-30,2,peak dominant,2020-01-24,2020-01-30,7,0,0.13939743746707256,images/peak_dominant/BN051/2020-01-30.png
BN051_2020-01-31,BN051,2020-01-31,1,typical,2020-01-25,2020-01-31,7,0,0.11110424809207234,images/typical/BN051/2020-01-31.png
BN051_2020-02-01,BN051,2020-02-01,1,typical,2020-01-26,2020-02-01,7,0,0.11151740946628676,images/typical/BN051/2020-02-01.png
BN051_2020-02-02,BN051,2020-02-02,1,typical,2020-01-27,2020-02-02,7,0,0.11354220398996345,images/typical/BN051/2020-02-02.png
BN051_2020-02-03,BN051,2020-02-03,1,typical,2020-01-28,2020-02-03,7,0,0.1084454454608894,images/typical/BN051/2020-02-03.png
BN051_2020-02-04,BN051,2020-02-04,1,typical,2020-01-29,2020-02-04,7,0,0.10701318490474662,images/typical/BN051/2020-02-04.png
BN051_2020-02-05,BN051,2020-02-05,1,typical,2020-01-30,2020-02-05,7,0,0.11543463182036183,images/typical/BN051/2020-02-05.png
BN051_2020-02-06,BN051,2020-02-06,1,typical,2020-01-31,2020-02-06,7,0,0.10312358411486376,images/typical/BN051/2020-02-06.png
BN051_2020-02-07,BN051,2020-02-07,1,typical,2020-02-01,2020-02-07,7,0,0.1187735274587851,images/typical/BN051/2020-02-07.png
BN051_2020-02-08,BN051,2020-02-08,1,typical,2020-02-02,2020-02-08,7,0,0.12039900176604433,images/typical/BN051/2020-02-08.png
BN051_2020-02-09,BN051,2020-02-09,1,typical,2020-02-03,2020-02-09,7,0,0.12142635951740303,images/typical/BN051/2020-02-09.png
BN051_2020-02-10,BN051,2020-02-10,1,typical,2020-02-04,2020-02-10,7,0,0.12290728128146944,images/typical/BN051/2020-02-10.png
BN051_2020-02-11,BN051,2020-02-11,1,typical,2020-02-05,2020-02-11,7,0,0.12225549718520196,images/typical/BN051/2020-02-11.png
BN051_2020-02-12,BN051,2020-02-12,1,typical,2020-02-06,2020-02-12,7,0,0.1108411764142331,images/typical/BN051/2020-02-12.png
BN051_2020-02-13,BN051,2020-02-13,1,typical,2020-02-07,2020-02-13,7,0,0.11848911504840993,images/typical/BN051/2020-02-13.png
BN051_2020-02-14,BN051,2020-02-14,1,typical,2020-02-08,2020-02-14,7,0,0.12267296470356003,images/typical/BN051/2020-02-14.png
BN051_2020-02-15,BN051,2020-02-15,1,typical,2020-02-09,2020-02-15,7,0,0.12205584644922603,images/typical/BN051/2020-02-15.png
BN051_2020-02-16,BN051,2020-02-16,1,typical,2020-02-10,2020-02-16,7,0,0.12286507395996982,images/typical/BN051/2020-02-16.png
BN051_2020-02-17,BN051,2020-02-17,1,typical,2020-02-11,2020-02-17,7,0,0.12706443536408935,images/typical/BN051/2020-02-17.png
BN051_2020-02-18,BN051,2020-02-18,1,typical,2020-02-12,2020-02-18,7,0,0.17247037350819316,images/typical/BN051/2020-02-18.png
BN051_2020-02-19,BN051,2020-02-19,1,typical,2020-02-13,2020-02-19,7,0,0.1615925171722917,images/typical/BN051/2020-02-19.png
BN051_2020-02-20,BN051,2020-02-20,2,peak dominant,2020-02-14,2020-02-20,7,0,0.1510917443322524,images/peak_dominant/BN051/2020-02-20.png
BN051_2020-02-21,BN051,2020-02-21,1,typical,2020-02-15,2020-02-21,7,0,0.16511295748418403,images/typical/BN051/2020-02-21.png
BN051_2020-02-22,BN051,2020-02-22,1,typical,2020-02-16,2020-02-22,7,0,0.22288050015147992,images/typical/BN051/2020-02-22.png
BN051_2020-02-23,BN051,2020-02-23,1,typical,2020-02-17,2020-02-23,7,0,0.21389441965414924,images/typical/BN051/2020-02-23.png
BN051_2020-02-24,BN051,2020-02-24,1,typical,2020-02-18,2020-02-24,7,0,0.19407628903820084,images/typical/BN051/2020-02-24.png
BN051_2020-02-25,BN051,2020-02-25,1,typical,2020-02-19,2020-02-25,7,0,0.1597382875796562,images/typical/BN051/2020-02-25.png
BN051_2020-02-26,BN051,2020-02-26,1,typical,2020-02-20,2020-02-26,7,0,0.16972127333419676,images/typical/BN051/2020-02-26.png
BN051_2020-02-27,BN051,2020-02-27,1,typical,2020-02-21,2020-02-27,7,0,0.17418470339895115,images/typical/BN051/2020-02-27.png
BN051_2020-02-28,BN051,2020-02-28,1,typical,2020-02-22,2020-02-28,7,0,0.18488557961313937,images/typical/BN051/2020-02-28.png
BN051_2020-02-29,BN051,2020-02-29,1,typical,2020-02-23,2020-02-29,7,0,0.3039609369768062,images/typical/BN051/2020-02-29.png
BN051_2020-03-01,BN051,2020-03-01,1,typical,2020-02-24,2020-03-01,7,0,0.2804191683879565,images/typical/BN051/2020-03-01.png
BN051_2020-03-02,BN051,2020-03-02,1,typical,2020-02-25,2020-03-02,7,0,0.22349891254832174,images/typical/BN051/2020-03-02.png
BN051_2020-03-03,BN051,2020-03-03,1,typical,2020-02-26,2020-03-03,7,0,0.22098163930706213,images/typical/BN051/2020-03-03.png
BN051_2020-03-04,BN051,2020-03-04,1,typical,2020-02-27,2020-03-04,7,0,0.15846794295951086,images/typical/BN051/2020-03-04.png
BN051_2020-03-05,BN051,2020-03-05,2,peak dominant,2020-02-28,2020-03-05,7,0,0.15767205444749743,images/peak_dominant/BN051/2020-03-05.png
BN051_2020-03-06,BN051,2020-03-06,1,typical,2020-02-29,2020-03-06,7,0,0.22497771734464578,images/typical/BN051/2020-03-06.png
BN051_2020-03-07,BN051,2020-03-07,1,typical,2020-03-01,2020-03-07,7,0,0.163260573867358,images/typical/BN051/2020-03-07.png
BN051_2020-03-08,BN051,2020-03-08,1,typical,2020-03-02,2020-03-08,7,0,0.1604793442932637,images/typical/BN051/2020-03-08.png
BN051_2020-03-09,BN051,2020-03-09,1,typical,2020-03-03,2020-03-09,7,0,0.0890178812654561,images/typical/BN051/2020-03-09.png
BN051_2020-03-10,BN051,2020-03-10,1,typical,2020-03-04,2020-03-10,7,0,0.11060141904654609,images/typical/BN051/2020-03-10.png
BN051_2020-03-11,BN051,2020-03-11,1,typical,2020-03-05,2020-03-11,7,0,0.17879829104045247,images/typical/BN051/2020-03-11.png
BN051_2020-03-12,BN051,2020-03-12,1,typical,2020-03-06,2020-03-12,7,0,0.4257586479630657,images/typical/BN051/2020-03-12.png
BN051_2020-03-13,BN051,2020-03-13,1,typical,2020-03-07,2020-03-13,7,0,0.32835847146396563,images/typical/BN051/2020-03-13.png
BN051_2020-03-14,BN051,2020-03-14,1,typical,2020-03-08,2020-03-14,7,0,0.25108264059315405,images/typical/BN051/2020-03-14.png
BN051_2020-03-15,BN051,2020-03-15,1,typical,2020-03-09,2020-03-15,7,0,0.19260310539974576,images/typical/BN051/2020-03-15.png
BN051_2020-03-16,BN051,2020-03-16,1,typical,2020-03-10,2020-03-16,7,0,0.19267549686257093,images/typical/BN051/2020-03-16.png
BN051_2020-03-17,BN051,2020-03-17,1,typical,2020-03-11,2020-03-17,7,0,0.2551021083543019,images/typical/BN051/2020-03-17.png
BN051_2020-03-18,BN051,2020-03-18,1,typical,2020-03-12,2020-03-18,7,0,0.31924784896699376,images/typical/BN051/2020-03-18.png
BN051_2020-03-19,BN051,2020-03-19,1,typical,2020-03-13,2020-03-19,7,0,0.23268876779876302,images/typical/BN051/2020-03-19.png
BN051_2020-03-20,BN051,2020-03-20,1,typical,2020-03-14,2020-03-20,7,0,0.3211721647489657,images/typical/BN051/2020-03-20.png
BN051_2020-03-21,BN051,2020-03-21,1,typical,2020-03-15,2020-03-21,7,0,0.28669499243478647,images/typical/BN051/2020-03-21.png
BN051_2020-03-22,BN051,2020-03-22,1,typical,2020-03-16,2020-03-22,7,0,0.2748634779048746,images/typical/BN051/2020-03-22.png
BN051_2020-03-23,BN051,2020-03-23,1,typical,2020-03-17,2020-03-23,7,0,0.3156013007358581,images/typical/BN051/2020-03-23.png
BN051_2020-03-24,BN051,2020-03-24,1,typical,2020-03-18,2020-03-24,7,0,0.35689214551681353,images/typical/BN051/2020-03-24.png
BN051_2020-03-25,BN051,2020-03-25,1,typical,2020-03-19,2020-03-25,7,0,0.22903170540975934,images/typical/BN051/2020-03-25.png
BN051_2020-03-26,BN051,2020-03-26,1,typical,2020-03-20,2020-03-26,7,0,0.29740566236339067,images/typical/BN051/2020-03-26.png
BN051_2020-03-27,BN051,2020-03-27,1,typical,2020-03-21,2020-03-27,7,0,0.24166536449466727,images/typical/BN051/2020-03-27.png
BN051_2020-03-28,BN051,2020-03-28,1,typical,2020-03-22,2020-03-28,7,0,0.2528666300244662,images/typical/BN051/2020-03-28.png
BN051_2020-03-29,BN051,2020-03-29,1,typical,2020-03-23,2020-03-29,7,0,0.28298830424492655,images/typical/BN051/2020-03-29.png
BN051_2020-03-30,BN051,2020-03-30,1,typical,2020-03-24,2020-03-30,7,0,0.28872229925825543,images/typical/BN051/2020-03-30.png
BN051_2020-03-31,BN051,2020-03-31,1,typical,2020-03-25,2020-03-31,7,0,0.31809426207059477,images/typical/BN051/2020-03-31.png
BN051_2020-04-01,BN051,2020-04-01,1,typical,2020-03-26,2020-04-01,7,0,0.47585615442126733,images/typical/BN051/2020-04-01.png
BN051_2020-04-02,BN051,2020-04-02,1,typical,2020-03-27,2020-04-02,7,0,0.41388068737541944,images/typical/BN051/2020-04-02.png
BN051_2020-04-03,BN051,2020-04-03,1,typical,2020-03-28,2020-04-03,7,0,0.4134444590867166,images/typical/BN051/2020-04-03.png
BN051_2020-04-04,BN051,2020-04-04,1,typical,2020-03-29,2020-04-04,7,0,0.2707474551443671,images/typical/BN051/2020-04-04.png
BN051_2020-04-05,BN051,2020-04-05,1,typical,2020-03-30,2020-04-05,7,0,0.31885838123949034,images/typical/BN051/2020-04-05.png
BN051_2020-04-06,BN051,2020-04-06,1,typical,2020-03-31,2020-04-06,7,0,0.6617300829231433,images/typical/BN051/2020-04-06.png
BN051_2020-04-07,BN051,2020-04-07,1,typical,2020-04-01,2020-04-07,7,0,0.5598760486793856,images/typical/BN051/2020-04-07.png
BN051_2020-04-08,BN051,2020-04-08,1,typical,2020-04-02,2020-04-08,7,0,0.5452996453373896,images/typical/BN051/2020-04-08.png
BN051_2020-04-09,BN051,2020-04-09,1,typical,2020-04-03,2020-04-09,7,0,0.49454554126548045,images/typical/BN051/2020-04-09.png
BN051_2020-04-10,BN051,2020-04-10,1,typical,2020-04-04,2020-04-10,7,0,0.4347533826959093,images/typical/BN051/2020-04-10.png
BN051_2020-04-11,BN051,2020-04-11,1,typical,2020-04-05,2020-04-11,7,0,0.49815086202908554,images/typical/BN051/2020-04-11.png
BN051_2020-04-12,BN051,2020-04-12,1,typical,2020-04-06,2020-04-12,7,0,0.49212476586467796,images/typical/BN051/2020-04-12.png
BN051_2020-04-13,BN051,2020-04-13,1,typical,2020-04-07,2020-04-13,7,0,0.5493567059348559,images/typical/BN051/2020-04-13.png
BN051_2020-04-14,BN051,2020-04-14,1,typical,2020-04-08,2020-04-14,7,0,0.5854615564814027,images/typical/BN051/2020-04-14.png
BN051_2020-04-15,BN051,2020-04-15,1,typical,2020-04-09,2020-04-15,7,0,0.5853930232327517,images/typical/BN051/2020-04-15.png
BN051_2020-04-16,BN051,2020-04-16,1,typical,2020-04-10,2020-04-16,7,0,0.6053022327340727,images/typical/BN051/2020-04-16.png
BN051_2020-04-17,BN051,2020-04-17,1,typical,2020-04-11,2020-04-17,7,0,0.6042717857200315,images/typical/BN051/2020-04-17.png
BN051_2020-04-18,BN051,2020-04-18,1,typical,2020-04-12,2020-04-18,7,0,0.6234355680963193,images/typical/BN051/2020-04-18.png
BN051_2020-04-19,BN051,2020-04-19,1,typical,2020-04-13,2020-04-19,7,0,0.5817493870832814,images/typical/BN051/2020-04-19.png
BN051_2020-04-20,BN051,2020-04-20,1,typical,2020-04-14,2020-04-20,7,0,0.5166658619375186,images/typical/BN051/2020-04-20.png
BN051_2020-04-21,BN051,2020-04-21,1,typical,2020-04-15,2020-04-21,7,0,0.3044838128485629,images/typical/BN051/2020-04-21.png
BN051_2020-04-22,BN051,2020-04-22,1,typical,2020-04-16,2020-04-22,7,0,0.4600024211360127,images/typical/BN051/2020-04-22.png
BN051_2020-04-23,BN051,2020-04-23,1,typical,2020-04-17,2020-04-23,7,0,0.38794430120576706,images/typical/BN051/2020-04-23.png
BN051_2020-04-24,BN051,2020-04-24,1,typical,2020-04-18,2020-04-24,7,0,0.33270575320262824,images/typical/BN051/2020-04-24.png
BN051_2020-04-25,BN051,2020-04-25,1,typical,2020-04-19,2020-04-25,7,0,0.45624973369198146,images/typical/BN051/2020-04-25.png
BN051_2020-04-26,BN051,2020-04-26,1,typical,2020-04-20,2020-04-26,7,0,0.48262039122948613,images/typical/BN051/2020-04-26.png
BN051_2020-04-27,BN051,2020-04-27,1,typical,2020-04-21,2020-04-27,7,0,0.5816111524411711,images/typical/BN051/2020-04-27.png
BN051_2020-04-28,BN051,2020-04-28,1,typical,2020-04-22,2020-04-28,7,0,0.6640243398953816,images/typical/BN051/2020-04-28.png
BN051_2020-04-29,BN051,2020-04-29,1,typical,2020-04-23,2020-04-29,7,0,0.3376239755904322,images/typical/BN051/2020-04-29.png
BN051_2020-04-30,BN051,2020-04-30,1,typical,2020-04-24,2020-04-30,7,0,0.32435975959029617,images/typical/BN051/2020-04-30.png
BN051_2020-05-01,BN051,2020-05-01,1,typical,2020-04-25,2020-05-01,7,0,0.4894978045994557,images/typical/BN051/2020-05-01.png
BN051_2020-05-02,BN051,2020-05-02,1,typical,2020-04-26,2020-05-02,7,0,0.541716838736699,images/typical/BN051/2020-05-02.png
BN051_2020-05-03,BN051,2020-05-03,1,typical,2020-04-27,2020-05-03,7,0,0.5828719549091594,images/typical/BN051/2020-05-03.png
BN051_2020-05-04,BN051,2020-05-04,1,typical,2020-04-28,2020-05-04,7,0,0.5684884124222913,images/typical/BN051/2020-05-04.png
BN051_2020-05-05,BN051,2020-05-05,1,typical,2020-04-29,2020-05-05,7,0,0.6099313587814738,images/typical/BN051/2020-05-05.png
BN051_2020-05-06,BN051,2020-05-06,1,typical,2020-04-30,2020-05-06,7,0,0.610619958671681,images/typical/BN051/2020-05-06.png
BN051_2020-05-07,BN051,2020-05-07,1,typical,2020-05-01,2020-05-07,7,0,0.6103914812608798,images/typical/BN051/2020-05-07.png
BN051_2020-05-08,BN051,2020-05-08,1,typical,2020-05-02,2020-05-08,7,0,0.49995108094622137,images/typical/BN051/2020-05-08.png
BN051_2020-05-09,BN051,2020-05-09,1,typical,2020-05-03,2020-05-09,7,0,0.5030767696795524,images/typical/BN051/2020-05-09.png
BN051_2020-05-10,BN051,2020-05-10,1,typical,2020-05-04,2020-05-10,7,0,0.5817911805758363,images/typical/BN051/2020-05-10.png
BN051_2020-05-11,BN051,2020-05-11,1,typical,2020-05-05,2020-05-11,7,0,0.5735347114627212,images/typical/BN051/2020-05-11.png
BN051_2020-05-12,BN051,2020-05-12,1,typical,2020-05-06,2020-05-12,7,0,0.5059815976252474,images/typical/BN051/2020-05-12.png
BN051_2020-05-13,BN051,2020-05-13,1,typical,2020-05-07,2020-05-13,7,0,0.4709367068276678,images/typical/BN051/2020-05-13.png
BN051_2020-05-14,BN051,2020-05-14,1,typical,2020-05-08,2020-05-14,7,0,0.4212323766874421,images/typical/BN051/2020-05-14.png
BN051_2020-05-15,BN051,2020-05-15,1,typical,2020-05-09,2020-05-15,7,0,0.4921059481818551,images/typical/BN051/2020-05-15.png
BN051_2020-05-16,BN051,2020-05-16,1,typical,2020-05-10,2020-05-16,7,0,0.4539403891959568,images/typical/BN051/2020-05-16.png
BN051_2020-05-17,BN051,2020-05-17,1,typical,2020-05-11,2020-05-17,7,0,0.48502499165260254,images/typical/BN051/2020-05-17.png
BN051_2020-05-18,BN051,2020-05-18,1,typical,2020-05-12,2020-05-18,7,0,0.16236543353327587,images/typical/BN051/2020-05-18.png
BN051_2020-05-19,BN051,2020-05-19,1,typical,2020-05-13,2020-05-19,7,0,0.16888568094355336,images/typical/BN051/2020-05-19.png
BN051_2020-05-20,BN051,2020-05-20,1,typical,2020-05-14,2020-05-20,7,0,0.2691437649079338,images/typical/BN051/2020-05-20.png
BN051_2020-05-21,BN051,2020-05-21,1,typical,2020-05-15,2020-05-21,7,0,0.3576942687012077,images/typical/BN051/2020-05-21.png
BN051_2020-05-22,BN051,2020-05-22,1,typical,2020-05-16,2020-05-22,7,0,0.4121944072590603,images/typical/BN051/2020-05-22.png
BN051_2020-05-23,BN051,2020-05-23,1,typical,2020-05-17,2020-05-23,7,0,0.39672371047769167,images/typical/BN051/2020-05-23.png
BN051_2020-05-24,BN051,2020-05-24,1,typical,2020-05-18,2020-05-24,7,0,0.4445789059864918,images/typical/BN051/2020-05-24.png
BN051_2020-05-25,BN051,2020-05-25,1,typical,2020-05-19,2020-05-25,7,0,0.593449508627367,images/typical/BN051/2020-05-25.png
BN051_2020-05-26,BN051,2020-05-26,1,typical,2020-05-20,2020-05-26,7,0,0.6152264859082552,images/typical/BN051/2020-05-26.png
BN051_2020-05-27,BN051,2020-05-27,1,typical,2020-05-21,2020-05-27,7,0,0.6129119795511158,images/typical/BN051/2020-05-27.png
BN051_2020-05-28,BN051,2020-05-28,1,typical,2020-05-22,2020-05-28,7,0,0.5840334626465399,images/typical/BN051/2020-05-28.png
BN051_2020-05-29,BN051,2020-05-29,1,typical,2020-05-23,2020-05-29,7,0,0.5779739673325276,images/typical/BN051/2020-05-29.png
BN051_2020-05-30,BN051,2020-05-30,1,typical,2020-05-24,2020-05-30,7,0,0.5951745315112642,images/typical/BN051/2020-05-30.png
BN051_2020-05-31,BN051,2020-05-31,1,typical,2020-05-25,2020-05-31,7,0,0.608279351582898,images/typical/BN051/2020-05-31.png
BN051_2020-06-01,BN051,2020-06-01,1,typical,2020-05-26,2020-06-01,7,0,0.6344614428276699,images/typical/BN051/2020-06-01.png
BN051_2020-06-02,BN051,2020-06-02,1,typical,2020-05-27,2020-06-02,7,0,0.6464681686689249,images/typical/BN051/2020-06-02.png
BN051_2020-06-03,BN051,2020-06-03,1,typical,2020-05-28,2020-06-03,7,0,0.6318725968311868,images/typical/BN051/2020-06-03.png
BN051_2020-06-04,BN051,2020-06-04,1,typical,2020-05-29,2020-06-04,7,0,0.21003305559699395,images/typical/BN051/2020-06-04.png
BN051_2020-06-05,BN051,2020-06-05,1,typical,2020-05-30,2020-06-05,7,0,0.09825825876260301,images/typical/BN051/2020-06-05.png
BN051_2020-06-06,BN051,2020-06-06,1,typical,2020-05-31,2020-06-06,7,0,0.10775442338377689,images/typical/BN051/2020-06-06.png
BN051_2020-06-07,BN051,2020-06-07,1,typical,2020-06-01,2020-06-07,7,0,0.22616844707715356,images/typical/BN051/2020-06-07.png
BN051_2020-06-08,BN051,2020-06-08,1,typical,2020-06-02,2020-06-08,7,0,0.5714655900844501,images/typical/BN051/2020-06-08.png
BN051_2020-06-09,BN051,2020-06-09,1,typical,2020-06-03,2020-06-09,7,0,0.5455496944423158,images/typical/BN051/2020-06-09.png
BN051_2020-06-10,BN051,2020-06-10,1,typical,2020-06-04,2020-06-10,7,0,0.44227815232273865,images/typical/BN051/2020-06-10.png
BN051_2020-06-11,BN051,2020-06-11,1,typical,2020-06-05,2020-06-11,7,0,0.4401414374187204,images/typical/BN051/2020-06-11.png
BN051_2020-06-12,BN051,2020-06-12,1,typical,2020-06-06,2020-06-12,7,0,0.4871163141039145,images/typical/BN051/2020-06-12.png
BN051_2020-06-13,BN051,2020-06-13,1,typical,2020-06-07,2020-06-13,7,0,0.4974378633883514,images/typical/BN051/2020-06-13.png
BN051_2020-06-14,BN051,2020-06-14,1,typical,2020-06-08,2020-06-14,7,0,0.4255984335567422,images/typical/BN051/2020-06-14.png
BN051_2020-06-15,BN051,2020-06-15,1,typical,2020-06-09,2020-06-15,7,0,0.5398617688071394,images/typical/BN051/2020-06-15.png
BN051_2020-06-16,BN051,2020-06-16,1,typical,2020-06-10,2020-06-16,7,0,0.41883801182236896,images/typical/BN051/2020-06-16.png
BN051_2020-06-17,BN051,2020-06-17,1,typical,2020-06-11,2020-06-17,7,0,0.3917597006249969,images/typical/BN051/2020-06-17.png
BN051_2020-06-18,BN051,2020-06-18,1,typical,2020-06-12,2020-06-18,7,0,0.23400782873216391,images/typical/BN051/2020-06-18.png
BN051_2020-06-19,BN051,2020-06-19,1,typical,2020-06-13,2020-06-19,7,0,0.2016991912806346,images/typical/BN051/2020-06-19.png
BN051_2020-06-20,BN051,2020-06-20,1,typical,2020-06-14,2020-06-20,7,0,0.18107911611809238,images/typical/BN051/2020-06-20.png
BN051_2020-06-21,BN051,2020-06-21,1,typical,2020-06-15,2020-06-21,7,0,0.1598932328488842,images/typical/BN051/2020-06-21.png
BN051_2020-06-22,BN051,2020-06-22,1,typical,2020-06-16,2020-06-22,7,0,0.20468036864184425,images/typical/BN051/2020-06-22.png
BN051_2020-06-23,BN051,2020-06-23,1,typical,2020-06-17,2020-06-23,7,0,0.25099862930210803,images/typical/BN051/2020-06-23.png
BN051_2020-06-24,BN051,2020-06-24,1,typical,2020-06-18,2020-06-24,7,0,0.24493480302954276,images/typical/BN051/2020-06-24.png
BN051_2020-06-25,BN051,2020-06-25,1,typical,2020-06-19,2020-06-25,7,0,0.2301358395561629,images/typical/BN051/2020-06-25.png
BN051_2020-06-26,BN051,2020-06-26,1,typical,2020-06-20,2020-06-26,7,0,0.2403713707896836,images/typical/BN051/2020-06-26.png
BN051_2020-06-27,BN051,2020-06-27,1,typical,2020-06-21,2020-06-27,7,0,0.2730342549595815,images/typical/BN051/2020-06-27.png
BN051_2020-06-28,BN051,2020-06-28,1,typical,2020-06-22,2020-06-28,7,0,0.27330824068433435,images/typical/BN051/2020-06-28.png
BN051_2020-06-29,BN051,2020-06-29,1,typical,2020-06-23,2020-06-29,7,0,0.5208421618687915,images/typical/BN051/2020-06-29.png
BN051_2020-06-30,BN051,2020-06-30,1,typical,2020-06-24,2020-06-30,7,0,0.26632501209867604,images/typical/BN051/2020-06-30.png
BN061_2019-07-31,BN061,2019-07-31,1,typical,2019-07-25,2019-07-31,7,0,0.2707325555077667,images/typical/BN061/2019-07-31.png
BN061_2019-08-01,BN061,2019-08-01,1,typical,2019-07-26,2019-08-01,7,0,0.2663028187869525,images/typical/BN061/2019-08-01.png
BN061_2019-08-02,BN061,2019-08-02,1,typical,2019-07-27,2019-08-02,7,0,0.2514310919520423,images/typical/BN061/2019-08-02.png
BN061_2019-08-03,BN061,2019-08-03,1,typical,2019-07-28,2019-08-03,7,0,0.20720700280948554,images/typical/BN061/2019-08-03.png
BN061_2019-08-04,BN061,2019-08-04,1,typical,2019-07-29,2019-08-04,7,0,0.16703223022505867,images/typical/BN061/2019-08-04.png
BN061_2019-08-05,BN061,2019-08-05,1,typical,2019-07-30,2019-08-05,7,0,0.1667265580116249,images/typical/BN061/2019-08-05.png
BN061_2019-08-06,BN061,2019-08-06,1,typical,2019-07-31,2019-08-06,7,0,0.1547060618635822,images/typical/BN061/2019-08-06.png
BN061_2019-08-07,BN061,2019-08-07,1,typical,2019-08-01,2019-08-07,7,0,0.16172496705518366,images/typical/BN061/2019-08-07.png
BN061_2019-08-08,BN061,2019-08-08,1,typical,2019-08-02,2019-08-08,7,0,0.17365859554880744,images/typical/BN061/2019-08-08.png
BN061_2019-08-09,BN061,2019-08-09,1,typical,2019-08-03,2019-08-09,7,0,0.17659756704346313,images/typical/BN061/2019-08-09.png
BN061_2019-08-10,BN061,2019-08-10,1,typical,2019-08-04,2019-08-10,7,0,0.18203930914252447,images/typical/BN061/2019-08-10.png
BN061_2019-08-11,BN061,2019-08-11,1,typical,2019-08-05,2019-08-11,7,0,0.17237532282491114,images/typical/BN061/2019-08-11.png
BN061_2019-08-12,BN061,2019-08-12,1,typical,2019-08-06,2019-08-12,7,0,0.18869868827640787,images/typical/BN061/2019-08-12.png
BN061_2019-08-13,BN061,2019-08-13,1,typical,2019-08-07,2019-08-13,7,0,0.18271738799772208,images/typical/BN061/2019-08-13.png
BN061_2019-08-14,BN061,2019-08-14,1,typical,2019-08-08,2019-08-14,7,0,0.17469367748474415,images/typical/BN061/2019-08-14.png
BN061_2019-08-15,BN061,2019-08-15,1,typical,2019-08-09,2019-08-15,7,0,0.1766826875720993,images/typical/BN061/2019-08-15.png
BN061_2019-08-16,BN061,2019-08-16,1,typical,2019-08-10,2019-08-16,7,0,0.1721561671302842,images/typical/BN061/2019-08-16.png
BN061_2019-08-17,BN061,2019-08-17,1,typical,2019-08-11,2019-08-17,7,0,0.14954675629926978,images/typical/BN061/2019-08-17.png
BN061_2019-08-18,BN061,2019-08-18,1,typical,2019-08-12,2019-08-18,7,0,0.14584785008121423,images/typical/BN061/2019-08-18.png
BN061_2019-08-19,BN061,2019-08-19,1,typical,2019-08-13,2019-08-19,7,0,0.13966608833630073,images/typical/BN061/2019-08-19.png
BN061_2019-08-20,BN061,2019-08-20,1,typical,2019-08-14,2019-08-20,7,0,0.150416939672167,images/typical/BN061/2019-08-20.png
BN061_2019-08-21,BN061,2019-08-21,1,typical,2019-08-15,2019-08-21,7,0,0.14907030968700605,images/typical/BN061/2019-08-21.png
BN061_2019-08-22,BN061,2019-08-22,1,typical,2019-08-16,2019-08-22,7,0,0.14353051122630253,images/typical/BN061/2019-08-22.png
BN061_2019-08-23,BN061,2019-08-23,1,typical,2019-08-17,2019-08-23,7,0,0.1462182276750774,images/typical/BN061/2019-08-23.png
BN061_2019-08-24,BN061,2019-08-24,1,typical,2019-08-18,2019-08-24,7,0,0.2677361240234988,images/typical/BN061/2019-08-24.png
BN061_2019-08-25,BN061,2019-08-25,1,typical,2019-08-19,2019-08-25,7,0,0.1601927089052978,images/typical/BN061/2019-08-25.png
BN061_2019-08-26,BN061,2019-08-26,1,typical,2019-08-20,2019-08-26,7,0,0.19413510537000764,images/typical/BN061/2019-08-26.png
BN061_2019-08-27,BN061,2019-08-27,1,typical,2019-08-21,2019-08-27,7,0,0.1519111903806153,images/typical/BN061/2019-08-27.png
BN061_2019-08-28,BN061,2019-08-28,1,typical,2019-08-22,2019-08-28,7,0,0.12900675012060817,images/typical/BN061/2019-08-28.png
BN061_2019-08-29,BN061,2019-08-29,1,typical,2019-08-23,2019-08-29,7,0,0.11101560982855668,images/typical/BN061/2019-08-29.png
BN061_2019-08-30,BN061,2019-08-30,1,typical,2019-08-24,2019-08-30,7,0,0.15286602516869657,images/typical/BN061/2019-08-30.png
BN061_2019-08-31,BN061,2019-08-31,1,typical,2019-08-25,2019-08-31,7,0,0.1606547411649096,images/typical/BN061/2019-08-31.png
BN061_2019-09-01,BN061,2019-09-01,1,typical,2019-08-26,2019-09-01,7,0,0.17476319326734194,images/typical/BN061/2019-09-01.png
BN061_2019-09-02,BN061,2019-09-02,1,typical,2019-08-27,2019-09-02,7,0,0.07652629813242871,images/typical/BN061/2019-09-02.png
BN061_2019-09-03,BN061,2019-09-03,1,typical,2019-08-28,2019-09-03,7,0,0.08666394166265738,images/typical/BN061/2019-09-03.png
BN061_2019-09-04,BN061,2019-09-04,1,typical,2019-08-29,2019-09-04,7,0,0.09289040284905518,images/typical/BN061/2019-09-04.png
BN061_2019-09-05,BN061,2019-09-05,1,typical,2019-08-30,2019-09-05,7,0,0.09394582828444173,images/typical/BN061/2019-09-05.png
BN061_2019-09-06,BN061,2019-09-06,1,typical,2019-08-31,2019-09-06,7,0,0.09024951878016454,images/typical/BN061/2019-09-06.png
BN061_2019-09-07,BN061,2019-09-07,1,typical,2019-09-01,2019-09-07,7,0,0.106156092357538,images/typical/BN061/2019-09-07.png
BN061_2019-09-08,BN061,2019-09-08,1,typical,2019-09-02,2019-09-08,7,0,0.09366006721821776,images/typical/BN061/2019-09-08.png
BN061_2019-09-09,BN061,2019-09-09,1,typical,2019-09-03,2019-09-09,7,0,0.17559965434973973,images/typical/BN061/2019-09-09.png
BN061_2019-09-10,BN061,2019-09-10,1,typical,2019-09-04,2019-09-10,7,0,0.19020968475564143,images/typical/BN061/2019-09-10.png
BN061_2019-09-11,BN061,2019-09-11,1,typical,2019-09-05,2019-09-11,7,0,0.18316060220024577,images/typical/BN061/2019-09-11.png
BN061_2019-09-12,BN061,2019-09-12,1,typical,2019-09-06,2019-09-12,7,0,0.17956411466928793,images/typical/BN061/2019-09-12.png
BN061_2019-09-13,BN061,2019-09-13,1,typical,2019-09-07,2019-09-13,7,0,0.18258666237969298,images/typical/BN061/2019-09-13.png
BN061_2019-09-14,BN061,2019-09-14,1,typical,2019-09-08,2019-09-14,7,0,0.18647735192181966,images/typical/BN061/2019-09-14.png
BN061_2019-09-15,BN061,2019-09-15,1,typical,2019-09-09,2019-09-15,7,0,0.2014288032035929,images/typical/BN061/2019-09-15.png
BN061_2019-09-16,BN061,2019-09-16,1,typical,2019-09-10,2019-09-16,7,0,0.21164879894767127,images/typical/BN061/2019-09-16.png
BN061_2019-09-17,BN061,2019-09-17,1,typical,2019-09-11,2019-09-17,7,0,0.208191252505271,images/typical/BN061/2019-09-17.png
BN061_2019-09-18,BN061,2019-09-18,1,typical,2019-09-12,2019-09-18,7,0,0.2198614563110564,images/typical/BN061/2019-09-18.png
BN061_2019-09-19,BN061,2019-09-19,1,typical,2019-09-13,2019-09-19,7,0,0.22106103713994518,images/typical/BN061/2019-09-19.png
BN061_2019-09-20,BN061,2019-09-20,1,typical,2019-09-14,2019-09-20,7,0,0.21262203663521326,images/typical/BN061/2019-09-20.png
BN061_2019-09-21,BN061,2019-09-21,1,typical,2019-09-15,2019-09-21,7,0,0.25617200299869325,images/typical/BN061/2019-09-21.png
BN061_2019-09-22,BN061,2019-09-22,1,typical,2019-09-16,2019-09-22,7,0,0.1391251654191664,images/typical/BN061/2019-09-22.png
BN061_2019-09-23,BN061,2019-09-23,1,typical,2019-09-17,2019-09-23,7,0,0.16308741462277826,images/typical/BN061/2019-09-23.png
BN061_2019-09-24,BN061,2019-09-24,1,typical,2019-09-18,2019-09-24,7,0,0.22476761888762273,images/typical/BN061/2019-09-24.png
BN061_2019-09-25,BN061,2019-09-25,1,typical,2019-09-19,2019-09-25,7,0,0.16359392064511308,images/typical/BN061/2019-09-25.png
BN061_2019-09-26,BN061,2019-09-26,1,typical,2019-09-20,2019-09-26,7,0,0.1768800353618395,images/typical/BN061/2019-09-26.png
BN061_2019-09-27,BN061,2019-09-27,1,typical,2019-09-21,2019-09-27,7,0,0.18023283023930156,images/typical/BN061/2019-09-27.png
BN061_2019-09-28,BN061,2019-09-28,1,typical,2019-09-22,2019-09-28,7,0,0.2607539961752567,images/typical/BN061/2019-09-28.png
BN061_2019-09-29,BN061,2019-09-29,1,typical,2019-09-23,2019-09-29,7,0,0.22048591589982391,images/typical/BN061/2019-09-29.png
BN061_2019-09-30,BN061,2019-09-30,1,typical,2019-09-24,2019-09-30,7,0,0.21283066145682183,images/typical/BN061/2019-09-30.png
BN061_2019-10-01,BN061,2019-10-01,1,typical,2019-09-25,2019-10-01,7,0,0.23118881171021424,images/typical/BN061/2019-10-01.png
BN061_2019-10-02,BN061,2019-10-02,1,typical,2019-09-26,2019-10-02,7,0,0.2913199525925427,images/typical/BN061/2019-10-02.png
BN061_2019-10-03,BN061,2019-10-03,1,typical,2019-09-27,2019-10-03,7,0,0.27174490329477113,images/typical/BN061/2019-10-03.png
BN061_2019-10-04,BN061,2019-10-04,1,typical,2019-09-28,2019-10-04,7,0,0.27302567495966973,images/typical/BN061/2019-10-04.png
BN061_2019-10-05,BN061,2019-10-05,1,typical,2019-09-29,2019-10-05,7,0,0.15255307726655135,images/typical/BN061/2019-10-05.png
BN061_2019-10-06,BN061,2019-10-06,1,typical,2019-09-30,2019-10-06,7,0,0.16125883248583442,images/typical/BN061/2019-10-06.png
BN061_2019-10-07,BN061,2019-10-07,1,typical,2019-10-01,2019-10-07,7,0,0.15733474572780876,images/typical/BN061/2019-10-07.png
BN061_2019-10-08,BN061,2019-10-08,1,typical,2019-10-02,2019-10-08,7,0,0.1526977190675674,images/typical/BN061/2019-10-08.png
BN061_2019-10-09,BN061,2019-10-09,1,typical,2019-10-03,2019-10-09,7,0,0.15524829922491862,images/typical/BN061/2019-10-09.png
BN061_2019-10-10,BN061,2019-10-10,1,typical,2019-10-04,2019-10-10,7,0,0.1613472249972343,images/typical/BN061/2019-10-10.png
BN061_2019-10-11,BN061,2019-10-11,1,typical,2019-10-05,2019-10-11,7,0,0.16705308289172638,images/typical/BN061/2019-10-11.png
BN061_2019-10-12,BN061,2019-10-12,1,typical,2019-10-06,2019-10-12,7,0,0.1663154332891783,images/typical/BN061/2019-10-12.png
BN061_2019-10-13,BN061,2019-10-13,1,typical,2019-10-07,2019-10-13,7,0,0.15872797594109966,images/typical/BN061/2019-10-13.png
BN061_2019-10-14,BN061,2019-10-14,1,typical,2019-10-08,2019-10-14,7,0,0.16530048841430744,images/typical/BN061/2019-10-14.png
BN061_2019-10-15,BN061,2019-10-15,1,typical,2019-10-09,2019-10-15,7,0,0.18414874713711138,images/typical/BN061/2019-10-15.png
BN061_2019-10-16,BN061,2019-10-16,1,typical,2019-10-10,2019-10-16,7,0,0.16627504317323852,images/typical/BN061/2019-10-16.png
BN061_2019-10-17,BN061,2019-10-17,1,typical,2019-10-11,2019-10-17,7,0,0.1419232531777116,images/typical/BN061/2019-10-17.png
BN061_2019-10-18,BN061,2019-10-18,1,typical,2019-10-12,2019-10-18,7,0,0.13920825799766726,images/typical/BN061/2019-10-18.png
BN061_2019-10-19,BN061,2019-10-19,1,typical,2019-10-13,2019-10-19,7,0,0.14052193238199479,images/typical/BN061/2019-10-19.png
BN061_2019-10-20,BN061,2019-10-20,1,typical,2019-10-14,2019-10-20,7,0,0.14237668248834365,images/typical/BN061/2019-10-20.png
BN061_2019-10-21,BN061,2019-10-21,1,typical,2019-10-15,2019-10-21,7,0,0.1492369393541976,images/typical/BN061/2019-10-21.png
BN061_2019-10-22,BN061,2019-10-22,1,typical,2019-10-16,2019-10-22,7,0,0.14775234582381316,images/typical/BN061/2019-10-22.png
BN061_2019-10-23,BN061,2019-10-23,1,typical,2019-10-17,2019-10-23,7,0,0.14711392941722104,images/typical/BN061/2019-10-23.png
BN061_2019-10-24,BN061,2019-10-24,1,typical,2019-10-18,2019-10-24,7,0,0.14328580772214383,images/typical/BN061/2019-10-24.png
BN061_2019-10-25,BN061,2019-10-25,1,typical,2019-10-19,2019-10-25,7,0,0.143277695675321,images/typical/BN061/2019-10-25.png
BN061_2019-10-26,BN061,2019-10-26,1,typical,2019-10-20,2019-10-26,7,0,0.14115686807336453,images/typical/BN061/2019-10-26.png
BN061_2019-10-27,BN061,2019-10-27,1,typical,2019-10-21,2019-10-27,7,0,0.1487457132279584,images/typical/BN061/2019-10-27.png
BN061_2019-10-28,BN061,2019-10-28,1,typical,2019-10-22,2019-10-28,7,0,0.14522362877433626,images/typical/BN061/2019-10-28.png
BN061_2019-10-29,BN061,2019-10-29,1,typical,2019-10-23,2019-10-29,7,0,0.16037368566915008,images/typical/BN061/2019-10-29.png
BN061_2019-10-30,BN061,2019-10-30,1,typical,2019-10-24,2019-10-30,7,0,0.17394292739275863,images/typical/BN061/2019-10-30.png
BN061_2019-10-31,BN061,2019-10-31,1,typical,2019-10-25,2019-10-31,7,0,0.16652234756364004,images/typical/BN061/2019-10-31.png
BN061_2019-11-01,BN061,2019-11-01,1,typical,2019-10-26,2019-11-01,7,0,0.15912787805397743,images/typical/BN061/2019-11-01.png
BN061_2019-11-02,BN061,2019-11-02,1,typical,2019-10-27,2019-11-02,7,0,0.2910875266732874,images/typical/BN061/2019-11-02.png
BN061_2019-11-03,BN061,2019-11-03,1,typical,2019-10-28,2019-11-03,7,0,0.22625036946203966,images/typical/BN061/2019-11-03.png
BN061_2019-11-04,BN061,2019-11-04,1,typical,2019-10-29,2019-11-04,7,0,0.21267276473560626,images/typical/BN061/2019-11-04.png
BN061_2019-11-05,BN061,2019-11-05,1,typical,2019-10-30,2019-11-05,7,0,0.2134416113219953,images/typical/BN061/2019-11-05.png
BN061_2019-11-06,BN061,2019-11-06,1,typical,2019-10-31,2019-11-06,7,0,0.21482406371114388,images/typical/BN061/2019-11-06.png
BN061_2019-11-07,BN061,2019-11-07,1,typical,2019-11-01,2019-11-07,7,0,0.16949711865424036,images/typical/BN061/2019-11-07.png
BN061_2019-11-08,BN061,2019-11-08,1,typical,2019-11-02,2019-11-08,7,0,0.20567792053236492,images/typical/BN061/2019-11-08.png
BN061_2019-11-09,BN061,2019-11-09,1,typical,2019-11-03,2019-11-09,7,0,0.28615017121887615,images/typical/BN061/2019-11-09.png
BN061_2019-11-10,BN061,2019-11-10,1,typical,2019-11-04,2019-11-10,7,0,0.153347692323057,images/typical/BN061/2019-11-10.png
BN061_2019-11-11,BN061,2019-11-11,1,typical,2019-11-05,2019-11-11,7,0,0.07809191762806166,images/typical/BN061/2019-11-11.png
BN061_2019-11-12,BN061,2019-11-12,1,typical,2019-11-06,2019-11-12,7,0,0.08167488573288259,images/typical/BN061/2019-11-12.png
BN061_2019-11-13,BN061,2019-11-13,1,typical,2019-11-07,2019-11-13,7,0,0.08940045564767739,images/typical/BN061/2019-11-13.png
BN061_2019-11-14,BN061,2019-11-14,1,typical,2019-11-08,2019-11-14,7,0,0.10170605470616131,images/typical/BN061/2019-11-14.png
BN061_2019-11-15,BN061,2019-11-15,1,typical,2019-11-09,2019-11-15,7,0,0.11504795262351834,images/typical/BN061/2019-11-15.png
BN061_2019-11-16,BN061,2019-11-16,1,typical,2019-11-10,2019-11-16,7,0,0.1318507306044673,images/typical/BN061/2019-11-16.png
BN061_2019-11-17,BN061,2019-11-17,1,typical,2019-11-11,2019-11-17,7,0,0.17725602441889604,images/typical/BN061/2019-11-17.png
BN061_2019-11-18,BN061,2019-11-18,1,typical,2019-11-12,2019-11-18,7,0,0.22036517688906737,images/typical/BN061/2019-11-18.png
BN061_2019-11-19,BN061,2019-11-19,1,typical,2019-11-13,2019-11-19,7,0,0.20701866208671976,images/typical/BN061/2019-11-19.png
BN061_2019-11-20,BN061,2019-11-20,1,typical,2019-11-14,2019-11-20,7,0,0.2765671763597032,images/typical/BN061/2019-11-20.png
BN061_2019-11-21,BN061,2019-11-21,1,typical,2019-11-15,2019-11-21,7,0,0.38069260293786344,images/typical/BN061/2019-11-21.png
BN061_2019-11-22,BN061,2019-11-22,1,typical,2019-11-16,2019-11-22,7,0,0.25046432127874113,images/typical/BN061/2019-11-22.png
BN061_2019-11-23,BN061,2019-11-23,1,typical,2019-11-17,2019-11-23,7,0,0.33048797243599093,images/typical/BN061/2019-11-23.png
BN061_2019-11-24,BN061,2019-11-24,1,typical,2019-11-18,2019-11-24,7,0,0.37909988953817003,images/typical/BN061/2019-11-24.png
BN061_2019-11-25,BN061,2019-11-25,1,typical,2019-11-19,2019-11-25,7,0,0.35074015249628415,images/typical/BN061/2019-11-25.png
BN061_2019-11-26,BN061,2019-11-26,1,typical,2019-11-20,2019-11-26,7,0,0.25065893196767053,images/typical/BN061/2019-11-26.png
BN061_2019-11-27,BN061,2019-11-27,1,typical,2019-11-21,2019-11-27,7,0,0.18013629939463513,images/typical/BN061/2019-11-27.png
BN061_2019-11-28,BN061,2019-11-28,1,typical,2019-11-22,2019-11-28,7,0,0.09911969701647222,images/typical/BN061/2019-11-28.png
BN061_2019-11-29,BN061,2019-11-29,1,typical,2019-11-23,2019-11-29,7,0,0.15776477994858804,images/typical/BN061/2019-11-29.png
BN061_2019-11-30,BN061,2019-11-30,1,typical,2019-11-24,2019-11-30,7,0,0.22190764760082507,images/typical/BN061/2019-11-30.png
BN061_2019-12-01,BN061,2019-12-01,1,typical,2019-11-25,2019-12-01,7,0,0.29804600121859715,images/typical/BN061/2019-12-01.png
BN061_2019-12-02,BN061,2019-12-02,1,typical,2019-11-26,2019-12-02,7,0,0.2508270671306096,images/typical/BN061/2019-12-02.png
BN061_2019-12-03,BN061,2019-12-03,1,typical,2019-11-27,2019-12-03,7,0,0.24305688533993566,images/typical/BN061/2019-12-03.png
BN061_2019-12-04,BN061,2019-12-04,1,typical,2019-11-28,2019-12-04,7,0,0.2584502860222634,images/typical/BN061/2019-12-04.png
BN061_2019-12-05,BN061,2019-12-05,1,typical,2019-11-29,2019-12-05,7,0,0.4289512610365375,images/typical/BN061/2019-12-05.png
BN061_2019-12-06,BN061,2019-12-06,1,typical,2019-11-30,2019-12-06,7,0,0.40704441876024783,images/typical/BN061/2019-12-06.png
BN061_2019-12-07,BN061,2019-12-07,1,typical,2019-12-01,2019-12-07,7,0,0.3090673014521826,images/typical/BN061/2019-12-07.png
BN061_2019-12-08,BN061,2019-12-08,1,typical,2019-12-02,2019-12-08,7,0,0.18663809555139071,images/typical/BN061/2019-12-08.png
BN061_2019-12-09,BN061,2019-12-09,1,typical,2019-12-03,2019-12-09,7,0,0.2595945175109757,images/typical/BN061/2019-12-09.png
BN061_2019-12-10,BN061,2019-12-10,1,typical,2019-12-04,2019-12-10,7,0,0.29199668829285097,images/typical/BN061/2019-12-10.png
BN061_2019-12-11,BN061,2019-12-11,1,typical,2019-12-05,2019-12-11,7,0,0.18718863913476141,images/typical/BN061/2019-12-11.png
BN061_2019-12-12,BN061,2019-12-12,1,typical,2019-12-06,2019-12-12,7,0,0.1501761793174249,images/typical/BN061/2019-12-12.png
BN061_2019-12-13,BN061,2019-12-13,1,typical,2019-12-07,2019-12-13,7,0,0.15147666986253755,images/typical/BN061/2019-12-13.png
BN061_2019-12-14,BN061,2019-12-14,1,typical,2019-12-08,2019-12-14,7,0,0.27515155975500405,images/typical/BN061/2019-12-14.png
BN061_2019-12-15,BN061,2019-12-15,1,typical,2019-12-09,2019-12-15,7,0,0.40232118934195044,images/typical/BN061/2019-12-15.png
BN061_2019-12-16,BN061,2019-12-16,1,typical,2019-12-10,2019-12-16,7,0,0.3081843934174734,images/typical/BN061/2019-12-16.png
BN061_2019-12-17,BN061,2019-12-17,1,typical,2019-12-11,2019-12-17,7,0,0.4507685406351372,images/typical/BN061/2019-12-17.png
BN061_2019-12-18,BN061,2019-12-18,1,typical,2019-12-12,2019-12-18,7,0,0.45806329942023766,images/typical/BN061/2019-12-18.png
BN061_2019-12-19,BN061,2019-12-19,1,typical,2019-12-13,2019-12-19,7,0,0.46429768352845346,images/typical/BN061/2019-12-19.png
BN061_2019-12-20,BN061,2019-12-20,1,typical,2019-12-14,2019-12-20,7,0,0.4741343911198207,images/typical/BN061/2019-12-20.png
BN061_2019-12-21,BN061,2019-12-21,1,typical,2019-12-15,2019-12-21,7,0,0.4277860721971734,images/typical/BN061/2019-12-21.png
BN061_2019-12-22,BN061,2019-12-22,1,typical,2019-12-16,2019-12-22,7,0,0.25635686183694256,images/typical/BN061/2019-12-22.png
BN061_2019-12-23,BN061,2019-12-23,1,typical,2019-12-17,2019-12-23,7,0,0.24971776892260955,images/typical/BN061/2019-12-23.png
BN061_2019-12-24,BN061,2019-12-24,1,typical,2019-12-18,2019-12-24,7,0,0.0982453932740664,images/typical/BN061/2019-12-24.png
BN061_2019-12-25,BN061,2019-12-25,1,typical,2019-12-19,2019-12-25,7,0,0.1476566276502491,images/typical/BN061/2019-12-25.png
BN061_2019-12-26,BN061,2019-12-26,1,typical,2019-12-20,2019-12-26,7,0,0.48422997077378066,images/typical/BN061/2019-12-26.png
BN061_2019-12-27,BN061,2019-12-27,1,typical,2019-12-21,2019-12-27,7,0,0.5307449106155023,images/typical/BN061/2019-12-27.png
BN061_2019-12-28,BN061,2019-12-28,1,typical,2019-12-22,2019-12-28,7,0,0.5365347168052949,images/typical/BN061/2019-12-28.png
BN061_2019-12-29,BN061,2019-12-29,1,typical,2019-12-23,2019-12-29,7,0,0.5031646958868049,images/typical/BN061/2019-12-29.png
BN061_2019-12-30,BN061,2019-12-30,1,typical,2019-12-24,2019-12-30,7,0,0.5296094261123694,images/typical/BN061/2019-12-30.png
BN061_2019-12-31,BN061,2019-12-31,1,typical,2019-12-25,2019-12-31,7,0,0.5360213026464437,images/typical/BN061/2019-12-31.png
BN061_2020-01-01,BN061,2020-01-01,1,typical,2019-12-26,2020-01-01,7,0,0.3531775654938523,images/typical/BN061/2020-01-01.png
BN061_2020-01-02,BN061,2020-01-02,1,typical,2019-12-27,2020-01-02,7,0,0.33084012850305716,images/typical/BN061/2020-01-02.png
BN061_2020-01-03,BN061,2020-01-03,1,typical,2019-12-28,2020-01-03,7,0,0.4193872226196247,images/typical/BN061/2020-01-03.png
BN061_2020-01-04,BN061,2020-01-04,1,typical,2019-12-29,2020-01-04,7,0,0.41232099262499095,images/typical/BN061/2020-01-04.png
BN061_2020-01-05,BN061,2020-01-05,1,typical,2019-12-30,2020-01-05,7,0,0.4243107438155993,images/typical/BN061/2020-01-05.png
BN061_2020-01-06,BN061,2020-01-06,1,typical,2019-12-31,2020-01-06,7,0,0.49130488308728315,images/typical/BN061/2020-01-06.png
BN061_2020-01-07,BN061,2020-01-07,1,typical,2020-01-01,2020-01-07,7,0,0.5012392675528189,images/typical/BN061/2020-01-07.png
BN061_2020-01-08,BN061,2020-01-08,1,typical,2020-01-02,2020-01-08,7,0,0.5826603944397554,images/typical/BN061/2020-01-08.png
BN061_2020-01-09,BN061,2020-01-09,1,typical,2020-01-03,2020-01-09,7,0,0.5974620239568514,images/typical/BN061/2020-01-09.png
BN061_2020-01-10,BN061,2020-01-10,1,typical,2020-01-04,2020-01-10,7,0,0.6552828548288442,images/typical/BN061/2020-01-10.png
BN061_2020-01-11,BN061,2020-01-11,1,typical,2020-01-05,2020-01-11,7,0,0.6599231748567315,images/typical/BN061/2020-01-11.png
BN061_2020-01-12,BN061,2020-01-12,1,typical,2020-01-06,2020-01-12,7,0,0.5940435252634376,images/typical/BN061/2020-01-12.png
BN061_2020-01-13,BN061,2020-01-13,1,typical,2020-01-07,2020-01-13,7,0,0.505384796161297,images/typical/BN061/2020-01-13.png
BN061_2020-01-14,BN061,2020-01-14,1,typical,2020-01-08,2020-01-14,7,0,0.5052355351036335,images/typical/BN061/2020-01-14.png
BN061_2020-01-15,BN061,2020-01-15,1,typical,2020-01-09,2020-01-15,7,0,0.5274071205454464,images/typical/BN061/2020-01-15.png
BN061_2020-01-16,BN061,2020-01-16,1,typical,2020-01-10,2020-01-16,7,0,0.41341752773857604,images/typical/BN061/2020-01-16.png
BN061_2020-01-17,BN061,2020-01-17,1,typical,2020-01-11,2020-01-17,7,0,0.38510444841546904,images/typical/BN061/2020-01-17.png
BN061_2020-01-18,BN061,2020-01-18,1,typical,2020-01-12,2020-01-18,7,0,0.44564251007119143,images/typical/BN061/2020-01-18.png
BN061_2020-01-19,BN061,2020-01-19,1,typical,2020-01-13,2020-01-19,7,0,0.32827216836661893,images/typical/BN061/2020-01-19.png
BN061_2020-01-20,BN061,2020-01-20,1,typical,2020-01-14,2020-01-20,7,0,0.1817909587356833,images/typical/BN061/2020-01-20.png
BN061_2020-01-21,BN061,2020-01-21,1,typical,2020-01-15,2020-01-21,7,0,0.17489899566502565,images/typical/BN061/2020-01-21.png
BN061_2020-01-22,BN061,2020-01-22,1,typical,2020-01-16,2020-01-22,7,0,0.19648915468251696,images/typical/BN061/2020-01-22.png
BN061_2020-01-23,BN061,2020-01-23,1,typical,2020-01-17,2020-01-23,7,0,0.22217627557025907,images/typical/BN061/2020-01-23.png
BN061_2020-01-24,BN061,2020-01-24,1,typical,2020-01-18,2020-01-24,7,0,0.2630214468342508,images/typical/BN061/2020-01-24.png
BN061_2020-01-25,BN061,2020-01-25,1,typical,2020-01-19,2020-01-25,7,0,0.18047751670901227,images/typical/BN061/2020-01-25.png
BN061_2020-01-26,BN061,2020-01-26,1,typical,2020-01-20,2020-01-26,7,0,0.1686528409940009,images/typical/BN061/2020-01-26.png
BN061_2020-01-27,BN061,2020-01-27,1,typical,2020-01-21,2020-01-27,7,0,0.20627045094852225,images/typical/BN061/2020-01-27.png
BN061_2020-01-28,BN061,2020-01-28,1,typical,2020-01-22,2020-01-28,7,0,0.1570049277529515,images/typical/BN061/2020-01-28.png
BN061_2020-01-29,BN061,2020-01-29,1,typical,2020-01-23,2020-01-29,7,0,0.20641188561929788,images/typical/BN061/2020-01-29.png
BN061_2020-01-30,BN061,2020-01-30,1,typical,2020-01-24,2020-01-30,7,0,0.1565643907023753,images/typical/BN061/2020-01-30.png
BN061_2020-01-31,BN061,2020-01-31,1,typical,2020-01-25,2020-01-31,7,0,0.1519855528814081,images/typical/BN061/2020-01-31.png
BN061_2020-02-01,BN061,2020-02-01,1,typical,2020-01-26,2020-02-01,7,0,0.1586326479177272,images/typical/BN061/2020-02-01.png
BN061_2020-02-02,BN061,2020-02-02,1,typical,2020-01-27,2020-02-02,7,0,0.18256360115718048,images/typical/BN061/2020-02-02.png
BN061_2020-02-03,BN061,2020-02-03,1,typical,2020-01-28,2020-02-03,7,0,0.216318331507337,images/typical/BN061/2020-02-03.png
BN061_2020-02-04,BN061,2020-02-04,1,typical,2020-01-29,2020-02-04,7,0,0.28431203998790877,images/typical/BN061/2020-02-04.png
BN061_2020-02-05,BN061,2020-02-05,1,typical,2020-01-30,2020-02-05,7,0,0.13908501092988212,images/typical/BN061/2020-02-05.png
BN061_2020-02-06,BN061,2020-02-06,1,typical,2020-01-31,2020-02-06,7,0,0.06770755414442554,images/typical/BN061/2020-02-06.png
BN061_2020-02-07,BN061,2020-02-07,1,typical,2020-02-01,2020-02-07,7,0,0.08325032091692877,images/typical/BN061/2020-02-07.png
BN061_2020-02-08,BN061,2020-02-08,1,typical,2020-02-02,2020-02-08,7,0,0.15899319353333413,images/typical/BN061/2020-02-08.png
BN061_2020-02-09,BN061,2020-02-09,1,typical,2020-02-03,2020-02-09,7,0,0.4858390543348779,images/typical/BN061/2020-02-09.png
BN061_2020-02-10,BN061,2020-02-10,1,typical,2020-02-04,2020-02-10,7,0,0.5918763589618791,images/typical/BN061/2020-02-10.png
BN061_2020-02-11,BN061,2020-02-11,1,typical,2020-02-05,2020-02-11,7,0,0.6137210718346159,images/typical/BN061/2020-02-11.png
BN061_2020-02-12,BN061,2020-02-12,1,typical,2020-02-06,2020-02-12,7,0,0.6541808654342314,images/typical/BN061/2020-02-12.png
BN061_2020-02-13,BN061,2020-02-13,1,typical,2020-02-07,2020-02-13,7,0,0.6580048157971953,images/typical/BN061/2020-02-13.png
BN061_2020-02-14,BN061,2020-02-14,1,typical,2020-02-08,2020-02-14,7,0,0.6569702453214632,images/typical/BN061/2020-02-14.png
BN061_2020-02-15,BN061,2020-02-15,1,typical,2020-02-09,2020-02-15,7,0,0.6815445467482233,images/typical/BN061/2020-02-15.png
BN061_2020-02-16,BN061,2020-02-16,1,typical,2020-02-10,2020-02-16,7,0,0.5770113584872137,images/typical/BN061/2020-02-16.png
BN061_2020-02-17,BN061,2020-02-17,1,typical,2020-02-11,2020-02-17,7,0,0.0935493496713788,images/typical/BN061/2020-02-17.png
BN061_2020-02-18,BN061,2020-02-18,1,typical,2020-02-12,2020-02-18,7,0,0.1243432910766395,images/typical/BN061/2020-02-18.png
BN061_2020-02-19,BN061,2020-02-19,1,typical,2020-02-13,2020-02-19,7,0,0.3262538735121353,images/typical/BN061/2020-02-19.png
BN061_2020-02-20,BN061,2020-02-20,1,typical,2020-02-14,2020-02-20,7,0,0.2990847216818662,images/typical/BN061/2020-02-20.png
BN061_2020-02-21,BN061,2020-02-21,1,typical,2020-02-15,2020-02-21,7,0,0.20852567264323274,images/typical/BN061/2020-02-21.png
BN061_2020-02-22,BN061,2020-02-22,1,typical,2020-02-16,2020-02-22,7,0,0.3097379476903559,images/typical/BN061/2020-02-22.png
BN061_2020-02-23,BN061,2020-02-23,1,typical,2020-02-17,2020-02-23,7,0,0.2599425534085883,images/typical/BN061/2020-02-23.png
BN061_2020-02-24,BN061,2020-02-24,1,typical,2020-02-18,2020-02-24,7,0,0.2641094554687677,images/typical/BN061/2020-02-24.png
BN061_2020-02-25,BN061,2020-02-25,1,typical,2020-02-19,2020-02-25,7,0,0.2181678904329178,images/typical/BN061/2020-02-25.png
BN061_2020-02-26,BN061,2020-02-26,1,typical,2020-02-20,2020-02-26,7,0,0.1761415668042518,images/typical/BN061/2020-02-26.png
BN061_2020-02-27,BN061,2020-02-27,1,typical,2020-02-21,2020-02-27,7,0,0.12497822178107436,images/typical/BN061/2020-02-27.png
BN061_2020-02-28,BN061,2020-02-28,1,typical,2020-02-22,2020-02-28,7,0,0.17574521280527064,images/typical/BN061/2020-02-28.png
BN061_2020-02-29,BN061,2020-02-29,1,typical,2020-02-23,2020-02-29,7,0,0.15875371674408317,images/typical/BN061/2020-02-29.png
BN061_2020-03-01,BN061,2020-03-01,1,typical,2020-02-24,2020-03-01,7,0,0.1358500664270905,images/typical/BN061/2020-03-01.png
BN061_2020-03-02,BN061,2020-03-02,1,typical,2020-02-25,2020-03-02,7,0,0.13874134422440365,images/typical/BN061/2020-03-02.png
BN061_2020-03-03,BN061,2020-03-03,1,typical,2020-02-26,2020-03-03,7,0,0.18811618767029353,images/typical/BN061/2020-03-03.png
BN061_2020-03-04,BN061,2020-03-04,1,typical,2020-02-27,2020-03-04,7,0,0.25881155143340556,images/typical/BN061/2020-03-04.png
BN061_2020-03-05,BN061,2020-03-05,1,typical,2020-02-28,2020-03-05,7,0,0.1569606794246524,images/typical/BN061/2020-03-05.png
BN061_2020-03-06,BN061,2020-03-06,1,typical,2020-02-29,2020-03-06,7,0,0.18175030251579108,images/typical/BN061/2020-03-06.png
BN061_2020-03-07,BN061,2020-03-07,1,typical,2020-03-01,2020-03-07,7,0,0.19242045266934457,images/typical/BN061/2020-03-07.png
BN061_2020-03-08,BN061,2020-03-08,1,typical,2020-03-02,2020-03-08,7,0,0.16059462557518142,images/typical/BN061/2020-03-08.png
BN061_2020-03-09,BN061,2020-03-09,1,typical,2020-03-03,2020-03-09,7,0,0.1618605701853272,images/typical/BN061/2020-03-09.png
BN061_2020-03-10,BN061,2020-03-10,1,typical,2020-03-04,2020-03-10,7,0,0.16772089853178265,images/typical/BN061/2020-03-10.png
BN061_2020-03-11,BN061,2020-03-11,1,typical,2020-03-05,2020-03-11,7,0,0.1594647935598506,images/typical/BN061/2020-03-11.png
BN061_2020-03-12,BN061,2020-03-12,1,typical,2020-03-06,2020-03-12,7,0,0.15995807531025136,images/typical/BN061/2020-03-12.png
BN061_2020-03-13,BN061,2020-03-13,1,typical,2020-03-07,2020-03-13,7,0,0.20673603572207516,images/typical/BN061/2020-03-13.png
BN061_2020-03-14,BN061,2020-03-14,1,typical,2020-03-08,2020-03-14,7,0,0.3654297363342112,images/typical/BN061/2020-03-14.png
BN061_2020-03-15,BN061,2020-03-15,1,typical,2020-03-09,2020-03-15,7,0,0.21558753558182492,images/typical/BN061/2020-03-15.png
BN061_2020-03-16,BN061,2020-03-16,1,typical,2020-03-10,2020-03-16,7,0,0.22172359661898156,images/typical/BN061/2020-03-16.png
BN061_2020-03-17,BN061,2020-03-17,1,typical,2020-03-11,2020-03-17,7,0,0.23057607656980686,images/typical/BN061/2020-03-17.png
BN061_2020-03-18,BN061,2020-03-18,1,typical,2020-03-12,2020-03-18,7,0,0.3076653710454537,images/typical/BN061/2020-03-18.png
BN061_2020-03-19,BN061,2020-03-19,1,typical,2020-03-13,2020-03-19,7,0,0.29719643253165984,images/typical/BN061/2020-03-19.png
BN061_2020-03-20,BN061,2020-03-20,1,typical,2020-03-14,2020-03-20,7,0,0.26028846240684533,images/typical/BN061/2020-03-20.png
BN061_2020-03-21,BN061,2020-03-21,1,typical,2020-03-15,2020-03-21,7,0,0.28605796636279984,images/typical/BN061/2020-03-21.png
BN061_2020-03-22,BN061,2020-03-22,1,typical,2020-03-16,2020-03-22,7,0,0.2847077128564412,images/typical/BN061/2020-03-22.png
BN061_2020-03-23,BN061,2020-03-23,1,typical,2020-03-17,2020-03-23,7,0,0.24051922383313223,images/typical/BN061/2020-03-23.png
BN061_2020-03-24,BN061,2020-03-24,1,typical,2020-03-18,2020-03-24,7,0,0.2407153658126216,images/typical/BN061/2020-03-24.png
BN061_2020-03-25,BN061,2020-03-25,1,typical,2020-03-19,2020-03-25,7,0,0.2295419807595177,images/typical/BN061/2020-03-25.png
BN061_2020-03-26,BN061,2020-03-26,1,typical,2020-03-20,2020-03-26,7,0,0.5583448905696431,images/typical/BN061/2020-03-26.png
BN061_2020-03-27,BN061,2020-03-27,1,typical,2020-03-21,2020-03-27,7,0,0.5045162100740888,images/typical/BN061/2020-03-27.png
BN061_2020-03-28,BN061,2020-03-28,1,typical,2020-03-22,2020-03-28,7,0,0.38611613528765676,images/typical/BN061/2020-03-28.png
BN061_2020-03-29,BN061,2020-03-29,1,typical,2020-03-23,2020-03-29,7,0,0.36168913828087784,images/typical/BN061/2020-03-29.png
BN061_2020-03-30,BN061,2020-03-30,1,typical,2020-03-24,2020-03-30,7,0,0.5442759640428301,images/typical/BN061/2020-03-30.png
BN061_2020-03-31,BN061,2020-03-31,1,typical,2020-03-25,2020-03-31,7,0,0.20645754562961421,images/typical/BN061/2020-03-31.png
BN061_2020-04-01,BN061,2020-04-01,1,typical,2020-03-26,2020-04-01,7,0,0.07982875600482074,images/typical/BN061/2020-04-01.png
BN061_2020-04-02,BN061,2020-04-02,1,typical,2020-03-27,2020-04-02,7,0,0.05262521559602081,images/typical/BN061/2020-04-02.png
BN061_2020-04-03,BN061,2020-04-03,1,typical,2020-03-28,2020-04-03,7,0,0.1386332183294027,images/typical/BN061/2020-04-03.png
BN061_2020-04-04,BN061,2020-04-04,1,typical,2020-03-29,2020-04-04,7,0,0.42493705146066874,images/typical/BN061/2020-04-04.png
BN061_2020-04-05,BN061,2020-04-05,1,typical,2020-03-30,2020-04-05,7,0,0.5320984752514497,images/typical/BN061/2020-04-05.png
BN061_2020-04-06,BN061,2020-04-06,1,typical,2020-03-31,2020-04-06,7,0,0.6127202170754641,images/typical/BN061/2020-04-06.png
BN061_2020-04-07,BN061,2020-04-07,1,typical,2020-04-01,2020-04-07,7,0,0.35295118566542233,images/typical/BN061/2020-04-07.png
BN061_2020-04-08,BN061,2020-04-08,1,typical,2020-04-02,2020-04-08,7,0,0.3919848393873161,images/typical/BN061/2020-04-08.png
BN061_2020-04-09,BN061,2020-04-09,1,typical,2020-04-03,2020-04-09,7,0,0.44696824364933097,images/typical/BN061/2020-04-09.png
BN061_2020-04-10,BN061,2020-04-10,1,typical,2020-04-04,2020-04-10,7,0,0.4993470723817962,images/typical/BN061/2020-04-10.png
BN061_2020-04-11,BN061,2020-04-11,1,typical,2020-04-05,2020-04-11,7,0,0.539305624678994,images/typical/BN061/2020-04-11.png
BN061_2020-04-12,BN061,2020-04-12,1,typical,2020-04-06,2020-04-12,7,0,0.6669682853815228,images/typical/BN061/2020-04-12.png
BN061_2020-04-13,BN061,2020-04-13,1,typical,2020-04-07,2020-04-13,7,0,0.5902867750952069,images/typical/BN061/2020-04-13.png
BN061_2020-04-14,BN061,2020-04-14,1,typical,2020-04-08,2020-04-14,7,0,0.4709313141498027,images/typical/BN061/2020-04-14.png
BN061_2020-04-15,BN061,2020-04-15,1,typical,2020-04-09,2020-04-15,7,0,0.27346444643233725,images/typical/BN061/2020-04-15.png
BN061_2020-04-16,BN061,2020-04-16,1,typical,2020-04-10,2020-04-16,7,0,0.24206079490136842,images/typical/BN061/2020-04-16.png
BN061_2020-04-17,BN061,2020-04-17,1,typical,2020-04-11,2020-04-17,7,0,0.25683040643288924,images/typical/BN061/2020-04-17.png
BN061_2020-04-18,BN061,2020-04-18,1,typical,2020-04-12,2020-04-18,7,0,0.45440922276372764,images/typical/BN061/2020-04-18.png
BN061_2020-04-19,BN061,2020-04-19,1,typical,2020-04-13,2020-04-19,7,0,0.49537781687034155,images/typical/BN061/2020-04-19.png
BN061_2020-04-20,BN061,2020-04-20,1,typical,2020-04-14,2020-04-20,7,0,0.4028774618198894,images/typical/BN061/2020-04-20.png
BN061_2020-04-21,BN061,2020-04-21,1,typical,2020-04-15,2020-04-21,7,0,0.3611667614368698,images/typical/BN061/2020-04-21.png
BN061_2020-04-22,BN061,2020-04-22,1,typical,2020-04-16,2020-04-22,7,0,0.35267837444398414,images/typical/BN061/2020-04-22.png
BN061_2020-04-23,BN061,2020-04-23,1,typical,2020-04-17,2020-04-23,7,0,0.34036916439483966,images/typical/BN061/2020-04-23.png
BN061_2020-04-24,BN061,2020-04-24,1,typical,2020-04-18,2020-04-24,7,0,0.3310696148420302,images/typical/BN061/2020-04-24.png
BN061_2020-04-25,BN061,2020-04-25,1,typical,2020-04-19,2020-04-25,7,0,0.27360021865367107,images/typical/BN061/2020-04-25.png
BN061_2020-04-26,BN061,2020-04-26,1,typical,2020-04-20,2020-04-26,7,0,0.371678639716628,images/typical/BN061/2020-04-26.png
BN061_2020-04-27,BN061,2020-04-27,1,typical,2020-04-21,2020-04-27,7,0,0.28491784267597303,images/typical/BN061/2020-04-27.png
BN061_2020-04-28,BN061,2020-04-28,1,typical,2020-04-22,2020-04-28,7,0,0.27881538051927257,images/typical/BN061/2020-04-28.png
BN061_2020-04-29,BN061,2020-04-29,1,typical,2020-04-23,2020-04-29,7,0,0.3854488820115128,images/typical/BN061/2020-04-29.png
BN061_2020-04-30,BN061,2020-04-30,1,typical,2020-04-24,2020-04-30,7,0,0.4347539603883375,images/typical/BN061/2020-04-30.png
BN061_2020-05-01,BN061,2020-05-01,1,typical,2020-04-25,2020-05-01,7,0,0.6256931042523727,images/typical/BN061/2020-05-01.png
BN061_2020-05-02,BN061,2020-05-02,1,typical,2020-04-26,2020-05-02,7,0,0.6250745743805384,images/typical/BN061/2020-05-02.png
BN061_2020-05-03,BN061,2020-05-03,1,typical,2020-04-27,2020-05-03,7,0,0.6220329956319894,images/typical/BN061/2020-05-03.png
BN061_2020-05-04,BN061,2020-05-04,1,typical,2020-04-28,2020-05-04,7,0,0.6201212264951035,images/typical/BN061/2020-05-04.png
BN061_2020-05-05,BN061,2020-05-05,1,typical,2020-04-29,2020-05-05,7,0,0.6157085185266657,images/typical/BN061/2020-05-05.png
BN061_2020-05-06,BN061,2020-05-06,1,typical,2020-04-30,2020-05-06,7,0,0.5966069885146533,images/typical/BN061/2020-05-06.png
BN061_2020-05-07,BN061,2020-05-07,1,typical,2020-05-01,2020-05-07,7,0,0.5783185014303275,images/typical/BN061/2020-05-07.png
BN061_2020-05-08,BN061,2020-05-08,1,typical,2020-05-02,2020-05-08,7,0,0.1867999748176772,images/typical/BN061/2020-05-08.png
BN061_2020-05-09,BN061,2020-05-09,1,typical,2020-05-03,2020-05-09,7,0,0.24779640184403065,images/typical/BN061/2020-05-09.png
BN061_2020-05-10,BN061,2020-05-10,1,typical,2020-05-04,2020-05-10,7,0,0.2767715328852517,images/typical/BN061/2020-05-10.png
BN061_2020-05-11,BN061,2020-05-11,1,typical,2020-05-05,2020-05-11,7,0,0.25898091142151425,images/typical/BN061/2020-05-11.png
BN061_2020-05-12,BN061,2020-05-12,1,typical,2020-05-06,2020-05-12,7,0,0.6092706415948871,images/typical/BN061/2020-05-12.png
BN061_2020-05-13,BN061,2020-05-13,1,typical,2020-05-07,2020-05-13,7,0,0.6724500109256185,images/typical/BN061/2020-05-13.png
BN061_2020-05-14,BN061,2020-05-14,1,typical,2020-05-08,2020-05-14,7,0,0.6832485723188115,images/typical/BN061/2020-05-14.png
BN061_2020-05-15,BN061,2020-05-15,1,typical,2020-05-09,2020-05-15,7,0,0.6846970615655397,images/typical/BN061/2020-05-15.png
BN061_2020-05-16,BN061,2020-05-16,1,typical,2020-05-10,2020-05-16,7,0,0.6839984706342537,images/typical/BN061/2020-05-16.png
BN061_2020-05-17,BN061,2020-05-17,1,typical,2020-05-11,2020-05-17,7,0,0.6901230024224798,images/typical/BN061/2020-05-17.png
BN061_2020-05-18,BN061,2020-05-18,1,typical,2020-05-12,2020-05-18,7,0,0.6745645143659775,images/typical/BN061/2020-05-18.png
BN061_2020-05-19,BN061,2020-05-19,1,typical,2020-05-13,2020-05-19,7,0,0.6269731226859788,images/typical/BN061/2020-05-19.png
BN061_2020-05-20,BN061,2020-05-20,1,typical,2020-05-14,2020-05-20,7,0,0.5055968295214861,images/typical/BN061/2020-05-20.png
BN061_2020-05-21,BN061,2020-05-21,1,typical,2020-05-15,2020-05-21,7,0,0.33589108791376077,images/typical/BN061/2020-05-21.png
BN061_2020-05-22,BN061,2020-05-22,1,typical,2020-05-16,2020-05-22,7,0,0.21341221111209874,images/typical/BN061/2020-05-22.png
BN061_2020-05-23,BN061,2020-05-23,1,typical,2020-05-17,2020-05-23,7,0,0.26802055158307536,images/typical/BN061/2020-05-23.png
BN061_2020-05-24,BN061,2020-05-24,1,typical,2020-05-18,2020-05-24,7,0,0.2962661027714266,images/typical/BN061/2020-05-24.png
BN061_2020-05-25,BN061,2020-05-25,1,typical,2020-05-19,2020-05-25,7,0,0.319554590836374,images/typical/BN061/2020-05-25.png
BN061_2020-05-26,BN061,2020-05-26,1,typical,2020-05-20,2020-05-26,7,0,0.32129220017594445,images/typical/BN061/2020-05-26.png
BN061_2020-05-27,BN061,2020-05-27,1,typical,2020-05-21,2020-05-27,7,0,0.4126087916343224,images/typical/BN061/2020-05-27.png
BN061_2020-05-28,BN061,2020-05-28,1,typical,2020-05-22,2020-05-28,7,0,0.5323602686694638,images/typical/BN061/2020-05-28.png
BN061_2020-05-29,BN061,2020-05-29,1,typical,2020-05-23,2020-05-29,7,0,0.5862635534120514,images/typical/BN061/2020-05-29.png
BN061_2020-05-30,BN061,2020-05-30,1,typical,2020-05-24,2020-05-30,7,0,0.49998892682015184,images/typical/BN061/2020-05-30.png
BN061_2020-05-31,BN061,2020-05-31,1,typical,2020-05-25,2020-05-31,7,0,0.36070911138881684,images/typical/BN061/2020-05-31.png
BN061_2020-06-01,BN061,2020-06-01,1,typical,2020-05-26,2020-06-01,7,0,0.35207263697416247,images/typical/BN061/2020-06-01.png
BN061_2020-06-02,BN061,2020-06-02,1,typical,2020-05-27,2020-06-02,7,0,0.3200319827058062,images/typical/BN061/2020-06-02.png
BN061_2020-06-03,BN061,2020-06-03,1,typical,2020-05-28,2020-06-03,7,0,0.2836258075237159,images/typical/BN061/2020-06-03.png
BN061_2020-06-04,BN061,2020-06-04,1,typical,2020-05-29,2020-06-04,7,0,0.17984128389145243,images/typical/BN061/2020-06-04.png
BN061_2020-06-05,BN061,2020-06-05,1,typical,2020-05-30,2020-06-05,7,0,0.1854301891147302,images/typical/BN061/2020-06-05.png
BN061_2020-06-06,BN061,2020-06-06,1,typical,2020-05-31,2020-06-06,7,0,0.15697711791051666,images/typical/BN061/2020-06-06.png
BN061_2020-06-07,BN061,2020-06-07,1,typical,2020-06-01,2020-06-07,7,0,0.1383948339400594,images/typical/BN061/2020-06-07.png
BN061_2020-06-08,BN061,2020-06-08,1,typical,2020-06-02,2020-06-08,7,0,0.23653951991043548,images/typical/BN061/2020-06-08.png
BN061_2020-06-09,BN061,2020-06-09,1,typical,2020-06-03,2020-06-09,7,0,0.4004430781260981,images/typical/BN061/2020-06-09.png
BN061_2020-06-10,BN061,2020-06-10,1,typical,2020-06-04,2020-06-10,7,0,0.24048968306034002,images/typical/BN061/2020-06-10.png
BN061_2020-06-11,BN061,2020-06-11,1,typical,2020-06-05,2020-06-11,7,0,0.16416248026477706,images/typical/BN061/2020-06-11.png
BN061_2020-06-12,BN061,2020-06-12,1,typical,2020-06-06,2020-06-12,7,0,0.539917261887982,images/typical/BN061/2020-06-12.png
BN061_2020-06-13,BN061,2020-06-13,1,typical,2020-06-07,2020-06-13,7,0,0.483637058358315,images/typical/BN061/2020-06-13.png
BN061_2020-06-14,BN061,2020-06-14,1,typical,2020-06-08,2020-06-14,7,0,0.1401956265502,images/typical/BN061/2020-06-14.png
BN061_2020-06-15,BN061,2020-06-15,1,typical,2020-06-09,2020-06-15,7,0,0.051038416398860635,images/typical/BN061/2020-06-15.png
BN061_2020-06-16,BN061,2020-06-16,1,typical,2020-06-10,2020-06-16,7,0,0.0647178673681139,images/typical/BN061/2020-06-16.png
BN061_2020-06-17,BN061,2020-06-17,1,typical,2020-06-11,2020-06-17,7,0,0.20152082046197498,images/typical/BN061/2020-06-17.png
BN061_2020-06-18,BN061,2020-06-18,1,typical,2020-06-12,2020-06-18,7,0,0.51423327630496,images/typical/BN061/2020-06-18.png
BN061_2020-06-19,BN061,2020-06-19,1,typical,2020-06-13,2020-06-19,7,0,0.1399995910598362,images/typical/BN061/2020-06-19.png
BN061_2020-06-20,BN061,2020-06-20,1,typical,2020-06-14,2020-06-20,7,0,0.4361760157101689,images/typical/BN061/2020-06-20.png
BN061_2020-06-21,BN061,2020-06-21,1,typical,2020-06-15,2020-06-21,7,0,0.37648307186758667,images/typical/BN061/2020-06-21.png
BN061_2020-06-22,BN061,2020-06-22,1,typical,2020-06-16,2020-06-22,7,0,0.4447861918205267,images/typical/BN061/2020-06-22.png
BN061_2020-06-23,BN061,2020-06-23,1,typical,2020-06-17,2020-06-23,7,0,0.4657485073158732,images/typical/BN061/2020-06-23.png
BN061_2020-06-24,BN061,2020-06-24,1,typical,2020-06-18,2020-06-24,7,0,0.3385377083738982,images/typical/BN061/2020-06-24.png
BN061_2020-06-25,BN061,2020-06-25,1,typical,2020-06-19,2020-06-25,7,0,0.32932043506415787,images/typical/BN061/2020-06-25.png
BN061_2020-06-26,BN061,2020-06-26,1,typical,2020-06-20,2020-06-26,7,0,0.31147033530998114,images/typical/BN061/2020-06-26.png
BN061_2020-06-27,BN061,2020-06-27,1,typical,2020-06-21,2020-06-27,7,0,0.22006236804674717,images/typical/BN061/2020-06-27.png
BN061_2020-06-28,BN061,2020-06-28,1,typical,2020-06-22,2020-06-28,7,0,0.1868539717544528,images/typical/BN061/2020-06-28.png
BN061_2020-06-29,BN061,2020-06-29,1,typical,2020-06-23,2020-06-29,7,0,0.22415936568243297,images/typical/BN061/2020-06-29.png
BN061_2020-06-30,BN061,2020-06-30,1,typical,2020-06-24,2020-06-30,7,0,0.3038777484426455,images/typical/BN061/2020-06-30.png
BN065_2019-07-31,BN065,2019-07-31,1,typical,2019-07-25,2019-07-31,7,0,0.14341138019994845,images/typical/BN065/2019-07-31.png
BN065_2019-08-01,BN065,2019-08-01,1,typical,2019-07-26,2019-08-01,7,0,0.14367661210758811,images/typical/BN065/2019-08-01.png
BN065_2019-08-02,BN065,2019-08-02,1,typical,2019-07-27,2019-08-02,7,0,0.1390617712759948,images/typical/BN065/2019-08-02.png
BN065_2019-08-03,BN065,2019-08-03,1,typical,2019-07-28,2019-08-03,7,0,0.1505976069197219,images/typical/BN065/2019-08-03.png
BN065_2019-08-04,BN065,2019-08-04,1,typical,2019-07-29,2019-08-04,7,0,0.1426349435726352,images/typical/BN065/2019-08-04.png
BN065_2019-08-05,BN065,2019-08-05,1,typical,2019-07-30,2019-08-05,7,0,0.14608102860268263,images/typical/BN065/2019-08-05.png
BN065_2019-08-06,BN065,2019-08-06,1,typical,2019-07-31,2019-08-06,7,0,0.1474670089027791,images/typical/BN065/2019-08-06.png
BN065_2019-08-07,BN065,2019-08-07,1,typical,2019-08-01,2019-08-07,7,0,0.14494242441149505,images/typical/BN065/2019-08-07.png
BN065_2019-08-08,BN065,2019-08-08,1,typical,2019-08-02,2019-08-08,7,0,0.14377338303672627,images/typical/BN065/2019-08-08.png
BN065_2019-08-09,BN065,2019-08-09,1,typical,2019-08-03,2019-08-09,7,0,0.14928785077954262,images/typical/BN065/2019-08-09.png
BN065_2019-08-10,BN065,2019-08-10,1,typical,2019-08-04,2019-08-10,7,0,0.1544042018264204,images/typical/BN065/2019-08-10.png
BN065_2019-08-11,BN065,2019-08-11,1,typical,2019-08-05,2019-08-11,7,0,0.1493157255377408,images/typical/BN065/2019-08-11.png
BN065_2019-08-12,BN065,2019-08-12,1,typical,2019-08-06,2019-08-12,7,0,0.1489915365736091,images/typical/BN065/2019-08-12.png
BN065_2019-08-13,BN065,2019-08-13,1,typical,2019-08-07,2019-08-13,7,0,0.14714128582416613,images/typical/BN065/2019-08-13.png
BN065_2019-08-14,BN065,2019-08-14,1,typical,2019-08-08,2019-08-14,7,0,0.14625464071234734,images/typical/BN065/2019-08-14.png
BN065_2019-08-15,BN065,2019-08-15,1,typical,2019-08-09,2019-08-15,7,0,0.14499844135494971,images/typical/BN065/2019-08-15.png
BN065_2019-08-16,BN065,2019-08-16,1,typical,2019-08-10,2019-08-16,7,0,0.14523787818518022,images/typical/BN065/2019-08-16.png
BN065_2019-08-17,BN065,2019-08-17,1,typical,2019-08-11,2019-08-17,7,0,0.14448502716183406,images/typical/BN065/2019-08-17.png
BN065_2019-08-18,BN065,2019-08-18,1,typical,2019-08-12,2019-08-18,7,0,0.147557544578702,images/typical/BN065/2019-08-18.png
BN065_2019-08-19,BN065,2019-08-19,1,typical,2019-08-13,2019-08-19,7,0,0.14815110689692607,images/typical/BN065/2019-08-19.png
BN065_2019-08-20,BN065,2019-08-20,1,typical,2019-08-14,2019-08-20,7,0,0.14880144283227195,images/typical/BN065/2019-08-20.png
BN065_2019-08-21,BN065,2019-08-21,1,typical,2019-08-15,2019-08-21,7,0,0.14904652849615513,images/typical/BN065/2019-08-21.png
BN065_2019-08-22,BN065,2019-08-22,1,typical,2019-08-16,2019-08-22,7,0,0.14871614708937742,images/typical/BN065/2019-08-22.png
BN065_2019-08-23,BN065,2019-08-23,1,typical,2019-08-17,2019-08-23,7,0,0.1474572037292879,images/typical/BN065/2019-08-23.png
BN065_2019-08-24,BN065,2019-08-24,1,typical,2019-08-18,2019-08-24,7,0,0.14839828405882274,images/typical/BN065/2019-08-24.png
BN065_2019-08-25,BN065,2019-08-25,1,typical,2019-08-19,2019-08-25,7,0,0.1459925196849073,images/typical/BN065/2019-08-25.png
BN065_2019-08-26,BN065,2019-08-26,1,typical,2019-08-20,2019-08-26,7,0,0.14544866183266816,images/typical/BN065/2019-08-26.png
BN065_2019-08-27,BN065,2019-08-27,1,typical,2019-08-21,2019-08-27,7,0,0.14538339763413982,images/typical/BN065/2019-08-27.png
BN065_2019-08-28,BN065,2019-08-28,1,typical,2019-08-22,2019-08-28,7,0,0.14495262385792063,images/typical/BN065/2019-08-28.png
BN065_2019-08-29,BN065,2019-08-29,1,typical,2019-08-23,2019-08-29,7,0,0.1441911446800632,images/typical/BN065/2019-08-29.png
BN065_2019-08-30,BN065,2019-08-30,1,typical,2019-08-24,2019-08-30,7,0,0.1446713788061758,images/typical/BN065/2019-08-30.png
BN065_2019-08-31,BN065,2019-08-31,1,typical,2019-08-25,2019-08-31,7,0,0.1484007846720614,images/typical/BN065/2019-08-31.png
BN065_2019-09-01,BN065,2019-09-01,1,typical,2019-08-26,2019-09-01,7,0,0.14296849194454134,images/typical/BN065/2019-09-01.png
BN065_2019-09-02,BN065,2019-09-02,1,typical,2019-08-27,2019-09-02,7,0,0.021637523184992475,images/typical/BN065/2019-09-02.png
BN065_2019-09-03,BN065,2019-09-03,1,typical,2019-08-28,2019-09-03,7,0,0.026358803344711558,images/typical/BN065/2019-09-03.png
BN065_2019-09-04,BN065,2019-09-04,1,typical,2019-08-29,2019-09-04,7,0,0.024803334281001028,images/typical/BN065/2019-09-04.png
BN065_2019-09-05,BN065,2019-09-05,1,typical,2019-08-30,2019-09-05,7,0,0.02555292322032422,images/typical/BN065/2019-09-05.png
BN065_2019-09-06,BN065,2019-09-06,1,typical,2019-08-31,2019-09-06,7,0,0.022876045627262465,images/typical/BN065/2019-09-06.png
BN065_2019-09-07,BN065,2019-09-07,1,typical,2019-09-01,2019-09-07,7,0,0.025542214656949395,images/typical/BN065/2019-09-07.png
BN065_2019-09-08,BN065,2019-09-08,1,typical,2019-09-02,2019-09-08,7,0,0.025872818634506748,images/typical/BN065/2019-09-08.png
BN065_2019-09-09,BN065,2019-09-09,1,typical,2019-09-03,2019-09-09,7,0,0.1519071624043333,images/typical/BN065/2019-09-09.png
BN065_2019-09-10,BN065,2019-09-10,1,typical,2019-09-04,2019-09-10,7,0,0.15154681302688278,images/typical/BN065/2019-09-10.png
BN065_2019-09-11,BN065,2019-09-11,1,typical,2019-09-05,2019-09-11,7,0,0.15117170998840082,images/typical/BN065/2019-09-11.png
BN065_2019-09-12,BN065,2019-09-12,1,typical,2019-09-06,2019-09-12,7,0,0.1493821029964337,images/typical/BN065/2019-09-12.png
BN065_2019-09-13,BN065,2019-09-13,1,typical,2019-09-07,2019-09-13,7,0,0.14357866775289044,images/typical/BN065/2019-09-13.png
BN065_2019-09-14,BN065,2019-09-14,1,typical,2019-09-08,2019-09-14,7,0,0.13238728700916486,images/typical/BN065/2019-09-14.png
BN065_2019-09-15,BN065,2019-09-15,1,typical,2019-09-09,2019-09-15,7,0,0.13274402464824334,images/typical/BN065/2019-09-15.png
BN065_2019-09-16,BN065,2019-09-16,1,typical,2019-09-10,2019-09-16,7,0,0.13250804728384002,images/typical/BN065/2019-09-16.png
BN065_2019-09-17,BN065,2019-09-17,1,typical,2019-09-11,2019-09-17,7,0,0.13388465450910256,images/typical/BN065/2019-09-17.png
BN065_2019-09-18,BN065,2019-09-18,1,typical,2019-09-12,2019-09-18,7,0,0.13546495068165848,images/typical/BN065/2019-09-18.png
BN065_2019-09-19,BN065,2019-09-19,1,typical,2019-09-13,2019-09-19,7,0,0.1354845169083165,images/typical/BN065/2019-09-19.png
BN065_2019-09-20,BN065,2019-09-20,1,typical,2019-09-14,2019-09-20,7,0,0.1369252881475602,images/typical/BN065/2019-09-20.png
BN065_2019-09-21,BN065,2019-09-21,1,typical,2019-09-15,2019-09-21,7,0,0.13713026344638737,images/typical/BN065/2019-09-21.png
BN065_2019-09-22,BN065,2019-09-22,1,typical,2019-09-16,2019-09-22,7,0,0.1368642499402132,images/typical/BN065/2019-09-22.png
BN065_2019-09-23,BN065,2019-09-23,1,typical,2019-09-17,2019-09-23,7,0,0.13615745043934233,images/typical/BN065/2019-09-23.png
BN065_2019-09-24,BN065,2019-09-24,1,typical,2019-09-18,2019-09-24,7,0,0.13714624088916952,images/typical/BN065/2019-09-24.png
BN065_2019-09-25,BN065,2019-09-25,1,typical,2019-09-19,2019-09-25,7,0,0.13828332629111842,images/typical/BN065/2019-09-25.png
BN065_2019-09-26,BN065,2019-09-26,1,typical,2019-09-20,2019-09-26,7,0,0.14049655804831482,images/typical/BN065/2019-09-26.png
BN065_2019-09-27,BN065,2019-09-27,1,typical,2019-09-21,2019-09-27,7,0,0.14069569513700975,images/typical/BN065/2019-09-27.png
BN065_2019-09-28,BN065,2019-09-28,1,typical,2019-09-22,2019-09-28,7,0,0.14787504744926588,images/typical/BN065/2019-09-28.png
BN065_2019-09-29,BN065,2019-09-29,1,typical,2019-09-23,2019-09-29,7,0,0.14093656090538556,images/typical/BN065/2019-09-29.png
BN065_2019-09-30,BN065,2019-09-30,1,typical,2019-09-24,2019-09-30,7,0,0.14014395512757274,images/typical/BN065/2019-09-30.png
BN065_2019-10-01,BN065,2019-10-01,1,typical,2019-09-25,2019-10-01,7,0,0.14077162391681936,images/typical/BN065/2019-10-01.png
BN065_2019-10-02,BN065,2019-10-02,1,typical,2019-09-26,2019-10-02,7,0,0.13874713735962624,images/typical/BN065/2019-10-02.png
BN065_2019-10-03,BN065,2019-10-03,1,typical,2019-09-27,2019-10-03,7,0,0.13798128130627305,images/typical/BN065/2019-10-03.png
BN065_2019-10-04,BN065,2019-10-04,1,typical,2019-09-28,2019-10-04,7,0,0.1357919941994953,images/typical/BN065/2019-10-04.png
BN065_2019-10-05,BN065,2019-10-05,1,typical,2019-09-29,2019-10-05,7,0,0.14408792330025638,images/typical/BN065/2019-10-05.png
BN065_2019-10-06,BN065,2019-10-06,1,typical,2019-09-30,2019-10-06,7,0,0.13976460558747372,images/typical/BN065/2019-10-06.png
BN065_2019-10-07,BN065,2019-10-07,1,typical,2019-10-01,2019-10-07,7,0,0.14131949206804115,images/typical/BN065/2019-10-07.png
BN065_2019-10-08,BN065,2019-10-08,1,typical,2019-10-02,2019-10-08,7,0,0.13994859145929042,images/typical/BN065/2019-10-08.png
BN065_2019-10-09,BN065,2019-10-09,1,typical,2019-10-03,2019-10-09,7,0,0.14122545731561797,images/typical/BN065/2019-10-09.png
BN065_2019-10-10,BN065,2019-10-10,1,typical,2019-10-04,2019-10-10,7,0,0.14154931830835396,images/typical/BN065/2019-10-10.png
BN065_2019-10-11,BN065,2019-10-11,1,typical,2019-10-05,2019-10-11,7,0,0.14224458631335657,images/typical/BN065/2019-10-11.png
BN065_2019-10-12,BN065,2019-10-12,1,typical,2019-10-06,2019-10-12,7,0,0.14465571440371602,images/typical/BN065/2019-10-12.png
BN065_2019-10-13,BN065,2019-10-13,1,typical,2019-10-07,2019-10-13,7,0,0.14746081452020285,images/typical/BN065/2019-10-13.png
BN065_2019-10-14,BN065,2019-10-14,1,typical,2019-10-08,2019-10-14,7,0,0.14753631540340068,images/typical/BN065/2019-10-14.png
BN065_2019-10-15,BN065,2019-10-15,1,typical,2019-10-09,2019-10-15,7,0,0.1485893020098624,images/typical/BN065/2019-10-15.png
BN065_2019-10-16,BN065,2019-10-16,1,typical,2019-10-10,2019-10-16,7,0,0.14741005477132912,images/typical/BN065/2019-10-16.png
BN065_2019-10-17,BN065,2019-10-17,1,typical,2019-10-11,2019-10-17,7,0,0.14710165857580682,images/typical/BN065/2019-10-17.png
BN065_2019-10-18,BN065,2019-10-18,1,typical,2019-10-12,2019-10-18,7,0,0.1438314086240687,images/typical/BN065/2019-10-18.png
BN065_2019-10-19,BN065,2019-10-19,1,typical,2019-10-13,2019-10-19,7,0,0.1357697780938626,images/typical/BN065/2019-10-19.png
BN065_2019-10-20,BN065,2019-10-20,1,typical,2019-10-14,2019-10-20,7,0,0.13576227732232948,images/typical/BN065/2019-10-20.png
BN065_2019-10-21,BN065,2019-10-21,1,typical,2019-10-15,2019-10-21,7,0,0.13779672329753856,images/typical/BN065/2019-10-21.png
BN065_2019-10-22,BN065,2019-10-22,1,typical,2019-10-16,2019-10-22,7,0,0.13834269758791182,images/typical/BN065/2019-10-22.png
BN065_2019-10-23,BN065,2019-10-23,1,typical,2019-10-17,2019-10-23,7,0,0.1391229432095131,images/typical/BN065/2019-10-23.png
BN065_2019-10-24,BN065,2019-10-24,1,typical,2019-10-18,2019-10-24,7,0,0.1367520552473541,images/typical/BN065/2019-10-24.png
BN065_2019-10-25,BN065,2019-10-25,1,typical,2019-10-19,2019-10-25,7,0,0.13896464383212795,images/typical/BN065/2019-10-25.png
BN065_2019-10-26,BN065,2019-10-26,1,typical,2019-10-20,2019-10-26,7,0,0.14317421291836127,images/typical/BN065/2019-10-26.png
BN065_2019-10-27,BN065,2019-10-27,1,typical,2019-10-21,2019-10-27,7,0,0.1399448749914114,images/typical/BN065/2019-10-27.png
BN065_2019-10-28,BN065,2019-10-28,1,typical,2019-10-22,2019-10-28,7,0,0.13940710533783562,images/typical/BN065/2019-10-28.png
BN065_2019-10-29,BN065,2019-10-29,1,typical,2019-10-23,2019-10-29,7,0,0.15663462677483247,images/typical/BN065/2019-10-29.png
BN065_2019-10-30,BN065,2019-10-30,1,typical,2019-10-24,2019-10-30,7,0,0.14457528362055452,images/typical/BN065/2019-10-30.png
BN065_2019-10-31,BN065,2019-10-31,1,typical,2019-10-25,2019-10-31,7,0,0.1381296818341337,images/typical/BN065/2019-10-31.png
BN065_2019-11-01,BN065,2019-11-01,1,typical,2019-10-26,2019-11-01,7,0,0.13951859886816065,images/typical/BN065/2019-11-01.png
BN065_2019-11-02,BN065,2019-11-02,1,typical,2019-10-27,2019-11-02,7,0,0.14679489238640994,images/typical/BN065/2019-11-02.png
BN065_2019-11-03,BN065,2019-11-03,1,typical,2019-10-28,2019-11-03,7,0,0.1469058303729178,images/typical/BN065/2019-11-03.png
BN065_2019-11-04,BN065,2019-11-04,1,typical,2019-10-29,2019-11-04,7,0,0.14885917681905467,images/typical/BN065/2019-11-04.png
BN065_2019-11-05,BN065,2019-11-05,1,typical,2019-10-30,2019-11-05,7,0,0.15707954835567212,images/typical/BN065/2019-11-05.png
BN065_2019-11-06,BN065,2019-11-06,1,typical,2019-10-31,2019-11-06,7,0,0.17933049064112544,images/typical/BN065/2019-11-06.png
BN065_2019-11-07,BN065,2019-11-07,1,typical,2019-11-01,2019-11-07,7,0,0.16167831612730516,images/typical/BN065/2019-11-07.png
BN065_2019-11-08,BN065,2019-11-08,1,typical,2019-11-02,2019-11-08,7,0,0.14449695253179198,images/typical/BN065/2019-11-08.png
BN065_2019-11-09,BN065,2019-11-09,1,typical,2019-11-03,2019-11-09,7,0,0.1441540827841205,images/typical/BN065/2019-11-09.png
BN065_2019-11-10,BN065,2019-11-10,1,typical,2019-11-04,2019-11-10,7,0,0.14086473992609722,images/typical/BN065/2019-11-10.png
BN065_2019-11-11,BN065,2019-11-11,1,typical,2019-11-05,2019-11-11,7,0,0.021807957305227478,images/typical/BN065/2019-11-11.png
BN065_2019-11-12,BN065,2019-11-12,1,typical,2019-11-06,2019-11-12,7,0,0.026724180190669033,images/typical/BN065/2019-11-12.png
BN065_2019-11-13,BN065,2019-11-13,1,typical,2019-11-07,2019-11-13,7,0,0.02732796985394663,images/typical/BN065/2019-11-13.png
BN065_2019-11-14,BN065,2019-11-14,1,typical,2019-11-08,2019-11-14,7,0,0.029314410018646927,images/typical/BN065/2019-11-14.png
BN065_2019-11-15,BN065,2019-11-15,1,typical,2019-11-09,2019-11-15,7,0,0.029536229915535887,images/typical/BN065/2019-11-15.png
BN065_2019-11-16,BN065,2019-11-16,1,typical,2019-11-10,2019-11-16,7,0,0.031925886615182045,images/typical/BN065/2019-11-16.png
BN065_2019-11-17,BN065,2019-11-17,1,typical,2019-11-11,2019-11-17,7,0,0.030858937280076396,images/typical/BN065/2019-11-17.png
BN065_2019-11-18,BN065,2019-11-18,1,typical,2019-11-12,2019-11-18,7,0,0.14703774568242595,images/typical/BN065/2019-11-18.png
BN065_2019-11-19,BN065,2019-11-19,1,typical,2019-11-13,2019-11-19,7,0,0.15686086217064935,images/typical/BN065/2019-11-19.png
BN065_2019-11-20,BN065,2019-11-20,1,typical,2019-11-14,2019-11-20,7,0,0.15245574376809598,images/typical/BN065/2019-11-20.png
BN065_2019-11-21,BN065,2019-11-21,1,typical,2019-11-15,2019-11-21,7,0,0.16942341834091196,images/typical/BN065/2019-11-21.png
BN065_2019-11-22,BN065,2019-11-22,1,typical,2019-11-16,2019-11-22,7,0,0.14222294964006577,images/typical/BN065/2019-11-22.png
BN065_2019-11-23,BN065,2019-11-23,1,typical,2019-11-17,2019-11-23,7,0,0.2865875598490539,images/typical/BN065/2019-11-23.png
BN065_2019-11-24,BN065,2019-11-24,1,typical,2019-11-18,2019-11-24,7,0,0.23116379353223798,images/typical/BN065/2019-11-24.png
BN065_2019-11-25,BN065,2019-11-25,1,typical,2019-11-19,2019-11-25,7,0,0.20815144704782215,images/typical/BN065/2019-11-25.png
BN065_2019-11-26,BN065,2019-11-26,1,typical,2019-11-20,2019-11-26,7,0,0.17888188255943505,images/typical/BN065/2019-11-26.png
BN065_2019-11-27,BN065,2019-11-27,1,typical,2019-11-21,2019-11-27,7,0,0.18159013145640204,images/typical/BN065/2019-11-27.png
BN065_2019-11-28,BN065,2019-11-28,1,typical,2019-11-22,2019-11-28,7,0,0.1160566331377516,images/typical/BN065/2019-11-28.png
BN065_2019-11-29,BN065,2019-11-29,1,typical,2019-11-23,2019-11-29,7,0,0.09520494096252995,images/typical/BN065/2019-11-29.png
BN065_2019-11-30,BN065,2019-11-30,1,typical,2019-11-24,2019-11-30,7,0,0.23042753554280057,images/typical/BN065/2019-11-30.png
BN065_2019-12-01,BN065,2019-12-01,1,typical,2019-11-25,2019-12-01,7,0,0.3596814374477716,images/typical/BN065/2019-12-01.png
BN065_2019-12-02,BN065,2019-12-02,1,typical,2019-11-26,2019-12-02,7,0,0.3723971742545611,images/typical/BN065/2019-12-02.png
BN065_2019-12-03,BN065,2019-12-03,1,typical,2019-11-27,2019-12-03,7,0,0.41993266057460726,images/typical/BN065/2019-12-03.png
BN065_2019-12-04,BN065,2019-12-04,1,typical,2019-11-28,2019-12-04,7,0,0.34412345532537597,images/typical/BN065/2019-12-04.png
BN065_2019-12-05,BN065,2019-12-05,1,typical,2019-11-29,2019-12-05,7,0,0.2901021883661124,images/typical/BN065/2019-12-05.png
BN065_2019-12-06,BN065,2019-12-06,1,typical,2019-11-30,2019-12-06,7,0,0.18532761071448,images/typical/BN065/2019-12-06.png
BN065_2019-12-07,BN065,2019-12-07,1,typical,2019-12-01,2019-12-07,7,0,0.31901274070990177,images/typical/BN065/2019-12-07.png
BN065_2019-12-08,BN065,2019-12-08,1,typical,2019-12-02,2019-12-08,7,0,0.2288753591718457,images/typical/BN065/2019-12-08.png
BN065_2019-12-09,BN065,2019-12-09,1,typical,2019-12-03,2019-12-09,7,0,0.2652723836556143,images/typical/BN065/2019-12-09.png
BN065_2019-12-10,BN065,2019-12-10,1,typical,2019-12-04,2019-12-10,7,0,0.27027569148908986,images/typical/BN065/2019-12-10.png
BN065_2019-12-11,BN065,2019-12-11,1,typical,2019-12-05,2019-12-11,7,0,0.17544475359518696,images/typical/BN065/2019-12-11.png
BN065_2019-12-12,BN065,2019-12-12,1,typical,2019-12-06,2019-12-12,7,0,0.16072184893173744,images/typical/BN065/2019-12-12.png
BN065_2019-12-13,BN065,2019-12-13,1,typical,2019-12-07,2019-12-13,7,0,0.2047305346260553,images/typical/BN065/2019-12-13.png
BN065_2019-12-14,BN065,2019-12-14,1,typical,2019-12-08,2019-12-14,7,0,0.20934096727591497,images/typical/BN065/2019-12-14.png
BN065_2019-12-15,BN065,2019-12-15,1,typical,2019-12-09,2019-12-15,7,0,0.18745554015643412,images/typical/BN065/2019-12-15.png
BN065_2019-12-16,BN065,2019-12-16,1,typical,2019-12-10,2019-12-16,7,0,0.16566851871469454,images/typical/BN065/2019-12-16.png
BN065_2019-12-17,BN065,2019-12-17,1,typical,2019-12-11,2019-12-17,7,0,0.17404303992905237,images/typical/BN065/2019-12-17.png
BN065_2019-12-18,BN065,2019-12-18,1,typical,2019-12-12,2019-12-18,7,0,0.1604431290090066,images/typical/BN065/2019-12-18.png
BN065_2019-12-19,BN065,2019-12-19,1,typical,2019-12-13,2019-12-19,7,0,0.15251812634168418,images/typical/BN065/2019-12-19.png
BN065_2019-12-20,BN065,2019-12-20,1,typical,2019-12-14,2019-12-20,7,0,0.16645886296721818,images/typical/BN065/2019-12-20.png
BN065_2019-12-21,BN065,2019-12-21,1,typical,2019-12-15,2019-12-21,7,0,0.19468731144843693,images/typical/BN065/2019-12-21.png
BN065_2019-12-22,BN065,2019-12-22,1,typical,2019-12-16,2019-12-22,7,0,0.17317771489824008,images/typical/BN065/2019-12-22.png
BN065_2019-12-23,BN065,2019-12-23,1,typical,2019-12-17,2019-12-23,7,0,0.15980484908055634,images/typical/BN065/2019-12-23.png
BN065_2019-12-24,BN065,2019-12-24,1,typical,2019-12-18,2019-12-24,7,0,0.09851594663282263,images/typical/BN065/2019-12-24.png
BN065_2019-12-25,BN065,2019-12-25,1,typical,2019-12-19,2019-12-25,7,0,0.13960361180963934,images/typical/BN065/2019-12-25.png
BN065_2019-12-26,BN065,2019-12-26,1,typical,2019-12-20,2019-12-26,7,0,0.1930457444464021,images/typical/BN065/2019-12-26.png
BN065_2019-12-27,BN065,2019-12-27,1,typical,2019-12-21,2019-12-27,7,0,0.20342644113123,images/typical/BN065/2019-12-27.png
BN065_2019-12-28,BN065,2019-12-28,1,typical,2019-12-22,2019-12-28,7,0,0.26079953069480954,images/typical/BN065/2019-12-28.png
BN065_2019-12-29,BN065,2019-12-29,1,typical,2019-12-23,2019-12-29,7,0,0.2801849172129723,images/typical/BN065/2019-12-29.png
BN065_2019-12-30,BN065,2019-12-30,1,typical,2019-12-24,2019-12-30,7,0,0.23965591979491316,images/typical/BN065/2019-12-30.png
BN065_2019-12-31,BN065,2019-12-31,1,typical,2019-12-25,2019-12-31,7,0,0.309875789057829,images/typical/BN065/2019-12-31.png
BN065_2020-01-01,BN065,2020-01-01,1,typical,2019-12-26,2020-01-01,7,0,0.32909657982749785,images/typical/BN065/2020-01-01.png
BN065_2020-01-02,BN065,2020-01-02,1,typical,2019-12-27,2020-01-02,7,0,0.34914880360853984,images/typical/BN065/2020-01-02.png
BN065_2020-01-03,BN065,2020-01-03,1,typical,2019-12-28,2020-01-03,7,0,0.37032163980579424,images/typical/BN065/2020-01-03.png
BN065_2020-01-04,BN065,2020-01-04,1,typical,2019-12-29,2020-01-04,7,0,0.2554420942612767,images/typical/BN065/2020-01-04.png
BN065_2020-01-05,BN065,2020-01-05,1,typical,2019-12-30,2020-01-05,7,0,0.19218530430536326,images/typical/BN065/2020-01-05.png
BN065_2020-01-06,BN065,2020-01-06,1,typical,2019-12-31,2020-01-06,7,0,0.1041071927091981,images/typical/BN065/2020-01-06.png
BN065_2020-01-07,BN065,2020-01-07,1,typical,2020-01-01,2020-01-07,7,0,0.0887342608628914,images/typical/BN065/2020-01-07.png
BN065_2020-01-08,BN065,2020-01-08,1,typical,2020-01-02,2020-01-08,7,0,0.15378796120246346,images/typical/BN065/2020-01-08.png
BN065_2020-01-09,BN065,2020-01-09,1,typical,2020-01-03,2020-01-09,7,0,0.24835757414188275,images/typical/BN065/2020-01-09.png
BN065_2020-01-10,BN065,2020-01-10,1,typical,2020-01-04,2020-01-10,7,0,0.2862923684606838,images/typical/BN065/2020-01-10.png
BN065_2020-01-11,BN065,2020-01-11,1,typical,2020-01-05,2020-01-11,7,0,0.3373877633646314,images/typical/BN065/2020-01-11.png
BN065_2020-01-12,BN065,2020-01-12,1,typical,2020-01-06,2020-01-12,7,0,0.3503237155922014,images/typical/BN065/2020-01-12.png
BN065_2020-01-13,BN065,2020-01-13,1,typical,2020-01-07,2020-01-13,7,0,0.31045227952377497,images/typical/BN065/2020-01-13.png
BN065_2020-01-14,BN065,2020-01-14,1,typical,2020-01-08,2020-01-14,7,0,0.2953657080966066,images/typical/BN065/2020-01-14.png
BN065_2020-01-15,BN065,2020-01-15,1,typical,2020-01-09,2020-01-15,7,0,0.28282981177769967,images/typical/BN065/2020-01-15.png
BN065_2020-01-16,BN065,2020-01-16,1,typical,2020-01-10,2020-01-16,7,0,0.21654869657157225,images/typical/BN065/2020-01-16.png
BN065_2020-01-17,BN065,2020-01-17,1,typical,2020-01-11,2020-01-17,7,0,0.20304595925861382,images/typical/BN065/2020-01-17.png
BN065_2020-01-18,BN065,2020-01-18,1,typical,2020-01-12,2020-01-18,7,0,0.26205713477448545,images/typical/BN065/2020-01-18.png
BN065_2020-01-19,BN065,2020-01-19,1,typical,2020-01-13,2020-01-19,7,0,0.17551125925685995,images/typical/BN065/2020-01-19.png
BN065_2020-01-20,BN065,2020-01-20,1,typical,2020-01-14,2020-01-20,7,0,0.07500593357451348,images/typical/BN065/2020-01-20.png
BN065_2020-01-21,BN065,2020-01-21,1,typical,2020-01-15,2020-01-21,7,0,0.10275190574450854,images/typical/BN065/2020-01-21.png
BN065_2020-01-22,BN065,2020-01-22,1,typical,2020-01-16,2020-01-22,7,0,0.09684796924035814,images/typical/BN065/2020-01-22.png
BN065_2020-01-23,BN065,2020-01-23,1,typical,2020-01-17,2020-01-23,7,0,0.11607352120496602,images/typical/BN065/2020-01-23.png
BN065_2020-01-24,BN065,2020-01-24,1,typical,2020-01-18,2020-01-24,7,0,0.11720051579648365,images/typical/BN065/2020-01-24.png
BN065_2020-01-25,BN065,2020-01-25,1,typical,2020-01-19,2020-01-25,7,0,0.10338837853459738,images/typical/BN065/2020-01-25.png
BN065_2020-01-26,BN065,2020-01-26,1,typical,2020-01-20,2020-01-26,7,0,0.12699409786853771,images/typical/BN065/2020-01-26.png
BN065_2020-01-27,BN065,2020-01-27,1,typical,2020-01-21,2020-01-27,7,0,0.18944810974643292,images/typical/BN065/2020-01-27.png
BN065_2020-01-28,BN065,2020-01-28,1,typical,2020-01-22,2020-01-28,7,0,0.15239019074130059,images/typical/BN065/2020-01-28.png
BN065_2020-01-29,BN065,2020-01-29,1,typical,2020-01-23,2020-01-29,7,0,0.15514320124214528,images/typical/BN065/2020-01-29.png
BN065_2020-01-30,BN065,2020-01-30,1,typical,2020-01-24,2020-01-30,7,0,0.15370962567688756,images/typical/BN065/2020-01-30.png
BN065_2020-01-31,BN065,2020-01-31,1,typical,2020-01-25,2020-01-31,7,0,0.15477474466981814,images/typical/BN065/2020-01-31.png
BN065_2020-02-01,BN065,2020-02-01,1,typical,2020-01-26,2020-02-01,7,0,0.1898311801702783,images/typical/BN065/2020-02-01.png
BN065_2020-02-02,BN065,2020-02-02,1,typical,2020-01-27,2020-02-02,7,0,0.15428983270641836,images/typical/BN065/2020-02-02.png
BN065_2020-02-03,BN065,2020-02-03,1,typical,2020-01-28,2020-02-03,7,0,0.18931871827312477,images/typical/BN065/2020-02-03.png
BN065_2020-02-04,BN065,2020-02-04,1,typical,2020-01-29,2020-02-04,7,0,0.2757784943898901,images/typical/BN065/2020-02-04.png
BN065_2020-02-05,BN065,2020-02-05,1,typical,2020-01-30,2020-02-05,7,0,0.14933784447912726,images/typical/BN065/2020-02-05.png
BN065_2020-02-06,BN065,2020-02-06,1,typical,2020-01-31,2020-02-06,7,0,0.09598551910070617,images/typical/BN065/2020-02-06.png
BN065_2020-02-07,BN065,2020-02-07,1,typical,2020-02-01,2020-02-07,7,0,0.10933298627984654,images/typical/BN065/2020-02-07.png
BN065_2020-02-08,BN065,2020-02-08,1,typical,2020-02-02,2020-02-08,7,0,0.1328797288871132,images/typical/BN065/2020-02-08.png
BN065_2020-02-09,BN065,2020-02-09,1,typical,2020-02-03,2020-02-09,7,0,0.13263048765893434,images/typical/BN065/2020-02-09.png
BN065_2020-02-10,BN065,2020-02-10,1,typical,2020-02-04,2020-02-10,7,0,0.0941847347182018,images/typical/BN065/2020-02-10.png
BN065_2020-02-11,BN065,2020-02-11,1,typical,2020-02-05,2020-02-11,7,0,0.138602694617877,images/typical/BN065/2020-02-11.png
BN065_2020-02-12,BN065,2020-02-12,1,typical,2020-02-06,2020-02-12,7,0,0.19018593654528337,images/typical/BN065/2020-02-12.png
BN065_2020-02-13,BN065,2020-02-13,1,typical,2020-02-07,2020-02-13,7,0,0.1784274753283258,images/typical/BN065/2020-02-13.png
BN065_2020-02-14,BN065,2020-02-14,1,typical,2020-02-08,2020-02-14,7,0,0.1930233207078864,images/typical/BN065/2020-02-14.png
BN065_2020-02-15,BN065,2020-02-15,1,typical,2020-02-09,2020-02-15,7,0,0.17547703900633674,images/typical/BN065/2020-02-15.png
BN065_2020-02-16,BN065,2020-02-16,1,typical,2020-02-10,2020-02-16,7,0,0.17102019856308498,images/typical/BN065/2020-02-16.png
BN065_2020-02-17,BN065,2020-02-17,1,typical,2020-02-11,2020-02-17,7,0,0.1507792296899211,images/typical/BN065/2020-02-17.png
BN065_2020-02-18,BN065,2020-02-18,1,typical,2020-02-12,2020-02-18,7,0,0.17115895026266115,images/typical/BN065/2020-02-18.png
BN065_2020-02-19,BN065,2020-02-19,1,typical,2020-02-13,2020-02-19,7,0,0.2589926802665331,images/typical/BN065/2020-02-19.png
BN065_2020-02-20,BN065,2020-02-20,1,typical,2020-02-14,2020-02-20,7,0,0.18410525950304335,images/typical/BN065/2020-02-20.png
BN065_2020-02-21,BN065,2020-02-21,1,typical,2020-02-15,2020-02-21,7,0,0.22091994247122942,images/typical/BN065/2020-02-21.png
BN065_2020-02-22,BN065,2020-02-22,1,typical,2020-02-16,2020-02-22,7,0,0.31749787128805596,images/typical/BN065/2020-02-22.png
BN065_2020-02-23,BN065,2020-02-23,1,typical,2020-02-17,2020-02-23,7,0,0.24222301591790474,images/typical/BN065/2020-02-23.png
BN065_2020-02-24,BN065,2020-02-24,1,typical,2020-02-18,2020-02-24,7,0,0.2581359900113789,images/typical/BN065/2020-02-24.png
BN065_2020-02-25,BN065,2020-02-25,1,typical,2020-02-19,2020-02-25,7,0,0.2020525368545518,images/typical/BN065/2020-02-25.png
BN065_2020-02-26,BN065,2020-02-26,1,typical,2020-02-20,2020-02-26,7,0,0.14443554172252418,images/typical/BN065/2020-02-26.png
BN065_2020-02-27,BN065,2020-02-27,1,typical,2020-02-21,2020-02-27,7,0,0.13063562516253563,images/typical/BN065/2020-02-27.png
BN065_2020-02-28,BN065,2020-02-28,1,typical,2020-02-22,2020-02-28,7,0,0.18725429968205645,images/typical/BN065/2020-02-28.png
BN065_2020-02-29,BN065,2020-02-29,1,typical,2020-02-23,2020-02-29,7,0,0.20270291898758533,images/typical/BN065/2020-02-29.png
BN065_2020-03-01,BN065,2020-03-01,1,typical,2020-02-24,2020-03-01,7,0,0.12323581739201045,images/typical/BN065/2020-03-01.png
BN065_2020-03-02,BN065,2020-03-02,1,typical,2020-02-25,2020-03-02,7,0,0.13878345093662112,images/typical/BN065/2020-03-02.png
BN065_2020-03-03,BN065,2020-03-03,1,typical,2020-02-26,2020-03-03,7,0,0.16161976188704902,images/typical/BN065/2020-03-03.png
BN065_2020-03-04,BN065,2020-03-04,1,typical,2020-02-27,2020-03-04,7,0,0.16780070547225587,images/typical/BN065/2020-03-04.png
BN065_2020-03-05,BN065,2020-03-05,1,typical,2020-02-28,2020-03-05,7,0,0.1425393948069732,images/typical/BN065/2020-03-05.png
BN065_2020-03-06,BN065,2020-03-06,1,typical,2020-02-29,2020-03-06,7,0,0.11802214725840884,images/typical/BN065/2020-03-06.png
BN065_2020-03-07,BN065,2020-03-07,1,typical,2020-03-01,2020-03-07,7,0,0.15433732101968078,images/typical/BN065/2020-03-07.png
BN065_2020-03-08,BN065,2020-03-08,1,typical,2020-03-02,2020-03-08,7,0,0.1154460222863793,images/typical/BN065/2020-03-08.png
BN065_2020-03-09,BN065,2020-03-09,1,typical,2020-03-03,2020-03-09,7,0,0.12486380796905346,images/typical/BN065/2020-03-09.png
BN065_2020-03-10,BN065,2020-03-10,1,typical,2020-03-04,2020-03-10,7,0,0.1448368122601147,images/typical/BN065/2020-03-10.png
BN065_2020-03-11,BN065,2020-03-11,1,typical,2020-03-05,2020-03-11,7,0,0.1489893087169718,images/typical/BN065/2020-03-11.png
BN065_2020-03-12,BN065,2020-03-12,1,typical,2020-03-06,2020-03-12,7,0,0.14349872513377232,images/typical/BN065/2020-03-12.png
BN065_2020-03-13,BN065,2020-03-13,1,typical,2020-03-07,2020-03-13,7,0,0.171006988273109,images/typical/BN065/2020-03-13.png
BN065_2020-03-14,BN065,2020-03-14,1,typical,2020-03-08,2020-03-14,7,0,0.3005562249536213,images/typical/BN065/2020-03-14.png
BN065_2020-03-15,BN065,2020-03-15,1,typical,2020-03-09,2020-03-15,7,0,0.24354579163450754,images/typical/BN065/2020-03-15.png
BN065_2020-03-16,BN065,2020-03-16,1,typical,2020-03-10,2020-03-16,7,0,0.24454601562192707,images/typical/BN065/2020-03-16.png
BN065_2020-03-17,BN065,2020-03-17,1,typical,2020-03-11,2020-03-17,7,0,0.19576702763708245,images/typical/BN065/2020-03-17.png
BN065_2020-03-18,BN065,2020-03-18,1,typical,2020-03-12,2020-03-18,7,0,0.24178978227203876,images/typical/BN065/2020-03-18.png
BN065_2020-03-19,BN065,2020-03-19,1,typical,2020-03-13,2020-03-19,7,0,0.29223331122077445,images/typical/BN065/2020-03-19.png
BN065_2020-03-20,BN065,2020-03-20,1,typical,2020-03-14,2020-03-20,7,0,0.31238759944576405,images/typical/BN065/2020-03-20.png
BN065_2020-03-21,BN065,2020-03-21,1,typical,2020-03-15,2020-03-21,7,0,0.3386899498861346,images/typical/BN065/2020-03-21.png
BN065_2020-03-22,BN065,2020-03-22,1,typical,2020-03-16,2020-03-22,7,0,0.29805759100630347,images/typical/BN065/2020-03-22.png
BN065_2020-03-23,BN065,2020-03-23,1,typical,2020-03-17,2020-03-23,7,0,0.23938352748374267,images/typical/BN065/2020-03-23.png
BN065_2020-03-24,BN065,2020-03-24,1,typical,2020-03-18,2020-03-24,7,0,0.24408525703458242,images/typical/BN065/2020-03-24.png
BN065_2020-03-25,BN065,2020-03-25,1,typical,2020-03-19,2020-03-25,7,0,0.1899675713049235,images/typical/BN065/2020-03-25.png
BN065_2020-03-26,BN065,2020-03-26,1,typical,2020-03-20,2020-03-26,7,0,0.5264003481735107,images/typical/BN065/2020-03-26.png
BN065_2020-03-27,BN065,2020-03-27,1,typical,2020-03-21,2020-03-27,7,0,0.5645677048942566,images/typical/BN065/2020-03-27.png
BN065_2020-03-28,BN065,2020-03-28,1,typical,2020-03-22,2020-03-28,7,0,0.4267824592244821,images/typical/BN065/2020-03-28.png
BN065_2020-03-29,BN065,2020-03-29,1,typical,2020-03-23,2020-03-29,7,0,0.31923947219236937,images/typical/BN065/2020-03-29.png
BN065_2020-03-30,BN065,2020-03-30,1,typical,2020-03-24,2020-03-30,7,0,0.3503288006916133,images/typical/BN065/2020-03-30.png
BN065_2020-03-31,BN065,2020-03-31,1,typical,2020-03-25,2020-03-31,7,0,0.3363002712178246,images/typical/BN065/2020-03-31.png
BN065_2020-04-01,BN065,2020-04-01,1,typical,2020-03-26,2020-04-01,7,0,0.29925294978616285,images/typical/BN065/2020-04-01.png
BN065_2020-04-02,BN065,2020-04-02,1,typical,2020-03-27,2020-04-02,7,0,0.2387448005318795,images/typical/BN065/2020-04-02.png
BN065_2020-04-03,BN065,2020-04-03,1,typical,2020-03-28,2020-04-03,7,0,0.26470965692778226,images/typical/BN065/2020-04-03.png
BN065_2020-04-04,BN065,2020-04-04,1,typical,2020-03-29,2020-04-04,7,0,0.26639599998926977,images/typical/BN065/2020-04-04.png
BN065_2020-04-05,BN065,2020-04-05,1,typical,2020-03-30,2020-04-05,7,0,0.19766523389735882,images/typical/BN065/2020-04-05.png
BN065_2020-04-06,BN065,2020-04-06,1,typical,2020-03-31,2020-04-06,7,0,0.23200332997890982,images/typical/BN065/2020-04-06.png
BN065_2020-04-07,BN065,2020-04-07,1,typical,2020-04-01,2020-04-07,7,0,0.17216368495960846,images/typical/BN065/2020-04-07.png
BN065_2020-04-08,BN065,2020-04-08,1,typical,2020-04-02,2020-04-08,7,0,0.17784579083693466,images/typical/BN065/2020-04-08.png
BN065_2020-04-09,BN065,2020-04-09,1,typical,2020-04-03,2020-04-09,7,0,0.19089787114540363,images/typical/BN065/2020-04-09.png
BN065_2020-04-10,BN065,2020-04-10,1,typical,2020-04-04,2020-04-10,7,0,0.17582108867239335,images/typical/BN065/2020-04-10.png
BN065_2020-04-11,BN065,2020-04-11,1,typical,2020-04-05,2020-04-11,7,0,0.45637271543279245,images/typical/BN065/2020-04-11.png
BN065_2020-04-12,BN065,2020-04-12,1,typical,2020-04-06,2020-04-12,7,0,0.4210637581352872,images/typical/BN065/2020-04-12.png
BN065_2020-04-13,BN065,2020-04-13,1,typical,2020-04-07,2020-04-13,7,0,0.4408629876892148,images/typical/BN065/2020-04-13.png
BN065_2020-04-14,BN065,2020-04-14,1,typical,2020-04-08,2020-04-14,7,0,0.4520136268281028,images/typical/BN065/2020-04-14.png
BN065_2020-04-15,BN065,2020-04-15,1,typical,2020-04-09,2020-04-15,7,0,0.5387174991926993,images/typical/BN065/2020-04-15.png
BN065_2020-04-16,BN065,2020-04-16,1,typical,2020-04-10,2020-04-16,7,0,0.5301532549545712,images/typical/BN065/2020-04-16.png
BN065_2020-04-17,BN065,2020-04-17,1,typical,2020-04-11,2020-04-17,7,0,0.6107087085972195,images/typical/BN065/2020-04-17.png
BN065_2020-04-18,BN065,2020-04-18,1,typical,2020-04-12,2020-04-18,7,0,0.5813525431873323,images/typical/BN065/2020-04-18.png
BN065_2020-04-19,BN065,2020-04-19,1,typical,2020-04-13,2020-04-19,7,0,0.1709276479816645,images/typical/BN065/2020-04-19.png
BN065_2020-04-20,BN065,2020-04-20,1,typical,2020-04-14,2020-04-20,7,0,0.17547662171284722,images/typical/BN065/2020-04-20.png
BN065_2020-04-21,BN065,2020-04-21,1,typical,2020-04-15,2020-04-21,7,0,0.2260693734740652,images/typical/BN065/2020-04-21.png
BN065_2020-04-22,BN065,2020-04-22,1,typical,2020-04-16,2020-04-22,7,0,0.284606764640333,images/typical/BN065/2020-04-22.png
BN065_2020-04-23,BN065,2020-04-23,1,typical,2020-04-17,2020-04-23,7,0,0.2632654824998726,images/typical/BN065/2020-04-23.png
BN065_2020-04-24,BN065,2020-04-24,1,typical,2020-04-18,2020-04-24,7,0,0.23148315441288408,images/typical/BN065/2020-04-24.png
BN065_2020-04-25,BN065,2020-04-25,1,typical,2020-04-19,2020-04-25,7,0,0.4107591795117451,images/typical/BN065/2020-04-25.png
BN065_2020-04-26,BN065,2020-04-26,1,typical,2020-04-20,2020-04-26,7,0,0.14673014292892075,images/typical/BN065/2020-04-26.png
BN065_2020-04-27,BN065,2020-04-27,1,typical,2020-04-21,2020-04-27,7,0,0.13586591720139035,images/typical/BN065/2020-04-27.png
BN065_2020-04-28,BN065,2020-04-28,1,typical,2020-04-22,2020-04-28,7,0,0.17508719693856065,images/typical/BN065/2020-04-28.png
BN065_2020-04-29,BN065,2020-04-29,1,typical,2020-04-23,2020-04-29,7,0,0.17115480164264096,images/typical/BN065/2020-04-29.png
BN065_2020-04-30,BN065,2020-04-30,1,typical,2020-04-24,2020-04-30,7,0,0.17952762405762088,images/typical/BN065/2020-04-30.png
BN065_2020-05-01,BN065,2020-05-01,1,typical,2020-04-25,2020-05-01,7,0,0.21052467705086308,images/typical/BN065/2020-05-01.png
BN065_2020-05-02,BN065,2020-05-02,1,typical,2020-04-26,2020-05-02,7,0,0.19122966888338078,images/typical/BN065/2020-05-02.png
BN065_2020-05-03,BN065,2020-05-03,1,typical,2020-04-27,2020-05-03,7,0,0.19765200133704958,images/typical/BN065/2020-05-03.png
BN065_2020-05-04,BN065,2020-05-04,1,typical,2020-04-28,2020-05-04,7,0,0.19452983963269008,images/typical/BN065/2020-05-04.png
BN065_2020-05-05,BN065,2020-05-05,1,typical,2020-04-29,2020-05-05,7,0,0.1995762611868556,images/typical/BN065/2020-05-05.png
BN065_2020-05-06,BN065,2020-05-06,1,typical,2020-04-30,2020-05-06,7,0,0.21013571231907618,images/typical/BN065/2020-05-06.png
BN065_2020-05-07,BN065,2020-05-07,1,typical,2020-05-01,2020-05-07,7,0,0.19783274163699963,images/typical/BN065/2020-05-07.png
BN065_2020-05-08,BN065,2020-05-08,1,typical,2020-05-02,2020-05-08,7,0,0.1634225231140044,images/typical/BN065/2020-05-08.png
BN065_2020-05-09,BN065,2020-05-09,1,typical,2020-05-03,2020-05-09,7,0,0.1750556549701867,images/typical/BN065/2020-05-09.png
BN065_2020-05-10,BN065,2020-05-10,1,typical,2020-05-04,2020-05-10,7,0,0.16436018847056405,images/typical/BN065/2020-05-10.png
BN065_2020-05-11,BN065,2020-05-11,1,typical,2020-05-05,2020-05-11,7,0,0.16776579288705648,images/typical/BN065/2020-05-11.png
BN065_2020-05-12,BN065,2020-05-12,1,typical,2020-05-06,2020-05-12,7,0,0.16102139128305157,images/typical/BN065/2020-05-12.png
BN065_2020-05-13,BN065,2020-05-13,1,typical,2020-05-07,2020-05-13,7,0,0.14563697832428968,images/typical/BN065/2020-05-13.png
BN065_2020-05-14,BN065,2020-05-14,1,typical,2020-05-08,2020-05-14,7,0,0.1391771560843905,images/typical/BN065/2020-05-14.png
BN065_2020-05-15,BN065,2020-05-15,1,typical,2020-05-09,2020-05-15,7,0,0.14898906471356343,images/typical/BN065/2020-05-15.png
BN065_2020-05-16,BN065,2020-05-16,1,typical,2020-05-10,2020-05-16,7,0,0.2267905797158017,images/typical/BN065/2020-05-16.png
BN065_2020-05-17,BN065,2020-05-17,1,typical,2020-05-11,2020-05-17,7,0,0.1968657282423885,images/typical/BN065/2020-05-17.png
BN065_2020-05-18,BN065,2020-05-18,1,typical,2020-05-12,2020-05-18,7,0,0.19870144328189612,images/typical/BN065/2020-05-18.png
BN065_2020-05-19,BN065,2020-05-19,1,typical,2020-05-13,2020-05-19,7,0,0.1861380343832985,images/typical/BN065/2020-05-19.png
BN065_2020-05-20,BN065,2020-05-20,1,typical,2020-05-14,2020-05-20,7,0,0.19239583663033502,images/typical/BN065/2020-05-20.png
BN065_2020-05-21,BN065,2020-05-21,1,typical,2020-05-15,2020-05-21,7,0,0.17786321815446596,images/typical/BN065/2020-05-21.png
BN065_2020-05-22,BN065,2020-05-22,1,typical,2020-05-16,2020-05-22,7,0,0.16085984741115206,images/typical/BN065/2020-05-22.png
BN065_2020-05-23,BN065,2020-05-23,1,typical,2020-05-17,2020-05-23,7,0,0.15197180879409405,images/typical/BN065/2020-05-23.png
BN065_2020-05-24,BN065,2020-05-24,1,typical,2020-05-18,2020-05-24,7,0,0.14687088097580497,images/typical/BN065/2020-05-24.png
BN065_2020-05-25,BN065,2020-05-25,1,typical,2020-05-19,2020-05-25,7,0,0.06321210637251178,images/typical/BN065/2020-05-25.png
BN065_2020-05-26,BN065,2020-05-26,1,typical,2020-05-20,2020-05-26,7,0,0.06542303885235809,images/typical/BN065/2020-05-26.png
BN065_2020-05-27,BN065,2020-05-27,1,typical,2020-05-21,2020-05-27,7,0,0.09953567293995631,images/typical/BN065/2020-05-27.png
BN065_2020-05-28,BN065,2020-05-28,1,typical,2020-05-22,2020-05-28,7,0,0.10300881515255324,images/typical/BN065/2020-05-28.png
BN065_2020-05-29,BN065,2020-05-29,1,typical,2020-05-23,2020-05-29,7,0,0.0724260649224326,images/typical/BN065/2020-05-29.png
BN065_2020-05-30,BN065,2020-05-30,1,typical,2020-05-24,2020-05-30,7,0,0.09602806106111353,images/typical/BN065/2020-05-30.png
BN065_2020-05-31,BN065,2020-05-31,1,typical,2020-05-25,2020-05-31,7,0,0.0980197335627065,images/typical/BN065/2020-05-31.png
BN065_2020-06-01,BN065,2020-06-01,1,typical,2020-05-26,2020-06-01,7,0,0.19218634184400096,images/typical/BN065/2020-06-01.png
BN065_2020-06-02,BN065,2020-06-02,1,typical,2020-05-27,2020-06-02,7,0,0.18879377072202602,images/typical/BN065/2020-06-02.png
BN065_2020-06-03,BN065,2020-06-03,1,typical,2020-05-28,2020-06-03,7,0,0.1895518809230529,images/typical/BN065/2020-06-03.png
BN065_2020-06-04,BN065,2020-06-04,1,typical,2020-05-29,2020-06-04,7,0,0.19113438139230648,images/typical/BN065/2020-06-04.png
BN065_2020-06-05,BN065,2020-06-05,1,typical,2020-05-30,2020-06-05,7,0,0.19629998305578414,images/typical/BN065/2020-06-05.png
BN065_2020-06-06,BN065,2020-06-06,1,typical,2020-05-31,2020-06-06,7,0,0.19477594192607658,images/typical/BN065/2020-06-06.png
BN065_2020-06-07,BN065,2020-06-07,1,typical,2020-06-01,2020-06-07,7,0,0.17651300998483527,images/typical/BN065/2020-06-07.png
BN065_2020-06-08,BN065,2020-06-08,1,typical,2020-06-02,2020-06-08,7,0,0.1737211979584007,images/typical/BN065/2020-06-08.png
BN065_2020-06-09,BN065,2020-06-09,1,typical,2020-06-03,2020-06-09,7,0,0.19673301108272442,images/typical/BN065/2020-06-09.png
BN065_2020-06-10,BN065,2020-06-10,1,typical,2020-06-04,2020-06-10,7,0,0.18700980967423292,images/typical/BN065/2020-06-10.png
BN065_2020-06-11,BN065,2020-06-11,1,typical,2020-06-05,2020-06-11,7,0,0.1832430515671909,images/typical/BN065/2020-06-11.png
BN065_2020-06-12,BN065,2020-06-12,1,typical,2020-06-06,2020-06-12,7,0,0.1812026711138003,images/typical/BN065/2020-06-12.png
BN065_2020-06-13,BN065,2020-06-13,1,typical,2020-06-07,2020-06-13,7,0,0.17199119452468314,images/typical/BN065/2020-06-13.png
BN065_2020-06-14,BN065,2020-06-14,1,typical,2020-06-08,2020-06-14,7,0,0.171126643696998,images/typical/BN065/2020-06-14.png
BN065_2020-06-15,BN065,2020-06-15,1,typical,2020-06-09,2020-06-15,7,0,0.17340620889694794,images/typical/BN065/2020-06-15.png
BN065_2020-06-16,BN065,2020-06-16,1,typical,2020-06-10,2020-06-16,7,0,0.16690646231820627,images/typical/BN065/2020-06-16.png
BN065_2020-06-17,BN065,2020-06-17,1,typical,2020-06-11,2020-06-17,7,0,0.16099215464477482,images/typical/BN065/2020-06-17.png
BN065_2020-06-18,BN065,2020-06-18,1,typical,2020-06-12,2020-06-18,7,0,0.1616802906754073,images/typical/BN065/2020-06-18.png
BN065_2020-06-19,BN065,2020-06-19,1,typical,2020-06-13,2020-06-19,7,0,0.15284480290116578,images/typical/BN065/2020-06-19.png
BN065_2020-06-20,BN065,2020-06-20,1,typical,2020-06-14,2020-06-20,7,0,0.1417512315318533,images/typical/BN065/2020-06-20.png
BN065_2020-06-21,BN065,2020-06-21,1,typical,2020-06-15,2020-06-21,7,0,0.14085707886288876,images/typical/BN065/2020-06-21.png
BN065_2020-06-22,BN065,2020-06-22,1,typical,2020-06-16,2020-06-22,7,0,0.14529575545298298,images/typical/BN065/2020-06-22.png
BN065_2020-06-23,BN065,2020-06-23,1,typical,2020-06-17,2020-06-23,7,0,0.14475314554794605,images/typical/BN065/2020-06-23.png
BN065_2020-06-24,BN065,2020-06-24,1,typical,2020-06-18,2020-06-24,7,0,0.6184055023254567,images/typical/BN065/2020-06-24.png
BN065_2020-06-25,BN065,2020-06-25,1,typical,2020-06-19,2020-06-25,7,0,0.6146375293083777,images/typical/BN065/2020-06-25.png
BN065_2020-06-26,BN065,2020-06-26,1,typical,2020-06-20,2020-06-26,7,0,0.6157142180751873,images/typical/BN065/2020-06-26.png
BN065_2020-06-27,BN065,2020-06-27,1,typical,2020-06-21,2020-06-27,7,0,0.6176316906487433,images/typical/BN065/2020-06-27.png
BN065_2020-06-28,BN065,2020-06-28,1,typical,2020-06-22,2020-06-28,7,0,0.6199296195719028,images/typical/BN065/2020-06-28.png
BN065_2020-06-29,BN065,2020-06-29,1,typical,2020-06-23,2020-06-29,7,0,0.6173178269082482,images/typical/BN065/2020-06-29.png
BN065_2020-06-30,BN065,2020-06-30,1,typical,2020-06-24,2020-06-30,7,0,0.6145048791271189,images/typical/BN065/2020-06-30.png
BN114_2019-07-31,BN114,2019-07-31,1,typical,2019-07-25,2019-07-31,7,0,0.2802583611206358,images/typical/BN114/2019-07-31.png
BN114_2019-08-01,BN114,2019-08-01,1,typical,2019-07-26,2019-08-01,7,0,0.3325802872501696,images/typical/BN114/2019-08-01.png
BN114_2019-08-02,BN114,2019-08-02,2,peak dominant,2019-07-27,2019-08-02,7,0,0.32003535447260245,images/peak_dominant/BN114/2019-08-02.png
BN114_2019-08-03,BN114,2019-08-03,0,low activity,2019-07-28,2019-08-03,7,0,0.3505083366374753,images/low_activity/BN114/2019-08-03.png
BN114_2019-08-04,BN114,2019-08-04,0,low activity,2019-07-29,2019-08-04,7,0,0.31897747321612424,images/low_activity/BN114/2019-08-04.png
BN114_2019-08-05,BN114,2019-08-05,0,low activity,2019-07-30,2019-08-05,7,0,0.2945350803701816,images/low_activity/BN114/2019-08-05.png
BN114_2019-08-06,BN114,2019-08-06,0,low activity,2019-07-31,2019-08-06,7,0,0.2321185353042419,images/low_activity/BN114/2019-08-06.png
BN114_2019-08-07,BN114,2019-08-07,0,low activity,2019-08-01,2019-08-07,7,0,0.3676408483546784,images/low_activity/BN114/2019-08-07.png
BN114_2019-08-08,BN114,2019-08-08,0,low activity,2019-08-02,2019-08-08,7,0,0.33513285236953966,images/low_activity/BN114/2019-08-08.png
BN114_2019-08-09,BN114,2019-08-09,0,low activity,2019-08-03,2019-08-09,7,0,0.2516160017053298,images/low_activity/BN114/2019-08-09.png
BN114_2019-08-10,BN114,2019-08-10,1,typical,2019-08-04,2019-08-10,7,0,0.6136769298745901,images/typical/BN114/2019-08-10.png
BN114_2019-08-11,BN114,2019-08-11,1,typical,2019-08-05,2019-08-11,7,0,0.27059142223100086,images/typical/BN114/2019-08-11.png
BN114_2019-08-12,BN114,2019-08-12,1,typical,2019-08-06,2019-08-12,7,0,0.12869005751249665,images/typical/BN114/2019-08-12.png
BN114_2019-08-13,BN114,2019-08-13,0,low activity,2019-08-07,2019-08-13,7,0,0.1477880173801693,images/low_activity/BN114/2019-08-13.png
BN114_2019-08-14,BN114,2019-08-14,2,peak dominant,2019-08-08,2019-08-14,7,0,0.19256372793299012,images/peak_dominant/BN114/2019-08-14.png
BN114_2019-08-15,BN114,2019-08-15,1,typical,2019-08-09,2019-08-15,7,0,0.2201725229564316,images/typical/BN114/2019-08-15.png
BN114_2019-08-16,BN114,2019-08-16,1,typical,2019-08-10,2019-08-16,7,0,0.39164760120832026,images/typical/BN114/2019-08-16.png
BN114_2019-08-17,BN114,2019-08-17,2,peak dominant,2019-08-11,2019-08-17,7,0,0.34754560434579035,images/peak_dominant/BN114/2019-08-17.png
BN114_2019-08-18,BN114,2019-08-18,0,low activity,2019-08-12,2019-08-18,7,0,0.19819781943868864,images/low_activity/BN114/2019-08-18.png
BN114_2019-08-19,BN114,2019-08-19,0,low activity,2019-08-13,2019-08-19,7,0,0.18154816879904495,images/low_activity/BN114/2019-08-19.png
BN114_2019-08-20,BN114,2019-08-20,0,low activity,2019-08-14,2019-08-20,7,0,0.1591963267417716,images/low_activity/BN114/2019-08-20.png
BN114_2019-08-21,BN114,2019-08-21,2,peak dominant,2019-08-15,2019-08-21,7,0,0.15688665824364195,images/peak_dominant/BN114/2019-08-21.png
BN114_2019-08-22,BN114,2019-08-22,1,typical,2019-08-16,2019-08-22,7,0,0.1334644509090374,images/typical/BN114/2019-08-22.png
BN114_2019-08-23,BN114,2019-08-23,1,typical,2019-08-17,2019-08-23,7,0,0.1271935712523793,images/typical/BN114/2019-08-23.png
BN114_2019-08-24,BN114,2019-08-24,1,typical,2019-08-18,2019-08-24,7,0,0.04668463467274343,images/typical/BN114/2019-08-24.png
BN114_2019-08-25,BN114,2019-08-25,1,typical,2019-08-19,2019-08-25,7,0,0.10970357214880623,images/typical/BN114/2019-08-25.png
BN114_2019-08-26,BN114,2019-08-26,1,typical,2019-08-20,2019-08-26,7,0,0.37341381949163893,images/typical/BN114/2019-08-26.png
BN114_2019-08-27,BN114,2019-08-27,1,typical,2019-08-21,2019-08-27,7,0,0.6193088749437833,images/typical/BN114/2019-08-27.png
BN114_2019-08-28,BN114,2019-08-28,1,typical,2019-08-22,2019-08-28,7,0,0.17617695016861665,images/typical/BN114/2019-08-28.png
BN114_2019-08-29,BN114,2019-08-29,1,typical,2019-08-23,2019-08-29,7,0,0.17844957523226787,images/typical/BN114/2019-08-29.png
BN114_2019-08-30,BN114,2019-08-30,1,typical,2019-08-24,2019-08-30,7,0,0.18678253488428492,images/typical/BN114/2019-08-30.png
BN114_2019-08-31,BN114,2019-08-31,1,typical,2019-08-25,2019-08-31,7,0,0.22122910922530464,images/typical/BN114/2019-08-31.png
BN114_2019-09-01,BN114,2019-09-01,1,typical,2019-08-26,2019-09-01,7,0,0.21171668321724268,images/typical/BN114/2019-09-01.png
BN114_2019-09-02,BN114,2019-09-02,1,typical,2019-08-27,2019-09-02,7,0,0.09471101638149051,images/typical/BN114/2019-09-02.png
BN114_2019-09-03,BN114,2019-09-03,1,typical,2019-08-28,2019-09-03,7,0,0.0910962286934764,images/typical/BN114/2019-09-03.png
BN114_2019-09-04,BN114,2019-09-04,1,typical,2019-08-29,2019-09-04,7,0,0.08691745390871045,images/typical/BN114/2019-09-04.png
BN114_2019-09-05,BN114,2019-09-05,1,typical,2019-08-30,2019-09-05,7,0,0.08365267376777288,images/typical/BN114/2019-09-05.png
BN114_2019-09-06,BN114,2019-09-06,1,typical,2019-08-31,2019-09-06,7,0,0.0826084992921751,images/typical/BN114/2019-09-06.png
BN114_2019-09-07,BN114,2019-09-07,1,typical,2019-09-01,2019-09-07,7,0,0.029896957992359436,images/typical/BN114/2019-09-07.png
BN114_2019-09-08,BN114,2019-09-08,1,typical,2019-09-02,2019-09-08,7,0,0.03354679519340444,images/typical/BN114/2019-09-08.png
BN114_2019-09-09,BN114,2019-09-09,1,typical,2019-09-03,2019-09-09,7,0,0.1307970898980775,images/typical/BN114/2019-09-09.png
BN114_2019-09-10,BN114,2019-09-10,1,typical,2019-09-04,2019-09-10,7,0,0.13454499674647413,images/typical/BN114/2019-09-10.png
BN114_2019-09-11,BN114,2019-09-11,1,typical,2019-09-05,2019-09-11,7,0,0.1371422219856589,images/typical/BN114/2019-09-11.png
BN114_2019-09-12,BN114,2019-09-12,1,typical,2019-09-06,2019-09-12,7,0,0.13677547234081475,images/typical/BN114/2019-09-12.png
BN114_2019-09-13,BN114,2019-09-13,1,typical,2019-09-07,2019-09-13,7,0,0.15525198162286719,images/typical/BN114/2019-09-13.png
BN114_2019-09-14,BN114,2019-09-14,1,typical,2019-09-08,2019-09-14,7,0,0.5748869865788734,images/typical/BN114/2019-09-14.png
BN114_2019-09-15,BN114,2019-09-15,1,typical,2019-09-09,2019-09-15,7,0,0.568547261115883,images/typical/BN114/2019-09-15.png
BN114_2019-09-16,BN114,2019-09-16,1,typical,2019-09-10,2019-09-16,7,0,0.5720895128146187,images/typical/BN114/2019-09-16.png
BN114_2019-09-17,BN114,2019-09-17,1,typical,2019-09-11,2019-09-17,7,0,0.5652333843418224,images/typical/BN114/2019-09-17.png
BN114_2019-09-18,BN114,2019-09-18,1,typical,2019-09-12,2019-09-18,7,0,0.5625259610416444,images/typical/BN114/2019-09-18.png
BN114_2019-09-19,BN114,2019-09-19,1,typical,2019-09-13,2019-09-19,7,0,0.5628919740035626,images/typical/BN114/2019-09-19.png
BN114_2019-09-20,BN114,2019-09-20,1,typical,2019-09-14,2019-09-20,7,0,0.5416547101363245,images/typical/BN114/2019-09-20.png
BN114_2019-09-21,BN114,2019-09-21,1,typical,2019-09-15,2019-09-21,7,0,0.12556099143531452,images/typical/BN114/2019-09-21.png
BN114_2019-09-22,BN114,2019-09-22,1,typical,2019-09-16,2019-09-22,7,0,0.12809636375480687,images/typical/BN114/2019-09-22.png
BN114_2019-09-23,BN114,2019-09-23,1,typical,2019-09-17,2019-09-23,7,0,0.13403838730354578,images/typical/BN114/2019-09-23.png
BN114_2019-09-24,BN114,2019-09-24,1,typical,2019-09-18,2019-09-24,7,0,0.14290660883004094,images/typical/BN114/2019-09-24.png
BN114_2019-09-25,BN114,2019-09-25,1,typical,2019-09-19,2019-09-25,7,0,0.15613425849360996,images/typical/BN114/2019-09-25.png
BN114_2019-09-26,BN114,2019-09-26,1,typical,2019-09-20,2019-09-26,7,0,0.16595402573770426,images/typical/BN114/2019-09-26.png
BN114_2019-09-27,BN114,2019-09-27,1,typical,2019-09-21,2019-09-27,7,0,0.14657664323312936,images/typical/BN114/2019-09-27.png
BN114_2019-09-28,BN114,2019-09-28,1,typical,2019-09-22,2019-09-28,7,0,0.13529807915937692,images/typical/BN114/2019-09-28.png
BN114_2019-09-29,BN114,2019-09-29,1,typical,2019-09-23,2019-09-29,7,0,0.12684492877539955,images/typical/BN114/2019-09-29.png
BN114_2019-09-30,BN114,2019-09-30,1,typical,2019-09-24,2019-09-30,7,0,0.13708504169940997,images/typical/BN114/2019-09-30.png
BN114_2019-10-01,BN114,2019-10-01,1,typical,2019-09-25,2019-10-01,7,0,0.14033036729495957,images/typical/BN114/2019-10-01.png
BN114_2019-10-02,BN114,2019-10-02,2,peak dominant,2019-09-26,2019-10-02,7,0,0.5704875777094224,images/peak_dominant/BN114/2019-10-02.png
BN114_2019-10-03,BN114,2019-10-03,0,low activity,2019-09-27,2019-10-03,7,0,0.35760271577724445,images/low_activity/BN114/2019-10-03.png
BN114_2019-10-04,BN114,2019-10-04,1,typical,2019-09-28,2019-10-04,7,0,0.3560040478453781,images/typical/BN114/2019-10-04.png
BN114_2019-10-05,BN114,2019-10-05,1,typical,2019-09-29,2019-10-05,7,0,0.3559068971575032,images/typical/BN114/2019-10-05.png
BN114_2019-10-06,BN114,2019-10-06,1,typical,2019-09-30,2019-10-06,7,0,0.35580877311674225,images/typical/BN114/2019-10-06.png
BN114_2019-10-07,BN114,2019-10-07,1,typical,2019-10-01,2019-10-07,7,0,0.35587331436612923,images/typical/BN114/2019-10-07.png
BN114_2019-10-08,BN114,2019-10-08,1,typical,2019-10-02,2019-10-08,7,0,0.35975827037477737,images/typical/BN114/2019-10-08.png
BN114_2019-10-09,BN114,2019-10-09,1,typical,2019-10-03,2019-10-09,7,0,0.601019195091756,images/typical/BN114/2019-10-09.png
BN114_2019-10-10,BN114,2019-10-10,1,typical,2019-10-04,2019-10-10,7,0,0.168094926518221,images/typical/BN114/2019-10-10.png
BN114_2019-10-11,BN114,2019-10-11,1,typical,2019-10-05,2019-10-11,7,0,0.1491617457361995,images/typical/BN114/2019-10-11.png
BN114_2019-10-12,BN114,2019-10-12,1,typical,2019-10-06,2019-10-12,7,0,0.13365666496233275,images/typical/BN114/2019-10-12.png
BN114_2019-10-13,BN114,2019-10-13,1,typical,2019-10-07,2019-10-13,7,0,0.12465980868722003,images/typical/BN114/2019-10-13.png
BN114_2019-10-14,BN114,2019-10-14,1,typical,2019-10-08,2019-10-14,7,0,0.0512849186501534,images/typical/BN114/2019-10-14.png
BN114_2019-10-15,BN114,2019-10-15,1,typical,2019-10-09,2019-10-15,7,0,0.08349307807563211,images/typical/BN114/2019-10-15.png
BN114_2019-10-16,BN114,2019-10-16,1,typical,2019-10-10,2019-10-16,7,0,0.08451304065994378,images/typical/BN114/2019-10-16.png
BN114_2019-10-17,BN114,2019-10-17,1,typical,2019-10-11,2019-10-17,7,0,0.08090868953372202,images/typical/BN114/2019-10-17.png
BN114_2019-10-18,BN114,2019-10-18,1,typical,2019-10-12,2019-10-18,7,0,0.08487080537276132,images/typical/BN114/2019-10-18.png
BN114_2019-10-19,BN114,2019-10-19,1,typical,2019-10-13,2019-10-19,7,0,0.08894336337190639,images/typical/BN114/2019-10-19.png
BN114_2019-10-20,BN114,2019-10-20,1,typical,2019-10-14,2019-10-20,7,0,0.09162029107154174,images/typical/BN114/2019-10-20.png
BN114_2019-10-21,BN114,2019-10-21,1,typical,2019-10-15,2019-10-21,7,0,0.06690424877127171,images/typical/BN114/2019-10-21.png
BN114_2019-10-22,BN114,2019-10-22,1,typical,2019-10-16,2019-10-22,7,0,0.12656227663769667,images/typical/BN114/2019-10-22.png
BN114_2019-10-23,BN114,2019-10-23,1,typical,2019-10-17,2019-10-23,7,0,0.12902472639061038,images/typical/BN114/2019-10-23.png
BN114_2019-10-24,BN114,2019-10-24,1,typical,2019-10-18,2019-10-24,7,0,0.1297795227899818,images/typical/BN114/2019-10-24.png
BN114_2019-10-25,BN114,2019-10-25,1,typical,2019-10-19,2019-10-25,7,0,0.14715259477030052,images/typical/BN114/2019-10-25.png
BN114_2019-10-26,BN114,2019-10-26,1,typical,2019-10-20,2019-10-26,7,0,0.15614239239306518,images/typical/BN114/2019-10-26.png
BN114_2019-10-27,BN114,2019-10-27,1,typical,2019-10-21,2019-10-27,7,0,0.14975530728885597,images/typical/BN114/2019-10-27.png
BN114_2019-10-28,BN114,2019-10-28,1,typical,2019-10-22,2019-10-28,7,0,0.14489328950971883,images/typical/BN114/2019-10-28.png
BN114_2019-10-29,BN114,2019-10-29,1,typical,2019-10-23,2019-10-29,7,0,0.14286611132861454,images/typical/BN114/2019-10-29.png
BN114_2019-10-30,BN114,2019-10-30,1,typical,2019-10-24,2019-10-30,7,0,0.14002146066779028,images/typical/BN114/2019-10-30.png
BN114_2019-10-31,BN114,2019-10-31,1,typical,2019-10-25,2019-10-31,7,0,0.1414198223908654,images/typical/BN114/2019-10-31.png
BN114_2019-11-01,BN114,2019-11-01,1,typical,2019-10-26,2019-11-01,7,0,0.12958434984241302,images/typical/BN114/2019-11-01.png
BN114_2019-11-02,BN114,2019-11-02,1,typical,2019-10-27,2019-11-02,7,0,0.14214449847697738,images/typical/BN114/2019-11-02.png
BN114_2019-11-03,BN114,2019-11-03,1,typical,2019-10-28,2019-11-03,7,0,0.16500139987202556,images/typical/BN114/2019-11-03.png
BN114_2019-11-04,BN114,2019-11-04,1,typical,2019-10-29,2019-11-04,7,0,0.16868429714844335,images/typical/BN114/2019-11-04.png
BN114_2019-11-05,BN114,2019-11-05,1,typical,2019-10-30,2019-11-05,7,0,0.17299439644213976,images/typical/BN114/2019-11-05.png
BN114_2019-11-06,BN114,2019-11-06,1,typical,2019-10-31,2019-11-06,7,0,0.18623191725603455,images/typical/BN114/2019-11-06.png
BN114_2019-11-07,BN114,2019-11-07,1,typical,2019-11-01,2019-11-07,7,0,0.1878538401332606,images/typical/BN114/2019-11-07.png
BN114_2019-11-08,BN114,2019-11-08,1,typical,2019-11-02,2019-11-08,7,0,0.18485667989932852,images/typical/BN114/2019-11-08.png
BN114_2019-11-09,BN114,2019-11-09,1,typical,2019-11-03,2019-11-09,7,0,0.1578197267999179,images/typical/BN114/2019-11-09.png
BN114_2019-11-10,BN114,2019-11-10,1,typical,2019-11-04,2019-11-10,7,0,0.14314447105652756,images/typical/BN114/2019-11-10.png
BN114_2019-11-11,BN114,2019-11-11,1,typical,2019-11-05,2019-11-11,7,0,0.03114805961655492,images/typical/BN114/2019-11-11.png
BN114_2019-11-12,BN114,2019-11-12,1,typical,2019-11-06,2019-11-12,7,0,0.03363762778504856,images/typical/BN114/2019-11-12.png
BN114_2019-11-13,BN114,2019-11-13,1,typical,2019-11-07,2019-11-13,7,0,0.051246778873114046,images/typical/BN114/2019-11-13.png
BN114_2019-11-14,BN114,2019-11-14,1,typical,2019-11-08,2019-11-14,7,0,0.05088224108483907,images/typical/BN114/2019-11-14.png
BN114_2019-11-15,BN114,2019-11-15,1,typical,2019-11-09,2019-11-15,7,0,0.06517334033546562,images/typical/BN114/2019-11-15.png
BN114_2019-11-16,BN114,2019-11-16,1,typical,2019-11-10,2019-11-16,7,0,0.060903728422178234,images/typical/BN114/2019-11-16.png
BN114_2019-11-17,BN114,2019-11-17,1,typical,2019-11-11,2019-11-17,7,0,0.05371128737142969,images/typical/BN114/2019-11-17.png
BN114_2019-11-18,BN114,2019-11-18,1,typical,2019-11-12,2019-11-18,7,0,0.14258296032159784,images/typical/BN114/2019-11-18.png
BN114_2019-11-19,BN114,2019-11-19,1,typical,2019-11-13,2019-11-19,7,0,0.14093812348309748,images/typical/BN114/2019-11-19.png
BN114_2019-11-20,BN114,2019-11-20,1,typical,2019-11-14,2019-11-20,7,0,0.12228060286299099,images/typical/BN114/2019-11-20.png
BN114_2019-11-21,BN114,2019-11-21,1,typical,2019-11-15,2019-11-21,7,0,0.11783044128223236,images/typical/BN114/2019-11-21.png
BN114_2019-11-22,BN114,2019-11-22,1,typical,2019-11-16,2019-11-22,7,0,0.13618152405374004,images/typical/BN114/2019-11-22.png
BN114_2019-11-23,BN114,2019-11-23,1,typical,2019-11-17,2019-11-23,7,0,0.1333728577982242,images/typical/BN114/2019-11-23.png
BN114_2019-11-24,BN114,2019-11-24,1,typical,2019-11-18,2019-11-24,7,0,0.13843193054985128,images/typical/BN114/2019-11-24.png
BN114_2019-11-25,BN114,2019-11-25,1,typical,2019-11-19,2019-11-25,7,0,0.5024063273696253,images/typical/BN114/2019-11-25.png
BN114_2019-11-26,BN114,2019-11-26,1,typical,2019-11-20,2019-11-26,7,0,0.5158689689218929,images/typical/BN114/2019-11-26.png
BN114_2019-11-27,BN114,2019-11-27,1,typical,2019-11-21,2019-11-27,7,0,0.5456647934963961,images/typical/BN114/2019-11-27.png
BN114_2019-11-28,BN114,2019-11-28,1,typical,2019-11-22,2019-11-28,7,0,0.5422377144771746,images/typical/BN114/2019-11-28.png
BN114_2019-11-29,BN114,2019-11-29,1,typical,2019-11-23,2019-11-29,7,0,0.5573112795387548,images/typical/BN114/2019-11-29.png
BN114_2019-11-30,BN114,2019-11-30,1,typical,2019-11-24,2019-11-30,7,0,0.5500353360454191,images/typical/BN114/2019-11-30.png
BN114_2019-12-01,BN114,2019-12-01,1,typical,2019-11-25,2019-12-01,7,0,0.5536365310200009,images/typical/BN114/2019-12-01.png
BN114_2019-12-02,BN114,2019-12-02,1,typical,2019-11-26,2019-12-02,7,0,0.04281516833464882,images/typical/BN114/2019-12-02.png
BN114_2019-12-03,BN114,2019-12-03,1,typical,2019-11-27,2019-12-03,7,0,0.04098801888004753,images/typical/BN114/2019-12-03.png
BN114_2019-12-04,BN114,2019-12-04,1,typical,2019-11-28,2019-12-04,7,0,0.024020361079854897,images/typical/BN114/2019-12-04.png
BN114_2019-12-05,BN114,2019-12-05,1,typical,2019-11-29,2019-12-05,7,0,0.025286228841421107,images/typical/BN114/2019-12-05.png
BN114_2019-12-06,BN114,2019-12-06,1,typical,2019-11-30,2019-12-06,7,0,0.15023097830997575,images/typical/BN114/2019-12-06.png
BN114_2019-12-07,BN114,2019-12-07,1,typical,2019-12-01,2019-12-07,7,0,0.17335900103825092,images/typical/BN114/2019-12-07.png
BN114_2019-12-08,BN114,2019-12-08,1,typical,2019-12-02,2019-12-08,7,0,0.218258490858951,images/typical/BN114/2019-12-08.png
BN114_2019-12-09,BN114,2019-12-09,1,typical,2019-12-03,2019-12-09,7,0,0.21745209738789176,images/typical/BN114/2019-12-09.png
BN114_2019-12-10,BN114,2019-12-10,1,typical,2019-12-04,2019-12-10,7,0,0.22644399474537005,images/typical/BN114/2019-12-10.png
BN114_2019-12-11,BN114,2019-12-11,1,typical,2019-12-05,2019-12-11,7,0,0.24131086987092182,images/typical/BN114/2019-12-11.png
BN114_2019-12-12,BN114,2019-12-12,1,typical,2019-12-06,2019-12-12,7,0,0.2618801684882939,images/typical/BN114/2019-12-12.png
BN114_2019-12-13,BN114,2019-12-13,1,typical,2019-12-07,2019-12-13,7,0,0.25203628220581,images/typical/BN114/2019-12-13.png
BN114_2019-12-14,BN114,2019-12-14,1,typical,2019-12-08,2019-12-14,7,0,0.25986007208657813,images/typical/BN114/2019-12-14.png
BN114_2019-12-15,BN114,2019-12-15,1,typical,2019-12-09,2019-12-15,7,0,0.16776221511332462,images/typical/BN114/2019-12-15.png
BN114_2019-12-16,BN114,2019-12-16,1,typical,2019-12-10,2019-12-16,7,0,0.12087604482653726,images/typical/BN114/2019-12-16.png
BN114_2019-12-17,BN114,2019-12-17,1,typical,2019-12-11,2019-12-17,7,0,0.140120597809513,images/typical/BN114/2019-12-17.png
BN114_2019-12-18,BN114,2019-12-18,1,typical,2019-12-12,2019-12-18,7,0,0.28572503078638156,images/typical/BN114/2019-12-18.png
BN114_2019-12-19,BN114,2019-12-19,1,typical,2019-12-13,2019-12-19,7,0,0.5036532678233785,images/typical/BN114/2019-12-19.png
BN114_2019-12-20,BN114,2019-12-20,1,typical,2019-12-14,2019-12-20,7,0,0.34315368219788633,images/typical/BN114/2019-12-20.png
BN114_2019-12-21,BN114,2019-12-21,1,typical,2019-12-15,2019-12-21,7,0,0.19490835436377313,images/typical/BN114/2019-12-21.png
BN114_2019-12-22,BN114,2019-12-22,1,typical,2019-12-16,2019-12-22,7,0,0.11855633806423999,images/typical/BN114/2019-12-22.png
BN114_2019-12-23,BN114,2019-12-23,1,typical,2019-12-17,2019-12-23,7,0,0.16982431988479194,images/typical/BN114/2019-12-23.png
BN114_2019-12-24,BN114,2019-12-24,1,typical,2019-12-18,2019-12-24,7,0,0.31901423394626843,images/typical/BN114/2019-12-24.png
BN114_2019-12-25,BN114,2019-12-25,1,typical,2019-12-19,2019-12-25,7,0,0.1712851862845412,images/typical/BN114/2019-12-25.png
BN114_2019-12-26,BN114,2019-12-26,1,typical,2019-12-20,2019-12-26,7,0,0.04878505707292826,images/typical/BN114/2019-12-26.png
BN114_2019-12-27,BN114,2019-12-27,1,typical,2019-12-21,2019-12-27,7,0,0.06231781641479279,images/typical/BN114/2019-12-27.png
BN114_2019-12-28,BN114,2019-12-28,1,typical,2019-12-22,2019-12-28,7,0,0.2156960268392168,images/typical/BN114/2019-12-28.png
BN114_2019-12-29,BN114,2019-12-29,1,typical,2019-12-23,2019-12-29,7,0,0.6106523278129177,images/typical/BN114/2019-12-29.png
BN114_2019-12-30,BN114,2019-12-30,1,typical,2019-12-24,2019-12-30,7,0,0.5279302518529146,images/typical/BN114/2019-12-30.png
BN114_2019-12-31,BN114,2019-12-31,1,typical,2019-12-25,2019-12-31,7,0,0.6232773124893785,images/typical/BN114/2019-12-31.png
BN114_2020-01-01,BN114,2020-01-01,1,typical,2019-12-26,2020-01-01,7,0,0.5004063938654456,images/typical/BN114/2020-01-01.png
BN114_2020-01-02,BN114,2020-01-02,1,typical,2019-12-27,2020-01-02,7,0,0.4788537821153215,images/typical/BN114/2020-01-02.png
BN114_2020-01-03,BN114,2020-01-03,1,typical,2019-12-28,2020-01-03,7,0,0.3995553367999887,images/typical/BN114/2020-01-03.png
BN114_2020-01-04,BN114,2020-01-04,1,typical,2019-12-29,2020-01-04,7,0,0.2675585108538387,images/typical/BN114/2020-01-04.png
BN114_2020-01-05,BN114,2020-01-05,1,typical,2019-12-30,2020-01-05,7,0,0.21367338908028885,images/typical/BN114/2020-01-05.png
BN114_2020-01-06,BN114,2020-01-06,1,typical,2019-12-31,2020-01-06,7,0,0.29917354877426255,images/typical/BN114/2020-01-06.png
BN114_2020-01-07,BN114,2020-01-07,1,typical,2020-01-01,2020-01-07,7,0,0.135739993234067,images/typical/BN114/2020-01-07.png
BN114_2020-01-08,BN114,2020-01-08,1,typical,2020-01-02,2020-01-08,7,0,0.11947300908332324,images/typical/BN114/2020-01-08.png
BN114_2020-01-09,BN114,2020-01-09,1,typical,2020-01-03,2020-01-09,7,0,0.09328854371080797,images/typical/BN114/2020-01-09.png
BN114_2020-01-10,BN114,2020-01-10,1,typical,2020-01-04,2020-01-10,7,0,0.17902703287420754,images/typical/BN114/2020-01-10.png
BN114_2020-01-11,BN114,2020-01-11,1,typical,2020-01-05,2020-01-11,7,0,0.40799983744871193,images/typical/BN114/2020-01-11.png
BN114_2020-01-12,BN114,2020-01-12,1,typical,2020-01-06,2020-01-12,7,0,0.5488721026271457,images/typical/BN114/2020-01-12.png
BN114_2020-01-13,BN114,2020-01-13,1,typical,2020-01-07,2020-01-13,7,0,0.6252368845770425,images/typical/BN114/2020-01-13.png
BN114_2020-01-14,BN114,2020-01-14,1,typical,2020-01-08,2020-01-14,7,0,0.6623016350369029,images/typical/BN114/2020-01-14.png
BN114_2020-01-15,BN114,2020-01-15,1,typical,2020-01-09,2020-01-15,7,0,0.6349800863080747,images/typical/BN114/2020-01-15.png
BN114_2020-01-16,BN114,2020-01-16,1,typical,2020-01-10,2020-01-16,7,0,0.6276298564716323,images/typical/BN114/2020-01-16.png
BN114_2020-01-17,BN114,2020-01-17,1,typical,2020-01-11,2020-01-17,7,0,0.6175582518898606,images/typical/BN114/2020-01-17.png
BN114_2020-01-18,BN114,2020-01-18,1,typical,2020-01-12,2020-01-18,7,0,0.5992020133755718,images/typical/BN114/2020-01-18.png
BN114_2020-01-19,BN114,2020-01-19,1,typical,2020-01-13,2020-01-19,7,0,0.5742074946805337,images/typical/BN114/2020-01-19.png
BN114_2020-01-20,BN114,2020-01-20,1,typical,2020-01-14,2020-01-20,7,0,0.526452220447248,images/typical/BN114/2020-01-20.png
BN114_2020-01-21,BN114,2020-01-21,1,typical,2020-01-15,2020-01-21,7,0,0.04704305749496522,images/typical/BN114/2020-01-21.png
BN114_2020-01-22,BN114,2020-01-22,1,typical,2020-01-16,2020-01-22,7,0,0.04488658642763985,images/typical/BN114/2020-01-22.png
BN114_2020-01-23,BN114,2020-01-23,1,typical,2020-01-17,2020-01-23,7,0,0.03415132610465901,images/typical/BN114/2020-01-23.png
BN114_2020-01-24,BN114,2020-01-24,1,typical,2020-01-18,2020-01-24,7,0,0.03199150298897702,images/typical/BN114/2020-01-24.png
BN114_2020-01-25,BN114,2020-01-25,1,typical,2020-01-19,2020-01-25,7,0,0.03150220214884989,images/typical/BN114/2020-01-25.png
BN114_2020-01-26,BN114,2020-01-26,1,typical,2020-01-20,2020-01-26,7,0,0.03699004080088801,images/typical/BN114/2020-01-26.png
BN114_2020-01-27,BN114,2020-01-27,1,typical,2020-01-21,2020-01-27,7,0,0.14211266414835158,images/typical/BN114/2020-01-27.png
BN114_2020-01-28,BN114,2020-01-28,1,typical,2020-01-22,2020-01-28,7,0,0.1430610412128383,images/typical/BN114/2020-01-28.png
BN114_2020-01-29,BN114,2020-01-29,1,typical,2020-01-23,2020-01-29,7,0,0.14519958577965988,images/typical/BN114/2020-01-29.png
BN114_2020-01-30,BN114,2020-01-30,1,typical,2020-01-24,2020-01-30,7,0,0.1451942294176915,images/typical/BN114/2020-01-30.png
BN114_2020-01-31,BN114,2020-01-31,1,typical,2020-01-25,2020-01-31,7,0,0.1537865220400434,images/typical/BN114/2020-01-31.png
BN114_2020-02-01,BN114,2020-02-01,1,typical,2020-01-26,2020-02-01,7,0,0.1514242237921758,images/typical/BN114/2020-02-01.png
BN114_2020-02-02,BN114,2020-02-02,1,typical,2020-01-27,2020-02-02,7,0,0.13964019740004452,images/typical/BN114/2020-02-02.png
BN114_2020-02-03,BN114,2020-02-03,1,typical,2020-01-28,2020-02-03,7,0,0.14131129376248194,images/typical/BN114/2020-02-03.png
BN114_2020-02-04,BN114,2020-02-04,1,typical,2020-01-29,2020-02-04,7,0,0.13812992459870904,images/typical/BN114/2020-02-04.png
BN114_2020-02-05,BN114,2020-02-05,1,typical,2020-01-30,2020-02-05,7,0,0.1358695523120286,images/typical/BN114/2020-02-05.png
BN114_2020-02-06,BN114,2020-02-06,1,typical,2020-01-31,2020-02-06,7,0,0.12368665774596918,images/typical/BN114/2020-02-06.png
BN114_2020-02-07,BN114,2020-02-07,1,typical,2020-02-01,2020-02-07,7,0,0.13030855713093048,images/typical/BN114/2020-02-07.png
BN114_2020-02-08,BN114,2020-02-08,1,typical,2020-02-02,2020-02-08,7,0,0.14006886518969014,images/typical/BN114/2020-02-08.png
BN114_2020-02-09,BN114,2020-02-09,1,typical,2020-02-03,2020-02-09,7,0,0.14572201716144406,images/typical/BN114/2020-02-09.png
BN114_2020-02-10,BN114,2020-02-10,1,typical,2020-02-04,2020-02-10,7,0,0.14720992516538184,images/typical/BN114/2020-02-10.png
BN114_2020-02-11,BN114,2020-02-11,1,typical,2020-02-05,2020-02-11,7,0,0.1473391724667949,images/typical/BN114/2020-02-11.png
BN114_2020-02-12,BN114,2020-02-12,1,typical,2020-02-06,2020-02-12,7,0,0.14641040687483173,images/typical/BN114/2020-02-12.png
BN114_2020-02-13,BN114,2020-02-13,1,typical,2020-02-07,2020-02-13,7,0,0.15025120555902832,images/typical/BN114/2020-02-13.png
BN114_2020-02-14,BN114,2020-02-14,1,typical,2020-02-08,2020-02-14,7,0,0.14817124975677354,images/typical/BN114/2020-02-14.png
BN114_2020-02-15,BN114,2020-02-15,1,typical,2020-02-09,2020-02-15,7,0,0.1397133100076835,images/typical/BN114/2020-02-15.png
BN114_2020-02-16,BN114,2020-02-16,1,typical,2020-02-10,2020-02-16,7,0,0.14622354108867733,images/typical/BN114/2020-02-16.png
BN114_2020-02-17,BN114,2020-02-17,1,typical,2020-02-11,2020-02-17,7,0,0.14764277635940395,images/typical/BN114/2020-02-17.png
BN114_2020-02-18,BN114,2020-02-18,1,typical,2020-02-12,2020-02-18,7,0,0.1446512714162186,images/typical/BN114/2020-02-18.png
BN114_2020-02-19,BN114,2020-02-19,1,typical,2020-02-13,2020-02-19,7,0,0.1462186604470682,images/typical/BN114/2020-02-19.png
BN114_2020-02-20,BN114,2020-02-20,1,typical,2020-02-14,2020-02-20,7,0,0.13914194679331043,images/typical/BN114/2020-02-20.png
BN114_2020-02-21,BN114,2020-02-21,1,typical,2020-02-15,2020-02-21,7,0,0.15563897214959502,images/typical/BN114/2020-02-21.png
BN114_2020-02-22,BN114,2020-02-22,1,typical,2020-02-16,2020-02-22,7,0,0.1586920332308397,images/typical/BN114/2020-02-22.png
BN114_2020-02-23,BN114,2020-02-23,1,typical,2020-02-17,2020-02-23,7,0,0.1437873551523064,images/typical/BN114/2020-02-23.png
BN114_2020-02-24,BN114,2020-02-24,1,typical,2020-02-18,2020-02-24,7,0,0.1455136853700419,images/typical/BN114/2020-02-24.png
BN114_2020-02-25,BN114,2020-02-25,1,typical,2020-02-19,2020-02-25,7,0,0.15076631007341926,images/typical/BN114/2020-02-25.png
BN114_2020-02-26,BN114,2020-02-26,1,typical,2020-02-20,2020-02-26,7,0,0.14466203744384828,images/typical/BN114/2020-02-26.png
BN114_2020-02-27,BN114,2020-02-27,1,typical,2020-02-21,2020-02-27,7,0,0.14283449241586957,images/typical/BN114/2020-02-27.png
BN114_2020-02-28,BN114,2020-02-28,1,typical,2020-02-22,2020-02-28,7,0,0.14324248697996445,images/typical/BN114/2020-02-28.png
BN114_2020-02-29,BN114,2020-02-29,1,typical,2020-02-23,2020-02-29,7,0,0.167862129062483,images/typical/BN114/2020-02-29.png
BN114_2020-03-01,BN114,2020-03-01,1,typical,2020-02-24,2020-03-01,7,0,0.14382685861855654,images/typical/BN114/2020-03-01.png
BN114_2020-03-02,BN114,2020-03-02,1,typical,2020-02-25,2020-03-02,7,0,0.14384987575108932,images/typical/BN114/2020-03-02.png
BN114_2020-03-03,BN114,2020-03-03,1,typical,2020-02-26,2020-03-03,7,0,0.14112246233729311,images/typical/BN114/2020-03-03.png
BN114_2020-03-04,BN114,2020-03-04,1,typical,2020-02-27,2020-03-04,7,0,0.1378989451820011,images/typical/BN114/2020-03-04.png
BN114_2020-03-05,BN114,2020-03-05,1,typical,2020-02-28,2020-03-05,7,0,0.1339996145973875,images/typical/BN114/2020-03-05.png
BN114_2020-03-06,BN114,2020-03-06,1,typical,2020-02-29,2020-03-06,7,0,0.13181553503592383,images/typical/BN114/2020-03-06.png
BN114_2020-03-07,BN114,2020-03-07,1,typical,2020-03-01,2020-03-07,7,0,0.13194779803783288,images/typical/BN114/2020-03-07.png
BN114_2020-03-08,BN114,2020-03-08,1,typical,2020-03-02,2020-03-08,7,0,0.12869708211194414,images/typical/BN114/2020-03-08.png
BN114_2020-03-09,BN114,2020-03-09,1,typical,2020-03-03,2020-03-09,7,0,0.07282290852968686,images/typical/BN114/2020-03-09.png
BN114_2020-03-10,BN114,2020-03-10,1,typical,2020-03-04,2020-03-10,7,0,0.10069560665897476,images/typical/BN114/2020-03-10.png
BN114_2020-03-11,BN114,2020-03-11,1,typical,2020-03-05,2020-03-11,7,0,0.2506663327849467,images/typical/BN114/2020-03-11.png
BN114_2020-03-12,BN114,2020-03-12,1,typical,2020-03-06,2020-03-12,7,0,0.3033547723870523,images/typical/BN114/2020-03-12.png
BN114_2020-03-13,BN114,2020-03-13,1,typical,2020-03-07,2020-03-13,7,0,0.2572793623052323,images/typical/BN114/2020-03-13.png
BN114_2020-03-14,BN114,2020-03-14,1,typical,2020-03-08,2020-03-14,7,0,0.3792933500539796,images/typical/BN114/2020-03-14.png
BN114_2020-03-15,BN114,2020-03-15,1,typical,2020-03-09,2020-03-15,7,0,0.2699359191650396,images/typical/BN114/2020-03-15.png
BN114_2020-03-16,BN114,2020-03-16,1,typical,2020-03-10,2020-03-16,7,0,0.26126351139721327,images/typical/BN114/2020-03-16.png
BN114_2020-03-17,BN114,2020-03-17,1,typical,2020-03-11,2020-03-17,7,0,0.3518057276762298,images/typical/BN114/2020-03-17.png
BN114_2020-03-18,BN114,2020-03-18,1,typical,2020-03-12,2020-03-18,7,0,0.42307676365964475,images/typical/BN114/2020-03-18.png
BN114_2020-03-19,BN114,2020-03-19,1,typical,2020-03-13,2020-03-19,7,0,0.3980279693281996,images/typical/BN114/2020-03-19.png
BN114_2020-03-20,BN114,2020-03-20,1,typical,2020-03-14,2020-03-20,7,0,0.38755588867212293,images/typical/BN114/2020-03-20.png
BN114_2020-03-21,BN114,2020-03-21,1,typical,2020-03-15,2020-03-21,7,0,0.26306621491124044,images/typical/BN114/2020-03-21.png
BN114_2020-03-22,BN114,2020-03-22,1,typical,2020-03-16,2020-03-22,7,0,0.2765408194044864,images/typical/BN114/2020-03-22.png
BN114_2020-03-23,BN114,2020-03-23,1,typical,2020-03-17,2020-03-23,7,0,0.3054990875762314,images/typical/BN114/2020-03-23.png
BN114_2020-03-24,BN114,2020-03-24,1,typical,2020-03-18,2020-03-24,7,0,0.3405081204002099,images/typical/BN114/2020-03-24.png
BN114_2020-03-25,BN114,2020-03-25,1,typical,2020-03-19,2020-03-25,7,0,0.38772967618621285,images/typical/BN114/2020-03-25.png
BN114_2020-03-26,BN114,2020-03-26,1,typical,2020-03-20,2020-03-26,7,0,0.37385097198825584,images/typical/BN114/2020-03-26.png
BN114_2020-03-27,BN114,2020-03-27,1,typical,2020-03-21,2020-03-27,7,0,0.3724944902113025,images/typical/BN114/2020-03-27.png
BN114_2020-03-28,BN114,2020-03-28,1,typical,2020-03-22,2020-03-28,7,0,0.4566459503184454,images/typical/BN114/2020-03-28.png
BN114_2020-03-29,BN114,2020-03-29,1,typical,2020-03-23,2020-03-29,7,0,0.5355784596566077,images/typical/BN114/2020-03-29.png
BN114_2020-03-30,BN114,2020-03-30,1,typical,2020-03-24,2020-03-30,7,0,0.42758778419133797,images/typical/BN114/2020-03-30.png
BN114_2020-03-31,BN114,2020-03-31,1,typical,2020-03-25,2020-03-31,7,0,0.3145890846702778,images/typical/BN114/2020-03-31.png
BN114_2020-04-01,BN114,2020-04-01,1,typical,2020-03-26,2020-04-01,7,0,0.29359313929433983,images/typical/BN114/2020-04-01.png
BN114_2020-04-02,BN114,2020-04-02,1,typical,2020-03-27,2020-04-02,7,0,0.26839689514795145,images/typical/BN114/2020-04-02.png
BN114_2020-04-03,BN114,2020-04-03,1,typical,2020-03-28,2020-04-03,7,0,0.2958422680708185,images/typical/BN114/2020-04-03.png
BN114_2020-04-04,BN114,2020-04-04,1,typical,2020-03-29,2020-04-04,7,0,0.34236825100615054,images/typical/BN114/2020-04-04.png
BN114_2020-04-05,BN114,2020-04-05,1,typical,2020-03-30,2020-04-05,7,0,0.3459833028834415,images/typical/BN114/2020-04-05.png
BN114_2020-04-06,BN114,2020-04-06,1,typical,2020-03-31,2020-04-06,7,0,0.29996479030268147,images/typical/BN114/2020-04-06.png
BN114_2020-04-07,BN114,2020-04-07,1,typical,2020-04-01,2020-04-07,7,0,0.28185456591539615,images/typical/BN114/2020-04-07.png
BN114_2020-04-08,BN114,2020-04-08,1,typical,2020-04-02,2020-04-08,7,0,0.24307842574346072,images/typical/BN114/2020-04-08.png
BN114_2020-04-09,BN114,2020-04-09,1,typical,2020-04-03,2020-04-09,7,0,0.27879840597526795,images/typical/BN114/2020-04-09.png
BN114_2020-04-10,BN114,2020-04-10,1,typical,2020-04-04,2020-04-10,7,0,0.1830450484811183,images/typical/BN114/2020-04-10.png
BN114_2020-04-11,BN114,2020-04-11,1,typical,2020-04-05,2020-04-11,7,0,0.2353082723220615,images/typical/BN114/2020-04-11.png
BN114_2020-04-12,BN114,2020-04-12,1,typical,2020-04-06,2020-04-12,7,0,0.29300060457498356,images/typical/BN114/2020-04-12.png
BN114_2020-04-13,BN114,2020-04-13,1,typical,2020-04-07,2020-04-13,7,0,0.35637542999097627,images/typical/BN114/2020-04-13.png
BN114_2020-04-14,BN114,2020-04-14,1,typical,2020-04-08,2020-04-14,7,0,0.41831836622451896,images/typical/BN114/2020-04-14.png
BN114_2020-04-15,BN114,2020-04-15,1,typical,2020-04-09,2020-04-15,7,0,0.508903408460781,images/typical/BN114/2020-04-15.png
BN114_2020-04-16,BN114,2020-04-16,1,typical,2020-04-10,2020-04-16,7,0,0.5403696295092578,images/typical/BN114/2020-04-16.png
BN114_2020-04-17,BN114,2020-04-17,1,typical,2020-04-11,2020-04-17,7,0,0.4745936451600699,images/typical/BN114/2020-04-17.png
BN114_2020-04-18,BN114,2020-04-18,1,typical,2020-04-12,2020-04-18,7,0,0.3344225841784884,images/typical/BN114/2020-04-18.png
BN114_2020-04-19,BN114,2020-04-19,1,typical,2020-04-13,2020-04-19,7,0,0.35525554006033205,images/typical/BN114/2020-04-19.png
BN114_2020-04-20,BN114,2020-04-20,1,typical,2020-04-14,2020-04-20,7,0,0.33727114496671656,images/typical/BN114/2020-04-20.png
BN114_2020-04-21,BN114,2020-04-21,1,typical,2020-04-15,2020-04-21,7,0,0.4546487122481585,images/typical/BN114/2020-04-21.png
BN114_2020-04-22,BN114,2020-04-22,1,typical,2020-04-16,2020-04-22,7,0,0.5146798973681128,images/typical/BN114/2020-04-22.png
BN114_2020-04-23,BN114,2020-04-23,1,typical,2020-04-17,2020-04-23,7,0,0.5078419110420722,images/typical/BN114/2020-04-23.png
BN114_2020-04-24,BN114,2020-04-24,1,typical,2020-04-18,2020-04-24,7,0,0.4326420345081611,images/typical/BN114/2020-04-24.png
BN114_2020-04-25,BN114,2020-04-25,1,typical,2020-04-19,2020-04-25,7,0,0.570138533614289,images/typical/BN114/2020-04-25.png
BN114_2020-04-26,BN114,2020-04-26,1,typical,2020-04-20,2020-04-26,7,0,0.563423734452579,images/typical/BN114/2020-04-26.png
BN114_2020-04-27,BN114,2020-04-27,1,typical,2020-04-21,2020-04-27,7,0,0.47869135883715896,images/typical/BN114/2020-04-27.png
BN114_2020-04-28,BN114,2020-04-28,1,typical,2020-04-22,2020-04-28,7,0,0.2856156884493004,images/typical/BN114/2020-04-28.png
BN114_2020-04-29,BN114,2020-04-29,1,typical,2020-04-23,2020-04-29,7,0,0.12373764905046629,images/typical/BN114/2020-04-29.png
BN114_2020-04-30,BN114,2020-04-30,1,typical,2020-04-24,2020-04-30,7,0,0.09992196617109081,images/typical/BN114/2020-04-30.png
BN114_2020-05-01,BN114,2020-05-01,1,typical,2020-04-25,2020-05-01,7,0,0.5623111333206982,images/typical/BN114/2020-05-01.png
BN114_2020-05-02,BN114,2020-05-02,1,typical,2020-04-26,2020-05-02,7,0,0.6376568026992125,images/typical/BN114/2020-05-02.png
BN114_2020-05-03,BN114,2020-05-03,1,typical,2020-04-27,2020-05-03,7,0,0.6301171424651353,images/typical/BN114/2020-05-03.png
BN114_2020-05-04,BN114,2020-05-04,1,typical,2020-04-28,2020-05-04,7,0,0.623334932586554,images/typical/BN114/2020-05-04.png
BN114_2020-05-05,BN114,2020-05-05,1,typical,2020-04-29,2020-05-05,7,0,0.6282376000704581,images/typical/BN114/2020-05-05.png
BN114_2020-05-06,BN114,2020-05-06,1,typical,2020-04-30,2020-05-06,7,0,0.6278808866376273,images/typical/BN114/2020-05-06.png
BN114_2020-05-07,BN114,2020-05-07,1,typical,2020-05-01,2020-05-07,7,0,0.6336572799367765,images/typical/BN114/2020-05-07.png
BN114_2020-05-08,BN114,2020-05-08,1,typical,2020-05-02,2020-05-08,7,0,0.2707595469365416,images/typical/BN114/2020-05-08.png
BN114_2020-05-09,BN114,2020-05-09,1,typical,2020-05-03,2020-05-09,7,0,0.3240690323080594,images/typical/BN114/2020-05-09.png
BN114_2020-05-10,BN114,2020-05-10,1,typical,2020-05-04,2020-05-10,7,0,0.3610588806216877,images/typical/BN114/2020-05-10.png
BN114_2020-05-11,BN114,2020-05-11,1,typical,2020-05-05,2020-05-11,7,0,0.34643088493904484,images/typical/BN114/2020-05-11.png
BN114_2020-05-12,BN114,2020-05-12,1,typical,2020-05-06,2020-05-12,7,0,0.2961769229348402,images/typical/BN114/2020-05-12.png
BN114_2020-05-13,BN114,2020-05-13,1,typical,2020-05-07,2020-05-13,7,0,0.41019094637947706,images/typical/BN114/2020-05-13.png
BN114_2020-05-14,BN114,2020-05-14,1,typical,2020-05-08,2020-05-14,7,0,0.5942529286975597,images/typical/BN114/2020-05-14.png
BN114_2020-05-15,BN114,2020-05-15,1,typical,2020-05-09,2020-05-15,7,0,0.4091770811934799,images/typical/BN114/2020-05-15.png
BN114_2020-05-16,BN114,2020-05-16,1,typical,2020-05-10,2020-05-16,7,0,0.22838616582691282,images/typical/BN114/2020-05-16.png
BN114_2020-05-17,BN114,2020-05-17,1,typical,2020-05-11,2020-05-17,7,0,0.12773991257156675,images/typical/BN114/2020-05-17.png
BN114_2020-05-18,BN114,2020-05-18,1,typical,2020-05-12,2020-05-18,7,0,0.18333111698527324,images/typical/BN114/2020-05-18.png
BN114_2020-05-19,BN114,2020-05-19,1,typical,2020-05-13,2020-05-19,7,0,0.4275893068875025,images/typical/BN114/2020-05-19.png
BN114_2020-05-20,BN114,2020-05-20,1,typical,2020-05-14,2020-05-20,7,0,0.44326393613484794,images/typical/BN114/2020-05-20.png
BN114_2020-05-21,BN114,2020-05-21,1,typical,2020-05-15,2020-05-21,7,0,0.3615129887779938,images/typical/BN114/2020-05-21.png
BN114_2020-05-22,BN114,2020-05-22,1,typical,2020-05-16,2020-05-22,7,0,0.40381664863184175,images/typical/BN114/2020-05-22.png
BN114_2020-05-23,BN114,2020-05-23,1,typical,2020-05-17,2020-05-23,7,0,0.41764928777334026,images/typical/BN114/2020-05-23.png
BN114_2020-05-24,BN114,2020-05-24,1,typical,2020-05-18,2020-05-24,7,0,0.45845901814665835,images/typical/BN114/2020-05-24.png
BN114_2020-05-25,BN114,2020-05-25,1,typical,2020-05-19,2020-05-25,7,0,0.6030161928093771,images/typical/BN114/2020-05-25.png
BN114_2020-05-26,BN114,2020-05-26,1,typical,2020-05-20,2020-05-26,7,0,0.5950563400025198,images/typical/BN114/2020-05-26.png
BN114_2020-05-27,BN114,2020-05-27,1,typical,2020-05-21,2020-05-27,7,0,0.44059578212593925,images/typical/BN114/2020-05-27.png
BN114_2020-05-28,BN114,2020-05-28,1,typical,2020-05-22,2020-05-28,7,0,0.2913504673123361,images/typical/BN114/2020-05-28.png
BN114_2020-05-29,BN114,2020-05-29,1,typical,2020-05-23,2020-05-29,7,0,0.20776436077505517,images/typical/BN114/2020-05-29.png
BN114_2020-05-30,BN114,2020-05-30,1,typical,2020-05-24,2020-05-30,7,0,0.26480527480977306,images/typical/BN114/2020-05-30.png
BN114_2020-05-31,BN114,2020-05-31,1,typical,2020-05-25,2020-05-31,7,0,0.401303202978595,images/typical/BN114/2020-05-31.png
BN114_2020-06-01,BN114,2020-06-01,1,typical,2020-05-26,2020-06-01,7,0,0.39127166525592644,images/typical/BN114/2020-06-01.png
BN114_2020-06-02,BN114,2020-06-02,1,typical,2020-05-27,2020-06-02,7,0,0.5503932683361961,images/typical/BN114/2020-06-02.png
BN114_2020-06-03,BN114,2020-06-03,1,typical,2020-05-28,2020-06-03,7,0,0.41100986534527584,images/typical/BN114/2020-06-03.png
BN114_2020-06-04,BN114,2020-06-04,1,typical,2020-05-29,2020-06-04,7,0,0.3699990686588306,images/typical/BN114/2020-06-04.png
BN114_2020-06-05,BN114,2020-06-05,1,typical,2020-05-30,2020-06-05,7,0,0.35075000302648945,images/typical/BN114/2020-06-05.png
BN114_2020-06-06,BN114,2020-06-06,1,typical,2020-05-31,2020-06-06,7,0,0.41871837994485833,images/typical/BN114/2020-06-06.png
BN114_2020-06-07,BN114,2020-06-07,1,typical,2020-06-01,2020-06-07,7,0,0.18145167700893364,images/typical/BN114/2020-06-07.png
BN114_2020-06-08,BN114,2020-06-08,1,typical,2020-06-02,2020-06-08,7,0,0.16964726872775934,images/typical/BN114/2020-06-08.png
BN114_2020-06-09,BN114,2020-06-09,1,typical,2020-06-03,2020-06-09,7,0,0.18016712622136036,images/typical/BN114/2020-06-09.png
BN114_2020-06-10,BN114,2020-06-10,1,typical,2020-06-04,2020-06-10,7,0,0.20751870245112744,images/typical/BN114/2020-06-10.png
BN114_2020-06-11,BN114,2020-06-11,1,typical,2020-06-05,2020-06-11,7,0,0.20726894052221495,images/typical/BN114/2020-06-11.png
BN114_2020-06-12,BN114,2020-06-12,1,typical,2020-06-06,2020-06-12,7,0,0.20652544040418713,images/typical/BN114/2020-06-12.png
BN114_2020-06-13,BN114,2020-06-13,1,typical,2020-06-07,2020-06-13,7,0,0.3164254172562918,images/typical/BN114/2020-06-13.png
BN114_2020-06-14,BN114,2020-06-14,1,typical,2020-06-08,2020-06-14,7,0,0.307011508416388,images/typical/BN114/2020-06-14.png
BN114_2020-06-15,BN114,2020-06-15,1,typical,2020-06-09,2020-06-15,7,0,0.33442522448981993,images/typical/BN114/2020-06-15.png
BN114_2020-06-16,BN114,2020-06-16,1,typical,2020-06-10,2020-06-16,7,0,0.32239025552084,images/typical/BN114/2020-06-16.png
BN114_2020-06-17,BN114,2020-06-17,1,typical,2020-06-11,2020-06-17,7,0,0.31468957374759365,images/typical/BN114/2020-06-17.png
BN114_2020-06-18,BN114,2020-06-18,1,typical,2020-06-12,2020-06-18,7,0,0.35232935734233417,images/typical/BN114/2020-06-18.png
BN114_2020-06-19,BN114,2020-06-19,1,typical,2020-06-13,2020-06-19,7,0,0.39221456837047425,images/typical/BN114/2020-06-19.png
BN114_2020-06-20,BN114,2020-06-20,1,typical,2020-06-14,2020-06-20,7,0,0.3686325083414985,images/typical/BN114/2020-06-20.png
BN114_2020-06-21,BN114,2020-06-21,1,typical,2020-06-15,2020-06-21,7,0,0.4883011657162852,images/typical/BN114/2020-06-21.png
BN114_2020-06-22,BN114,2020-06-22,1,typical,2020-06-16,2020-06-22,7,0,0.466498895425683,images/typical/BN114/2020-06-22.png
BN114_2020-06-23,BN114,2020-06-23,1,typical,2020-06-17,2020-06-23,7,0,0.36973153621297156,images/typical/BN114/2020-06-23.png
BN114_2020-06-24,BN114,2020-06-24,1,typical,2020-06-18,2020-06-24,7,0,0.26648842956954544,images/typical/BN114/2020-06-24.png
BN114_2020-06-25,BN114,2020-06-25,1,typical,2020-06-19,2020-06-25,7,0,0.20420458825269297,images/typical/BN114/2020-06-25.png
BN114_2020-06-26,BN114,2020-06-26,1,typical,2020-06-20,2020-06-26,7,0,0.20467837909300485,images/typical/BN114/2020-06-26.png
BN114_2020-06-27,BN114,2020-06-27,1,typical,2020-06-21,2020-06-27,7,0,0.26101619809461146,images/typical/BN114/2020-06-27.png
BN114_2020-06-28,BN114,2020-06-28,1,typical,2020-06-22,2020-06-28,7,0,0.2758249588881803,images/typical/BN114/2020-06-28.png
BN114_2020-06-29,BN114,2020-06-29,1,typical,2020-06-23,2020-06-29,7,0,0.2936128474963422,images/typical/BN114/2020-06-29.png
BN114_2020-06-30,BN114,2020-06-30,1,typical,2020-06-24,2020-06-30,7,0,0.25028666516296494,images/typical/BN114/2020-06-30.png
BN115_2019-07-31,BN115,2019-07-31,1,typical,2019-07-25,2019-07-31,7,0,0.6347642467019364,images/typical/BN115/2019-07-31.png
BN115_2019-08-01,BN115,2019-08-01,1,typical,2019-07-26,2019-08-01,7,0,0.6357066510666886,images/typical/BN115/2019-08-01.png
BN115_2019-08-02,BN115,2019-08-02,1,typical,2019-07-27,2019-08-02,7,0,0.6365529552092011,images/typical/BN115/2019-08-02.png
BN115_2019-08-03,BN115,2019-08-03,1,typical,2019-07-28,2019-08-03,7,0,0.6336476357346806,images/typical/BN115/2019-08-03.png
BN115_2019-08-04,BN115,2019-08-04,1,typical,2019-07-29,2019-08-04,7,0,0.5937938976026732,images/typical/BN115/2019-08-04.png
BN115_2019-08-05,BN115,2019-08-05,1,typical,2019-07-30,2019-08-05,7,0,0.32018891240074315,images/typical/BN115/2019-08-05.png
BN115_2019-08-06,BN115,2019-08-06,1,typical,2019-07-31,2019-08-06,7,0,0.3776933668004918,images/typical/BN115/2019-08-06.png
BN115_2019-08-07,BN115,2019-08-07,1,typical,2019-08-01,2019-08-07,7,0,0.37000533400241764,images/typical/BN115/2019-08-07.png
BN115_2019-08-08,BN115,2019-08-08,1,typical,2019-08-02,2019-08-08,7,0,0.3594979110852112,images/typical/BN115/2019-08-08.png
BN115_2019-08-09,BN115,2019-08-09,1,typical,2019-08-03,2019-08-09,7,0,0.333126329439717,images/typical/BN115/2019-08-09.png
BN115_2019-08-10,BN115,2019-08-10,1,typical,2019-08-04,2019-08-10,7,0,0.4050326197178572,images/typical/BN115/2019-08-10.png
BN115_2019-08-11,BN115,2019-08-11,1,typical,2019-08-05,2019-08-11,7,0,0.32037202742157284,images/typical/BN115/2019-08-11.png
BN115_2019-08-12,BN115,2019-08-12,1,typical,2019-08-06,2019-08-12,7,0,0.34532043553463004,images/typical/BN115/2019-08-12.png
BN115_2019-08-13,BN115,2019-08-13,1,typical,2019-08-07,2019-08-13,7,0,0.25257326926236556,images/typical/BN115/2019-08-13.png
BN115_2019-08-14,BN115,2019-08-14,1,typical,2019-08-08,2019-08-14,7,0,0.25551721071428,images/typical/BN115/2019-08-14.png
BN115_2019-08-15,BN115,2019-08-15,1,typical,2019-08-09,2019-08-15,7,0,0.26717431411003545,images/typical/BN115/2019-08-15.png
BN115_2019-08-16,BN115,2019-08-16,1,typical,2019-08-10,2019-08-16,7,0,0.22780963112449878,images/typical/BN115/2019-08-16.png
BN115_2019-08-17,BN115,2019-08-17,1,typical,2019-08-11,2019-08-17,7,0,0.35137970191460755,images/typical/BN115/2019-08-17.png
BN115_2019-08-18,BN115,2019-08-18,1,typical,2019-08-12,2019-08-18,7,0,0.39166075969153535,images/typical/BN115/2019-08-18.png
BN115_2019-08-19,BN115,2019-08-19,1,typical,2019-08-13,2019-08-19,7,0,0.40614659925255764,images/typical/BN115/2019-08-19.png
BN115_2019-08-20,BN115,2019-08-20,1,typical,2019-08-14,2019-08-20,7,0,0.4080728641075574,images/typical/BN115/2019-08-20.png
BN115_2019-08-21,BN115,2019-08-21,1,typical,2019-08-15,2019-08-21,7,0,0.3654273158563687,images/typical/BN115/2019-08-21.png
BN115_2019-08-22,BN115,2019-08-22,1,typical,2019-08-16,2019-08-22,7,0,0.3483771450762794,images/typical/BN115/2019-08-22.png
BN115_2019-08-23,BN115,2019-08-23,1,typical,2019-08-17,2019-08-23,7,0,0.2809709995806891,images/typical/BN115/2019-08-23.png
BN115_2019-08-24,BN115,2019-08-24,1,typical,2019-08-18,2019-08-24,7,0,0.3989670818586457,images/typical/BN115/2019-08-24.png
BN115_2019-08-25,BN115,2019-08-25,1,typical,2019-08-19,2019-08-25,7,0,0.47184701885035546,images/typical/BN115/2019-08-25.png
BN115_2019-08-26,BN115,2019-08-26,1,typical,2019-08-20,2019-08-26,7,0,0.4045262936670848,images/typical/BN115/2019-08-26.png
BN115_2019-08-27,BN115,2019-08-27,1,typical,2019-08-21,2019-08-27,7,0,0.46423787412410844,images/typical/BN115/2019-08-27.png
BN115_2019-08-28,BN115,2019-08-28,1,typical,2019-08-22,2019-08-28,7,0,0.4131031227805533,images/typical/BN115/2019-08-28.png
BN115_2019-08-29,BN115,2019-08-29,1,typical,2019-08-23,2019-08-29,7,0,0.4203809694215199,images/typical/BN115/2019-08-29.png
BN115_2019-08-30,BN115,2019-08-30,1,typical,2019-08-24,2019-08-30,7,0,0.4358889195315275,images/typical/BN115/2019-08-30.png
BN115_2019-08-31,BN115,2019-08-31,1,typical,2019-08-25,2019-08-31,7,0,0.49423776615128434,images/typical/BN115/2019-08-31.png
BN115_2019-09-01,BN115,2019-09-01,1,typical,2019-08-26,2019-09-01,7,0,0.3812255756659282,images/typical/BN115/2019-09-01.png
BN115_2019-09-02,BN115,2019-09-02,1,typical,2019-08-27,2019-09-02,7,0,0.3272449508869746,images/typical/BN115/2019-09-02.png
BN115_2019-09-03,BN115,2019-09-03,1,typical,2019-08-28,2019-09-03,7,0,0.34393890900397217,images/typical/BN115/2019-09-03.png
BN115_2019-09-04,BN115,2019-09-04,1,typical,2019-08-29,2019-09-04,7,0,0.3042040450344793,images/typical/BN115/2019-09-04.png
BN115_2019-09-05,BN115,2019-09-05,1,typical,2019-08-30,2019-09-05,7,0,0.2636913512244743,images/typical/BN115/2019-09-05.png
BN115_2019-09-06,BN115,2019-09-06,1,typical,2019-08-31,2019-09-06,7,0,0.3380500378674534,images/typical/BN115/2019-09-06.png
BN115_2019-09-07,BN115,2019-09-07,1,typical,2019-09-01,2019-09-07,7,0,0.35348082970930517,images/typical/BN115/2019-09-07.png
BN115_2019-09-08,BN115,2019-09-08,1,typical,2019-09-02,2019-09-08,7,0,0.3549427368064237,images/typical/BN115/2019-09-08.png
BN115_2019-09-09,BN115,2019-09-09,1,typical,2019-09-03,2019-09-09,7,0,0.4150023793955594,images/typical/BN115/2019-09-09.png
BN115_2019-09-10,BN115,2019-09-10,1,typical,2019-09-04,2019-09-10,7,0,0.3975395012746474,images/typical/BN115/2019-09-10.png
BN115_2019-09-11,BN115,2019-09-11,1,typical,2019-09-05,2019-09-11,7,0,0.42584096408550765,images/typical/BN115/2019-09-11.png
BN115_2019-09-12,BN115,2019-09-12,1,typical,2019-09-06,2019-09-12,7,0,0.4615450162029329,images/typical/BN115/2019-09-12.png
BN115_2019-09-13,BN115,2019-09-13,1,typical,2019-09-07,2019-09-13,7,0,0.29151957885056523,images/typical/BN115/2019-09-13.png
BN115_2019-09-14,BN115,2019-09-14,1,typical,2019-09-08,2019-09-14,7,0,0.32580560186151974,images/typical/BN115/2019-09-14.png
BN115_2019-09-15,BN115,2019-09-15,1,typical,2019-09-09,2019-09-15,7,0,0.2800074318819239,images/typical/BN115/2019-09-15.png
BN115_2019-09-16,BN115,2019-09-16,1,typical,2019-09-10,2019-09-16,7,0,0.30328044874067445,images/typical/BN115/2019-09-16.png
BN115_2019-09-17,BN115,2019-09-17,1,typical,2019-09-11,2019-09-17,7,0,0.3226335120659707,images/typical/BN115/2019-09-17.png
BN115_2019-09-18,BN115,2019-09-18,1,typical,2019-09-12,2019-09-18,7,0,0.31612445255010135,images/typical/BN115/2019-09-18.png
BN115_2019-09-19,BN115,2019-09-19,1,typical,2019-09-13,2019-09-19,7,0,0.31212224995450283,images/typical/BN115/2019-09-19.png
BN115_2019-09-20,BN115,2019-09-20,1,typical,2019-09-14,2019-09-20,7,0,0.3300856903662471,images/typical/BN115/2019-09-20.png
BN115_2019-09-21,BN115,2019-09-21,1,typical,2019-09-15,2019-09-21,7,0,0.2813076701121645,images/typical/BN115/2019-09-21.png
BN115_2019-09-22,BN115,2019-09-22,1,typical,2019-09-16,2019-09-22,7,0,0.33866787451790764,images/typical/BN115/2019-09-22.png
BN115_2019-09-23,BN115,2019-09-23,1,typical,2019-09-17,2019-09-23,7,0,0.36025539053709243,images/typical/BN115/2019-09-23.png
BN115_2019-09-24,BN115,2019-09-24,1,typical,2019-09-18,2019-09-24,7,0,0.40285081488121205,images/typical/BN115/2019-09-24.png
BN115_2019-09-25,BN115,2019-09-25,1,typical,2019-09-19,2019-09-25,7,0,0.45976527935886535,images/typical/BN115/2019-09-25.png
BN115_2019-09-26,BN115,2019-09-26,1,typical,2019-09-20,2019-09-26,7,0,0.46224772998517805,images/typical/BN115/2019-09-26.png
BN115_2019-09-27,BN115,2019-09-27,1,typical,2019-09-21,2019-09-27,7,0,0.44885489674742984,images/typical/BN115/2019-09-27.png
BN115_2019-09-28,BN115,2019-09-28,1,typical,2019-09-22,2019-09-28,7,0,0.3393740840751466,images/typical/BN115/2019-09-28.png
BN115_2019-09-29,BN115,2019-09-29,1,typical,2019-09-23,2019-09-29,7,0,0.2315758938644238,images/typical/BN115/2019-09-29.png
BN115_2019-09-30,BN115,2019-09-30,1,typical,2019-09-24,2019-09-30,7,0,0.22196524697324477,images/typical/BN115/2019-09-30.png
BN115_2019-10-01,BN115,2019-10-01,1,typical,2019-09-25,2019-10-01,7,0,0.22202239242644273,images/typical/BN115/2019-10-01.png
BN115_2019-10-02,BN115,2019-10-02,1,typical,2019-09-26,2019-10-02,7,0,0.23630813537213297,images/typical/BN115/2019-10-02.png
BN115_2019-10-03,BN115,2019-10-03,1,typical,2019-09-27,2019-10-03,7,0,0.24447917376083247,images/typical/BN115/2019-10-03.png
BN115_2019-10-04,BN115,2019-10-04,1,typical,2019-09-28,2019-10-04,7,0,0.2731632735593972,images/typical/BN115/2019-10-04.png
BN115_2019-10-05,BN115,2019-10-05,1,typical,2019-09-29,2019-10-05,7,0,0.33243754579342133,images/typical/BN115/2019-10-05.png
BN115_2019-10-06,BN115,2019-10-06,1,typical,2019-09-30,2019-10-06,7,0,0.26676774031662426,images/typical/BN115/2019-10-06.png
BN115_2019-10-07,BN115,2019-10-07,1,typical,2019-10-01,2019-10-07,7,0,0.24612309221864234,images/typical/BN115/2019-10-07.png
BN115_2019-10-08,BN115,2019-10-08,1,typical,2019-10-02,2019-10-08,7,0,0.2519192889526071,images/typical/BN115/2019-10-08.png
BN115_2019-10-09,BN115,2019-10-09,1,typical,2019-10-03,2019-10-09,7,0,0.249170601275028,images/typical/BN115/2019-10-09.png
BN115_2019-10-10,BN115,2019-10-10,1,typical,2019-10-04,2019-10-10,7,0,0.2512911990278088,images/typical/BN115/2019-10-10.png
BN115_2019-10-11,BN115,2019-10-11,1,typical,2019-10-05,2019-10-11,7,0,0.2792843022201309,images/typical/BN115/2019-10-11.png
BN115_2019-10-12,BN115,2019-10-12,1,typical,2019-10-06,2019-10-12,7,0,0.48748707577571965,images/typical/BN115/2019-10-12.png
BN115_2019-10-13,BN115,2019-10-13,1,typical,2019-10-07,2019-10-13,7,0,0.29296819377788275,images/typical/BN115/2019-10-13.png
BN115_2019-10-14,BN115,2019-10-14,1,typical,2019-10-08,2019-10-14,7,0,0.2860172648166301,images/typical/BN115/2019-10-14.png
BN115_2019-10-15,BN115,2019-10-15,1,typical,2019-10-09,2019-10-15,7,0,0.32443199901046205,images/typical/BN115/2019-10-15.png
BN115_2019-10-16,BN115,2019-10-16,1,typical,2019-10-10,2019-10-16,7,0,0.3198000284518656,images/typical/BN115/2019-10-16.png
BN115_2019-10-17,BN115,2019-10-17,1,typical,2019-10-11,2019-10-17,7,0,0.29721289450314103,images/typical/BN115/2019-10-17.png
BN115_2019-10-18,BN115,2019-10-18,1,typical,2019-10-12,2019-10-18,7,0,0.27855670933407234,images/typical/BN115/2019-10-18.png
BN115_2019-10-19,BN115,2019-10-19,1,typical,2019-10-13,2019-10-19,7,0,0.21494815397257702,images/typical/BN115/2019-10-19.png
BN115_2019-10-20,BN115,2019-10-20,1,typical,2019-10-14,2019-10-20,7,0,0.20862149610747446,images/typical/BN115/2019-10-20.png
BN115_2019-10-21,BN115,2019-10-21,1,typical,2019-10-15,2019-10-21,7,0,0.21058319745525972,images/typical/BN115/2019-10-21.png
BN115_2019-10-22,BN115,2019-10-22,1,typical,2019-10-16,2019-10-22,7,0,0.1865551351491418,images/typical/BN115/2019-10-22.png
BN115_2019-10-23,BN115,2019-10-23,1,typical,2019-10-17,2019-10-23,7,0,0.18141154684714642,images/typical/BN115/2019-10-23.png
BN115_2019-10-24,BN115,2019-10-24,1,typical,2019-10-18,2019-10-24,7,0,0.18309277588448838,images/typical/BN115/2019-10-24.png
BN115_2019-10-25,BN115,2019-10-25,1,typical,2019-10-19,2019-10-25,7,0,0.17748128858599924,images/typical/BN115/2019-10-25.png
BN115_2019-10-26,BN115,2019-10-26,1,typical,2019-10-20,2019-10-26,7,0,0.19007497856885375,images/typical/BN115/2019-10-26.png
BN115_2019-10-27,BN115,2019-10-27,1,typical,2019-10-21,2019-10-27,7,0,0.157458520481338,images/typical/BN115/2019-10-27.png
BN115_2019-10-28,BN115,2019-10-28,1,typical,2019-10-22,2019-10-28,7,0,0.15852171655502437,images/typical/BN115/2019-10-28.png
BN115_2019-10-29,BN115,2019-10-29,1,typical,2019-10-23,2019-10-29,7,0,0.16092868012534892,images/typical/BN115/2019-10-29.png
BN115_2019-10-30,BN115,2019-10-30,1,typical,2019-10-24,2019-10-30,7,0,0.16298685806835708,images/typical/BN115/2019-10-30.png
BN115_2019-10-31,BN115,2019-10-31,1,typical,2019-10-25,2019-10-31,7,0,0.17107711602813883,images/typical/BN115/2019-10-31.png
BN115_2019-11-01,BN115,2019-11-01,1,typical,2019-10-26,2019-11-01,7,0,0.19372430446208494,images/typical/BN115/2019-11-01.png
BN115_2019-11-02,BN115,2019-11-02,1,typical,2019-10-27,2019-11-02,7,0,0.21522383423752095,images/typical/BN115/2019-11-02.png
BN115_2019-11-03,BN115,2019-11-03,1,typical,2019-10-28,2019-11-03,7,0,0.32218337511893513,images/typical/BN115/2019-11-03.png
BN115_2019-11-04,BN115,2019-11-04,1,typical,2019-10-29,2019-11-04,7,0,0.3068790346406622,images/typical/BN115/2019-11-04.png
BN115_2019-11-05,BN115,2019-11-05,1,typical,2019-10-30,2019-11-05,7,0,0.2814254270972226,images/typical/BN115/2019-11-05.png
BN115_2019-11-06,BN115,2019-11-06,1,typical,2019-10-31,2019-11-06,7,0,0.2571186884478615,images/typical/BN115/2019-11-06.png
BN115_2019-11-07,BN115,2019-11-07,1,typical,2019-11-01,2019-11-07,7,0,0.24968288741974162,images/typical/BN115/2019-11-07.png
BN115_2019-11-08,BN115,2019-11-08,1,typical,2019-11-02,2019-11-08,7,0,0.26500602901140025,images/typical/BN115/2019-11-08.png
BN115_2019-11-09,BN115,2019-11-09,1,typical,2019-11-03,2019-11-09,7,0,0.26492401428550516,images/typical/BN115/2019-11-09.png
BN115_2019-11-10,BN115,2019-11-10,1,typical,2019-11-04,2019-11-10,7,0,0.32108116867583325,images/typical/BN115/2019-11-10.png
BN115_2019-11-11,BN115,2019-11-11,1,typical,2019-11-05,2019-11-11,7,0,0.18620397924116938,images/typical/BN115/2019-11-11.png
BN115_2019-11-12,BN115,2019-11-12,1,typical,2019-11-06,2019-11-12,7,0,0.1787060628503623,images/typical/BN115/2019-11-12.png
BN115_2019-11-13,BN115,2019-11-13,1,typical,2019-11-07,2019-11-13,7,0,0.19357007046347136,images/typical/BN115/2019-11-13.png
BN115_2019-11-14,BN115,2019-11-14,1,typical,2019-11-08,2019-11-14,7,0,0.20180362620427303,images/typical/BN115/2019-11-14.png
BN115_2019-11-15,BN115,2019-11-15,1,typical,2019-11-09,2019-11-15,7,0,0.2030114930429833,images/typical/BN115/2019-11-15.png
BN115_2019-11-16,BN115,2019-11-16,1,typical,2019-11-10,2019-11-16,7,0,0.23571952830254173,images/typical/BN115/2019-11-16.png
BN115_2019-11-17,BN115,2019-11-17,1,typical,2019-11-11,2019-11-17,7,0,0.22451113223962205,images/typical/BN115/2019-11-17.png
BN115_2019-11-18,BN115,2019-11-18,1,typical,2019-11-12,2019-11-18,7,0,0.31847861024445134,images/typical/BN115/2019-11-18.png
BN115_2019-11-19,BN115,2019-11-19,1,typical,2019-11-13,2019-11-19,7,0,0.39108391236177126,images/typical/BN115/2019-11-19.png
BN115_2019-11-20,BN115,2019-11-20,1,typical,2019-11-14,2019-11-20,7,0,0.391454580575047,images/typical/BN115/2019-11-20.png
BN115_2019-11-21,BN115,2019-11-21,1,typical,2019-11-15,2019-11-21,7,0,0.4134536913081173,images/typical/BN115/2019-11-21.png
BN115_2019-11-22,BN115,2019-11-22,1,typical,2019-11-16,2019-11-22,7,0,0.42806868060591635,images/typical/BN115/2019-11-22.png
BN115_2019-11-23,BN115,2019-11-23,1,typical,2019-11-17,2019-11-23,7,0,0.45540326764654593,images/typical/BN115/2019-11-23.png
BN115_2019-11-24,BN115,2019-11-24,1,typical,2019-11-18,2019-11-24,7,0,0.41893386983259956,images/typical/BN115/2019-11-24.png
BN115_2019-11-25,BN115,2019-11-25,1,typical,2019-11-19,2019-11-25,7,0,0.4028056003536948,images/typical/BN115/2019-11-25.png
BN115_2019-11-26,BN115,2019-11-26,1,typical,2019-11-20,2019-11-26,7,0,0.3885602904277868,images/typical/BN115/2019-11-26.png
BN115_2019-11-27,BN115,2019-11-27,1,typical,2019-11-21,2019-11-27,7,0,0.3468535689652688,images/typical/BN115/2019-11-27.png
BN115_2019-11-28,BN115,2019-11-28,0,low activity,2019-11-22,2019-11-28,7,0,0.5027445224014871,images/low_activity/BN115/2019-11-28.png
BN115_2019-11-29,BN115,2019-11-29,0,low activity,2019-11-23,2019-11-29,7,0,0.14275366367996856,images/low_activity/BN115/2019-11-29.png
BN115_2019-11-30,BN115,2019-11-30,1,typical,2019-11-24,2019-11-30,7,0,0.12526775673696056,images/typical/BN115/2019-11-30.png
BN115_2019-12-01,BN115,2019-12-01,1,typical,2019-11-25,2019-12-01,7,0,0.12550830637025684,images/typical/BN115/2019-12-01.png
BN115_2019-12-02,BN115,2019-12-02,1,typical,2019-11-26,2019-12-02,7,0,0.12893228789039726,images/typical/BN115/2019-12-02.png
BN115_2019-12-03,BN115,2019-12-03,1,typical,2019-11-27,2019-12-03,7,0,0.13242919571091286,images/typical/BN115/2019-12-03.png
BN115_2019-12-04,BN115,2019-12-04,1,typical,2019-11-28,2019-12-04,7,0,0.12240481510268714,images/typical/BN115/2019-12-04.png
BN115_2019-12-05,BN115,2019-12-05,1,typical,2019-11-29,2019-12-05,7,0,0.3764844488506578,images/typical/BN115/2019-12-05.png
BN115_2019-12-06,BN115,2019-12-06,1,typical,2019-11-30,2019-12-06,7,0,0.20057517551764273,images/typical/BN115/2019-12-06.png
BN115_2019-12-07,BN115,2019-12-07,1,typical,2019-12-01,2019-12-07,7,0,0.2576205565897509,images/typical/BN115/2019-12-07.png
BN115_2019-12-08,BN115,2019-12-08,1,typical,2019-12-02,2019-12-08,7,0,0.3892683412601254,images/typical/BN115/2019-12-08.png
BN115_2019-12-09,BN115,2019-12-09,1,typical,2019-12-03,2019-12-09,7,0,0.3945590659030093,images/typical/BN115/2019-12-09.png
BN115_2019-12-10,BN115,2019-12-10,1,typical,2019-12-04,2019-12-10,7,0,0.39540714152832573,images/typical/BN115/2019-12-10.png
BN115_2019-12-11,BN115,2019-12-11,1,typical,2019-12-05,2019-12-11,7,0,0.4224254036914965,images/typical/BN115/2019-12-11.png
BN115_2019-12-12,BN115,2019-12-12,1,typical,2019-12-06,2019-12-12,7,0,0.4834834018567039,images/typical/BN115/2019-12-12.png
BN115_2019-12-13,BN115,2019-12-13,1,typical,2019-12-07,2019-12-13,7,0,0.506399144241014,images/typical/BN115/2019-12-13.png
BN115_2019-12-14,BN115,2019-12-14,1,typical,2019-12-08,2019-12-14,7,0,0.4797845328167941,images/typical/BN115/2019-12-14.png
BN115_2019-12-15,BN115,2019-12-15,1,typical,2019-12-09,2019-12-15,7,0,0.3222885922290468,images/typical/BN115/2019-12-15.png
BN115_2019-12-16,BN115,2019-12-16,1,typical,2019-12-10,2019-12-16,7,0,0.29980482088557736,images/typical/BN115/2019-12-16.png
BN115_2019-12-17,BN115,2019-12-17,1,typical,2019-12-11,2019-12-17,7,0,0.29949840320723475,images/typical/BN115/2019-12-17.png
BN115_2019-12-18,BN115,2019-12-18,1,typical,2019-12-12,2019-12-18,7,0,0.30788391693390044,images/typical/BN115/2019-12-18.png
BN115_2019-12-19,BN115,2019-12-19,1,typical,2019-12-13,2019-12-19,7,0,0.36423550364697876,images/typical/BN115/2019-12-19.png
BN115_2019-12-20,BN115,2019-12-20,1,typical,2019-12-14,2019-12-20,7,0,0.36921661330247796,images/typical/BN115/2019-12-20.png
BN115_2019-12-21,BN115,2019-12-21,1,typical,2019-12-15,2019-12-21,7,0,0.31563162817937246,images/typical/BN115/2019-12-21.png
BN115_2019-12-22,BN115,2019-12-22,1,typical,2019-12-16,2019-12-22,7,0,0.46237405354904454,images/typical/BN115/2019-12-22.png
BN115_2019-12-23,BN115,2019-12-23,1,typical,2019-12-17,2019-12-23,7,0,0.4819578253885707,images/typical/BN115/2019-12-23.png
BN115_2019-12-24,BN115,2019-12-24,0,low activity,2019-12-18,2019-12-24,7,0,0.47086172965810535,images/low_activity/BN115/2019-12-24.png
BN115_2019-12-25,BN115,2019-12-25,0,low activity,2019-12-19,2019-12-25,7,0,0.16686701982189844,images/low_activity/BN115/2019-12-25.png
BN115_2019-12-26,BN115,2019-12-26,1,typical,2019-12-20,2019-12-26,7,0,0.18232167138495528,images/typical/BN115/2019-12-26.png
BN115_2019-12-27,BN115,2019-12-27,1,typical,2019-12-21,2019-12-27,7,0,0.20943982514573883,images/typical/BN115/2019-12-27.png
BN115_2019-12-28,BN115,2019-12-28,1,typical,2019-12-22,2019-12-28,7,0,0.2054107253122201,images/typical/BN115/2019-12-28.png
BN115_2019-12-29,BN115,2019-12-29,1,typical,2019-12-23,2019-12-29,7,0,0.187480871301653,images/typical/BN115/2019-12-29.png
BN115_2019-12-30,BN115,2019-12-30,1,typical,2019-12-24,2019-12-30,7,0,0.18463890258985294,images/typical/BN115/2019-12-30.png
BN115_2019-12-31,BN115,2019-12-31,0,low activity,2019-12-25,2019-12-31,7,0,0.5110928175923002,images/low_activity/BN115/2019-12-31.png
BN115_2020-01-01,BN115,2020-01-01,1,typical,2019-12-26,2020-01-01,7,0,0.5243612931431061,images/typical/BN115/2020-01-01.png
BN115_2020-01-02,BN115,2020-01-02,1,typical,2019-12-27,2020-01-02,7,0,0.49940977507006656,images/typical/BN115/2020-01-02.png
BN115_2020-01-03,BN115,2020-01-03,1,typical,2019-12-28,2020-01-03,7,0,0.49024334256533625,images/typical/BN115/2020-01-03.png
BN115_2020-01-04,BN115,2020-01-04,1,typical,2019-12-29,2020-01-04,7,0,0.48216560348941984,images/typical/BN115/2020-01-04.png
BN115_2020-01-05,BN115,2020-01-05,1,typical,2019-12-30,2020-01-05,7,0,0.47273009077092487,images/typical/BN115/2020-01-05.png
BN115_2020-01-06,BN115,2020-01-06,1,typical,2019-12-31,2020-01-06,7,0,0.4845988028224209,images/typical/BN115/2020-01-06.png
BN115_2020-01-07,BN115,2020-01-07,1,typical,2020-01-01,2020-01-07,7,0,0.5235805391082079,images/typical/BN115/2020-01-07.png
BN115_2020-01-08,BN115,2020-01-08,0,low activity,2020-01-02,2020-01-08,7,0,0.6095436989703243,images/low_activity/BN115/2020-01-08.png
BN115_2020-01-09,BN115,2020-01-09,1,typical,2020-01-03,2020-01-09,7,0,0.6274055211924325,images/typical/BN115/2020-01-09.png
BN115_2020-01-10,BN115,2020-01-10,1,typical,2020-01-04,2020-01-10,7,0,0.6272933246952206,images/typical/BN115/2020-01-10.png
BN115_2020-01-11,BN115,2020-01-11,1,typical,2020-01-05,2020-01-11,7,0,0.6437525560086015,images/typical/BN115/2020-01-11.png
BN115_2020-01-12,BN115,2020-01-12,1,typical,2020-01-06,2020-01-12,7,0,0.6460160419389761,images/typical/BN115/2020-01-12.png
BN115_2020-01-13,BN115,2020-01-13,1,typical,2020-01-07,2020-01-13,7,0,0.6431686879666293,images/typical/BN115/2020-01-13.png
BN115_2020-01-14,BN115,2020-01-14,1,typical,2020-01-08,2020-01-14,7,0,0.639961772564286,images/typical/BN115/2020-01-14.png
BN115_2020-01-15,BN115,2020-01-15,1,typical,2020-01-09,2020-01-15,7,0,0.5275406576887226,images/typical/BN115/2020-01-15.png
BN115_2020-01-16,BN115,2020-01-16,1,typical,2020-01-10,2020-01-16,7,0,0.4302161999392741,images/typical/BN115/2020-01-16.png
BN115_2020-01-17,BN115,2020-01-17,1,typical,2020-01-11,2020-01-17,7,0,0.3627767065418754,images/typical/BN115/2020-01-17.png
BN115_2020-01-18,BN115,2020-01-18,1,typical,2020-01-12,2020-01-18,7,0,0.39810161136626826,images/typical/BN115/2020-01-18.png
BN115_2020-01-19,BN115,2020-01-19,1,typical,2020-01-13,2020-01-19,7,0,0.3968748922768369,images/typical/BN115/2020-01-19.png
BN115_2020-01-20,BN115,2020-01-20,1,typical,2020-01-14,2020-01-20,7,0,0.4452902798868685,images/typical/BN115/2020-01-20.png
BN115_2020-01-21,BN115,2020-01-21,1,typical,2020-01-15,2020-01-21,7,0,0.45534587208361443,images/typical/BN115/2020-01-21.png
BN115_2020-01-22,BN115,2020-01-22,1,typical,2020-01-16,2020-01-22,7,0,0.5474577459260351,images/typical/BN115/2020-01-22.png
BN115_2020-01-23,BN115,2020-01-23,1,typical,2020-01-17,2020-01-23,7,0,0.3070900701427564,images/typical/BN115/2020-01-23.png
BN115_2020-01-24,BN115,2020-01-24,1,typical,2020-01-18,2020-01-24,7,0,0.24010224679178604,images/typical/BN115/2020-01-24.png
BN115_2020-01-25,BN115,2020-01-25,1,typical,2020-01-19,2020-01-25,7,0,0.33991699524734964,images/typical/BN115/2020-01-25.png
BN115_2020-01-26,BN115,2020-01-26,1,typical,2020-01-20,2020-01-26,7,0,0.46158665753917155,images/typical/BN115/2020-01-26.png
BN115_2020-01-27,BN115,2020-01-27,1,typical,2020-01-21,2020-01-27,7,0,0.6249394878791856,images/typical/BN115/2020-01-27.png
BN115_2020-01-28,BN115,2020-01-28,1,typical,2020-01-22,2020-01-28,7,0,0.4089611446915143,images/typical/BN115/2020-01-28.png
BN115_2020-01-29,BN115,2020-01-29,1,typical,2020-01-23,2020-01-29,7,0,0.4224215253596243,images/typical/BN115/2020-01-29.png
BN115_2020-01-30,BN115,2020-01-30,1,typical,2020-01-24,2020-01-30,7,0,0.4176635827547332,images/typical/BN115/2020-01-30.png
BN115_2020-01-31,BN115,2020-01-31,1,typical,2020-01-25,2020-01-31,7,0,0.375200898046927,images/typical/BN115/2020-01-31.png
BN115_2020-02-01,BN115,2020-02-01,1,typical,2020-01-26,2020-02-01,7,0,0.3905627908254133,images/typical/BN115/2020-02-01.png
BN115_2020-02-02,BN115,2020-02-02,1,typical,2020-01-27,2020-02-02,7,0,0.37585960831552906,images/typical/BN115/2020-02-02.png
BN115_2020-02-03,BN115,2020-02-03,1,typical,2020-01-28,2020-02-03,7,0,0.38931421829987956,images/typical/BN115/2020-02-03.png
BN115_2020-02-04,BN115,2020-02-04,1,typical,2020-01-29,2020-02-04,7,0,0.3841411763448047,images/typical/BN115/2020-02-04.png
BN115_2020-02-05,BN115,2020-02-05,1,typical,2020-01-30,2020-02-05,7,0,0.38278904573997374,images/typical/BN115/2020-02-05.png
BN115_2020-02-06,BN115,2020-02-06,1,typical,2020-01-31,2020-02-06,7,0,0.3795146419561246,images/typical/BN115/2020-02-06.png
BN115_2020-02-07,BN115,2020-02-07,1,typical,2020-02-01,2020-02-07,7,0,0.38620462212744894,images/typical/BN115/2020-02-07.png
BN115_2020-02-08,BN115,2020-02-08,1,typical,2020-02-02,2020-02-08,7,0,0.25573695713365185,images/typical/BN115/2020-02-08.png
BN115_2020-02-09,BN115,2020-02-09,1,typical,2020-02-03,2020-02-09,7,0,0.2604753036265365,images/typical/BN115/2020-02-09.png
BN115_2020-02-10,BN115,2020-02-10,1,typical,2020-02-04,2020-02-10,7,0,0.2694875159470851,images/typical/BN115/2020-02-10.png
BN115_2020-02-11,BN115,2020-02-11,1,typical,2020-02-05,2020-02-11,7,0,0.2632882163882705,images/typical/BN115/2020-02-11.png
BN115_2020-02-12,BN115,2020-02-12,1,typical,2020-02-06,2020-02-12,7,0,0.25560907731563254,images/typical/BN115/2020-02-12.png
BN115_2020-02-13,BN115,2020-02-13,1,typical,2020-02-07,2020-02-13,7,0,0.26026897228790474,images/typical/BN115/2020-02-13.png
BN115_2020-02-14,BN115,2020-02-14,1,typical,2020-02-08,2020-02-14,7,0,0.26526961747374617,images/typical/BN115/2020-02-14.png
BN115_2020-02-15,BN115,2020-02-15,1,typical,2020-02-09,2020-02-15,7,0,0.2984326312301315,images/typical/BN115/2020-02-15.png
BN115_2020-02-16,BN115,2020-02-16,1,typical,2020-02-10,2020-02-16,7,0,0.206225832881026,images/typical/BN115/2020-02-16.png
BN115_2020-02-17,BN115,2020-02-17,1,typical,2020-02-11,2020-02-17,7,0,0.18850170209197786,images/typical/BN115/2020-02-17.png
BN115_2020-02-18,BN115,2020-02-18,1,typical,2020-02-12,2020-02-18,7,0,0.19094337040184495,images/typical/BN115/2020-02-18.png
BN115_2020-02-19,BN115,2020-02-19,1,typical,2020-02-13,2020-02-19,7,0,0.1726180099973378,images/typical/BN115/2020-02-19.png
BN115_2020-02-20,BN115,2020-02-20,1,typical,2020-02-14,2020-02-20,7,0,0.15464988660116838,images/typical/BN115/2020-02-20.png
BN115_2020-02-21,BN115,2020-02-21,1,typical,2020-02-15,2020-02-21,7,0,0.15760996372624417,images/typical/BN115/2020-02-21.png
BN115_2020-02-22,BN115,2020-02-22,1,typical,2020-02-16,2020-02-22,7,0,0.2475734329859307,images/typical/BN115/2020-02-22.png
BN115_2020-02-23,BN115,2020-02-23,1,typical,2020-02-17,2020-02-23,7,0,0.22200530065725854,images/typical/BN115/2020-02-23.png
BN115_2020-02-24,BN115,2020-02-24,1,typical,2020-02-18,2020-02-24,7,0,0.2418763858044869,images/typical/BN115/2020-02-24.png
BN115_2020-02-25,BN115,2020-02-25,1,typical,2020-02-19,2020-02-25,7,0,0.2408102900261823,images/typical/BN115/2020-02-25.png
BN115_2020-02-26,BN115,2020-02-26,1,typical,2020-02-20,2020-02-26,7,0,0.24659209641534735,images/typical/BN115/2020-02-26.png
BN115_2020-02-27,BN115,2020-02-27,1,typical,2020-02-21,2020-02-27,7,0,0.2633347427473591,images/typical/BN115/2020-02-27.png
BN115_2020-02-28,BN115,2020-02-28,1,typical,2020-02-22,2020-02-28,7,0,0.26593218348053305,images/typical/BN115/2020-02-28.png
BN115_2020-02-29,BN115,2020-02-29,1,typical,2020-02-23,2020-02-29,7,0,0.32668185572811287,images/typical/BN115/2020-02-29.png
BN115_2020-03-01,BN115,2020-03-01,1,typical,2020-02-24,2020-03-01,7,0,0.2340569911192688,images/typical/BN115/2020-03-01.png
BN115_2020-03-02,BN115,2020-03-02,1,typical,2020-02-25,2020-03-02,7,0,0.22901087330373482,images/typical/BN115/2020-03-02.png
BN115_2020-03-03,BN115,2020-03-03,1,typical,2020-02-26,2020-03-03,7,0,0.22348324606771774,images/typical/BN115/2020-03-03.png
BN115_2020-03-04,BN115,2020-03-04,1,typical,2020-02-27,2020-03-04,7,0,0.21726242939437407,images/typical/BN115/2020-03-04.png
BN115_2020-03-05,BN115,2020-03-05,1,typical,2020-02-28,2020-03-05,7,0,0.2033997180032849,images/typical/BN115/2020-03-05.png
BN115_2020-03-06,BN115,2020-03-06,1,typical,2020-02-29,2020-03-06,7,0,0.1963692317993179,images/typical/BN115/2020-03-06.png
BN115_2020-03-07,BN115,2020-03-07,1,typical,2020-03-01,2020-03-07,7,0,0.30715178109698243,images/typical/BN115/2020-03-07.png
BN115_2020-03-08,BN115,2020-03-08,1,typical,2020-03-02,2020-03-08,7,0,0.2763143920186841,images/typical/BN115/2020-03-08.png
BN115_2020-03-09,BN115,2020-03-09,1,typical,2020-03-03,2020-03-09,7,0,0.26310120978152957,images/typical/BN115/2020-03-09.png
BN115_2020-03-10,BN115,2020-03-10,1,typical,2020-03-04,2020-03-10,7,0,0.35847593822198887,images/typical/BN115/2020-03-10.png
BN115_2020-03-11,BN115,2020-03-11,1,typical,2020-03-05,2020-03-11,7,0,0.4443715956135124,images/typical/BN115/2020-03-11.png
BN115_2020-03-12,BN115,2020-03-12,1,typical,2020-03-06,2020-03-12,7,0,0.32952962258514873,images/typical/BN115/2020-03-12.png
BN115_2020-03-13,BN115,2020-03-13,1,typical,2020-03-07,2020-03-13,7,0,0.33728178426548683,images/typical/BN115/2020-03-13.png
BN115_2020-03-14,BN115,2020-03-14,1,typical,2020-03-08,2020-03-14,7,0,0.458732125398539,images/typical/BN115/2020-03-14.png
BN115_2020-03-15,BN115,2020-03-15,1,typical,2020-03-09,2020-03-15,7,0,0.4055491475064737,images/typical/BN115/2020-03-15.png
BN115_2020-03-16,BN115,2020-03-16,1,typical,2020-03-10,2020-03-16,7,0,0.38567701096978296,images/typical/BN115/2020-03-16.png
BN115_2020-03-17,BN115,2020-03-17,1,typical,2020-03-11,2020-03-17,7,0,0.41252373243024165,images/typical/BN115/2020-03-17.png
BN115_2020-03-18,BN115,2020-03-18,1,typical,2020-03-12,2020-03-18,7,0,0.3302389885740596,images/typical/BN115/2020-03-18.png
BN115_2020-03-19,BN115,2020-03-19,1,typical,2020-03-13,2020-03-19,7,0,0.3013474747693316,images/typical/BN115/2020-03-19.png
BN115_2020-03-20,BN115,2020-03-20,1,typical,2020-03-14,2020-03-20,7,0,0.2856590314689392,images/typical/BN115/2020-03-20.png
BN115_2020-03-21,BN115,2020-03-21,1,typical,2020-03-15,2020-03-21,7,0,0.2889917403734185,images/typical/BN115/2020-03-21.png
BN115_2020-03-22,BN115,2020-03-22,1,typical,2020-03-16,2020-03-22,7,0,0.5046332654364221,images/typical/BN115/2020-03-22.png
BN115_2020-03-23,BN115,2020-03-23,1,typical,2020-03-17,2020-03-23,7,0,0.4198883518517145,images/typical/BN115/2020-03-23.png
BN115_2020-03-24,BN115,2020-03-24,1,typical,2020-03-18,2020-03-24,7,0,0.4548246440608901,images/typical/BN115/2020-03-24.png
BN115_2020-03-25,BN115,2020-03-25,1,typical,2020-03-19,2020-03-25,7,0,0.4430559123374462,images/typical/BN115/2020-03-25.png
BN115_2020-03-26,BN115,2020-03-26,1,typical,2020-03-20,2020-03-26,7,0,0.5260410560552966,images/typical/BN115/2020-03-26.png
BN115_2020-03-27,BN115,2020-03-27,1,typical,2020-03-21,2020-03-27,7,0,0.6015370101294375,images/typical/BN115/2020-03-27.png
BN115_2020-03-28,BN115,2020-03-28,0,low activity,2020-03-22,2020-03-28,7,0,0.3922388394121807,images/low_activity/BN115/2020-03-28.png
BN115_2020-03-29,BN115,2020-03-29,0,low activity,2020-03-23,2020-03-29,7,0,0.12324019979043663,images/low_activity/BN115/2020-03-29.png
BN115_2020-03-30,BN115,2020-03-30,0,low activity,2020-03-24,2020-03-30,7,0,0.08967579803948654,images/low_activity/BN115/2020-03-30.png
BN115_2020-03-31,BN115,2020-03-31,0,low activity,2020-03-25,2020-03-31,7,0,0.17191693676115802,images/low_activity/BN115/2020-03-31.png
BN115_2020-04-01,BN115,2020-04-01,0,low activity,2020-03-26,2020-04-01,7,0,0.36625754941202565,images/low_activity/BN115/2020-04-01.png
BN115_2020-04-02,BN115,2020-04-02,0,low activity,2020-03-27,2020-04-02,7,0,0.5208438839327956,images/low_activity/BN115/2020-04-02.png
BN115_2020-04-03,BN115,2020-04-03,1,typical,2020-03-28,2020-04-03,7,0,0.3719539131732244,images/typical/BN115/2020-04-03.png
BN115_2020-04-04,BN115,2020-04-04,0,low activity,2020-03-29,2020-04-04,7,0,0.3975540411304636,images/low_activity/BN115/2020-04-04.png
BN115_2020-04-05,BN115,2020-04-05,0,low activity,2020-03-30,2020-04-05,7,0,0.4158590847983764,images/low_activity/BN115/2020-04-05.png
BN115_2020-04-06,BN115,2020-04-06,1,typical,2020-03-31,2020-04-06,7,0,0.3892846411396249,images/typical/BN115/2020-04-06.png
BN115_2020-04-07,BN115,2020-04-07,0,low activity,2020-04-01,2020-04-07,7,0,0.47906701241973837,images/low_activity/BN115/2020-04-07.png
BN115_2020-04-08,BN115,2020-04-08,1,typical,2020-04-02,2020-04-08,7,0,0.4116408823344225,images/typical/BN115/2020-04-08.png
BN115_2020-04-09,BN115,2020-04-09,1,typical,2020-04-03,2020-04-09,7,0,0.1820182891438385,images/typical/BN115/2020-04-09.png
BN115_2020-04-10,BN115,2020-04-10,1,typical,2020-04-04,2020-04-10,7,0,0.18138753501007862,images/typical/BN115/2020-04-10.png
BN115_2020-04-11,BN115,2020-04-11,1,typical,2020-04-05,2020-04-11,7,0,0.214805891376802,images/typical/BN115/2020-04-11.png
BN115_2020-04-12,BN115,2020-04-12,1,typical,2020-04-06,2020-04-12,7,0,0.23393525387207698,images/typical/BN115/2020-04-12.png
BN115_2020-04-13,BN115,2020-04-13,1,typical,2020-04-07,2020-04-13,7,0,0.3990076810764502,images/typical/BN115/2020-04-13.png
BN115_2020-04-14,BN115,2020-04-14,1,typical,2020-04-08,2020-04-14,7,0,0.45208285393691333,images/typical/BN115/2020-04-14.png
BN115_2020-04-15,BN115,2020-04-15,1,typical,2020-04-09,2020-04-15,7,0,0.4866073056354545,images/typical/BN115/2020-04-15.png
BN115_2020-04-16,BN115,2020-04-16,1,typical,2020-04-10,2020-04-16,7,0,0.44046346302336725,images/typical/BN115/2020-04-16.png
BN115_2020-04-17,BN115,2020-04-17,1,typical,2020-04-11,2020-04-17,7,0,0.4422045499052504,images/typical/BN115/2020-04-17.png
BN115_2020-04-18,BN115,2020-04-18,1,typical,2020-04-12,2020-04-18,7,0,0.34141630872207,images/typical/BN115/2020-04-18.png
BN115_2020-04-19,BN115,2020-04-19,1,typical,2020-04-13,2020-04-19,7,0,0.2301013677576153,images/typical/BN115/2020-04-19.png
BN115_2020-04-20,BN115,2020-04-20,1,typical,2020-04-14,2020-04-20,7,0,0.25996524057833953,images/typical/BN115/2020-04-20.png
BN115_2020-04-21,BN115,2020-04-21,1,typical,2020-04-15,2020-04-21,7,0,0.29237128371840254,images/typical/BN115/2020-04-21.png
BN115_2020-04-22,BN115,2020-04-22,0,low activity,2020-04-16,2020-04-22,7,0,0.2875362270484962,images/low_activity/BN115/2020-04-22.png
BN115_2020-04-23,BN115,2020-04-23,0,low activity,2020-04-17,2020-04-23,7,0,0.24262685015598526,images/low_activity/BN115/2020-04-23.png
BN115_2020-04-24,BN115,2020-04-24,1,typical,2020-04-18,2020-04-24,7,0,0.31318875710959454,images/typical/BN115/2020-04-24.png
BN115_2020-04-25,BN115,2020-04-25,1,typical,2020-04-19,2020-04-25,7,0,0.3707143866267132,images/typical/BN115/2020-04-25.png
BN115_2020-04-26,BN115,2020-04-26,1,typical,2020-04-20,2020-04-26,7,0,0.2869205802919009,images/typical/BN115/2020-04-26.png
BN115_2020-04-27,BN115,2020-04-27,1,typical,2020-04-21,2020-04-27,7,0,0.2716578999344746,images/typical/BN115/2020-04-27.png
BN115_2020-04-28,BN115,2020-04-28,1,typical,2020-04-22,2020-04-28,7,0,0.2264127131185811,images/typical/BN115/2020-04-28.png
BN115_2020-04-29,BN115,2020-04-29,1,typical,2020-04-23,2020-04-29,7,0,0.22892259290423705,images/typical/BN115/2020-04-29.png
BN115_2020-04-30,BN115,2020-04-30,1,typical,2020-04-24,2020-04-30,7,0,0.3406038404980798,images/typical/BN115/2020-04-30.png
BN115_2020-05-01,BN115,2020-05-01,0,low activity,2020-04-25,2020-05-01,7,0,0.4534377796416118,images/low_activity/BN115/2020-05-01.png
BN115_2020-05-02,BN115,2020-05-02,0,low activity,2020-04-26,2020-05-02,7,0,0.6431488414549399,images/low_activity/BN115/2020-05-02.png
BN115_2020-05-03,BN115,2020-05-03,0,low activity,2020-04-27,2020-05-03,7,0,0.5470847132870782,images/low_activity/BN115/2020-05-03.png
BN115_2020-05-04,BN115,2020-05-04,0,low activity,2020-04-28,2020-05-04,7,0,0.6133144087576391,images/low_activity/BN115/2020-05-04.png
BN115_2020-05-05,BN115,2020-05-05,0,low activity,2020-04-29,2020-05-05,7,0,0.6304708813525112,images/low_activity/BN115/2020-05-05.png
BN115_2020-05-06,BN115,2020-05-06,1,typical,2020-04-30,2020-05-06,7,0,0.6771004917450139,images/typical/BN115/2020-05-06.png
BN115_2020-05-07,BN115,2020-05-07,1,typical,2020-05-01,2020-05-07,7,0,0.5903445081322691,images/typical/BN115/2020-05-07.png
BN115_2020-05-08,BN115,2020-05-08,1,typical,2020-05-02,2020-05-08,7,0,0.21813794966620934,images/typical/BN115/2020-05-08.png
BN115_2020-05-09,BN115,2020-05-09,1,typical,2020-05-03,2020-05-09,7,0,0.28057671121020167,images/typical/BN115/2020-05-09.png
BN115_2020-05-10,BN115,2020-05-10,0,low activity,2020-05-04,2020-05-10,7,0,0.5785521357927247,images/low_activity/BN115/2020-05-10.png
BN115_2020-05-11,BN115,2020-05-11,1,typical,2020-05-05,2020-05-11,7,0,0.6089385012718566,images/typical/BN115/2020-05-11.png
BN115_2020-05-12,BN115,2020-05-12,1,typical,2020-05-06,2020-05-12,7,0,0.6268835917158209,images/typical/BN115/2020-05-12.png
BN115_2020-05-13,BN115,2020-05-13,1,typical,2020-05-07,2020-05-13,7,0,0.63065373205276,images/typical/BN115/2020-05-13.png
BN115_2020-05-14,BN115,2020-05-14,1,typical,2020-05-08,2020-05-14,7,0,0.597559326320102,images/typical/BN115/2020-05-14.png
BN115_2020-05-15,BN115,2020-05-15,0,low activity,2020-05-09,2020-05-15,7,0,0.6016039252563479,images/low_activity/BN115/2020-05-15.png
BN115_2020-05-16,BN115,2020-05-16,0,low activity,2020-05-10,2020-05-16,7,0,0.5881693805253879,images/low_activity/BN115/2020-05-16.png
BN115_2020-05-17,BN115,2020-05-17,0,low activity,2020-05-11,2020-05-17,7,0,0.2618542511848574,images/low_activity/BN115/2020-05-17.png
BN115_2020-05-18,BN115,2020-05-18,0,low activity,2020-05-12,2020-05-18,7,0,0.20269925883966106,images/low_activity/BN115/2020-05-18.png
BN115_2020-05-19,BN115,2020-05-19,1,typical,2020-05-13,2020-05-19,7,0,0.24908859149821994,images/typical/BN115/2020-05-19.png
BN115_2020-05-20,BN115,2020-05-20,0,low activity,2020-05-14,2020-05-20,7,0,0.3533512099269053,images/low_activity/BN115/2020-05-20.png
BN115_2020-05-21,BN115,2020-05-21,0,low activity,2020-05-15,2020-05-21,7,0,0.4032191187776293,images/low_activity/BN115/2020-05-21.png
BN115_2020-05-22,BN115,2020-05-22,0,low activity,2020-05-16,2020-05-22,7,0,0.4373334325183037,images/low_activity/BN115/2020-05-22.png
BN115_2020-05-23,BN115,2020-05-23,0,low activity,2020-05-17,2020-05-23,7,0,0.5824947520866111,images/low_activity/BN115/2020-05-23.png
BN115_2020-05-24,BN115,2020-05-24,0,low activity,2020-05-18,2020-05-24,7,0,0.6260462257083944,images/low_activity/BN115/2020-05-24.png
BN115_2020-05-25,BN115,2020-05-25,0,low activity,2020-05-19,2020-05-25,7,0,0.5707031856054207,images/low_activity/BN115/2020-05-25.png
BN115_2020-05-26,BN115,2020-05-26,1,typical,2020-05-20,2020-05-26,7,0,0.5418650467001229,images/typical/BN115/2020-05-26.png
BN115_2020-05-27,BN115,2020-05-27,1,typical,2020-05-21,2020-05-27,7,0,0.30696381415705987,images/typical/BN115/2020-05-27.png
BN115_2020-05-28,BN115,2020-05-28,1,typical,2020-05-22,2020-05-28,7,0,0.289289588901293,images/typical/BN115/2020-05-28.png
BN115_2020-05-29,BN115,2020-05-29,1,typical,2020-05-23,2020-05-29,7,0,0.2275942413424703,images/typical/BN115/2020-05-29.png
BN115_2020-05-30,BN115,2020-05-30,1,typical,2020-05-24,2020-05-30,7,0,0.481518203817297,images/typical/BN115/2020-05-30.png
BN115_2020-05-31,BN115,2020-05-31,1,typical,2020-05-25,2020-05-31,7,0,0.39647150216156085,images/typical/BN115/2020-05-31.png
BN115_2020-06-01,BN115,2020-06-01,1,typical,2020-05-26,2020-06-01,7,0,0.3822459831523406,images/typical/BN115/2020-06-01.png
BN115_2020-06-02,BN115,2020-06-02,1,typical,2020-05-27,2020-06-02,7,0,0.41450129737629604,images/typical/BN115/2020-06-02.png
BN115_2020-06-03,BN115,2020-06-03,1,typical,2020-05-28,2020-06-03,7,0,0.377873298734777,images/typical/BN115/2020-06-03.png
BN115_2020-06-04,BN115,2020-06-04,1,typical,2020-05-29,2020-06-04,7,0,0.37949513361828463,images/typical/BN115/2020-06-04.png
BN115_2020-06-05,BN115,2020-06-05,0,low activity,2020-05-30,2020-06-05,7,0,0.41152383800971076,images/low_activity/BN115/2020-06-05.png
BN115_2020-06-06,BN115,2020-06-06,0,low activity,2020-05-31,2020-06-06,7,0,0.5503513779649326,images/low_activity/BN115/2020-06-06.png
BN115_2020-06-07,BN115,2020-06-07,0,low activity,2020-06-01,2020-06-07,7,0,0.21811471384352987,images/low_activity/BN115/2020-06-07.png
BN115_2020-06-08,BN115,2020-06-08,0,low activity,2020-06-02,2020-06-08,7,0,0.15289383837512252,images/low_activity/BN115/2020-06-08.png
BN115_2020-06-09,BN115,2020-06-09,0,low activity,2020-06-03,2020-06-09,7,0,0.209822511944257,images/low_activity/BN115/2020-06-09.png
BN115_2020-06-10,BN115,2020-06-10,1,typical,2020-06-04,2020-06-10,7,0,0.45355488565700625,images/typical/BN115/2020-06-10.png
BN115_2020-06-11,BN115,2020-06-11,1,typical,2020-06-05,2020-06-11,7,0,0.4620748350904852,images/typical/BN115/2020-06-11.png
BN115_2020-06-12,BN115,2020-06-12,0,low activity,2020-06-06,2020-06-12,7,0,0.46399663992332163,images/low_activity/BN115/2020-06-12.png
BN115_2020-06-13,BN115,2020-06-13,0,low activity,2020-06-07,2020-06-13,7,0,0.37073303007746256,images/low_activity/BN115/2020-06-13.png
BN115_2020-06-14,BN115,2020-06-14,0,low activity,2020-06-08,2020-06-14,7,0,0.17111011880344623,images/low_activity/BN115/2020-06-14.png
BN115_2020-06-15,BN115,2020-06-15,0,low activity,2020-06-09,2020-06-15,7,0,0.16765690800959682,images/low_activity/BN115/2020-06-15.png
BN115_2020-06-16,BN115,2020-06-16,0,low activity,2020-06-10,2020-06-16,7,0,0.1653386587871044,images/low_activity/BN115/2020-06-16.png
BN115_2020-06-17,BN115,2020-06-17,0,low activity,2020-06-11,2020-06-17,7,0,0.19905570849835455,images/low_activity/BN115/2020-06-17.png
BN115_2020-06-18,BN115,2020-06-18,0,low activity,2020-06-12,2020-06-18,7,0,0.24742992220825538,images/low_activity/BN115/2020-06-18.png
BN115_2020-06-19,BN115,2020-06-19,0,low activity,2020-06-13,2020-06-19,7,0,0.24149841066179648,images/low_activity/BN115/2020-06-19.png
BN115_2020-06-20,BN115,2020-06-20,0,low activity,2020-06-14,2020-06-20,7,0,0.657060646383645,images/low_activity/BN115/2020-06-20.png
BN115_2020-06-21,BN115,2020-06-21,0,low activity,2020-06-15,2020-06-21,7,0,0.4694473203457445,images/low_activity/BN115/2020-06-21.png
BN115_2020-06-22,BN115,2020-06-22,0,low activity,2020-06-16,2020-06-22,7,0,0.34002596490945225,images/low_activity/BN115/2020-06-22.png
BN115_2020-06-23,BN115,2020-06-23,0,low activity,2020-06-17,2020-06-23,7,0,0.3206810340146653,images/low_activity/BN115/2020-06-23.png
BN115_2020-06-24,BN115,2020-06-24,0,low activity,2020-06-18,2020-06-24,7,0,0.26730256733218344,images/low_activity/BN115/2020-06-24.png
BN115_2020-06-25,BN115,2020-06-25,0,low activity,2020-06-19,2020-06-25,7,0,0.24116251065458816,images/low_activity/BN115/2020-06-25.png
BN115_2020-06-26,BN115,2020-06-26,0,low activity,2020-06-20,2020-06-26,7,0,0.2422561994919921,images/low_activity/BN115/2020-06-26.png
BN115_2020-06-27,BN115,2020-06-27,0,low activity,2020-06-21,2020-06-27,7,0,0.3697397799126638,images/low_activity/BN115/2020-06-27.png
BN115_2020-06-28,BN115,2020-06-28,0,low activity,2020-06-22,2020-06-28,7,0,0.3508699046137524,images/low_activity/BN115/2020-06-28.png
BN115_2020-06-29,BN115,2020-06-29,0,low activity,2020-06-23,2020-06-29,7,0,0.3005566318402437,images/low_activity/BN115/2020-06-29.png
BN115_2020-06-30,BN115,2020-06-30,0,low activity,2020-06-24,2020-06-30,7,0,0.3140104313689226,images/low_activity/BN115/2020-06-30.png
BN138_2019-07-31,BN138,2019-07-31,1,typical,2019-07-25,2019-07-31,7,0,0.3429385679511174,images/typical/BN138/2019-07-31.png
BN138_2019-08-01,BN138,2019-08-01,1,typical,2019-07-26,2019-08-01,7,0,0.3991124572645087,images/typical/BN138/2019-08-01.png
BN138_2019-08-02,BN138,2019-08-02,1,typical,2019-07-27,2019-08-02,7,0,0.3786919783723609,images/typical/BN138/2019-08-02.png
BN138_2019-08-03,BN138,2019-08-03,1,typical,2019-07-28,2019-08-03,7,0,0.4442800169599775,images/typical/BN138/2019-08-03.png
BN138_2019-08-04,BN138,2019-08-04,1,typical,2019-07-29,2019-08-04,7,0,0.4617244212185433,images/typical/BN138/2019-08-04.png
BN138_2019-08-05,BN138,2019-08-05,1,typical,2019-07-30,2019-08-05,7,0,0.45780463678611083,images/typical/BN138/2019-08-05.png
BN138_2019-08-06,BN138,2019-08-06,1,typical,2019-07-31,2019-08-06,7,0,0.5184744851873297,images/typical/BN138/2019-08-06.png
BN138_2019-08-07,BN138,2019-08-07,1,typical,2019-08-01,2019-08-07,7,0,0.5230648291016132,images/typical/BN138/2019-08-07.png
BN138_2019-08-08,BN138,2019-08-08,1,typical,2019-08-02,2019-08-08,7,0,0.5351996614775272,images/typical/BN138/2019-08-08.png
BN138_2019-08-09,BN138,2019-08-09,1,typical,2019-08-03,2019-08-09,7,0,0.6254173844339417,images/typical/BN138/2019-08-09.png
BN138_2019-08-10,BN138,2019-08-10,1,typical,2019-08-04,2019-08-10,7,0,0.4532929821405603,images/typical/BN138/2019-08-10.png
BN138_2019-08-11,BN138,2019-08-11,1,typical,2019-08-05,2019-08-11,7,0,0.2417121495634414,images/typical/BN138/2019-08-11.png
BN138_2019-08-12,BN138,2019-08-12,1,typical,2019-08-06,2019-08-12,7,0,0.1937310733137246,images/typical/BN138/2019-08-12.png
BN138_2019-08-13,BN138,2019-08-13,1,typical,2019-08-07,2019-08-13,7,0,0.18535529756096147,images/typical/BN138/2019-08-13.png
BN138_2019-08-14,BN138,2019-08-14,1,typical,2019-08-08,2019-08-14,7,0,0.21302097864919736,images/typical/BN138/2019-08-14.png
BN138_2019-08-15,BN138,2019-08-15,1,typical,2019-08-09,2019-08-15,7,0,0.2806158934802313,images/typical/BN138/2019-08-15.png
BN138_2019-08-16,BN138,2019-08-16,1,typical,2019-08-10,2019-08-16,7,0,0.3489589990777103,images/typical/BN138/2019-08-16.png
BN138_2019-08-17,BN138,2019-08-17,1,typical,2019-08-11,2019-08-17,7,0,0.26668883138517874,images/typical/BN138/2019-08-17.png
BN138_2019-08-18,BN138,2019-08-18,1,typical,2019-08-12,2019-08-18,7,0,0.18633401177625541,images/typical/BN138/2019-08-18.png
BN138_2019-08-19,BN138,2019-08-19,1,typical,2019-08-13,2019-08-19,7,0,0.15456780790325783,images/typical/BN138/2019-08-19.png
BN138_2019-08-20,BN138,2019-08-20,1,typical,2019-08-14,2019-08-20,7,0,0.20866111610227656,images/typical/BN138/2019-08-20.png
BN138_2019-08-21,BN138,2019-08-21,1,typical,2019-08-15,2019-08-21,7,0,0.2335303238934408,images/typical/BN138/2019-08-21.png
BN138_2019-08-22,BN138,2019-08-22,1,typical,2019-08-16,2019-08-22,7,0,0.4670502222209874,images/typical/BN138/2019-08-22.png
BN138_2019-08-23,BN138,2019-08-23,1,typical,2019-08-17,2019-08-23,7,0,0.14664506714044803,images/typical/BN138/2019-08-23.png
BN138_2019-08-24,BN138,2019-08-24,1,typical,2019-08-18,2019-08-24,7,0,0.13624340103536733,images/typical/BN138/2019-08-24.png
BN138_2019-08-25,BN138,2019-08-25,1,typical,2019-08-19,2019-08-25,7,0,0.18845713312605716,images/typical/BN138/2019-08-25.png
BN138_2019-08-26,BN138,2019-08-26,1,typical,2019-08-20,2019-08-26,7,0,0.14342125845344045,images/typical/BN138/2019-08-26.png
BN138_2019-08-27,BN138,2019-08-27,1,typical,2019-08-21,2019-08-27,7,0,0.11661765600638047,images/typical/BN138/2019-08-27.png
BN138_2019-08-28,BN138,2019-08-28,1,typical,2019-08-22,2019-08-28,7,0,0.15641336678773665,images/typical/BN138/2019-08-28.png
BN138_2019-08-29,BN138,2019-08-29,1,typical,2019-08-23,2019-08-29,7,0,0.2657025652888522,images/typical/BN138/2019-08-29.png
BN138_2019-08-30,BN138,2019-08-30,1,typical,2019-08-24,2019-08-30,7,0,0.3221474569765561,images/typical/BN138/2019-08-30.png
BN138_2019-08-31,BN138,2019-08-31,1,typical,2019-08-25,2019-08-31,7,0,0.3177742401086168,images/typical/BN138/2019-08-31.png
BN138_2019-09-01,BN138,2019-09-01,1,typical,2019-08-26,2019-09-01,7,0,0.1496719015530013,images/typical/BN138/2019-09-01.png
BN138_2019-09-02,BN138,2019-09-02,1,typical,2019-08-27,2019-09-02,7,0,0.06470926618869172,images/typical/BN138/2019-09-02.png
BN138_2019-09-03,BN138,2019-09-03,1,typical,2019-08-28,2019-09-03,7,0,0.05969779987287665,images/typical/BN138/2019-09-03.png
BN138_2019-09-04,BN138,2019-09-04,1,typical,2019-08-29,2019-09-04,7,0,0.05350905151200597,images/typical/BN138/2019-09-04.png
BN138_2019-09-05,BN138,2019-09-05,1,typical,2019-08-30,2019-09-05,7,0,0.1529258284576608,images/typical/BN138/2019-09-05.png
BN138_2019-09-06,BN138,2019-09-06,1,typical,2019-08-31,2019-09-06,7,0,0.08608949629861926,images/typical/BN138/2019-09-06.png
BN138_2019-09-07,BN138,2019-09-07,1,typical,2019-09-01,2019-09-07,7,0,0.16346458656382976,images/typical/BN138/2019-09-07.png
BN138_2019-09-08,BN138,2019-09-08,1,typical,2019-09-02,2019-09-08,7,0,0.3428605809007109,images/typical/BN138/2019-09-08.png
BN138_2019-09-09,BN138,2019-09-09,1,typical,2019-09-03,2019-09-09,7,0,0.19904463327678204,images/typical/BN138/2019-09-09.png
BN138_2019-09-10,BN138,2019-09-10,1,typical,2019-09-04,2019-09-10,7,0,0.35163527810596534,images/typical/BN138/2019-09-10.png
BN138_2019-09-11,BN138,2019-09-11,1,typical,2019-09-05,2019-09-11,7,0,0.38221637937059444,images/typical/BN138/2019-09-11.png
BN138_2019-09-12,BN138,2019-09-12,1,typical,2019-09-06,2019-09-12,7,0,0.3642423351077927,images/typical/BN138/2019-09-12.png
BN138_2019-09-13,BN138,2019-09-13,1,typical,2019-09-07,2019-09-13,7,0,0.3149479442363229,images/typical/BN138/2019-09-13.png
BN138_2019-09-14,BN138,2019-09-14,1,typical,2019-09-08,2019-09-14,7,0,0.2693873763144392,images/typical/BN138/2019-09-14.png
BN138_2019-09-15,BN138,2019-09-15,1,typical,2019-09-09,2019-09-15,7,0,0.18933415051443905,images/typical/BN138/2019-09-15.png
BN138_2019-09-16,BN138,2019-09-16,1,typical,2019-09-10,2019-09-16,7,0,0.2258365765223868,images/typical/BN138/2019-09-16.png
BN138_2019-09-17,BN138,2019-09-17,1,typical,2019-09-11,2019-09-17,7,0,0.1091622682668696,images/typical/BN138/2019-09-17.png
BN138_2019-09-18,BN138,2019-09-18,1,typical,2019-09-12,2019-09-18,7,0,0.11068393356345994,images/typical/BN138/2019-09-18.png
BN138_2019-09-19,BN138,2019-09-19,1,typical,2019-09-13,2019-09-19,7,0,0.1313329264950913,images/typical/BN138/2019-09-19.png
BN138_2019-09-20,BN138,2019-09-20,1,typical,2019-09-14,2019-09-20,7,0,0.1320495055911102,images/typical/BN138/2019-09-20.png
BN138_2019-09-21,BN138,2019-09-21,1,typical,2019-09-15,2019-09-21,7,0,0.13262303107582568,images/typical/BN138/2019-09-21.png
BN138_2019-09-22,BN138,2019-09-22,1,typical,2019-09-16,2019-09-22,7,0,0.4120693803484441,images/typical/BN138/2019-09-22.png
BN138_2019-09-23,BN138,2019-09-23,1,typical,2019-09-17,2019-09-23,7,0,0.496855246364225,images/typical/BN138/2019-09-23.png
BN138_2019-09-24,BN138,2019-09-24,1,typical,2019-09-18,2019-09-24,7,0,0.4794462119510126,images/typical/BN138/2019-09-24.png
BN138_2019-09-25,BN138,2019-09-25,1,typical,2019-09-19,2019-09-25,7,0,0.487041068774924,images/typical/BN138/2019-09-25.png
BN138_2019-09-26,BN138,2019-09-26,1,typical,2019-09-20,2019-09-26,7,0,0.6302083781938511,images/typical/BN138/2019-09-26.png
BN138_2019-09-27,BN138,2019-09-27,1,typical,2019-09-21,2019-09-27,7,0,0.6115833351767056,images/typical/BN138/2019-09-27.png
BN138_2019-09-28,BN138,2019-09-28,1,typical,2019-09-22,2019-09-28,7,0,0.5860650020053484,images/typical/BN138/2019-09-28.png
BN138_2019-09-29,BN138,2019-09-29,1,typical,2019-09-23,2019-09-29,7,0,0.40906153965929243,images/typical/BN138/2019-09-29.png
BN138_2019-09-30,BN138,2019-09-30,1,typical,2019-09-24,2019-09-30,7,0,0.14544885013383835,images/typical/BN138/2019-09-30.png
BN138_2019-10-01,BN138,2019-10-01,1,typical,2019-09-25,2019-10-01,7,0,0.13942818825205494,images/typical/BN138/2019-10-01.png
BN138_2019-10-02,BN138,2019-10-02,1,typical,2019-09-26,2019-10-02,7,0,0.14336843722305573,images/typical/BN138/2019-10-02.png
BN138_2019-10-03,BN138,2019-10-03,1,typical,2019-09-27,2019-10-03,7,0,0.14392869642344416,images/typical/BN138/2019-10-03.png
BN138_2019-10-04,BN138,2019-10-04,1,typical,2019-09-28,2019-10-04,7,0,0.13944972488366464,images/typical/BN138/2019-10-04.png
BN138_2019-10-05,BN138,2019-10-05,1,typical,2019-09-29,2019-10-05,7,0,0.13909235023555325,images/typical/BN138/2019-10-05.png
BN138_2019-10-06,BN138,2019-10-06,1,typical,2019-09-30,2019-10-06,7,0,0.13348314912151346,images/typical/BN138/2019-10-06.png
BN138_2019-10-07,BN138,2019-10-07,1,typical,2019-10-01,2019-10-07,7,0,0.12816141106679638,images/typical/BN138/2019-10-07.png
BN138_2019-10-08,BN138,2019-10-08,1,typical,2019-10-02,2019-10-08,7,0,0.12545587417192935,images/typical/BN138/2019-10-08.png
BN138_2019-10-09,BN138,2019-10-09,1,typical,2019-10-03,2019-10-09,7,0,0.12253427982660574,images/typical/BN138/2019-10-09.png
BN138_2019-10-10,BN138,2019-10-10,1,typical,2019-10-04,2019-10-10,7,0,0.11667098189638841,images/typical/BN138/2019-10-10.png
BN138_2019-10-11,BN138,2019-10-11,1,typical,2019-10-05,2019-10-11,7,0,0.12153011941110338,images/typical/BN138/2019-10-11.png
BN138_2019-10-12,BN138,2019-10-12,1,typical,2019-10-06,2019-10-12,7,0,0.12127165774350107,images/typical/BN138/2019-10-12.png
BN138_2019-10-13,BN138,2019-10-13,1,typical,2019-10-07,2019-10-13,7,0,0.11919968176682967,images/typical/BN138/2019-10-13.png
BN138_2019-10-14,BN138,2019-10-14,1,typical,2019-10-08,2019-10-14,7,0,0.10464082093058763,images/typical/BN138/2019-10-14.png
BN138_2019-10-15,BN138,2019-10-15,1,typical,2019-10-09,2019-10-15,7,0,0.14588822338160817,images/typical/BN138/2019-10-15.png
BN138_2019-10-16,BN138,2019-10-16,1,typical,2019-10-10,2019-10-16,7,0,0.16971751366481774,images/typical/BN138/2019-10-16.png
BN138_2019-10-17,BN138,2019-10-17,1,typical,2019-10-11,2019-10-17,7,0,0.15323500290778772,images/typical/BN138/2019-10-17.png
BN138_2019-10-18,BN138,2019-10-18,1,typical,2019-10-12,2019-10-18,7,0,0.13196492087770867,images/typical/BN138/2019-10-18.png
BN138_2019-10-19,BN138,2019-10-19,1,typical,2019-10-13,2019-10-19,7,0,0.1628502818704636,images/typical/BN138/2019-10-19.png
BN138_2019-10-20,BN138,2019-10-20,1,typical,2019-10-14,2019-10-20,7,0,0.1600735785188377,images/typical/BN138/2019-10-20.png
BN138_2019-10-21,BN138,2019-10-21,1,typical,2019-10-15,2019-10-21,7,0,0.12229473010924503,images/typical/BN138/2019-10-21.png
BN138_2019-10-22,BN138,2019-10-22,1,typical,2019-10-16,2019-10-22,7,0,0.14780315395393742,images/typical/BN138/2019-10-22.png
BN138_2019-10-23,BN138,2019-10-23,1,typical,2019-10-17,2019-10-23,7,0,0.14335491120084223,images/typical/BN138/2019-10-23.png
BN138_2019-10-24,BN138,2019-10-24,1,typical,2019-10-18,2019-10-24,7,0,0.1374622312007318,images/typical/BN138/2019-10-24.png
BN138_2019-10-25,BN138,2019-10-25,1,typical,2019-10-19,2019-10-25,7,0,0.1208152621311308,images/typical/BN138/2019-10-25.png
BN138_2019-10-26,BN138,2019-10-26,1,typical,2019-10-20,2019-10-26,7,0,0.12475899631559857,images/typical/BN138/2019-10-26.png
BN138_2019-10-27,BN138,2019-10-27,1,typical,2019-10-21,2019-10-27,7,0,0.11587671767305127,images/typical/BN138/2019-10-27.png
BN138_2019-10-28,BN138,2019-10-28,1,typical,2019-10-22,2019-10-28,7,0,0.11926362681567416,images/typical/BN138/2019-10-28.png
BN138_2019-10-29,BN138,2019-10-29,1,typical,2019-10-23,2019-10-29,7,0,0.11141077430182852,images/typical/BN138/2019-10-29.png
BN138_2019-10-30,BN138,2019-10-30,1,typical,2019-10-24,2019-10-30,7,0,0.11778050105651619,images/typical/BN138/2019-10-30.png
BN138_2019-10-31,BN138,2019-10-31,1,typical,2019-10-25,2019-10-31,7,0,0.11278740396920131,images/typical/BN138/2019-10-31.png
BN138_2019-11-01,BN138,2019-11-01,1,typical,2019-10-26,2019-11-01,7,0,0.13047651386692974,images/typical/BN138/2019-11-01.png
BN138_2019-11-02,BN138,2019-11-02,1,typical,2019-10-27,2019-11-02,7,0,0.15773590181070346,images/typical/BN138/2019-11-02.png
BN138_2019-11-03,BN138,2019-11-03,1,typical,2019-10-28,2019-11-03,7,0,0.14911856718820374,images/typical/BN138/2019-11-03.png
BN138_2019-11-04,BN138,2019-11-04,1,typical,2019-10-29,2019-11-04,7,0,0.15017311821661433,images/typical/BN138/2019-11-04.png
BN138_2019-11-05,BN138,2019-11-05,1,typical,2019-10-30,2019-11-05,7,0,0.16205883458973758,images/typical/BN138/2019-11-05.png
BN138_2019-11-06,BN138,2019-11-06,1,typical,2019-10-31,2019-11-06,7,0,0.17878331307305512,images/typical/BN138/2019-11-06.png
BN138_2019-11-07,BN138,2019-11-07,1,typical,2019-11-01,2019-11-07,7,0,0.15324993927071198,images/typical/BN138/2019-11-07.png
BN138_2019-11-08,BN138,2019-11-08,1,typical,2019-11-02,2019-11-08,7,0,0.128036704270552,images/typical/BN138/2019-11-08.png
BN138_2019-11-09,BN138,2019-11-09,1,typical,2019-11-03,2019-11-09,7,0,0.19188087881935223,images/typical/BN138/2019-11-09.png
BN138_2019-11-10,BN138,2019-11-10,1,typical,2019-11-04,2019-11-10,7,0,0.12314157040721709,images/typical/BN138/2019-11-10.png
BN138_2019-11-11,BN138,2019-11-11,1,typical,2019-11-05,2019-11-11,7,0,0.05534216771276859,images/typical/BN138/2019-11-11.png
BN138_2019-11-12,BN138,2019-11-12,1,typical,2019-11-06,2019-11-12,7,0,0.05423979827125266,images/typical/BN138/2019-11-12.png
BN138_2019-11-13,BN138,2019-11-13,1,typical,2019-11-07,2019-11-13,7,0,0.07012132768557376,images/typical/BN138/2019-11-13.png
BN138_2019-11-14,BN138,2019-11-14,1,typical,2019-11-08,2019-11-14,7,0,0.07933296883358244,images/typical/BN138/2019-11-14.png
BN138_2019-11-15,BN138,2019-11-15,1,typical,2019-11-09,2019-11-15,7,0,0.07892210817449666,images/typical/BN138/2019-11-15.png
BN138_2019-11-16,BN138,2019-11-16,1,typical,2019-11-10,2019-11-16,7,0,0.11427307649902577,images/typical/BN138/2019-11-16.png
BN138_2019-11-17,BN138,2019-11-17,1,typical,2019-11-11,2019-11-17,7,0,0.13699617243432602,images/typical/BN138/2019-11-17.png
BN138_2019-11-18,BN138,2019-11-18,1,typical,2019-11-12,2019-11-18,7,0,0.1916359982531966,images/typical/BN138/2019-11-18.png
BN138_2019-11-19,BN138,2019-11-19,1,typical,2019-11-13,2019-11-19,7,0,0.16943221891385563,images/typical/BN138/2019-11-19.png
BN138_2019-11-20,BN138,2019-11-20,1,typical,2019-11-14,2019-11-20,7,0,0.14535093474227176,images/typical/BN138/2019-11-20.png
BN138_2019-11-21,BN138,2019-11-21,1,typical,2019-11-15,2019-11-21,7,0,0.1405959713258099,images/typical/BN138/2019-11-21.png
BN138_2019-11-22,BN138,2019-11-22,1,typical,2019-11-16,2019-11-22,7,0,0.1608314627854054,images/typical/BN138/2019-11-22.png
BN138_2019-11-23,BN138,2019-11-23,1,typical,2019-11-17,2019-11-23,7,0,0.25489990107445454,images/typical/BN138/2019-11-23.png
BN138_2019-11-24,BN138,2019-11-24,1,typical,2019-11-18,2019-11-24,7,0,0.22282088042419168,images/typical/BN138/2019-11-24.png
BN138_2019-11-25,BN138,2019-11-25,1,typical,2019-11-19,2019-11-25,7,0,0.1988028081261169,images/typical/BN138/2019-11-25.png
BN138_2019-11-26,BN138,2019-11-26,1,typical,2019-11-20,2019-11-26,7,0,0.20087470920200326,images/typical/BN138/2019-11-26.png
BN138_2019-11-27,BN138,2019-11-27,1,typical,2019-11-21,2019-11-27,7,0,0.20258034579262788,images/typical/BN138/2019-11-27.png
BN138_2019-11-28,BN138,2019-11-28,1,typical,2019-11-22,2019-11-28,7,0,0.15847502578741293,images/typical/BN138/2019-11-28.png
BN138_2019-11-29,BN138,2019-11-29,1,typical,2019-11-23,2019-11-29,7,0,0.1838478350312813,images/typical/BN138/2019-11-29.png
BN138_2019-11-30,BN138,2019-11-30,1,typical,2019-11-24,2019-11-30,7,0,0.239006216419432,images/typical/BN138/2019-11-30.png
BN138_2019-12-01,BN138,2019-12-01,1,typical,2019-11-25,2019-12-01,7,0,0.27150248548441797,images/typical/BN138/2019-12-01.png
BN138_2019-12-02,BN138,2019-12-02,1,typical,2019-11-26,2019-12-02,7,0,0.277520399701516,images/typical/BN138/2019-12-02.png
BN138_2019-12-03,BN138,2019-12-03,1,typical,2019-11-27,2019-12-03,7,0,0.2106714900095762,images/typical/BN138/2019-12-03.png
BN138_2019-12-04,BN138,2019-12-04,1,typical,2019-11-28,2019-12-04,7,0,0.17664967538835363,images/typical/BN138/2019-12-04.png
BN138_2019-12-05,BN138,2019-12-05,1,typical,2019-11-29,2019-12-05,7,0,0.22429094025488155,images/typical/BN138/2019-12-05.png
BN138_2019-12-06,BN138,2019-12-06,1,typical,2019-11-30,2019-12-06,7,0,0.29595354782391736,images/typical/BN138/2019-12-06.png
BN138_2019-12-07,BN138,2019-12-07,1,typical,2019-12-01,2019-12-07,7,0,0.25160396972488436,images/typical/BN138/2019-12-07.png
BN138_2019-12-08,BN138,2019-12-08,1,typical,2019-12-02,2019-12-08,7,0,0.1672618125283087,images/typical/BN138/2019-12-08.png
BN138_2019-12-09,BN138,2019-12-09,1,typical,2019-12-03,2019-12-09,7,0,0.22183203047423242,images/typical/BN138/2019-12-09.png
BN138_2019-12-10,BN138,2019-12-10,1,typical,2019-12-04,2019-12-10,7,0,0.26134662127656594,images/typical/BN138/2019-12-10.png
BN138_2019-12-11,BN138,2019-12-11,1,typical,2019-12-05,2019-12-11,7,0,0.26915096796166577,images/typical/BN138/2019-12-11.png
BN138_2019-12-12,BN138,2019-12-12,1,typical,2019-12-06,2019-12-12,7,0,0.20518095158420402,images/typical/BN138/2019-12-12.png
BN138_2019-12-13,BN138,2019-12-13,1,typical,2019-12-07,2019-12-13,7,0,0.2004001837893501,images/typical/BN138/2019-12-13.png
BN138_2019-12-14,BN138,2019-12-14,1,typical,2019-12-08,2019-12-14,7,0,0.18608090476411465,images/typical/BN138/2019-12-14.png
BN138_2019-12-15,BN138,2019-12-15,1,typical,2019-12-09,2019-12-15,7,0,0.22591297960589132,images/typical/BN138/2019-12-15.png
BN138_2019-12-16,BN138,2019-12-16,1,typical,2019-12-10,2019-12-16,7,0,0.24352878635952266,images/typical/BN138/2019-12-16.png
BN138_2019-12-17,BN138,2019-12-17,1,typical,2019-12-11,2019-12-17,7,0,0.2638720983714015,images/typical/BN138/2019-12-17.png
BN138_2019-12-18,BN138,2019-12-18,1,typical,2019-12-12,2019-12-18,7,0,0.24135213297175992,images/typical/BN138/2019-12-18.png
BN138_2019-12-19,BN138,2019-12-19,1,typical,2019-12-13,2019-12-19,7,0,0.20624924417311954,images/typical/BN138/2019-12-19.png
BN138_2019-12-20,BN138,2019-12-20,1,typical,2019-12-14,2019-12-20,7,0,0.2343141743582474,images/typical/BN138/2019-12-20.png
BN138_2019-12-21,BN138,2019-12-21,1,typical,2019-12-15,2019-12-21,7,0,0.5421844851653005,images/typical/BN138/2019-12-21.png
BN138_2019-12-22,BN138,2019-12-22,1,typical,2019-12-16,2019-12-22,7,0,0.4810454827817354,images/typical/BN138/2019-12-22.png
BN138_2019-12-23,BN138,2019-12-23,1,typical,2019-12-17,2019-12-23,7,0,0.4719215263057869,images/typical/BN138/2019-12-23.png
BN138_2019-12-24,BN138,2019-12-24,1,typical,2019-12-18,2019-12-24,7,0,0.5294393188562104,images/typical/BN138/2019-12-24.png
BN138_2019-12-25,BN138,2019-12-25,1,typical,2019-12-19,2019-12-25,7,0,0.5723156966270788,images/typical/BN138/2019-12-25.png
BN138_2019-12-26,BN138,2019-12-26,1,typical,2019-12-20,2019-12-26,7,0,0.5638089094512685,images/typical/BN138/2019-12-26.png
BN138_2019-12-27,BN138,2019-12-27,1,typical,2019-12-21,2019-12-27,7,0,0.46555873390218233,images/typical/BN138/2019-12-27.png
BN138_2019-12-28,BN138,2019-12-28,1,typical,2019-12-22,2019-12-28,7,0,0.14003793799544106,images/typical/BN138/2019-12-28.png
BN138_2019-12-29,BN138,2019-12-29,1,typical,2019-12-23,2019-12-29,7,0,0.1740285341808957,images/typical/BN138/2019-12-29.png
BN138_2019-12-30,BN138,2019-12-30,1,typical,2019-12-24,2019-12-30,7,0,0.2945379556766721,images/typical/BN138/2019-12-30.png
BN138_2019-12-31,BN138,2019-12-31,1,typical,2019-12-25,2019-12-31,7,0,0.49327422043115887,images/typical/BN138/2019-12-31.png
BN138_2020-01-01,BN138,2020-01-01,1,typical,2019-12-26,2020-01-01,7,0,0.5982678666475658,images/typical/BN138/2020-01-01.png
BN138_2020-01-02,BN138,2020-01-02,1,typical,2019-12-27,2020-01-02,7,0,0.6734007988306189,images/typical/BN138/2020-01-02.png
BN138_2020-01-03,BN138,2020-01-03,1,typical,2019-12-28,2020-01-03,7,0,0.6198485229293781,images/typical/BN138/2020-01-03.png
BN138_2020-01-04,BN138,2020-01-04,1,typical,2019-12-29,2020-01-04,7,0,0.4989313955967284,images/typical/BN138/2020-01-04.png
BN138_2020-01-05,BN138,2020-01-05,1,typical,2019-12-30,2020-01-05,7,0,0.4504746363961668,images/typical/BN138/2020-01-05.png
BN138_2020-01-06,BN138,2020-01-06,1,typical,2019-12-31,2020-01-06,7,0,0.4764377021353325,images/typical/BN138/2020-01-06.png
BN138_2020-01-07,BN138,2020-01-07,1,typical,2020-01-01,2020-01-07,7,0,0.5587405096140663,images/typical/BN138/2020-01-07.png
BN138_2020-01-08,BN138,2020-01-08,1,typical,2020-01-02,2020-01-08,7,0,0.5557676456213092,images/typical/BN138/2020-01-08.png
BN138_2020-01-09,BN138,2020-01-09,1,typical,2020-01-03,2020-01-09,7,0,0.5788436058019882,images/typical/BN138/2020-01-09.png
BN138_2020-01-10,BN138,2020-01-10,1,typical,2020-01-04,2020-01-10,7,0,0.6129514750128636,images/typical/BN138/2020-01-10.png
BN138_2020-01-11,BN138,2020-01-11,1,typical,2020-01-05,2020-01-11,7,0,0.6153174384000202,images/typical/BN138/2020-01-11.png
BN138_2020-01-12,BN138,2020-01-12,1,typical,2020-01-06,2020-01-12,7,0,0.6321966862681514,images/typical/BN138/2020-01-12.png
BN138_2020-01-13,BN138,2020-01-13,1,typical,2020-01-07,2020-01-13,7,0,0.6294560907380606,images/typical/BN138/2020-01-13.png
BN138_2020-01-14,BN138,2020-01-14,1,typical,2020-01-08,2020-01-14,7,0,0.34564628589521473,images/typical/BN138/2020-01-14.png
BN138_2020-01-15,BN138,2020-01-15,1,typical,2020-01-09,2020-01-15,7,0,0.26079295192381274,images/typical/BN138/2020-01-15.png
BN138_2020-01-16,BN138,2020-01-16,1,typical,2020-01-10,2020-01-16,7,0,0.2356225172268178,images/typical/BN138/2020-01-16.png
BN138_2020-01-17,BN138,2020-01-17,1,typical,2020-01-11,2020-01-17,7,0,0.276603437374617,images/typical/BN138/2020-01-17.png
BN138_2020-01-18,BN138,2020-01-18,1,typical,2020-01-12,2020-01-18,7,0,0.3275133785045106,images/typical/BN138/2020-01-18.png
BN138_2020-01-19,BN138,2020-01-19,1,typical,2020-01-13,2020-01-19,7,0,0.2703036261063511,images/typical/BN138/2020-01-19.png
BN138_2020-01-20,BN138,2020-01-20,1,typical,2020-01-14,2020-01-20,7,0,0.2252213876341464,images/typical/BN138/2020-01-20.png
BN138_2020-01-21,BN138,2020-01-21,1,typical,2020-01-15,2020-01-21,7,0,0.22919401671963177,images/typical/BN138/2020-01-21.png
BN138_2020-01-22,BN138,2020-01-22,1,typical,2020-01-16,2020-01-22,7,0,0.23773632331416722,images/typical/BN138/2020-01-22.png
BN138_2020-01-23,BN138,2020-01-23,1,typical,2020-01-17,2020-01-23,7,0,0.2598349903554372,images/typical/BN138/2020-01-23.png
BN138_2020-01-24,BN138,2020-01-24,1,typical,2020-01-18,2020-01-24,7,0,0.26922292844943696,images/typical/BN138/2020-01-24.png
BN138_2020-01-25,BN138,2020-01-25,1,typical,2020-01-19,2020-01-25,7,0,0.16246369804163796,images/typical/BN138/2020-01-25.png
BN138_2020-01-26,BN138,2020-01-26,1,typical,2020-01-20,2020-01-26,7,0,0.10277909338797409,images/typical/BN138/2020-01-26.png
BN138_2020-01-27,BN138,2020-01-27,1,typical,2020-01-21,2020-01-27,7,0,0.20650461161791656,images/typical/BN138/2020-01-27.png
BN138_2020-01-28,BN138,2020-01-28,1,typical,2020-01-22,2020-01-28,7,0,0.21376409528687307,images/typical/BN138/2020-01-28.png
BN138_2020-01-29,BN138,2020-01-29,1,typical,2020-01-23,2020-01-29,7,0,0.2177941600019269,images/typical/BN138/2020-01-29.png
BN138_2020-01-30,BN138,2020-01-30,1,typical,2020-01-24,2020-01-30,7,0,0.19845642471654318,images/typical/BN138/2020-01-30.png
BN138_2020-01-31,BN138,2020-01-31,1,typical,2020-01-25,2020-01-31,7,0,0.19987528496508145,images/typical/BN138/2020-01-31.png
BN138_2020-02-01,BN138,2020-02-01,1,typical,2020-01-26,2020-02-01,7,0,0.3308604213272392,images/typical/BN138/2020-02-01.png
BN138_2020-02-02,BN138,2020-02-02,1,typical,2020-01-27,2020-02-02,7,0,0.35473834401310106,images/typical/BN138/2020-02-02.png
BN138_2020-02-03,BN138,2020-02-03,1,typical,2020-01-28,2020-02-03,7,0,0.3480672920631666,images/typical/BN138/2020-02-03.png
BN138_2020-02-04,BN138,2020-02-04,1,typical,2020-01-29,2020-02-04,7,0,0.33920118271602995,images/typical/BN138/2020-02-04.png
BN138_2020-02-05,BN138,2020-02-05,1,typical,2020-01-30,2020-02-05,7,0,0.16686764251634373,images/typical/BN138/2020-02-05.png
BN138_2020-02-06,BN138,2020-02-06,1,typical,2020-01-31,2020-02-06,7,0,0.10690603214247507,images/typical/BN138/2020-02-06.png
BN138_2020-02-07,BN138,2020-02-07,1,typical,2020-02-01,2020-02-07,7,0,0.1493212985959474,images/typical/BN138/2020-02-07.png
BN138_2020-02-08,BN138,2020-02-08,1,typical,2020-02-02,2020-02-08,7,0,0.13068570134430316,images/typical/BN138/2020-02-08.png
BN138_2020-02-09,BN138,2020-02-09,1,typical,2020-02-03,2020-02-09,7,0,0.12754523258769382,images/typical/BN138/2020-02-09.png
BN138_2020-02-10,BN138,2020-02-10,1,typical,2020-02-04,2020-02-10,7,0,0.1283794853537209,images/typical/BN138/2020-02-10.png
BN138_2020-02-11,BN138,2020-02-11,1,typical,2020-02-05,2020-02-11,7,0,0.1673129485684745,images/typical/BN138/2020-02-11.png
BN138_2020-02-12,BN138,2020-02-12,1,typical,2020-02-06,2020-02-12,7,0,0.2201295714756839,images/typical/BN138/2020-02-12.png
BN138_2020-02-13,BN138,2020-02-13,1,typical,2020-02-07,2020-02-13,7,0,0.20432094741048346,images/typical/BN138/2020-02-13.png
BN138_2020-02-14,BN138,2020-02-14,1,typical,2020-02-08,2020-02-14,7,0,0.2070215971963523,images/typical/BN138/2020-02-14.png
BN138_2020-02-15,BN138,2020-02-15,1,typical,2020-02-09,2020-02-15,7,0,0.19159825192436386,images/typical/BN138/2020-02-15.png
BN138_2020-02-16,BN138,2020-02-16,1,typical,2020-02-10,2020-02-16,7,0,0.19174587716857658,images/typical/BN138/2020-02-16.png
BN138_2020-02-17,BN138,2020-02-17,1,typical,2020-02-11,2020-02-17,7,0,0.1602782510124178,images/typical/BN138/2020-02-17.png
BN138_2020-02-18,BN138,2020-02-18,1,typical,2020-02-12,2020-02-18,7,0,0.1794770140628752,images/typical/BN138/2020-02-18.png
BN138_2020-02-19,BN138,2020-02-19,1,typical,2020-02-13,2020-02-19,7,0,0.2135244545071577,images/typical/BN138/2020-02-19.png
BN138_2020-02-20,BN138,2020-02-20,1,typical,2020-02-14,2020-02-20,7,0,0.19490465716571564,images/typical/BN138/2020-02-20.png
BN138_2020-02-21,BN138,2020-02-21,1,typical,2020-02-15,2020-02-21,7,0,0.15633763334002362,images/typical/BN138/2020-02-21.png
BN138_2020-02-22,BN138,2020-02-22,1,typical,2020-02-16,2020-02-22,7,0,0.1917031370155198,images/typical/BN138/2020-02-22.png
BN138_2020-02-23,BN138,2020-02-23,1,typical,2020-02-17,2020-02-23,7,0,0.1415221452597783,images/typical/BN138/2020-02-23.png
BN138_2020-02-24,BN138,2020-02-24,1,typical,2020-02-18,2020-02-24,7,0,0.1385851884944504,images/typical/BN138/2020-02-24.png
BN138_2020-02-25,BN138,2020-02-25,1,typical,2020-02-19,2020-02-25,7,0,0.14176974437614243,images/typical/BN138/2020-02-25.png
BN138_2020-02-26,BN138,2020-02-26,1,typical,2020-02-20,2020-02-26,7,0,0.1334944932900138,images/typical/BN138/2020-02-26.png
BN138_2020-02-27,BN138,2020-02-27,1,typical,2020-02-21,2020-02-27,7,0,0.13010008530872194,images/typical/BN138/2020-02-27.png
BN138_2020-02-28,BN138,2020-02-28,1,typical,2020-02-22,2020-02-28,7,0,0.15817489057629464,images/typical/BN138/2020-02-28.png
BN138_2020-02-29,BN138,2020-02-29,1,typical,2020-02-23,2020-02-29,7,0,0.1448838768009431,images/typical/BN138/2020-02-29.png
BN138_2020-03-01,BN138,2020-03-01,1,typical,2020-02-24,2020-03-01,7,0,0.1408450564263955,images/typical/BN138/2020-03-01.png
BN138_2020-03-02,BN138,2020-03-02,1,typical,2020-02-25,2020-03-02,7,0,0.14812678663968368,images/typical/BN138/2020-03-02.png
BN138_2020-03-03,BN138,2020-03-03,1,typical,2020-02-26,2020-03-03,7,0,0.1450366579691549,images/typical/BN138/2020-03-03.png
BN138_2020-03-04,BN138,2020-03-04,1,typical,2020-02-27,2020-03-04,7,0,0.1479757388152767,images/typical/BN138/2020-03-04.png
BN138_2020-03-05,BN138,2020-03-05,1,typical,2020-02-28,2020-03-05,7,0,0.15606450034571204,images/typical/BN138/2020-03-05.png
BN138_2020-03-06,BN138,2020-03-06,1,typical,2020-02-29,2020-03-06,7,0,0.17178880121142856,images/typical/BN138/2020-03-06.png
BN138_2020-03-07,BN138,2020-03-07,1,typical,2020-03-01,2020-03-07,7,0,0.15733977484077,images/typical/BN138/2020-03-07.png
BN138_2020-03-08,BN138,2020-03-08,1,typical,2020-03-02,2020-03-08,7,0,0.15997061321747086,images/typical/BN138/2020-03-08.png
BN138_2020-03-09,BN138,2020-03-09,1,typical,2020-03-03,2020-03-09,7,0,0.06671109976883648,images/typical/BN138/2020-03-09.png
BN138_2020-03-10,BN138,2020-03-10,1,typical,2020-03-04,2020-03-10,7,0,0.08321254265019867,images/typical/BN138/2020-03-10.png
BN138_2020-03-11,BN138,2020-03-11,1,typical,2020-03-05,2020-03-11,7,0,0.20335517992458582,images/typical/BN138/2020-03-11.png
BN138_2020-03-12,BN138,2020-03-12,1,typical,2020-03-06,2020-03-12,7,0,0.5512201783743143,images/typical/BN138/2020-03-12.png
BN138_2020-03-13,BN138,2020-03-13,1,typical,2020-03-07,2020-03-13,7,0,0.4030025388952374,images/typical/BN138/2020-03-13.png
BN138_2020-03-14,BN138,2020-03-14,1,typical,2020-03-08,2020-03-14,7,0,0.38434396912481555,images/typical/BN138/2020-03-14.png
BN138_2020-03-15,BN138,2020-03-15,1,typical,2020-03-09,2020-03-15,7,0,0.5604030131934777,images/typical/BN138/2020-03-15.png
BN138_2020-03-16,BN138,2020-03-16,1,typical,2020-03-10,2020-03-16,7,0,0.49276461035985686,images/typical/BN138/2020-03-16.png
BN138_2020-03-17,BN138,2020-03-17,1,typical,2020-03-11,2020-03-17,7,0,0.39500558371752487,images/typical/BN138/2020-03-17.png
BN138_2020-03-18,BN138,2020-03-18,1,typical,2020-03-12,2020-03-18,7,0,0.3841916323969784,images/typical/BN138/2020-03-18.png
BN138_2020-03-19,BN138,2020-03-19,1,typical,2020-03-13,2020-03-19,7,0,0.41018989972860503,images/typical/BN138/2020-03-19.png
BN138_2020-03-20,BN138,2020-03-20,1,typical,2020-03-14,2020-03-20,7,0,0.41562728843832847,images/typical/BN138/2020-03-20.png
BN138_2020-03-21,BN138,2020-03-21,1,typical,2020-03-15,2020-03-21,7,0,0.39643242833548237,images/typical/BN138/2020-03-21.png
BN138_2020-03-22,BN138,2020-03-22,1,typical,2020-03-16,2020-03-22,7,0,0.26997145670176204,images/typical/BN138/2020-03-22.png
BN138_2020-03-23,BN138,2020-03-23,1,typical,2020-03-17,2020-03-23,7,0,0.15711083289078592,images/typical/BN138/2020-03-23.png
BN138_2020-03-24,BN138,2020-03-24,1,typical,2020-03-18,2020-03-24,7,0,0.3422177408511675,images/typical/BN138/2020-03-24.png
BN138_2020-03-25,BN138,2020-03-25,1,typical,2020-03-19,2020-03-25,7,0,0.28406487599668934,images/typical/BN138/2020-03-25.png
BN138_2020-03-26,BN138,2020-03-26,1,typical,2020-03-20,2020-03-26,7,0,0.14648212915826833,images/typical/BN138/2020-03-26.png
BN138_2020-03-27,BN138,2020-03-27,1,typical,2020-03-21,2020-03-27,7,0,0.09380960845163604,images/typical/BN138/2020-03-27.png
BN138_2020-03-28,BN138,2020-03-28,1,typical,2020-03-22,2020-03-28,7,0,0.1683370222175222,images/typical/BN138/2020-03-28.png
BN138_2020-03-29,BN138,2020-03-29,1,typical,2020-03-23,2020-03-29,7,0,0.41434176491196023,images/typical/BN138/2020-03-29.png
BN138_2020-03-30,BN138,2020-03-30,1,typical,2020-03-24,2020-03-30,7,0,0.4639839521162503,images/typical/BN138/2020-03-30.png
BN138_2020-03-31,BN138,2020-03-31,1,typical,2020-03-25,2020-03-31,7,0,0.3845026123845651,images/typical/BN138/2020-03-31.png
BN138_2020-04-01,BN138,2020-04-01,1,typical,2020-03-26,2020-04-01,7,0,0.27221641423992055,images/typical/BN138/2020-04-01.png
BN138_2020-04-02,BN138,2020-04-02,1,typical,2020-03-27,2020-04-02,7,0,0.21817893009182476,images/typical/BN138/2020-04-02.png
BN138_2020-04-03,BN138,2020-04-03,1,typical,2020-03-28,2020-04-03,7,0,0.2851815583764071,images/typical/BN138/2020-04-03.png
BN138_2020-04-04,BN138,2020-04-04,1,typical,2020-03-29,2020-04-04,7,0,0.2979785815949063,images/typical/BN138/2020-04-04.png
BN138_2020-04-05,BN138,2020-04-05,1,typical,2020-03-30,2020-04-05,7,0,0.15044152407798211,images/typical/BN138/2020-04-05.png
BN138_2020-04-06,BN138,2020-04-06,1,typical,2020-03-31,2020-04-06,7,0,0.14823936496996787,images/typical/BN138/2020-04-06.png
BN138_2020-04-07,BN138,2020-04-07,1,typical,2020-04-01,2020-04-07,7,0,0.18990359437779836,images/typical/BN138/2020-04-07.png
BN138_2020-04-08,BN138,2020-04-08,1,typical,2020-04-02,2020-04-08,7,0,0.22768583871845416,images/typical/BN138/2020-04-08.png
BN138_2020-04-09,BN138,2020-04-09,1,typical,2020-04-03,2020-04-09,7,0,0.20414252872776784,images/typical/BN138/2020-04-09.png
BN138_2020-04-10,BN138,2020-04-10,1,typical,2020-04-04,2020-04-10,7,0,0.17506868841841458,images/typical/BN138/2020-04-10.png
BN138_2020-04-11,BN138,2020-04-11,1,typical,2020-04-05,2020-04-11,7,0,0.2858796206276626,images/typical/BN138/2020-04-11.png
BN138_2020-04-12,BN138,2020-04-12,1,typical,2020-04-06,2020-04-12,7,0,0.30609459820747736,images/typical/BN138/2020-04-12.png
BN138_2020-04-13,BN138,2020-04-13,1,typical,2020-04-07,2020-04-13,7,0,0.2950012947298625,images/typical/BN138/2020-04-13.png
BN138_2020-04-14,BN138,2020-04-14,1,typical,2020-04-08,2020-04-14,7,0,0.3295796757010298,images/typical/BN138/2020-04-14.png
BN138_2020-04-15,BN138,2020-04-15,1,typical,2020-04-09,2020-04-15,7,0,0.3615938654008257,images/typical/BN138/2020-04-15.png
BN138_2020-04-16,BN138,2020-04-16,1,typical,2020-04-10,2020-04-16,7,0,0.418357251537774,images/typical/BN138/2020-04-16.png
BN138_2020-04-17,BN138,2020-04-17,1,typical,2020-04-11,2020-04-17,7,0,0.3951318156408468,images/typical/BN138/2020-04-17.png
BN138_2020-04-18,BN138,2020-04-18,1,typical,2020-04-12,2020-04-18,7,0,0.4231025874720638,images/typical/BN138/2020-04-18.png
BN138_2020-04-19,BN138,2020-04-19,1,typical,2020-04-13,2020-04-19,7,0,0.2061524458949227,images/typical/BN138/2020-04-19.png
BN138_2020-04-20,BN138,2020-04-20,1,typical,2020-04-14,2020-04-20,7,0,0.2378398289641636,images/typical/BN138/2020-04-20.png
BN138_2020-04-21,BN138,2020-04-21,1,typical,2020-04-15,2020-04-21,7,0,0.30372631555999346,images/typical/BN138/2020-04-21.png
BN138_2020-04-22,BN138,2020-04-22,1,typical,2020-04-16,2020-04-22,7,0,0.34523805644547917,images/typical/BN138/2020-04-22.png
BN138_2020-04-23,BN138,2020-04-23,1,typical,2020-04-17,2020-04-23,7,0,0.2870646466440389,images/typical/BN138/2020-04-23.png
BN138_2020-04-24,BN138,2020-04-24,1,typical,2020-04-18,2020-04-24,7,0,0.18682709046029303,images/typical/BN138/2020-04-24.png
BN138_2020-04-25,BN138,2020-04-25,1,typical,2020-04-19,2020-04-25,7,0,0.13742365662847875,images/typical/BN138/2020-04-25.png
BN138_2020-04-26,BN138,2020-04-26,1,typical,2020-04-20,2020-04-26,7,0,0.1096930019959916,images/typical/BN138/2020-04-26.png
BN138_2020-04-27,BN138,2020-04-27,1,typical,2020-04-21,2020-04-27,7,0,0.20273616270784028,images/typical/BN138/2020-04-27.png
BN138_2020-04-28,BN138,2020-04-28,1,typical,2020-04-22,2020-04-28,7,0,0.3665873655563124,images/typical/BN138/2020-04-28.png
BN138_2020-04-29,BN138,2020-04-29,1,typical,2020-04-23,2020-04-29,7,0,0.4644513063460938,images/typical/BN138/2020-04-29.png
BN138_2020-04-30,BN138,2020-04-30,1,typical,2020-04-24,2020-04-30,7,0,0.4772995466114866,images/typical/BN138/2020-04-30.png
BN138_2020-05-01,BN138,2020-05-01,1,typical,2020-04-25,2020-05-01,7,0,0.4503073413628406,images/typical/BN138/2020-05-01.png
BN138_2020-05-02,BN138,2020-05-02,1,typical,2020-04-26,2020-05-02,7,0,0.2872857790109911,images/typical/BN138/2020-05-02.png
BN138_2020-05-03,BN138,2020-05-03,1,typical,2020-04-27,2020-05-03,7,0,0.24811935487757747,images/typical/BN138/2020-05-03.png
BN138_2020-05-04,BN138,2020-05-04,1,typical,2020-04-28,2020-05-04,7,0,0.34368718786305935,images/typical/BN138/2020-05-04.png
BN138_2020-05-05,BN138,2020-05-05,1,typical,2020-04-29,2020-05-05,7,0,0.38775300598024154,images/typical/BN138/2020-05-05.png
BN138_2020-05-06,BN138,2020-05-06,1,typical,2020-04-30,2020-05-06,7,0,0.22975735268103226,images/typical/BN138/2020-05-06.png
BN138_2020-05-07,BN138,2020-05-07,1,typical,2020-05-01,2020-05-07,7,0,0.0923268581017404,images/typical/BN138/2020-05-07.png
BN138_2020-05-08,BN138,2020-05-08,1,typical,2020-05-02,2020-05-08,7,0,0.06076518211339684,images/typical/BN138/2020-05-08.png
BN138_2020-05-09,BN138,2020-05-09,1,typical,2020-05-03,2020-05-09,7,0,0.16928429301007047,images/typical/BN138/2020-05-09.png
BN138_2020-05-10,BN138,2020-05-10,1,typical,2020-05-04,2020-05-10,7,0,0.4010278763850655,images/typical/BN138/2020-05-10.png
BN138_2020-05-11,BN138,2020-05-11,1,typical,2020-05-05,2020-05-11,7,0,0.5486513238004376,images/typical/BN138/2020-05-11.png
BN138_2020-05-12,BN138,2020-05-12,1,typical,2020-05-06,2020-05-12,7,0,0.23280787302718045,images/typical/BN138/2020-05-12.png
BN138_2020-05-13,BN138,2020-05-13,1,typical,2020-05-07,2020-05-13,7,0,0.34901697907576934,images/typical/BN138/2020-05-13.png
BN138_2020-05-14,BN138,2020-05-14,1,typical,2020-05-08,2020-05-14,7,0,0.18755142027558097,images/typical/BN138/2020-05-14.png
BN138_2020-05-15,BN138,2020-05-15,1,typical,2020-05-09,2020-05-15,7,0,0.10601293784747946,images/typical/BN138/2020-05-15.png
BN138_2020-05-16,BN138,2020-05-16,1,typical,2020-05-10,2020-05-16,7,0,0.09154389349363261,images/typical/BN138/2020-05-16.png
BN138_2020-05-17,BN138,2020-05-17,1,typical,2020-05-11,2020-05-17,7,0,0.1591598889174093,images/typical/BN138/2020-05-17.png
BN138_2020-05-18,BN138,2020-05-18,1,typical,2020-05-12,2020-05-18,7,0,0.41096225379468687,images/typical/BN138/2020-05-18.png
BN138_2020-05-19,BN138,2020-05-19,1,typical,2020-05-13,2020-05-19,7,0,0.36883746425203606,images/typical/BN138/2020-05-19.png
BN138_2020-05-20,BN138,2020-05-20,1,typical,2020-05-14,2020-05-20,7,0,0.4065200891928434,images/typical/BN138/2020-05-20.png
BN138_2020-05-21,BN138,2020-05-21,1,typical,2020-05-15,2020-05-21,7,0,0.3698293288308508,images/typical/BN138/2020-05-21.png
BN138_2020-05-22,BN138,2020-05-22,1,typical,2020-05-16,2020-05-22,7,0,0.2454775950642977,images/typical/BN138/2020-05-22.png
BN138_2020-05-23,BN138,2020-05-23,1,typical,2020-05-17,2020-05-23,7,0,0.4070850269767233,images/typical/BN138/2020-05-23.png
BN138_2020-05-24,BN138,2020-05-24,1,typical,2020-05-18,2020-05-24,7,0,0.5300215887294011,images/typical/BN138/2020-05-24.png
BN138_2020-05-25,BN138,2020-05-25,1,typical,2020-05-19,2020-05-25,7,0,0.6154159538874769,images/typical/BN138/2020-05-25.png
BN138_2020-05-26,BN138,2020-05-26,1,typical,2020-05-20,2020-05-26,7,0,0.501468264474032,images/typical/BN138/2020-05-26.png
BN138_2020-05-27,BN138,2020-05-27,1,typical,2020-05-21,2020-05-27,7,0,0.2869022632707888,images/typical/BN138/2020-05-27.png
BN138_2020-05-28,BN138,2020-05-28,1,typical,2020-05-22,2020-05-28,7,0,0.31226826897999876,images/typical/BN138/2020-05-28.png
BN138_2020-05-29,BN138,2020-05-29,1,typical,2020-05-23,2020-05-29,7,0,0.12139980374939878,images/typical/BN138/2020-05-29.png
BN138_2020-05-30,BN138,2020-05-30,1,typical,2020-05-24,2020-05-30,7,0,0.1276096839014786,images/typical/BN138/2020-05-30.png
BN138_2020-05-31,BN138,2020-05-31,1,typical,2020-05-25,2020-05-31,7,0,0.2414527068736118,images/typical/BN138/2020-05-31.png
BN138_2020-06-01,BN138,2020-06-01,1,typical,2020-05-26,2020-06-01,7,0,0.3168437695530867,images/typical/BN138/2020-06-01.png
BN138_2020-06-02,BN138,2020-06-02,1,typical,2020-05-27,2020-06-02,7,0,0.47569820678243846,images/typical/BN138/2020-06-02.png
BN138_2020-06-03,BN138,2020-06-03,1,typical,2020-05-28,2020-06-03,7,0,0.5482683046396931,images/typical/BN138/2020-06-03.png
BN138_2020-06-04,BN138,2020-06-04,1,typical,2020-05-29,2020-06-04,7,0,0.3437718804058183,images/typical/BN138/2020-06-04.png
BN138_2020-06-05,BN138,2020-06-05,1,typical,2020-05-30,2020-06-05,7,0,0.16669897131265807,images/typical/BN138/2020-06-05.png
BN138_2020-06-06,BN138,2020-06-06,1,typical,2020-05-31,2020-06-06,7,0,0.21171173659946782,images/typical/BN138/2020-06-06.png
BN138_2020-06-07,BN138,2020-06-07,1,typical,2020-06-01,2020-06-07,7,0,0.19286903734611524,images/typical/BN138/2020-06-07.png
BN138_2020-06-08,BN138,2020-06-08,1,typical,2020-06-02,2020-06-08,7,0,0.159762482263917,images/typical/BN138/2020-06-08.png
BN138_2020-06-09,BN138,2020-06-09,1,typical,2020-06-03,2020-06-09,7,0,0.15385417743912375,images/typical/BN138/2020-06-09.png
BN138_2020-06-10,BN138,2020-06-10,1,typical,2020-06-04,2020-06-10,7,0,0.17794901909623692,images/typical/BN138/2020-06-10.png
BN138_2020-06-11,BN138,2020-06-11,1,typical,2020-06-05,2020-06-11,7,0,0.20474521038658483,images/typical/BN138/2020-06-11.png
BN138_2020-06-12,BN138,2020-06-12,1,typical,2020-06-06,2020-06-12,7,0,0.3951961968647799,images/typical/BN138/2020-06-12.png
BN138_2020-06-13,BN138,2020-06-13,1,typical,2020-06-07,2020-06-13,7,0,0.3313325818828465,images/typical/BN138/2020-06-13.png
BN138_2020-06-14,BN138,2020-06-14,1,typical,2020-06-08,2020-06-14,7,0,0.2257126438011059,images/typical/BN138/2020-06-14.png
BN138_2020-06-15,BN138,2020-06-15,1,typical,2020-06-09,2020-06-15,7,0,0.33667401831339994,images/typical/BN138/2020-06-15.png
BN138_2020-06-16,BN138,2020-06-16,1,typical,2020-06-10,2020-06-16,7,0,0.3257085091314676,images/typical/BN138/2020-06-16.png
BN138_2020-06-17,BN138,2020-06-17,1,typical,2020-06-11,2020-06-17,7,0,0.3337587359910834,images/typical/BN138/2020-06-17.png
BN138_2020-06-18,BN138,2020-06-18,1,typical,2020-06-12,2020-06-18,7,0,0.44556393168843456,images/typical/BN138/2020-06-18.png
BN138_2020-06-19,BN138,2020-06-19,1,typical,2020-06-13,2020-06-19,7,0,0.4117397798759937,images/typical/BN138/2020-06-19.png
BN138_2020-06-20,BN138,2020-06-20,1,typical,2020-06-14,2020-06-20,7,0,0.5587229102038132,images/typical/BN138/2020-06-20.png
BN138_2020-06-21,BN138,2020-06-21,1,typical,2020-06-15,2020-06-21,7,0,0.5646681698105303,images/typical/BN138/2020-06-21.png
BN138_2020-06-22,BN138,2020-06-22,1,typical,2020-06-16,2020-06-22,7,0,0.418046512480048,images/typical/BN138/2020-06-22.png
BN138_2020-06-23,BN138,2020-06-23,1,typical,2020-06-17,2020-06-23,7,0,0.36139788681839835,images/typical/BN138/2020-06-23.png
BN138_2020-06-24,BN138,2020-06-24,1,typical,2020-06-18,2020-06-24,7,0,0.344850090876593,images/typical/BN138/2020-06-24.png
BN138_2020-06-25,BN138,2020-06-25,1,typical,2020-06-19,2020-06-25,7,0,0.3378227397907095,images/typical/BN138/2020-06-25.png
BN138_2020-06-26,BN138,2020-06-26,1,typical,2020-06-20,2020-06-26,7,0,0.3368317264133528,images/typical/BN138/2020-06-26.png
BN138_2020-06-27,BN138,2020-06-27,1,typical,2020-06-21,2020-06-27,7,0,0.2995937034871281,images/typical/BN138/2020-06-27.png
BN138_2020-06-28,BN138,2020-06-28,1,typical,2020-06-22,2020-06-28,7,0,0.19871712356058976,images/typical/BN138/2020-06-28.png
BN138_2020-06-29,BN138,2020-06-29,1,typical,2020-06-23,2020-06-29,7,0,0.2016159646406304,images/typical/BN138/2020-06-29.png
BN138_2020-06-30,BN138,2020-06-30,1,typical,2020-06-24,2020-06-30,7,0,0.2958143452975129,images/typical/BN138/2020-06-30.png
