sample_id,building_id,date,class_id,class_name,daily_total,reference_daily_total,activity_ratio,peak_factor,pearson_24h,h00,h01,h02,h03,h04,h05,h06,h07,h08,h09,h10,h11,h12,h13,h14,h15,h16,h17,h18,h19,h20,h21,h22,h23
BN056_2019-11-28,BN056,2019-11-28,0,low activity,462.26,720.96,0.6411728806036395,2.51339073248821,0.800824505153644,11.94,11.42,11.91,11.26,12.09,18.08,23.02,22.43,23.58,24.53,24.62,23.24,22.75,48.41,27.19,21.8,21.14,21.71,19.55,17.23,11.19,10.71,10.8,11.66
BN056_2019-12-07,BN056,2019-12-07,0,low activity,448.87,720.96,0.6226004216600088,2.264887383875064,0.9027419416443007,10.29,10.97,11.76,10.26,9.7,10.47,20.14,20.86,22.44,27.99,24.71,27.03,42.36,26.76,24.14,24.12,23.95,21.76,20.95,18.87,9.86,9.69,9.83,9.96
BN056_2019-12-08,BN056,2019-12-08,0,low activity,413.75,720.96,0.5738875943186862,1.4182477341389728,0.9681000759903079,9.83,10.35,9.72,9.77,10.32,9.8,20.71,21.51,23.63,22.99,22.99,22.33,22.8,22.93,24.45,23.71,24.27,22.03,20.08,17.73,9.97,9.82,11.25,10.76
BN056_2019-12-14,BN056,2019-12-14,0,low activity,463.41999999999996,720.96,0.6427818464269861,2.477061844547063,0.811885344571825,9.92,10.61,11.69,10.75,11.58,11.65,20.48,21.45,22.68,22.25,26.18,40.15,47.83,37.93,25.18,18.73,20.2,18.93,17.38,16.14,9.77,11.04,10.02,10.88
BN056_2019-12-22,BN056,2019-12-22,0,low activity,459.9,720.96,0.6378994673768308,1.892759295499022,0.9421137785510428,11.28,10.6,11.43,12.05,11.44,11.36,21.32,24.3,24.61,23.31,26.68,30.7,36.27,27.35,23.04,23.86,25.61,22.28,20.5,17.97,11.07,11.0,10.89,10.98
BN056_2019-12-23,BN056,2019-12-23,0,low activity,448.54,720.96,0.6221426986240568,1.40937263120346,0.9727076532135853,10.67,11.12,11.28,11.53,10.96,18.32,21.88,23.12,23.08,23.51,23.51,26.34,26.26,25.79,25.72,24.9,24.46,24.62,21.93,17.81,10.41,10.56,10.1,10.66
BN056_2019-12-24,BN056,2019-12-24,0,low activity,458.79999999999995,720.96,0.6363737239236572,1.3987794245858765,0.9733914964906465,10.87,10.79,11.67,10.65,11.79,17.43,22.39,23.88,24.8,26.74,25.51,25.64,25.54,25.27,26.04,25.66,25.83,24.98,20.6,18.12,11.07,11.12,10.46,11.95
BN056_2019-12-30,BN056,2019-12-30,0,low activity,467.64,720.96,0.6486351531291611,1.4416217603284578,0.9141901149754825,11.61,12.31,12.86,12.71,12.45,19.54,28.09,25.9,24.7,23.87,24.77,24.07,24.99,25.09,24.02,24.37,24.29,25.89,22.89,15.76,13.1,12.39,10.7,11.27
BN056_2019-12-31,BN056,2019-12-31,0,low activity,449.58000000000004,720.96,0.6235852197070573,1.4034432136660882,0.9539368910575635,11.08,11.09,10.89,11.21,11.53,17.01,26.19,24.83,23.77,22.98,23.73,25.61,24.55,25.64,26.29,24.71,23.98,24.8,19.71,16.26,10.58,11.4,10.2,11.54
BN077_2019-08-01,BN077,2019-08-01,0,low activity,29.789999999999996,66.59,0.44736446913951033,9.224572004028198,0.5388709926851527,11.45,9.58,0.01,0.01,0.01,1.68,0.07,0.08,0.17,0.32,0.28,0.33,0.49,0.83,0.34,0.41,0.34,2.3,0.22,0.26,0.26,0.12,0.11,0.12
BN077_2019-08-05,BN077,2019-08-05,0,low activity,33.550000000000004,66.59,0.5038294038143866,8.569895678092399,0.5133937076144748,11.98,9.68,1.92,0.79,1.89,1.25,0.08,0.21,0.23,0.63,0.69,0.74,0.6,0.6,0.48,0.41,0.33,0.25,0.21,0.2,0.17,0.06,0.07,0.08
BN077_2019-08-06,BN077,2019-08-06,0,low activity,38.53,66.59,0.5786154077188767,7.748767194393978,0.7357025277449802,0.02,0.01,0.03,0.01,0.01,0.06,0.1,0.14,0.18,0.33,0.34,0.32,0.48,0.43,0.33,0.5,0.41,0.41,0.26,0.35,0.15,9.4,12.44,11.82
BN077_2019-08-07,BN077,2019-08-07,0,low activity,33.75,66.59,0.5068328577864544,8.519111111111112,0.5160631544008791,11.98,9.51,1.88,0.67,1.83,1.11,0.12,0.12,0.32,0.45,1.93,0.54,0.52,0.55,0.36,0.45,0.27,0.32,0.2,0.15,0.09,0.09,0.18,0.11
BN077_2019-08-08,BN077,2019-08-08,0,low activity,5.5600000000000005,66.59,0.08349602042348701,2.7625899280575537,-0.3523168781005483,0.02,0.01,0.0,0.02,0.01,0.04,0.07,0.14,0.16,0.35,0.52,0.64,0.44,0.43,0.38,0.48,0.41,0.38,0.29,0.18,0.15,0.08,0.29,0.07
BN077_2019-08-09,BN077,2019-08-09,0,low activity,10.7,66.59,0.16068478750563145,4.261682242990655,-0.2979192301022333,0.1,0.02,1.87,0.77,1.9,1.29,0.09,0.16,0.27,0.32,0.47,0.41,0.41,0.28,0.37,0.39,0.33,0.45,0.25,0.14,0.16,0.11,0.13,0.01
BN077_2019-08-13,BN077,2019-08-13,0,low activity,32.010000000000005,66.59,0.48070280822946393,3.388940955951264,-0.2922919332919587,0.33,0.08,0.06,0.06,0.06,0.5,0.87,1.01,0.99,1.46,1.79,4.52,3.48,1.78,1.87,1.88,1.89,1.77,1.49,1.37,1.45,1.06,1.31,0.93
BN077_2019-08-16,BN077,2019-08-16,0,low activity,37.339999999999996,66.59,0.5607448565850728,1.4654525977504018,-0.40091036722014445,0.49,0.08,2.01,0.91,1.96,1.62,0.94,1.04,1.51,1.83,2.14,2.28,1.85,1.84,1.9,1.9,1.88,1.79,1.55,1.4,1.54,1.6,1.67,1.61
BN077_2019-12-10,BN077,2019-12-10,0,low activity,17.18,66.59,0.2579966962006307,3.3108265424912693,-0.19746685029791022,0.72,0.2,0.01,0.0,0.0,0.0,0.0,0.0,0.0,0.07,0.68,1.3,1.81,2.37,2.36,2.04,2.08,1.82,0.43,0.33,0.18,0.27,0.26,0.25
BN077_2019-12-11,BN077,2019-12-11,0,low activity,15.03,66.59,0.225709566000901,3.305389221556886,-0.3163913805186889,0.11,0.01,0.01,1.08,0.0,0.0,0.0,0.0,0.0,0.1,0.05,0.59,1.65,1.63,2.07,2.01,2.0,1.73,0.41,0.65,0.41,0.22,0.19,0.11
BN077_2019-12-12,BN077,2019-12-12,0,low activity,12.05,66.59,0.18095810181708966,3.346058091286307,-0.3243561074218975,0.03,0.03,0.02,0.0,0.0,0.0,0.01,0.02,0.0,0.07,0.74,1.15,1.38,1.65,1.49,1.59,1.68,1.31,0.34,0.13,0.13,0.23,0.03,0.02
BN077_2019-12-13,BN077,2019-12-13,0,low activity,8.509999999999998,66.59,0.12779696651148817,3.6380728554641606,-0.35336033102336967,0.01,0.0,0.02,1.14,0.0,0.0,0.0,0.0,0.01,0.01,0.39,0.57,0.63,1.15,1.14,1.23,1.29,0.77,0.09,0.01,0.01,0.01,0.01,0.02
BN077_2019-12-14,BN077,2019-12-14,0,low activity,3.4499999999999997,66.59,0.05180958101817089,8.208695652173914,-0.2701256575127609,0.0,0.0,0.07,1.18,0.0,0.0,0.0,0.0,0.0,0.0,0.11,0.19,0.3,0.26,0.41,0.22,0.23,0.42,0.06,0.0,0.0,0.0,0.0,0.0
BN077_2019-12-15,BN077,2019-12-15,0,low activity,0.87,66.59,0.013065024778495268,4.9655172413793105,-0.28858982806421585,0.0,0.0,0.0,0.02,0.0,0.0,0.0,0.0,0.0,0.0,0.05,0.15,0.17,0.06,0.08,0.18,0.05,0.11,0.0,0.0,0.0,0.0,0.0,0.0
BN077_2019-12-16,BN077,2019-12-16,0,low activity,6.42,66.59,0.09641087250337887,5.457943925233645,-0.3731234384195107,0.0,0.0,0.05,1.46,0.44,0.3,0.91,0.54,0.0,0.0,0.01,0.23,0.4,0.29,0.4,0.49,0.52,0.3,0.0,0.0,0.0,0.0,0.0,0.08
BN077_2019-12-17,BN077,2019-12-17,0,low activity,4.380000000000001,66.59,0.06577564198828653,2.958904109589041,-0.1120381059458053,0.38,0.22,0.52,0.54,0.52,0.53,0.46,0.54,0.0,0.0,0.02,0.0,0.01,0.01,0.01,0.19,0.28,0.14,0.0,0.01,0.0,0.0,0.0,0.0
BN077_2019-12-18,BN077,2019-12-18,0,low activity,2.85,66.59,0.04279921910196726,9.936842105263157,-0.25410456898084655,0.0,0.0,0.04,1.18,0.0,0.0,0.0,0.0,0.06,0.02,0.02,0.15,0.25,0.26,0.23,0.28,0.22,0.14,0.0,0.0,0.0,0.0,0.0,0.0
BN077_2019-12-19,BN077,2019-12-19,0,low activity,5.59,66.59,0.08394653851929719,2.6618962432915922,-0.14534535430136128,0.3,0.55,0.22,0.55,0.59,0.6,0.53,0.62,0.01,0.0,0.11,0.11,0.24,0.15,0.11,0.26,0.55,0.09,0.0,0.0,0.0,0.0,0.0,0.0
BN077_2019-12-20,BN077,2019-12-20,0,low activity,6.18,66.59,0.09280672773689742,6.174757281553398,-0.28651662204079115,0.0,0.3,0.3,1.59,0.59,0.83,0.55,0.55,0.23,0.0,0.12,0.09,0.13,0.19,0.19,0.31,0.16,0.05,0.0,0.0,0.0,0.0,0.0,0.0
BN077_2019-12-21,BN077,2019-12-21,0,low activity,2.0100000000000002,66.59,0.030184712419282177,12.656716417910447,-0.2016795618917262,0.0,0.0,0.29,1.06,0.0,0.0,0.0,0.23,0.0,0.0,0.02,0.06,0.08,0.12,0.07,0.02,0.06,0.0,0.0,0.0,0.0,0.0,0.0,0.0
BN077_2019-12-22,BN077,2019-12-22,0,low activity,0.35,66.59,0.005256044451118786,4.800000000000001,-0.3122559917558932,0.0,0.0,0.0,0.02,0.0,0.0,0.0,0.0,0.0,0.0,0.01,0.07,0.02,0.06,0.05,0.05,0.03,0.04,0.0,0.0,0.0,0.0,0.0,0.0
BN077_2019-12-23,BN077,2019-12-23,0,low activity,24.310000000000002,66.59,0.3650698303048506,9.359111476758535,-0.22396711494638483,0.0,0.0,0.02,1.14,0.0,0.0,0.0,0.0,0.0,0.77,0.0,0.0,1.76,7.24,2.99,0.0,9.48,0.91,0.0,0.0,0.0,0.0,0.0,0.0
BN077_2019-12-24,BN077,2019-12-24,0,low activity,9.3,66.59,0.13966060970115635,21.961290322580645,-0.1288977053796926,0.0,0.0,0.0,0.02,0.0,0.0,0.0,8.51,0.77,0.0,0.0,0.0,0.0,0.0,0.0,0.0,0.0,0.0,0.0,0.0,0.0,0.0,0.0,0.0
BN077_2019-12-25,BN077,2019-12-25,0,low activity,29.75,66.59,0.44676377834509684,7.470252100840336,-0.15155230439772865,0.0,0.0,0.0,0.02,0.0,0.0,0.0,8.63,0.8,0.0,0.0,0.0,9.19,0.93,0.0,0.0,0.01,9.26,0.91,0.0,0.0,0.0,0.0,0.0
BN077_2019-12-26,BN077,2019-12-26,0,low activity,0.18,66.59,0.0027031085748610902,9.333333333333334,-0.20276575666100288,0.0,0.0,0.0,0.02,0.0,0.0,0.0,0.0,0.0,0.0,0.0,0.07,0.03,0.06,0.0,0.0,0.0,0.0,0.0,0.0,0.0,0.0,0.0,0.0
BN077_2019-12-27,BN077,2019-12-27,0,low activity,0.02,66.59,0.0003003453972067878,24.0,-0.11921683928293413,0.0,0.0,0.0,0.02,0.0,0.0,0.0,0.0,0.0,0.0,0.0,0.0,0.0,0.0,0.0,0.0,0.0,0.0,0.0,0.0,0.0,0.0,0.0,0.0
BN077_2019-12-28,BN077,2019-12-28,0,low activity,1.4900000000000002,66.59,0.022375732091905694,9.986577181208052,0.6873779925786452,0.0,0.0,0.0,0.02,0.0,0.0,0.0,0.0,0.0,0.0,0.0,0.0,0.0,0.0,0.0,0.0,0.0,0.0,0.0,0.0,0.0,0.62,0.31,0.54
BN077_2019-12-29,BN077,2019-12-29,0,low activity,36.11,66.59,0.5422736146568553,6.274162281916366,-0.12791791546601716,0.83,0.6,0.44,0.91,0.82,0.91,0.91,8.63,1.07,0.0,0.0,0.0,9.2,0.89,0.0,0.0,0.0,9.44,0.92,0.0,0.0,0.0,0.23,0.31
BN077_2019-12-30,BN077,2019-12-30,0,low activity,33.67,66.59,0.5056314761976273,6.907038907038906,-0.16018390927283,0.3,0.52,0.44,1.74,0.52,0.31,0.54,8.35,0.72,0.0,0.0,0.0,9.69,0.94,0.0,0.0,0.0,8.72,0.88,0.0,0.0,0.0,0.0,0.0
BN077_2019-12-31,BN077,2019-12-31,0,low activity,17.2,66.59,0.2582970415978375,11.58139534883721,-0.08547336679248958,0.0,0.0,0.0,0.02,0.0,0.0,0.0,0.68,0.0,0.0,0.0,0.0,7.27,0.0,0.0,0.0,0.93,8.3,0.0,0.0,0.0,0.0,0.0,0.0
BN077_2020-01-01,BN077,2020-01-01,0,low activity,28.4,66.59,0.42649046403363866,6.692957746478873,-0.1664234462890062,0.0,0.0,3.36,1.23,0.22,0.31,0.31,7.11,0.31,0.0,0.0,0.0,7.53,0.02,0.03,0.02,0.03,7.92,0.0,0.0,0.0,0.0,0.0,0.0
BN077_2020-01-02,BN077,2020-01-02,0,low activity,17.490000000000002,66.59,0.262652049857336,10.099485420240136,-0.11923750405924606,0.0,0.0,0.0,0.02,0.59,0.25,0.31,7.36,0.29,0.0,0.0,0.27,0.24,0.13,0.31,0.27,0.15,7.3,0.0,0.0,0.0,0.0,0.0,0.0
BN077_2020-01-03,BN077,2020-01-03,0,low activity,19.490000000000002,66.59,0.29268658957801474,8.9153412006157,-0.20916485023822803,0.0,0.59,0.23,1.13,0.29,0.6,0.62,0.62,0.0,6.9,0.0,0.13,0.34,0.3,0.3,7.24,0.12,0.08,0.0,0.0,0.0,0.0,0.0,0.0
BN077_2020-01-04,BN077,2020-01-04,0,low activity,16.78,66.59,0.251989788256495,10.469606674612633,-0.21241779513023262,0.0,0.0,0.0,1.19,0.22,0.23,0.53,0.54,0.0,6.25,0.02,0.07,0.09,0.07,0.08,7.32,0.07,0.1,0.0,0.0,0.0,0.0,0.0,0.0
BN077_2020-01-05,BN077,2020-01-05,0,low activity,16.509999999999998,66.59,0.2479351253942033,10.088431253785586,-0.21272796450217477,0.0,0.0,0.37,0.18,0.51,0.23,0.54,0.56,0.23,6.31,0.05,0.02,0.11,0.06,0.15,6.94,0.19,0.06,0.0,0.0,0.0,0.0,0.0,0.0
BN077_2020-01-06,BN077,2020-01-06,0,low activity,19.54,66.59,0.29343745307103164,9.138178096212897,-0.24212686752298912,0.0,0.0,0.0,1.39,0.3,0.31,0.57,0.62,0.31,6.49,0.2,0.32,0.39,0.34,0.14,7.44,0.47,0.12,0.11,0.01,0.01,0.0,0.0,0.0
BN077_2020-01-07,BN077,2020-01-07,0,low activity,16.650000000000002,66.59,0.2500375431746509,10.06126126126126,-0.2016297437496014,0.0,0.0,0.3,0.03,0.0,0.0,0.0,0.0,0.0,6.98,0.05,0.6,0.32,0.27,0.36,6.9,0.39,0.43,0.02,0.0,0.0,0.0,0.0,0.0
BN077_2020-01-08,BN077,2020-01-08,0,low activity,18.759999999999998,66.59,0.2817239825799669,9.287846481876333,-0.23124076481983574,0.02,0.0,0.0,1.09,0.3,0.31,0.55,0.62,0.0,6.54,0.16,0.16,0.46,0.25,0.47,7.26,0.28,0.29,0.0,0.0,0.0,0.0,0.0,0.0
BN077_2020-01-09,BN077,2020-01-09,0,low activity,13.52,66.59,0.20303348851178854,12.65680473372781,-0.18293541789266318,0.0,0.0,0.0,0.0,0.0,0.0,0.0,0.0,0.0,5.47,0.0,0.0,0.35,0.22,0.28,7.13,0.05,0.01,0.01,0.0,0.0,0.0,0.0,0.0
BN077_2020-01-10,BN077,2020-01-10,0,low activity,5.75,66.59,0.08634930169695149,4.63304347826087,-0.40828201840124706,0.0,0.0,0.0,1.11,0.0,0.31,0.23,0.62,0.0,0.0,0.12,0.42,0.69,0.34,0.4,0.56,0.6,0.3,0.02,0.01,0.01,0.0,0.0,0.01
BN077_2020-01-11,BN077,2020-01-11,0,low activity,18.950000000000003,66.59,0.28457726385343146,10.752506596306068,0.3908735781973638,2.76,8.49,0.59,1.5,0.56,0.23,0.62,0.62,0.31,0.0,0.05,0.25,0.38,0.41,0.32,0.5,0.68,0.31,0.07,0.02,0.03,0.0,0.01,0.24
BN077_2020-01-12,BN077,2020-01-12,0,low activity,10.71,66.59,0.16083496020423488,2.7787114845938374,-0.3108405501866399,0.24,0.45,0.3,0.61,0.59,0.61,0.54,0.61,0.0,0.0,0.0,0.25,0.37,0.65,0.97,0.92,0.93,1.24,0.37,0.41,0.23,0.24,0.13,0.05
BN077_2020-01-13,BN077,2020-01-13,0,low activity,22.6,66.59,0.3393902988436702,2.4743362831858406,-0.3610994953084574,0.1,0.3,0.22,1.41,0.27,0.52,0.24,0.55,0.32,0.31,0.44,0.6,2.18,2.23,2.33,2.02,2.31,2.15,1.12,0.91,0.67,0.61,0.43,0.36
BN077_2020-03-12,BN077,2020-03-12,0,low activity,1.51,66.59,0.02267607748911248,4.291390728476822,-0.36296007293713883,0.0,0.0,0.0,0.0,0.0,0.0,0.0,0.0,0.0,0.01,0.0,0.17,0.27,0.18,0.2,0.15,0.09,0.17,0.15,0.05,0.07,0.0,0.0,0.0
BN077_2020-03-13,BN077,2020-03-13,0,low activity,1.02,66.59,0.015317615257546177,4.470588235294118,-0.3454789285391056,0.0,0.0,0.0,0.0,0.0,0.0,0.0,0.0,0.0,0.06,0.12,0.19,0.17,0.06,0.13,0.15,0.14,0.0,0.0,0.0,0.0,0.0,0.0,0.0
BN077_2020-03-14,BN077,2020-03-14,0,low activity,0.6100000000000001,66.59,0.00916053461480703,5.901639344262294,-0.3119076811799629,0.0,0.0,0.0,0.0,0.0,0.0,0.0,0.0,0.0,0.0,0.02,0.03,0.01,0.04,0.14,0.03,0.15,0.06,0.07,0.06,0.0,0.0,0.0,0.0
BN077_2020-03-18,BN077,2020-03-18,0,low activity,0.63,66.59,0.009460880012013815,7.238095238095238,-0.23833479242892544,0.0,0.0,0.0,0.0,0.0,0.0,0.0,0.0,0.0,0.0,0.06,0.15,0.19,0.15,0.07,0.01,0.0,0.0,0.0,0.0,0.0,0.0,0.0,0.0
BN077_2020-03-19,BN077,2020-03-19,0,low activity,0.6699999999999999,66.59,0.01006157080642739,4.298507462686568,-0.3181615322078248,0.0,0.0,0.0,0.0,0.0,0.0,0.0,0.0,0.0,0.0,0.09,0.07,0.01,0.06,0.1,0.07,0.07,0.12,0.08,0.0,0.0,0.0,0.0,0.0
BN077_2020-03-20,BN077,2020-03-20,0,low activity,0.5800000000000001,66.59,0.008710016518996846,8.275862068965516,-0.23309275493284554,0.0,0.0,0.0,0.0,0.0,0.0,0.0,0.0,0.0,0.0,0.02,0.03,0.02,0.2,0.07,0.03,0.05,0.11,0.02,0.03,0.0,0.0,0.0,0.0
BN077_2020-03-21,BN077,2020-03-21,0,low activity,0.55,66.59,0.008259498423186665,4.363636363636363,-0.35943926143953125,0.0,0.0,0.0,0.0,0.0,0.0,0.0,0.0,0.0,0.0,0.01,0.03,0.07,0.03,0.04,0.04,0.04,0.08,0.02,0.1,0.09,0.0,0.0,0.0
BN077_2020-03-22,BN077,2020-03-22,0,low activity,0.36,66.59,0.0054062171497221805,5.333333333333334,-0.10314093667235609,0.0,0.0,0.0,0.0,0.0,0.0,0.0,0.0,0.0,0.0,0.0,0.02,0.02,0.06,0.01,0.03,0.03,0.01,0.08,0.02,0.02,0.02,0.01,0.03
BN077_2020-03-23,BN077,2020-03-23,0,low activity,2.58,66.59,0.038744556239675626,9.30232558139535,0.10896731802705824,0.29,0.42,1.0,0.24,0.26,0.0,0.0,0.0,0.0,0.0,0.01,0.02,0.06,0.03,0.07,0.04,0.02,0.06,0.03,0.02,0.01,0.0,0.0,0.0
BN077_2020-03-24,BN077,2020-03-24,0,low activity,26.240000000000002,66.59,0.3940531611353056,10.765243902439023,0.26483795329159554,2.41,11.77,10.8,0.0,0.0,0.0,0.0,0.0,0.0,0.0,0.08,0.04,0.18,0.25,0.02,0.04,0.09,0.22,0.18,0.05,0.09,0.02,0.0,0.0
BN077_2020-03-25,BN077,2020-03-25,0,low activity,1.4900000000000002,66.59,0.022375732091905694,5.637583892617449,-0.23975453173804337,0.0,0.0,0.0,0.0,0.0,0.0,0.0,0.0,0.02,0.01,0.01,0.17,0.21,0.18,0.25,0.08,0.35,0.06,0.03,0.02,0.01,0.03,0.04,0.02
BN077_2020-03-26,BN077,2020-03-26,0,low activity,0.4799999999999999,66.59,0.007208289532962906,6.000000000000001,-0.25893612235064345,0.0,0.01,0.0,0.0,0.0,0.0,0.0,0.0,0.0,0.0,0.0,0.03,0.12,0.02,0.12,0.05,0.04,0.04,0.05,0.0,0.0,0.0,0.0,0.0
BN077_2020-03-27,BN077,2020-03-27,0,low activity,26.400000000000002,66.59,0.3964559243129599,10.727272727272727,0.24675581499175753,2.26,11.67,11.8,0.38,0.0,0.0,0.0,0.0,0.0,0.02,0.05,0.0,0.1,0.06,0.03,0.01,0.0,0.02,0.0,0.0,0.0,0.0,0.0,0.0
BN077_2020-03-28,BN077,2020-03-28,0,low activity,0.22,66.59,0.0033037993692746656,9.818181818181818,-0.14680704587783056,0.0,0.0,0.0,0.0,0.0,0.0,0.0,0.0,0.0,0.0,0.0,0.0,0.04,0.0,0.03,0.0,0.02,0.09,0.0,0.04,0.0,0.0,0.0,0.0
BN077_2020-03-29,BN077,2020-03-29,0,low activity,0.2,66.59,0.003003453972067878,8.4,-0.272589043137504,0.0,0.0,0.0,0.0,0.0,0.0,0.0,0.0,0.0,0.0,0.01,0.0,0.0,0.0,0.04,0.07,0.03,0.01,0.02,0.02,0.0,0.0,0.0,0.0
BN077_2020-03-30,BN077,2020-03-30,0,low activity,26.38,66.59,0.3961555789157531,10.462471569370736,0.24657983711284867,2.21,11.5,11.33,0.44,0.0,0.0,0.0,0.0,0.01,0.06,0.03,0.08,0.04,0.08,0.17,0.11,0.19,0.07,0.05,0.01,0.0,0.0,0.0,0.0
BN077_2020-03-31,BN077,2020-03-31,0,low activity,38.61,66.59,0.5798167893077039,7.477855477855478,0.1436388356023976,2.85,11.29,12.03,11.48,0.26,0.0,0.0,0.0,0.0,0.01,0.03,0.04,0.09,0.03,0.08,0.27,0.05,0.04,0.01,0.01,0.01,0.01,0.01,0.01
BN077_2020-04-01,BN077,2020-04-01,0,low activity,1.1199999999999999,66.59,0.016819342243580115,4.071428571428572,-0.38680955652825033,0.0,0.0,0.0,0.0,0.0,0.0,0.0,0.0,0.01,0.01,0.04,0.12,0.16,0.12,0.18,0.19,0.13,0.04,0.05,0.03,0.04,0.0,0.0,0.0
BN077_2020-04-02,BN077,2020-04-02,0,low activity,3.7300000000000004,66.59,0.05601441657906593,5.662198391420911,-0.08286124861043019,0.28,0.27,0.88,0.51,0.23,0.0,0.0,0.0,0.01,0.03,0.11,0.11,0.16,0.4,0.26,0.08,0.2,0.07,0.08,0.02,0.02,0.01,0.0,0.0
BN077_2020-04-03,BN077,2020-04-03,0,low activity,38.489999999999995,66.59,0.578014716924463,7.1395167575993765,0.13223036478566838,2.66,10.62,11.45,10.63,0.09,0.0,0.0,0.0,0.01,0.01,0.02,0.08,2.36,0.19,0.06,0.04,0.09,0.02,0.09,0.02,0.01,0.04,0.0,0.0
BN077_2020-04-04,BN077,2020-04-04,0,low activity,38.269999999999996,66.59,0.5747109175551883,7.061405800888425,0.11441452192552426,2.43,10.09,11.26,11.24,0.77,0.17,0.55,0.27,0.0,0.0,0.01,0.02,1.09,0.01,0.02,0.07,0.04,0.17,0.01,0.02,0.0,0.01,0.02,0.0
BN077_2020-04-06,BN077,2020-04-06,0,low activity,2.99,66.59,0.044901636882414775,6.1806020066889635,0.05345041525295059,0.36,0.29,0.77,0.51,0.56,0.0,0.0,0.0,0.01,0.0,0.01,0.01,0.01,0.05,0.07,0.11,0.07,0.07,0.02,0.05,0.01,0.01,0.0,0.0
BN077_2020-04-07,BN077,2020-04-07,0,low activity,37.96,66.59,0.5700555638984832,6.8977871443624865,0.11264510630010326,2.3,10.03,10.91,10.5,0.49,0.0,0.0,0.0,0.01,1.32,0.14,0.02,1.23,0.05,0.24,0.14,0.09,0.11,0.18,0.07,0.11,0.01,0.01,0.0
BN077_2020-04-08,BN077,2020-04-08,0,low activity,1.4,66.59,0.021024177804475144,13.02857142857143,-0.18059095687748267,0.0,0.0,0.0,0.0,0.0,0.0,0.0,0.0,0.0,0.01,0.05,0.12,0.76,0.09,0.06,0.07,0.1,0.08,0.02,0.04,0.0,0.0,0.0,0.0
BN077_2020-04-10,BN077,2020-04-10,0,low activity,0.36,66.59,0.0054062171497221805,8.0,-0.28777589035069767,0.0,0.0,0.0,0.0,0.0,0.0,0.0,0.0,0.0,0.02,0.0,0.02,0.02,0.0,0.07,0.12,0.05,0.02,0.02,0.01,0.01,0.0,0.0,0.0
BN077_2020-04-11,BN077,2020-04-11,0,low activity,22.200000000000003,66.59,0.3333833908995345,12.054054054054053,0.6563134786617916,0.54,0.52,0.81,0.57,0.67,0.0,0.0,0.0,0.0,0.0,0.0,0.0,0.0,0.0,0.02,0.0,0.0,0.0,0.0,0.0,0.0,0.0,7.92,11.15
BN077_2020-04-12,BN077,2020-04-12,0,low activity,23.79,66.59,0.35726084997747404,11.601513240857503,0.553565895108244,11.5,11.16,1.0,0.0,0.0,0.0,0.0,0.0,0.0,0.0,0.0,0.01,0.0,0.0,0.03,0.01,0.05,0.0,0.02,0.01,0.0,0.0,0.0,0.0
BN077_2020-04-13,BN077,2020-04-13,0,low activity,3.04,66.59,0.04565250037543175,5.921052631578947,0.14178526303156425,0.57,0.29,0.75,0.51,0.68,0.0,0.0,0.0,0.0,0.0,0.01,0.01,0.03,0.01,0.01,0.04,0.04,0.06,0.01,0.02,0.0,0.0,0.0,0.0
BN077_2020-04-14,BN077,2020-04-14,0,low activity,18.580000000000002,66.59,0.2790208740051059,13.743810548977393,0.6276771428641721,0.0,0.0,0.0,0.0,0.0,0.0,0.0,0.0,0.0,0.01,0.05,0.06,0.03,0.03,0.07,0.03,0.08,0.05,0.04,0.02,0.09,0.02,7.36,10.64
BN077_2020-04-15,BN077,2020-04-15,0,low activity,24.42,66.59,0.36672172998948793,11.36117936117936,0.551431118134903,11.56,11.17,1.02,0.0,0.0,0.0,0.0,0.0,0.02,0.0,0.0,0.07,0.03,0.08,0.17,0.03,0.06,0.08,0.05,0.04,0.04,0.0,0.0,0.0
BN077_2020-04-16,BN077,2020-04-16,0,low activity,21.740000000000002,66.59,0.3264754467637784,11.679852805887764,0.6579869982288197,0.54,0.4,0.74,0.2,0.63,0.0,0.0,0.0,0.01,0.03,0.02,0.07,0.04,0.11,0.13,0.06,0.05,0.08,0.08,0.01,0.01,0.01,7.94,10.58
BN077_2020-04-17,BN077,2020-04-17,0,low activity,42.239999999999995,66.59,0.6343294789007358,6.687500000000001,0.8665280198375352,11.77,11.4,1.02,0.0,0.0,0.0,0.0,0.0,0.01,0.0,0.04,0.01,0.04,0.04,0.11,0.03,0.01,0.03,0.01,0.02,0.0,0.01,7.45,10.24
BN077_2020-04-18,BN077,2020-04-18,0,low activity,25.660000000000004,66.59,0.3853431446163088,10.718628215120809,0.5449357127722408,11.46,11.16,1.19,0.25,0.44,0.42,0.52,0.0,0.0,0.0,0.01,0.07,0.03,0.0,0.0,0.01,0.01,0.01,0.03,0.05,0.0,0.0,0.0,0.0
BN077_2020-04-19,BN077,2020-04-19,0,low activity,16.990000000000002,66.59,0.25514341492716625,13.250147145379634,0.6376383240839306,0.0,0.0,0.0,0.0,0.0,0.0,0.0,0.0,0.01,0.0,0.01,0.0,0.01,0.0,0.06,0.05,0.05,0.01,0.03,0.0,0.0,0.02,7.36,9.38
BN077_2020-04-20,BN077,2020-04-20,0,low activity,26.13,66.59,0.3924012614506682,10.195177956371987,0.5400675340714179,11.1,10.98,1.2,0.43,0.55,0.51,0.45,0.0,0.0,0.01,0.3,0.05,0.05,0.02,0.07,0.02,0.02,0.04,0.0,0.22,0.08,0.03,0.0,0.0
BN077_2020-04-21,BN077,2020-04-21,0,low activity,18.66,66.59,0.280222255593933,13.067524115755628,0.6307392799421536,0.0,0.0,0.0,0.0,0.0,0.0,0.0,0.0,0.0,0.1,0.0,0.1,0.12,0.04,0.03,0.16,0.0,0.12,0.11,0.13,0.0,0.0,7.59,10.16
BN077_2020-04-22,BN077,2020-04-22,0,low activity,24.239999999999995,66.59,0.3640186214146267,11.425742574257427,0.5533934640644612,11.54,10.62,1.09,0.0,0.0,0.0,0.0,0.0,0.04,0.02,0.02,0.02,0.16,0.09,0.09,0.1,0.05,0.11,0.03,0.04,0.15,0.03,0.01,0.03
BN077_2020-04-23,BN077,2020-04-23,0,low activity,3.3499999999999996,66.59,0.05030785403213695,4.44179104477612,0.16663504972494447,0.43,0.42,0.58,0.59,0.62,0.0,0.0,0.01,0.0,0.02,0.06,0.09,0.08,0.04,0.05,0.01,0.09,0.06,0.05,0.01,0.01,0.02,0.05,0.06
BN077_2020-04-25,BN077,2020-04-25,0,low activity,27.450000000000003,66.59,0.4122240576663163,10.657923497267758,0.5453574363340841,12.19,11.98,1.08,0.43,0.53,0.43,0.42,0.0,0.0,0.0,0.0,0.01,0.09,0.06,0.1,0.01,0.03,0.0,0.03,0.03,0.0,0.03,0.0,0.0
BN077_2020-04-26,BN077,2020-04-26,0,low activity,19.099999999999998,66.59,0.2868298543324823,13.70890052356021,0.632005323848297,0.0,0.0,0.06,0.0,0.0,0.0,0.0,0.0,0.0,0.0,0.0,0.0,0.03,0.0,0.03,0.04,0.04,0.01,0.03,0.04,0.01,0.0,7.9,10.91
BN077_2020-04-27,BN077,2020-04-27,0,low activity,27.7,66.59,0.41597837513140107,10.44043321299639,0.5471290080964087,12.05,11.9,1.36,0.18,0.47,0.29,0.43,0.0,0.0,0.01,0.01,0.07,0.03,0.06,0.18,0.07,0.08,0.04,0.09,0.14,0.08,0.03,0.06,0.07
BN077_2020-04-28,BN077,2020-04-28,0,low activity,20.02,66.59,0.30064574260399457,13.474525474525477,0.6325068672703771,0.01,0.05,0.0,0.0,0.0,0.0,0.0,0.01,0.01,0.0,0.03,0.07,0.15,0.09,0.11,0.0,0.02,0.02,0.04,0.01,0.04,0.03,8.09,11.24
BN077_2020-04-30,BN077,2020-04-30,0,low activity,39.04,66.59,0.5862742153476498,7.924180327868853,0.5294656735489566,12.89,12.3,3.06,0.24,0.56,0.18,0.28,0.14,0.14,0.3,0.57,0.57,0.87,0.94,0.98,0.73,0.85,0.55,0.76,0.66,0.45,0.38,0.38,0.26
BN077_2020-05-02,BN077,2020-05-02,0,low activity,37.05,66.59,0.5563898483255744,8.25263157894737,0.5190236508927045,12.74,12.18,2.72,0.0,0.54,0.0,0.0,0.02,0.17,0.42,0.65,0.77,0.71,0.95,0.84,0.87,0.92,0.87,0.59,0.49,0.24,0.08,0.2,0.08
BN077_2020-05-03,BN077,2020-05-03,0,low activity,25.57,66.59,0.3839915903288782,10.474775127102072,0.6011275962109033,0.03,0.0,0.07,0.0,0.0,0.0,0.0,0.01,0.11,0.16,0.37,0.44,0.46,0.69,0.66,0.57,0.72,0.76,0.77,0.32,0.32,0.14,7.81,11.16
BN077_2020-05-04,BN077,2020-05-04,0,low activity,36.01,66.59,0.5407718876708214,8.464315467925577,0.5544914995227821,12.7,12.24,1.15,0.54,0.64,0.29,0.49,0.04,0.32,0.33,0.37,0.65,0.58,0.73,0.69,0.74,0.41,0.52,0.62,0.3,0.33,0.31,0.6,0.42
BN077_2020-05-08,BN077,2020-05-08,0,low activity,41.410000000000004,66.59,0.6218651449166541,6.780970780004829,0.6012867276060697,3.68,0.0,0.14,0.0,0.0,0.0,0.0,0.05,0.33,0.33,0.45,0.53,4.15,0.84,0.63,4.12,0.68,0.51,3.94,0.35,0.26,0.3,8.42,11.7
BN077_2020-05-09,BN077,2020-05-09,0,low activity,39.93,66.59,0.5996395855233518,7.3749060856498865,0.3886000811400949,12.27,6.55,0.7,0.29,0.32,0.53,0.3,0.02,0.17,0.57,0.69,0.59,4.78,0.75,0.79,4.16,0.93,0.76,3.98,0.34,0.16,0.13,0.04,0.11
BN077_2020-05-10,BN077,2020-05-10,0,low activity,37.75,66.59,0.5669019372278119,7.292185430463576,0.4732068114833566,0.01,0.0,0.09,0.0,0.0,0.0,0.0,0.01,0.04,3.01,0.08,0.04,3.85,0.21,0.4,4.23,0.55,0.72,4.08,0.26,0.23,0.15,8.32,11.47
BN077_2020-05-11,BN077,2020-05-11,0,low activity,41.99,66.59,0.630575161435651,7.1959990473922355,0.366161552407329,12.59,6.72,0.28,0.54,0.34,0.54,0.0,0.04,0.32,4.67,0.45,0.52,4.5,0.52,0.44,4.35,0.33,0.31,3.88,0.17,0.13,0.12,0.05,0.18
BN077_2020-05-12,BN077,2020-05-12,0,low activity,39.58,66.59,0.594383541072233,7.688731682668014,0.4745921587248841,0.03,0.01,0.0,0.0,0.0,0.0,0.0,0.11,0.08,3.85,0.28,0.46,3.97,0.4,0.21,4.07,0.13,0.22,4.13,0.09,0.09,0.07,8.7,12.68
BN077_2020-05-14,BN077,2020-05-14,0,low activity,32.98,66.59,0.495269559993993,9.285627653123106,0.5224065690602081,12.76,10.17,0.64,0.38,0.46,0.55,0.0,0.0,0.11,0.19,1.65,0.92,0.23,0.51,0.49,1.0,0.92,0.65,0.92,0.11,0.07,0.13,0.06,0.06
BN077_2020-05-15,BN077,2020-05-15,0,low activity,32.11,66.59,0.4822045352154978,8.916848333852382,0.5534131303944203,0.05,0.0,0.0,0.0,0.0,0.0,0.0,0.03,0.22,0.19,0.28,1.7,4.15,0.26,0.29,2.38,0.46,0.33,0.58,0.25,0.2,0.12,8.69,11.93
BN077_2020-05-16,BN077,2020-05-16,0,low activity,36.42,66.59,0.5469289683135606,8.678747940691927,0.5166398623597563,12.94,13.17,0.56,0.57,0.54,0.51,0.02,0.03,0.1,0.26,0.28,0.29,1.2,0.44,0.46,1.37,0.43,0.43,1.92,0.43,0.24,0.05,0.04,0.14
BN077_2020-05-17,BN077,2020-05-17,0,low activity,27.9,66.59,0.41898182910346893,10.030107526881721,0.5739393387700452,0.02,0.0,0.01,0.0,0.0,0.01,0.0,0.01,0.07,0.07,0.08,0.2,1.76,0.39,0.48,2.0,0.36,0.39,1.9,0.31,0.12,0.03,8.03,11.66
BN077_2020-05-18,BN077,2020-05-18,0,low activity,35.37,66.59,0.5311608349602042,8.631043256997456,0.5280794476200171,12.72,12.72,0.41,0.29,0.67,0.28,0.43,0.06,0.17,0.42,0.31,0.5,1.15,0.49,0.31,1.28,0.49,0.48,1.32,0.1,0.27,0.16,0.17,0.17
BN077_2020-05-19,BN077,2020-05-19,0,low activity,31.810000000000002,66.59,0.477699354257396,8.035209053756681,0.5152280695540908,0.02,0.0,0.01,0.0,0.0,0.03,0.0,0.01,0.06,0.22,4.06,0.34,2.6,3.17,0.69,0.8,0.2,0.2,0.74,0.07,0.07,0.01,7.86,10.65
BN077_2020-05-21,BN077,2020-05-21,0,low activity,35.38,66.59,0.5313110076588077,9.252685132843414,0.5211243160816528,13.01,13.64,0.73,0.0,0.3,0.27,1.24,0.29,0.32,0.07,0.22,0.33,0.94,1.19,0.38,0.69,0.3,0.35,0.7,0.09,0.17,0.14,0.01,0.0
BN077_2020-05-22,BN077,2020-05-22,0,low activity,25.21,66.59,0.378585373179156,10.433954779849266,0.620742863600449,0.13,0.0,0.0,0.0,0.0,0.0,0.0,0.0,0.06,0.09,0.19,2.04,0.77,0.17,0.22,0.25,0.05,0.13,0.77,0.18,0.22,0.49,8.49,10.96
BN077_2020-05-28,BN077,2020-05-28,0,low activity,38.309999999999995,66.59,0.5753116083496019,8.08770555990603,0.5294931536993334,12.52,12.91,1.96,0.01,0.45,0.43,0.5,0.55,0.55,0.26,0.38,0.61,1.26,0.76,0.89,1.25,0.62,0.58,0.62,0.18,0.14,0.22,0.37,0.29
BN077_2020-05-29,BN077,2020-05-29,0,low activity,30.089999999999996,66.59,0.45186965009761215,8.86939182452642,0.5794930514995182,0.09,0.0,0.02,0.01,0.0,0.06,0.1,0.13,0.13,0.51,1.4,1.43,1.52,0.98,0.88,1.27,0.58,0.55,0.41,0.3,0.23,0.25,8.12,11.12
BN077_2020-06-05,BN077,2020-06-05,0,low activity,23.24,66.59,0.3490013515542874,10.946643717728055,0.6011550403100349,0.02,0.0,0.04,0.0,0.0,0.07,0.08,0.12,0.39,0.28,0.27,0.25,0.65,0.55,0.24,0.63,0.31,0.06,0.74,0.28,0.1,0.03,7.53,10.6
BN077_2020-06-09,BN077,2020-06-09,0,low activity,32.29,66.59,0.4849076437903589,9.015794363580056,0.5021950377096921,12.13,11.38,6.05,0.0,0.0,0.02,0.03,0.29,0.5,0.05,0.13,0.14,0.17,0.2,0.24,0.21,0.13,0.2,0.12,0.16,0.07,0.03,0.03,0.01
BN077_2020-06-10,BN077,2020-06-10,0,low activity,29.75,66.59,0.44676377834509684,8.64,0.5446623005196235,0.05,0.0,0.04,0.0,0.0,0.0,0.03,3.51,0.08,1.68,0.27,0.42,1.68,0.35,0.37,1.55,0.34,0.36,0.17,0.19,0.05,0.03,7.87,10.71
BN077_2020-06-12,BN077,2020-06-12,0,low activity,32.82,66.59,0.49286679681633877,8.021937842778794,0.5546283690059781,0.05,0.01,0.08,0.01,0.0,0.03,0.07,0.14,0.17,0.15,0.28,0.53,3.81,0.91,0.68,0.9,0.92,3.96,0.63,0.18,0.06,0.09,8.19,10.97
BN077_2020-06-16,BN077,2020-06-16,0,low activity,39.61000000000001,66.59,0.5948340591680433,7.313304721030042,0.44929678256583166,12.07,11.65,9.05,0.01,0.1,0.79,0.13,0.11,0.15,0.33,0.34,0.43,0.55,0.61,0.62,0.65,0.71,0.69,0.33,0.11,0.04,0.05,0.04,0.05
BN077_2020-06-17,BN077,2020-06-17,0,low activity,24.12,66.59,0.3622165490313861,10.666666666666666,0.6091667962816072,0.02,0.0,0.04,0.0,0.0,0.01,0.02,0.03,0.15,0.2,0.31,0.35,0.43,0.53,0.56,0.46,0.89,0.69,0.37,0.19,0.13,0.06,7.96,10.72
BN077_2020-06-19,BN077,2020-06-19,0,low activity,25.0,66.59,0.37543174650848476,10.224,0.6063538955901188,0.02,0.0,0.06,0.0,0.0,0.0,0.0,0.06,0.14,0.21,0.35,0.51,0.49,0.64,0.68,0.68,0.59,0.83,0.46,0.36,0.13,0.06,8.08,10.65
BN077_2020-06-23,BN077,2020-06-23,0,low activity,39.0,66.59,0.5856735245532362,6.443076923076924,0.4372921275117801,0.07,0.0,0.0,0.01,0.91,0.08,0.08,0.11,0.32,0.13,1.62,5.92,5.63,3.81,0.29,0.26,0.17,0.11,0.2,0.29,0.26,0.26,8.0,10.47
BN077_2020-06-26,BN077,2020-06-26,0,low activity,26.840000000000003,66.59,0.4030635230515093,9.818181818181818,0.6055502840281292,0.04,0.0,0.05,0.0,0.0,0.03,0.04,0.05,0.1,0.21,0.29,0.52,0.65,0.92,0.85,0.78,0.88,0.75,0.45,0.27,0.46,0.31,8.21,10.98
BN077_2020-06-30,BN077,2020-06-30,0,low activity,22.729999999999997,66.59,0.3413425439255143,11.424549054113509,0.6188102045868262,0.01,0.0,0.04,0.0,0.64,0.09,0.03,0.06,0.15,0.11,0.11,0.17,0.22,0.34,0.34,0.33,0.39,0.32,0.21,0.16,0.08,0.04,8.07,10.82
BN098_2020-04-19,BN098,2020-04-19,0,low activity,211.23000000000002,325.15999999999997,0.6496186492803544,1.6440846470671777,0.9082530237401611,13.2,12.6,13.15,12.63,13.26,13.22,8.93,4.77,4.56,5.03,5.04,5.1,6.58,4.95,5.03,5.02,5.07,5.02,5.01,10.01,13.03,12.41,13.14,14.47
BN098_2020-04-20,BN098,2020-04-20,0,low activity,209.41,325.15999999999997,0.6440214048468447,1.5288668162933958,0.9153790676344522,13.22,11.22,13.09,13.26,13.1,13.34,9.15,4.99,5.03,5.17,5.15,5.15,5.1,5.1,5.13,4.67,5.23,5.14,4.98,9.16,13.2,13.34,13.22,13.27
BN098_2020-04-21,BN098,2020-04-21,0,low activity,208.14,325.15999999999997,0.6401156353795054,1.5243586047852409,0.9189400222327399,12.64,13.1,13.22,12.63,13.07,12.37,8.56,4.97,5.03,5.13,5.19,4.8,5.1,4.87,5.14,5.25,4.9,5.17,5.12,9.6,13.0,13.14,13.06,13.08
BN098_2020-04-22,BN098,2020-04-22,0,low activity,209.21999999999997,325.15999999999997,0.6434370771312584,1.5187840550616578,0.9198799852354992,13.24,13.18,12.37,12.27,12.33,12.89,8.46,5.11,5.04,6.64,5.12,5.21,5.19,5.14,5.12,5.13,5.04,5.27,4.92,9.6,12.89,12.92,13.09,13.05
BN100_2019-08-01,BN100,2019-08-01,0,low activity,1035.865,1615.465,0.6412178536829953,2.047216577449764,0.1144212676095999,52.18,52.37,52.01,54.52,50.85,58.81,88.36,66.08,52.05,26.79,7.41,3.77,3.485,3.2,1.47,20.27,35.82,54.12,72.35,67.86,53.54,53.48,53.22,51.85
BN100_2019-08-02,BN100,2019-08-02,0,low activity,1001.9449999999999,1615.465,0.6202208032981216,2.118918703122427,0.11773641128977706,51.17,51.08,49.82,53.89,51.28,59.61,88.46,66.01,50.41,28.85,7.37,4.96,2.55,2.685,2.82,18.72,31.63,59.22,54.38,54.53,54.25,53.85,52.05,52.35
BN100_2019-08-11,BN100,2019-08-11,0,low activity,1009.8380000000001,1615.465,0.6251067030235877,1.206847038831971,-0.22477643052646054,50.24,48.91,49.66,49.06,49.83,48.55,47.4,47.29,31.34,36.075,43.085,39.49,36.678,37.745,45.143,25.762,6.38,22.18,42.42,50.78,50.67,50.18,50.57,50.4
BN100_2019-08-16,BN100,2019-08-16,0,low activity,1012.505,1615.465,0.626757620870771,2.1067747813591042,0.0955750769041095,52.95,52.47,51.5,54.76,51.36,60.18,88.88,67.36,51.94,29.16,3.79,2.475,1.16,2.61,4.06,21.84,37.14,54.56,51.75,56.88,54.34,55.06,53.36,52.92
BN100_2019-08-18,BN100,2019-08-18,0,low activity,926.6750000000001,1615.465,0.5736274075885273,1.2835568025467397,-0.3116536565765219,48.62,48.35,48.61,48.42,48.4,48.38,47.64,46.93,28.22,25.93,30.388,25.822,39.425,39.53,21.75,3.97,15.79,24.26,39.27,49.51,49.44,49.56,49.39,49.07
BN100_2019-08-24,BN100,2019-08-24,0,low activity,970.4820000000001,1615.465,0.600744677229157,1.8196318942546073,-0.11397641015245853,52.02,50.73,50.8,50.33,47.37,47.92,47.42,73.58,51.82,16.9,6.79,9.74,23.435,28.515,36.815,46.815,32.702,18.59,40.9,47.51,47.86,47.33,46.56,48.03
BN100_2019-08-25,BN100,2019-08-25,0,low activity,974.0020000000001,1615.465,0.6029236164200401,1.326083519335689,-0.27992675222254715,47.75,47.1,46.97,47.39,47.65,47.93,47.49,46.02,27.6,38.425,20.87,18.2,24.902,29.822,37.052,53.817,38.014,22.21,43.48,48.87,47.87,48.86,48.08,47.63
BN100_2019-09-01,BN100,2019-09-01,0,low activity,974.319,1615.465,0.6031198447505827,1.7866017187389347,-0.18721219949968226,70.67,69.94,69.8,69.12,72.53,71.72,71.62,51.12,27.37,32.395,10.865,5.495,4.3,5.187,14.055,7.892,1.73,31.71,45.82,48.59,48.78,47.75,47.85,48.01
BN100_2019-09-02,BN100,2019-09-02,0,low activity,917.948,1615.465,0.5682252478388575,1.3488345745074886,-0.18952957316856878,48.11,46.43,47.48,47.68,50.73,50.84,48.41,39.74,20.65,49.908,28.718,19.952,18.72,20.828,30.078,17.994,5.91,28.69,45.96,51.08,51.59,49.88,49.51,49.06
BN100_2019-09-07,BN100,2019-09-07,0,low activity,921.8879999999999,1615.465,0.5706641740922892,2.0886702072269085,-0.006162905991737995,50.9,52.06,50.46,49.09,49.29,49.72,49.18,80.23,66.33,11.79,7.85,12.708,13.929,12.001,22.06,15.44,8.82,30.05,45.5,49.41,49.61,48.61,48.22,48.63
BN100_2019-09-08,BN100,2019-09-08,0,low activity,875.5029999999999,1615.465,0.5419510791010638,1.3879107210369357,-0.22684142362206663,48.0,47.94,48.11,47.59,50.29,50.63,49.67,38.14,21.07,36.51,21.58,25.809,25.135,22.126,14.833,7.54,2.91,28.11,46.11,49.61,49.01,48.09,48.52,48.17
BN100_2019-09-14,BN100,2019-09-14,0,low activity,924.7429999999999,1615.465,0.5724314671008038,1.910930928917548,-0.03444080056155405,53.79,52.82,49.38,48.72,48.79,49.46,49.05,73.63,55.61,13.95,2.37,18.79,23.41,4.63,27.685,22.538,17.39,33.68,44.82,47.25,46.49,47.18,46.72,46.59
BN100_2019-09-15,BN100,2019-09-15,0,low activity,908.977,1615.465,0.5626720479861835,1.2990427700590885,-0.2931060433332997,46.61,46.75,46.5,46.37,49.2,48.22,48.1,38.61,26.48,1.51,23.18,31.895,39.14,30.625,41.588,24.619,7.65,30.61,46.41,47.71,46.96,46.76,46.92,46.56
BN100_2019-09-20,BN100,2019-09-20,0,low activity,1036.683,1615.465,0.6417242094381495,1.9159569511605767,0.15720075168992972,48.56,49.5,48.45,46.14,49.8,56.85,82.76,60.94,50.58,28.91,3.94,19.935,11.048,2.16,14.12,32.58,52.31,67.13,58.36,52.09,52.02,50.42,49.69,48.39
BN100_2019-09-21,BN100,2019-09-21,0,low activity,869.6550000000001,1615.465,0.538331068763483,1.7063318212394567,-0.14297928941466267,48.17,48.78,46.53,44.73,44.85,44.25,44.72,61.83,37.06,8.98,25.745,15.58,17.985,20.34,32.67,19.355,6.04,30.23,44.61,46.1,46.4,45.86,45.03,43.81
BN100_2019-09-22,BN100,2019-09-22,0,low activity,912.4789999999999,1615.465,0.564839844874386,1.265125005616568,-0.28933355177520226,42.91,42.93,42.7,42.81,44.41,45.61,45.37,34.85,12.29,25.34,36.782,36.935,28.357,36.31,48.1,29.325,10.55,31.93,45.52,46.63,46.48,44.94,45.3,46.1
BN100_2019-09-29,BN100,2019-09-29,0,low activity,960.585,1615.465,0.594618267805245,1.2015178250753449,-0.2991508101018651,45.65,45.73,46.02,46.45,47.25,47.53,47.44,38.01,16.42,22.335,43.892,37.33,35.595,39.118,48.09,30.405,12.72,35.3,46.43,46.4,45.94,45.61,46.0,44.92
BN100_2019-10-06,BN100,2019-10-06,0,low activity,924.5360000000001,1615.465,0.5723033306199764,1.3501778189275484,-0.2922176487913369,43.95,43.24,43.64,44.03,45.13,45.83,45.47,35.98,12.67,21.545,41.96,36.005,36.418,37.965,52.012,33.541,15.07,33.12,43.41,43.95,42.62,41.9,42.57,42.51
BN100_2019-10-11,BN100,2019-10-11,0,low activity,1007.42,1615.465,0.6236099203634867,1.827241865359036,0.13516921687321515,47.44,47.78,48.07,47.51,49.14,55.76,76.7,66.98,52.62,26.31,1.13,7.635,3.6,8.295,12.99,34.03,54.6,67.02,57.92,50.95,49.58,47.3,46.33,47.73
BN100_2019-10-12,BN100,2019-10-12,0,low activity,907.272,1615.465,0.5616166243155996,1.44009734677142,-0.25430125895470357,46.35,46.22,46.0,45.67,43.92,42.4,42.28,54.44,33.2,4.54,34.05,29.94,28.62,30.365,36.015,27.382,18.75,36.02,43.85,43.84,43.66,43.35,43.14,43.27
BN100_2019-10-13,BN100,2019-10-13,0,low activity,920.806,1615.465,0.5699943978978189,1.7142373094875574,-0.145529583507004,42.9,42.1,42.31,42.52,43.3,43.69,43.03,43.26,19.17,13.97,20.635,62.53,65.77,17.898,39.952,29.081,18.21,35.82,43.09,42.69,42.63,42.09,42.14,42.02
BN100_2019-10-20,BN100,2019-10-20,0,low activity,933.3330000000001,1615.465,0.5777488215467373,1.2034290012246431,-0.3410639516316891,45.75,46.13,45.77,46.05,46.44,46.8,46.35,40.51,15.63,24.585,33.76,27.708,27.595,29.891,41.416,32.478,23.54,40.97,46.15,46.28,45.06,45.53,44.3,44.64
BN100_2019-11-28,BN100,2019-11-28,0,low activity,1037.08,1615.465,0.6419699591139393,1.033054344891426,-0.3300714107452702,44.05,43.63,43.77,43.76,43.77,43.82,43.75,43.68,42.02,41.7,41.44,42.09,41.85,44.64,42.56,42.29,42.07,43.66,43.41,43.93,43.47,43.6,44.33,43.79
BN100_2019-11-29,BN100,2019-11-29,0,low activity,1036.98,1615.465,0.6419080574323802,1.0280622577098883,-0.22844707064294476,43.65,43.94,43.94,43.78,44.4,44.0,43.89,43.52,43.55,41.74,42.14,41.83,41.69,42.99,41.98,42.3,41.78,43.44,43.73,43.52,43.75,44.42,43.39,43.61
BN100_2019-12-15,BN100,2019-12-15,0,low activity,958.66,1615.465,0.5934266604352307,1.0707445809776146,0.0929883571231648,39.86,39.25,38.82,39.39,39.55,39.39,39.62,39.2,38.62,37.81,40.84,42.28,39.71,42.77,41.86,40.56,40.19,41.59,42.51,39.02,38.79,38.79,39.21,39.03
BN100_2019-12-21,BN100,2019-12-21,0,low activity,964.55,1615.465,0.5970726694790665,1.0532579959566637,-0.34661870959863383,39.46,40.61,39.7,39.36,38.81,38.83,38.8,38.54,37.46,37.26,40.55,41.98,42.33,42.19,41.03,38.96,37.21,39.31,41.72,42.16,42.03,42.3,42.06,41.89
BN100_2019-12-22,BN100,2019-12-22,0,low activity,967.7800000000001,1615.465,0.599072093793428,1.0690859492859945,-0.40603791598075967,41.84,42.24,38.92,37.69,38.0,37.92,37.85,37.71,36.54,36.19,39.9,41.45,41.15,40.5,41.11,41.48,41.38,42.79,43.11,42.54,41.84,42.26,42.06,41.31
BN100_2019-12-24,BN100,2019-12-24,0,low activity,941.97,1615.465,0.5830952697830037,1.0267842924933914,-0.0501933385252323,39.74,39.34,39.75,40.04,40.12,39.61,40.3,39.41,40.0,38.6,37.9,37.55,38.34,37.96,38.12,38.95,38.93,39.55,39.57,39.45,39.89,39.76,39.57,39.52
BN100_2019-12-25,BN100,2019-12-25,0,low activity,956.28,1615.465,0.5919534004141223,1.0199523152214833,-0.034972906830819835,40.51,40.55,40.56,40.64,40.26,40.24,40.44,40.61,40.25,39.11,38.76,38.57,39.52,40.07,40.43,38.65,38.02,39.56,39.55,40.29,40.53,39.83,39.67,39.66
BN100_2019-12-28,BN100,2019-12-28,0,low activity,894.08,1615.465,0.5534505544843126,1.0329277022190406,-0.27598075597062594,38.46,38.48,37.84,38.04,38.16,37.8,37.75,37.72,37.31,36.08,36.53,36.43,37.19,36.81,36.18,35.26,35.74,36.6,37.72,37.61,37.52,37.75,37.57,37.53
BN100_2019-12-29,BN100,2019-12-29,0,low activity,889.55,1615.465,0.5506464083096817,1.241886347029397,0.017930491957407906,37.7,37.55,37.39,37.5,37.2,37.08,37.49,37.3,37.27,36.21,35.68,35.8,46.03,36.39,34.88,36.32,34.65,35.57,37.1,36.96,36.61,36.74,37.14,36.99
BN100_2020-01-01,BN100,2020-01-01,0,low activity,940.1299999999999,1615.465,0.5819562788423147,1.0436003531426508,0.0009956725084340708,39.57,39.39,39.57,39.33,39.59,39.92,39.4,39.29,39.62,38.82,40.88,39.41,40.1,40.05,39.3,37.59,37.27,37.96,38.5,38.96,38.73,38.88,39.0,39.0
BN100_2020-01-04,BN100,2020-01-04,0,low activity,906.98,1615.465,0.5614358714054468,1.032525524267349,-0.47099815762780456,38.79,38.47,38.18,38.04,37.64,37.61,37.33,37.66,36.89,37.01,38.24,37.96,37.89,39.02,38.2,36.49,36.27,37.27,37.41,37.69,38.13,37.93,38.44,38.42
BN100_2020-01-05,BN100,2020-01-05,0,low activity,904.08,1615.465,0.5596407226402306,1.0355720732678524,0.12193767306790884,38.41,38.29,38.3,37.98,38.26,37.97,37.98,37.88,38.54,38.22,38.16,38.61,39.01,38.49,38.17,36.22,34.9,36.24,36.88,36.96,37.03,36.79,37.2,37.59
BN100_2020-01-11,BN100,2020-01-11,0,low activity,942.13,1615.465,0.5831943124734984,1.0750108796026026,-0.39918858994864814,40.76,42.2,40.55,40.25,38.18,37.66,37.87,38.12,38.65,38.84,40.1,39.8,40.39,41.27,39.91,37.92,37.57,37.66,39.02,39.2,38.82,39.39,39.14,38.86
BN100_2020-01-12,BN100,2020-01-12,0,low activity,930.88,1615.465,0.5762303732980907,1.0256101753179787,-0.1924396052700616,38.64,39.5,38.86,38.6,39.15,38.68,38.73,38.8,38.32,37.71,38.73,37.96,39.1,39.78,38.41,39.66,38.07,38.92,39.43,39.0,38.36,38.67,38.68,39.12
BN100_2020-01-18,BN100,2020-01-18,0,low activity,925.49,1615.465,0.5728938726620509,1.1311629515175743,-0.4071426812572704,42.41,43.62,39.8,38.67,37.74,37.73,37.59,37.73,38.05,36.88,38.54,40.12,38.94,39.09,38.81,36.53,36.81,36.89,38.18,38.18,38.36,38.45,38.21,38.16
BN100_2020-01-19,BN100,2020-01-19,0,low activity,904.96,1615.465,0.5601854574379513,1.0268741159830268,-0.25212614924875937,38.17,37.8,38.51,38.72,38.38,38.31,38.44,37.35,37.47,36.03,37.21,37.75,37.9,38.23,37.87,37.17,35.93,36.8,37.59,37.68,37.97,37.83,37.86,37.99
BN100_2020-01-20,BN100,2020-01-20,0,low activity,908.49,1615.465,0.5623705867969904,1.0236766502658257,-0.479026449280668,37.96,37.78,38.02,37.84,37.7,37.41,37.61,37.49,36.78,36.68,38.12,38.0,38.14,37.46,37.71,37.0,38.01,38.33,38.05,38.75,38.24,38.41,38.59,38.41
BN100_2020-01-25,BN100,2020-01-25,0,low activity,1039.63,1615.465,0.6435484519936985,1.393649663822706,0.4217701091470056,35.63,37.3,38.57,38.27,35.27,35.14,35.3,50.91,58.17,55.74,58.23,60.37,60.33,49.82,45.36,44.34,39.79,38.52,39.91,38.47,36.34,36.0,36.07,35.78
BN100_2020-01-26,BN100,2020-01-26,0,low activity,884.07,1615.465,0.5472541961602387,1.0785571278292443,0.0035616960781004897,35.99,35.81,35.35,35.55,35.74,35.06,35.51,35.28,34.63,34.15,36.19,38.56,39.61,39.73,39.22,39.15,38.2,38.19,39.02,39.58,35.81,35.97,35.63,36.14
BN100_2020-02-01,BN100,2020-02-01,0,low activity,1043.92,1615.465,0.6462040341325873,1.1331902827802895,0.2592257118337129,44.49,45.43,46.1,43.74,41.54,41.19,41.1,47.63,49.29,47.44,45.83,46.18,46.87,45.81,44.27,42.56,39.94,39.58,40.92,40.77,40.8,40.58,40.25,41.61
BN100_2020-02-02,BN100,2020-02-02,0,low activity,970.72,1615.465,0.6008920032312678,1.0327179825284327,-0.15386797539391325,40.45,41.31,40.13,41.08,41.41,39.99,41.08,41.13,40.4,38.27,39.74,40.49,40.52,41.06,41.77,39.47,41.19,39.05,40.41,40.57,40.27,39.7,40.44,40.79
BN100_2020-02-08,BN100,2020-02-08,0,low activity,999.17,1615.465,0.6185030316348543,1.1584815396779327,0.3975683374375797,40.91,40.63,39.32,39.43,39.27,38.62,38.84,45.96,48.23,46.95,46.0,45.04,45.8,46.11,46.76,42.0,39.18,36.99,38.76,38.71,39.04,38.47,39.14,39.01
BN100_2020-02-09,BN100,2020-02-09,0,low activity,941.08,1615.465,0.582544344817127,1.0621838738470692,-0.2297101106684893,38.71,39.03,39.18,38.65,38.84,38.81,38.93,38.96,38.04,36.88,36.73,38.93,41.65,41.17,40.66,39.15,39.06,38.03,40.06,39.95,39.92,40.15,39.92,39.67
BN100_2020-02-15,BN100,2020-02-15,0,low activity,960.02,1615.465,0.5942685233044356,1.164225745296973,0.37789579154473246,37.08,38.17,37.06,37.35,36.5,36.43,36.52,42.91,44.38,43.73,44.85,45.21,46.57,46.38,45.04,42.42,39.23,37.56,38.63,37.22,36.9,36.62,36.43,36.83
BN100_2020-02-16,BN100,2020-02-16,0,low activity,879.7600000000001,1615.465,0.5445862336850381,1.0491952350641083,-0.2825230110041488,37.06,36.61,36.39,36.65,36.71,36.3,36.29,36.4,35.52,35.32,36.95,38.19,38.46,38.03,37.31,36.25,35.95,35.52,36.24,36.52,36.74,36.48,36.83,37.04
BN100_2020-02-22,BN100,2020-02-22,0,low activity,1019.25,1615.465,0.6309328892919377,1.3447534952170714,0.4262380408858849,38.89,38.57,38.01,37.9,37.43,36.65,36.88,51.35,57.11,56.67,56.1,56.48,54.57,47.43,41.69,38.88,36.69,37.14,36.72,37.17,36.64,37.0,36.41,36.87
BN100_2020-02-23,BN100,2020-02-23,0,low activity,877.21,1615.465,0.543007740805279,1.0484148607517012,-0.5116632926125495,36.67,37.01,36.71,36.89,36.56,36.52,36.14,36.72,34.14,34.89,35.5,35.48,36.31,36.13,38.31,36.36,36.28,35.04,36.52,37.42,38.32,38.01,37.81,37.47
BN100_2020-02-29,BN100,2020-02-29,0,low activity,957.4100000000001,1615.465,0.592652889415741,1.1596285812765688,0.33802846266769543,38.02,38.63,37.53,37.57,37.44,37.16,37.16,42.1,42.31,45.07,46.26,45.19,44.69,44.86,42.86,41.71,36.91,37.35,36.91,37.92,37.37,37.4,37.39,37.6
BN100_2020-03-01,BN100,2020-03-01,0,low activity,883.71,1615.465,0.5470313501066257,1.0295685236106866,-0.43060495702467866,37.33,37.12,36.86,36.65,36.9,36.94,36.48,35.95,34.17,36.09,36.48,37.36,37.86,37.89,37.91,37.38,36.8,35.98,36.77,37.35,36.54,36.75,36.68,37.47
BN100_2020-03-07,BN100,2020-03-07,0,low activity,970.25,1615.465,0.6006010653279397,1.1606080906982736,0.2669355799287558,38.54,38.87,38.58,38.24,38.39,38.34,37.97,42.77,42.11,42.08,43.04,45.95,45.89,46.92,45.87,40.6,37.7,37.85,37.96,38.45,38.11,38.3,38.94,38.78
BN100_2020-03-08,BN100,2020-03-08,0,low activity,922.1,1615.465,0.5707954056571947,1.1043487691139788,-0.08406740599382628,38.59,38.6,38.15,38.17,38.59,38.2,38.94,37.24,36.69,39.17,42.43,42.28,36.03,39.3,39.05,35.17,40.81,37.23,37.71,38.05,37.77,37.89,38.36,37.68
BN100_2020-03-14,BN100,2020-03-14,0,low activity,859.53,1615.465,0.532063523505616,1.1794352727653485,-0.38726036536159214,37.32,36.88,36.64,36.03,35.91,35.64,35.71,34.85,33.77,34.87,35.88,35.81,35.51,42.24,33.33,33.65,35.5,34.69,34.89,36.25,35.74,36.22,36.25,35.95
BN100_2020-03-15,BN100,2020-03-15,0,low activity,866.15,1615.465,0.5361614148248337,1.0687294348553946,-0.2922257725267936,35.9,36.52,35.64,36.02,36.31,35.73,35.72,34.9,35.02,34.59,37.06,38.57,35.55,37.32,37.46,36.51,35.9,34.93,35.45,36.51,36.28,35.95,36.26,36.05
BN100_2020-03-21,BN100,2020-03-21,0,low activity,846.72,1615.465,0.5241339180978851,1.040532879818594,-0.3471919488198505,35.47,35.38,35.89,35.03,35.52,35.04,35.14,33.98,33.75,34.84,35.56,36.52,36.13,36.34,36.71,35.52,35.3,34.31,34.22,35.25,34.92,35.41,35.23,35.26
BN100_2020-03-22,BN100,2020-03-22,0,low activity,836.04,1615.465,0.5175228185073647,1.086263815128463,-0.14589906122431764,35.3,35.31,34.73,34.92,35.2,35.17,35.02,33.53,34.32,34.71,34.8,37.84,36.49,33.96,34.84,33.79,34.5,33.43,34.03,35.15,34.78,34.46,34.99,34.77
BN100_2020-03-28,BN100,2020-03-28,0,low activity,875.14,1615.465,0.541726375997004,1.0895628128070938,-0.5517472771275325,37.51,39.73,37.81,38.72,35.82,35.5,35.33,33.74,34.05,35.43,35.82,37.22,37.72,38.31,37.74,37.02,37.72,35.07,34.72,35.99,36.09,36.41,35.78,35.89
BN100_2020-03-29,BN100,2020-03-29,0,low activity,862.12,1615.465,0.5336667770579988,1.0495058692525403,-0.3197210398357526,36.1,36.17,35.71,35.48,35.69,35.46,35.46,34.08,34.4,35.13,36.95,36.74,37.7,37.37,37.36,36.94,36.4,35.3,34.31,35.75,36.01,35.94,35.79,35.88
BN100_2020-04-04,BN100,2020-04-04,0,low activity,924.9,1615.465,0.5725286527408517,1.0389879987025623,-0.4769192804158967,38.93,38.72,38.66,38.17,38.17,38.55,37.85,36.12,36.4,37.39,38.02,39.27,39.38,39.86,39.82,40.04,39.65,37.31,38.03,39.47,39.24,38.35,38.56,38.94
BN100_2020-04-05,BN100,2020-04-05,0,low activity,932.16,1615.465,0.5770227148220481,1.048661174047374,-0.32041204833891196,39.1,38.83,37.91,38.41,38.39,38.05,38.11,37.19,37.13,38.22,39.62,39.78,39.63,40.3,40.73,39.52,39.28,38.59,37.61,39.07,39.86,39.36,38.96,38.51
BN100_2020-04-11,BN100,2020-04-11,0,low activity,862.19,1615.465,0.5337101082350902,1.0611118199004859,-0.19752408738753838,37.03,36.53,36.71,36.35,36.64,36.03,36.55,34.32,34.44,35.45,36.74,38.12,37.04,34.61,37.95,35.41,34.72,34.39,34.25,35.96,35.92,36.1,35.36,35.57
BN100_2020-04-12,BN100,2020-04-12,0,low activity,848.2,1615.465,0.525050062984961,1.0622023107757603,-0.31379746805692527,35.54,34.95,34.99,35.07,35.47,35.41,35.13,34.08,34.01,34.58,36.32,34.42,37.54,36.23,36.05,36.55,36.53,34.06,34.15,35.51,35.28,35.54,35.68,35.11
BN100_2020-04-18,BN100,2020-04-18,0,low activity,925.8699999999999,1615.465,0.5731290990519757,1.1133312452072108,-0.21356768914099147,38.04,39.16,38.82,38.58,39.32,38.73,37.97,36.51,33.94,42.95,38.69,41.2,37.24,39.59,39.3,39.4,38.17,37.96,36.79,38.56,38.39,38.67,38.86,39.03
BN100_2020-04-19,BN100,2020-04-19,0,low activity,919.5999999999999,1615.465,0.5692478636182151,1.0501957372770772,-0.33500154011995054,38.63,38.16,38.49,38.25,37.85,37.9,38.53,36.6,36.47,38.45,38.91,39.1,39.79,40.24,37.63,37.94,39.01,37.96,36.91,38.56,38.59,38.5,38.32,38.81
BN100_2020-04-25,BN100,2020-04-25,0,low activity,950.53,1615.465,0.5883940537244694,1.0405142394243212,-0.3880190063377206,39.37,39.52,39.24,39.44,39.79,39.77,39.27,37.52,37.79,39.24,39.08,41.21,40.74,40.64,40.83,40.66,40.02,38.3,38.15,39.62,40.3,39.74,40.31,39.98
BN100_2020-04-26,BN100,2020-04-26,0,low activity,959.8,1615.465,0.5941323396050053,1.0624713481975412,-0.2168369935852918,39.44,39.66,39.81,39.19,40.37,39.81,39.52,38.04,38.36,39.51,40.1,41.13,41.89,40.88,42.49,40.42,40.8,40.05,38.54,39.9,40.32,39.62,39.58,40.37
BN100_2020-05-02,BN100,2020-05-02,0,low activity,947.11,1615.465,0.5862770162151455,1.086843133321367,-0.39351257847783727,42.56,42.89,42.03,39.3,40.31,39.65,39.66,37.56,37.51,38.67,39.98,40.27,40.42,39.89,40.24,38.57,40.63,38.8,36.69,38.69,37.73,38.31,38.59,38.16
BN100_2020-05-03,BN100,2020-05-03,0,low activity,942.41,1615.465,0.583367637181864,1.051262189492896,-0.03996136488246258,38.67,39.06,38.22,38.64,39.83,40.21,39.19,37.4,38.08,39.3,39.82,40.74,40.5,41.28,40.43,40.92,40.4,39.2,38.04,38.23,38.32,38.9,38.43,38.6
BN100_2020-05-09,BN100,2020-05-09,0,low activity,915.88,1615.465,0.5669451210642137,1.0628466611346465,-0.38483645451110965,37.96,38.08,37.84,37.49,38.19,38.07,36.53,36.32,36.2,37.94,40.56,38.95,37.15,40.49,39.07,38.37,38.76,39.49,37.23,38.24,37.91,38.7,38.07,38.27
BN100_2020-05-10,BN100,2020-05-10,0,low activity,924.29,1615.465,0.5721510524833407,1.0684958184119704,-0.091874405551769,37.47,38.15,37.42,37.87,39.17,39.49,39.14,37.68,36.6,37.69,36.45,36.94,39.4,40.1,41.15,40.81,39.04,38.65,36.95,38.41,38.68,39.65,38.82,38.56
BN100_2020-05-16,BN100,2020-05-16,0,low activity,851.17,1615.465,0.5268885429272686,1.0379125204130786,-0.482986888823134,36.11,36.81,35.59,35.64,35.92,35.12,35.01,33.94,33.33,34.72,34.95,35.55,36.48,36.7,36.54,36.39,35.56,36.02,34.24,34.88,35.69,35.6,35.22,35.16
BN100_2020-05-17,BN100,2020-05-17,0,low activity,857.0799999999999,1615.465,0.5305469323074161,1.0461567181593316,-0.17787863871548404,35.6,35.5,35.32,35.19,36.16,36.34,35.55,33.98,34.28,35.53,34.98,36.82,37.23,36.07,37.36,37.03,35.97,35.67,34.55,35.46,35.64,35.6,35.09,36.16
BN100_2020-05-23,BN100,2020-05-23,0,low activity,850.6600000000001,1615.465,0.5265728443513169,1.0455881315684292,-0.4186423949869973,35.03,35.89,35.65,34.62,35.95,34.78,34.36,33.4,33.99,34.58,35.5,35.93,36.6,36.68,37.06,35.57,36.71,36.92,34.16,35.07,35.3,35.35,35.83,35.73
BN100_2020-05-24,BN100,2020-05-24,0,low activity,852.48,1615.465,0.5276994549556939,1.0644707207207207,-0.2689532245841859,34.96,35.14,35.21,34.8,35.08,35.97,34.47,33.59,34.62,34.74,35.47,36.5,36.64,37.19,37.81,36.34,35.71,35.27,33.65,36.56,35.45,36.04,35.66,35.61
BN100_2020-05-25,BN100,2020-05-25,0,low activity,869.52,1615.465,0.5382475014933781,1.0546508418437759,-0.11867661312688298,36.03,35.39,34.88,36.06,35.94,36.25,35.5,34.32,35.53,36.31,36.58,36.82,38.21,38.04,37.41,37.45,37.22,36.55,34.89,35.42,36.84,35.49,36.38,36.01
BN100_2020-05-30,BN100,2020-05-30,0,low activity,967.78,1615.465,0.599072093793428,1.0680939883031269,-0.19142673380615888,39.22,39.21,39.37,39.1,39.07,39.52,39.09,37.76,37.05,39.8,41.78,41.85,41.65,42.74,43.05,42.24,43.07,40.99,39.09,40.82,40.8,40.17,40.5,39.84
BN100_2020-05-31,BN100,2020-05-31,0,low activity,974.71,1615.465,0.6033618803254791,1.050897189933416,-0.17101146298123499,39.84,39.19,39.97,39.1,39.94,41.78,39.39,38.85,38.42,40.7,40.77,41.06,42.11,42.57,42.37,41.91,42.68,41.52,39.72,40.37,41.28,40.19,40.53,40.45
BN100_2020-06-06,BN100,2020-06-06,0,low activity,1030.78,1615.465,0.638070153175711,1.0449562467257807,-0.0824652454575033,41.61,42.09,42.94,41.45,42.37,43.1,42.26,41.36,42.44,42.18,44.06,44.32,44.06,44.59,44.02,44.88,42.82,43.31,41.94,42.08,43.14,43.52,43.32,42.92
BN100_2020-06-07,BN100,2020-06-07,0,low activity,1042.13,1615.465,0.645095994032678,1.0425570706149903,-0.08950527177327293,43.8,42.57,42.72,42.44,43.47,43.6,43.29,41.84,42.45,43.54,42.71,45.0,45.24,44.82,43.44,45.27,44.08,43.96,41.7,42.65,42.96,44.23,43.05,43.3
BN100_2020-06-13,BN100,2020-06-13,0,low activity,1012.4000000000001,1615.465,0.6266926241051339,1.1305412880284471,-0.1546205370137466,40.98,41.3,40.41,40.02,41.64,40.87,39.71,38.15,38.9,41.12,40.92,42.55,43.1,43.97,47.69,46.84,43.23,45.98,42.07,42.3,43.53,42.33,42.95,41.84
BN100_2020-06-14,BN100,2020-06-14,0,low activity,994.21,1615.465,0.6154327082295191,1.0570804960722582,-0.32379645140056335,40.49,40.56,41.08,40.31,41.04,41.22,39.6,38.23,40.14,39.51,42.34,42.04,43.79,43.56,42.82,43.51,43.7,41.91,40.98,41.13,42.18,42.08,41.4,40.59
BN100_2020-06-20,BN100,2020-06-20,0,low activity,972.69,1615.465,0.6021114663579836,1.0681306479967922,-0.20089567402512415,39.45,40.1,39.19,38.81,39.58,39.56,39.17,37.27,38.68,39.66,39.71,41.68,41.47,42.61,43.29,42.8,43.28,41.64,40.71,40.15,41.44,41.43,40.16,40.85
BN100_2020-06-21,BN100,2020-06-21,0,low activity,989.47,1615.465,0.612498568523614,1.0652975835548324,-0.2872471615926908,40.16,40.46,40.25,39.95,40.84,41.1,39.07,37.98,39.81,39.65,41.17,42.47,43.36,43.92,43.03,43.61,42.95,41.68,41.4,41.16,41.84,41.28,41.12,41.21
BN100_2020-06-27,BN100,2020-06-27,0,low activity,1048.69,1615.465,0.6491567443429601,1.1465733438861818,-0.10465750112706443,42.63,42.78,42.6,42.91,41.86,41.15,41.41,39.28,40.87,43.7,45.29,46.5,50.1,49.53,47.18,44.48,43.9,44.07,43.22,42.46,43.33,43.36,42.35,43.73
BN100_2020-06-28,BN100,2020-06-28,0,low activity,1027.7,1615.465,0.6361635813836883,1.047387369855016,-0.34091796822721493,42.85,42.27,42.49,42.18,42.35,41.32,40.91,39.57,40.98,40.99,43.4,44.39,44.37,43.89,44.74,43.48,43.87,43.59,43.42,44.85,43.27,43.36,43.68,41.48
BN134_2019-09-29,BN134,2019-09-29,0,low activity,490.91999999999996,805.905,0.6091536843672641,1.5712539721339527,0.8489958657502801,16.48,8.37,13.62,11.39,10.59,8.61,10.54,19.51,21.69,21.87,26.31,30.29,32.14,31.72,31.27,30.28,28.7,28.15,26.86,25.41,20.29,16.56,11.18,9.09
BN134_2019-10-06,BN134,2019-10-06,0,low activity,518.62,805.905,0.6435249812322793,1.7723959739308162,0.9169231618063367,9.56,8.23,7.83,7.78,10.78,10.72,9.36,17.55,21.84,22.86,26.07,28.22,36.16,37.6,37.8,37.89,38.3,36.64,30.92,22.87,23.65,17.78,9.86,8.35
BN134_2019-10-12,BN134,2019-10-12,0,low activity,478.85,805.905,0.5941767329896204,1.7827712227211026,0.8060064728620869,8.79,8.81,8.81,10.37,10.27,9.85,10.56,14.2,16.04,15.17,16.54,29.75,30.18,32.1,35.57,35.42,33.57,30.34,20.78,15.89,24.24,34.75,15.4,11.45
BN134_2019-10-18,BN134,2019-10-18,0,low activity,504.00000000000006,805.905,0.6253838851973869,2.1238095238095234,0.8820495042473278,9.82,10.81,13.58,12.69,11.63,15.16,21.47,13.72,15.3,14.69,15.99,24.01,44.6,43.64,42.28,43.7,43.62,23.72,19.02,11.3,11.95,13.88,13.39,14.03
BN134_2019-10-19,BN134,2019-10-19,0,low activity,519.3,805.905,0.6443687531408788,2.13471981513576,0.5703768993198849,11.06,8.67,10.45,12.32,11.25,15.73,16.95,15.85,35.91,37.32,41.66,45.36,46.19,28.51,27.36,26.43,27.44,25.06,22.08,12.42,11.16,9.32,9.32,11.48
BN134_2019-10-20,BN134,2019-10-20,0,low activity,439.31000000000006,805.905,0.545113878186635,1.470669914183606,0.7552114151571331,11.82,11.91,12.9,18.66,19.71,20.59,22.31,14.97,22.24,17.6,17.99,22.01,23.16,23.76,25.75,26.92,25.44,23.61,20.19,12.03,12.0,12.27,11.66,9.81
BN134_2019-10-25,BN134,2019-10-25,0,low activity,460.13,805.905,0.5709481886822889,2.3304718231804054,0.9224417330175783,8.75,9.4,9.17,8.72,10.57,12.5,22.84,12.47,17.17,15.82,13.47,14.44,21.56,39.88,43.7,44.38,44.68,34.45,18.32,13.83,11.64,8.78,10.31,13.28
BN134_2019-10-27,BN134,2019-10-27,0,low activity,463.96,805.905,0.5757006098733721,1.4923700318993016,0.7323477151909656,10.62,13.61,17.93,18.7,24.09,19.5,24.59,13.21,19.95,18.31,18.3,21.4,24.18,26.74,27.94,28.85,27.98,24.1,20.78,16.0,15.92,10.81,9.9,10.55
BN134_2019-11-03,BN134,2019-11-03,0,low activity,448.79,805.905,0.5568770512653477,1.491477082822701,0.693314085739553,14.15,18.28,19.17,17.74,20.1,19.23,19.33,13.71,19.4,18.96,18.17,19.56,23.81,25.82,27.89,27.8,26.23,23.51,14.66,13.61,10.75,8.59,11.88,16.44
BN134_2019-11-09,BN134,2019-11-09,0,low activity,502.40000000000003,805.905,0.6233985395300936,2.094267515923567,0.6029480436667253,9.31,8.38,8.92,10.35,10.86,10.57,11.16,10.99,39.4,37.56,40.76,43.65,43.84,32.7,29.24,27.45,25.67,23.13,19.63,14.6,13.4,11.88,9.58,9.37
BN134_2019-11-10,BN134,2019-11-10,0,low activity,359.09,805.905,0.4455736097927175,1.6815840040101369,0.9135028987649496,8.68,8.59,9.78,9.87,10.64,10.88,10.28,9.76,17.49,14.97,14.51,16.84,20.89,24.03,25.16,24.57,22.37,20.64,16.22,11.36,11.64,14.51,13.61,11.8
BN134_2019-11-11,BN134,2019-11-11,0,low activity,500.03000000000003,805.905,0.6204577462604154,2.2952222866628,0.9243333797915985,9.33,8.93,10.54,9.96,11.15,11.12,11.99,10.02,15.97,29.11,21.11,18.28,35.84,44.24,47.82,47.64,46.67,32.28,18.98,13.42,13.18,13.32,10.57,8.56
BN134_2019-11-12,BN134,2019-11-12,0,low activity,476.32000000000005,805.905,0.5910374051532129,2.199865636546859,0.8189800051112376,10.29,11.28,15.07,18.06,17.59,20.66,25.83,10.29,18.43,15.13,13.18,14.28,28.3,42.91,43.16,43.66,42.65,19.88,11.91,12.44,12.29,8.46,9.31,11.26
BN134_2019-11-16,BN134,2019-11-16,0,low activity,495.53999999999996,805.905,0.6148863699815735,2.1203535536989953,0.5994779008515072,10.65,13.2,17.65,18.77,21.77,13.15,18.9,12.55,10.24,9.2,29.56,35.72,41.48,43.75,43.78,34.48,18.76,13.69,12.27,11.51,12.11,17.04,16.48,18.83
BN134_2019-11-17,BN134,2019-11-17,0,low activity,514.61,805.905,0.6385492086536254,1.3888575814694624,0.3884339688160349,21.53,22.81,20.71,24.38,21.47,23.91,22.73,18.77,21.77,21.64,19.14,19.21,21.88,25.62,27.67,27.0,25.31,22.02,13.82,16.79,29.78,14.04,14.63,17.98
BN134_2019-11-20,BN134,2019-11-20,0,low activity,447.15999999999997,805.905,0.5548544803667926,1.3326773414437787,0.1695027904839034,16.86,16.32,16.87,15.58,16.62,21.29,24.83,17.17,17.27,12.86,12.07,12.23,13.25,14.71,20.8,23.22,22.59,22.37,22.53,24.6,21.42,18.75,21.29,21.66
BN134_2019-11-24,BN134,2019-11-24,0,low activity,424.16,805.905,0.5263151363994516,1.4043757072802714,-0.6875554903997946,20.92,24.82,21.43,23.31,22.35,23.71,20.95,20.83,13.21,11.91,11.43,11.27,12.61,10.63,14.89,17.03,14.99,11.84,13.99,16.87,19.92,22.52,21.65,21.08
BN134_2019-11-28,BN134,2019-11-28,0,low activity,380.59,805.905,0.4722516921969711,1.6660448251399145,-0.560162372555215,17.58,18.07,17.52,19.14,17.88,19.14,20.29,17.53,18.58,11.77,12.75,12.09,12.09,12.22,13.2,13.62,12.18,12.43,13.07,15.31,26.42,12.64,16.43,18.64
BN134_2019-11-29,BN134,2019-11-29,0,low activity,495.18,805.905,0.6144396672064325,1.6023264267539077,-0.35397600116984057,17.68,16.65,19.44,14.83,21.72,33.06,26.25,24.31,25.81,28.54,19.76,13.2,14.88,11.99,12.79,16.93,17.85,22.37,22.95,22.83,22.24,22.83,23.82,22.45
BN134_2019-11-30,BN134,2019-11-30,0,low activity,487.18000000000006,805.905,0.6045129388699662,1.5089289379695388,-0.7725532943221846,24.44,24.25,25.11,25.26,30.63,26.35,26.39,24.94,15.43,20.39,12.78,11.0,10.96,8.88,13.99,11.92,15.21,22.24,21.7,21.22,22.66,24.0,23.05,24.38
BN134_2019-12-01,BN134,2019-12-01,0,low activity,453.72,805.905,0.5629943976026952,1.320814599312351,-0.8114493172404541,24.42,24.79,24.14,23.72,22.79,24.48,23.31,22.08,18.34,24.24,14.56,9.47,8.87,8.7,12.51,11.93,12.2,12.0,21.66,19.39,21.63,22.45,21.07,24.97
BN134_2019-12-04,BN134,2019-12-04,0,low activity,478.84000000000003,805.905,0.5941643245791999,1.8705204243588671,0.7684960907054663,12.95,11.76,13.95,13.78,13.12,17.97,22.31,13.18,9.71,22.04,30.51,34.91,35.23,35.83,36.93,37.32,35.74,19.9,9.9,8.73,8.63,10.65,11.07,12.72
BN134_2019-12-08,BN134,2019-12-08,0,low activity,373.46000000000004,805.905,0.46340449556709545,1.4157339474106998,-0.8241393512389981,22.03,18.06,18.12,19.42,18.92,19.86,19.46,20.1,17.59,17.0,13.14,7.81,7.72,7.71,8.38,9.65,10.01,12.81,14.46,15.11,17.74,19.99,18.68,19.69
BN134_2019-12-14,BN134,2019-12-14,0,low activity,486.40999999999997,805.905,0.6035574912675812,1.5710203326411876,-0.6646700473208639,25.81,26.67,23.68,25.4,25.42,25.93,25.41,25.63,22.58,31.84,22.11,13.8,24.32,16.81,12.01,11.77,9.57,8.15,12.26,13.33,15.94,20.77,23.94,23.26
BN134_2019-12-21,BN134,2019-12-21,0,low activity,519.4599999999999,805.905,0.6445672877076082,1.8767181303661495,-0.35745928917741454,38.96,17.93,25.68,25.98,25.98,27.28,21.18,40.62,18.34,25.47,16.62,12.23,23.92,20.07,17.61,17.88,18.33,9.6,12.88,24.15,17.99,19.35,19.29,22.12
BN134_2019-12-22,BN134,2019-12-22,0,low activity,413.25,805.905,0.5127775606305954,1.5517967332123412,-0.21794692525191509,18.43,18.74,20.62,24.99,21.78,18.44,20.47,26.72,14.68,8.0,13.87,13.41,24.28,23.76,19.37,15.37,8.36,7.57,12.35,14.77,16.42,19.03,15.19,16.63
BN134_2019-12-23,BN134,2019-12-23,0,low activity,390.38,805.905,0.48439952599872194,2.196014140068651,-0.7466137904756343,23.83,20.92,21.25,24.19,18.75,25.36,19.1,19.34,20.79,13.99,9.88,7.16,7.94,7.62,7.23,8.93,7.94,11.58,13.57,9.4,14.71,16.99,35.72,24.19
BN134_2019-12-28,BN134,2019-12-28,0,low activity,469.07,805.905,0.5820413075982901,1.5861172106508625,-0.10088718535284524,19.04,16.31,18.83,15.82,19.58,16.07,19.11,19.43,30.24,25.39,25.06,26.33,27.07,31.0,10.09,11.07,11.55,15.21,15.2,18.46,18.29,19.97,19.84,20.11
BN134_2019-12-29,BN134,2019-12-29,0,low activity,522.57,805.905,0.6484263033484097,1.996440668235834,-0.5188038218186036,22.9,23.41,21.92,24.65,26.56,25.31,25.24,35.59,43.47,36.54,26.34,26.35,17.76,7.3,10.18,9.06,11.81,11.97,18.46,18.72,19.61,19.24,20.82,19.36
BN134_2019-12-30,BN134,2019-12-30,0,low activity,454.52,805.905,0.5639870704363418,2.2256446360996214,-0.48496665024829483,19.51,21.63,24.81,27.24,24.92,28.22,42.15,26.56,19.6,17.15,14.41,14.12,14.67,11.36,14.97,10.59,15.09,13.71,14.39,16.75,15.94,14.72,15.06,16.95
BN134_2019-12-31,BN134,2019-12-31,0,low activity,436.05,805.905,0.5410687363895249,1.5075335397316822,0.18034194182249857,16.26,15.55,15.5,16.29,16.76,15.35,16.89,16.92,14.93,27.39,26.02,25.96,25.39,26.32,26.93,12.23,10.66,11.51,13.09,15.89,16.45,15.26,19.39,19.11
BN134_2020-01-01,BN134,2020-01-01,0,low activity,491.23,805.905,0.6095383450903022,1.5702624025405614,0.5600160016106008,18.79,18.44,22.73,19.28,19.19,19.18,24.11,25.42,24.1,14.36,7.54,7.91,20.72,26.94,32.14,31.62,31.62,32.13,12.87,14.69,15.59,16.31,16.62,18.93
BN134_2020-01-02,BN134,2020-01-02,0,low activity,504.06999999999994,805.905,0.6254707440703308,1.475985478207392,-0.1406894781114691,21.38,23.6,22.38,22.9,24.47,31.0,28.49,25.14,23.65,25.8,23.28,25.98,20.46,30.05,23.1,17.44,11.26,10.71,11.63,15.59,13.32,17.86,15.28,19.3
BN134_2020-01-03,BN134,2020-01-03,0,low activity,508.5300000000001,805.905,0.631004895117911,1.6305822665329477,0.08476449298157683,19.09,19.17,18.99,19.01,19.23,30.19,34.55,29.36,23.96,25.49,23.12,24.78,28.99,30.44,30.23,12.4,11.16,11.39,12.2,17.1,13.71,19.14,15.72,19.11
BN134_2020-01-04,BN134,2020-01-04,0,low activity,413.85,805.905,0.5135220652558304,1.5895614353026457,-0.61597387298392,24.0,24.09,23.6,25.35,24.96,24.73,23.56,27.41,23.77,16.75,7.2,7.0,9.6,12.45,12.73,12.94,10.96,11.65,11.02,14.74,12.68,17.34,16.46,18.86
BN134_2020-01-05,BN134,2020-01-05,0,low activity,406.82000000000005,805.905,0.5047989527301606,1.5421070743817904,-0.5804747685847692,17.06,25.94,25.05,25.7,24.63,23.83,25.9,23.24,26.14,15.81,7.44,6.95,9.01,13.06,12.54,12.62,11.35,11.28,11.0,16.01,12.46,17.11,14.48,18.21
BN134_2020-01-06,BN134,2020-01-06,0,low activity,506.05999999999995,805.905,0.6279400177440269,1.7352883057344983,0.2584739174989443,18.92,24.99,23.52,25.9,26.74,31.59,24.75,24.91,25.62,16.39,6.98,7.95,17.9,36.59,35.59,36.43,15.03,12.99,13.31,13.31,13.79,17.79,17.27,17.8
BN134_2020-01-07,BN134,2020-01-07,0,low activity,513.3199999999999,805.905,0.6369485237093702,1.7631107301488351,0.5439782042416798,18.78,20.41,19.58,24.04,25.6,28.56,21.23,21.73,19.71,7.28,6.77,10.2,19.6,34.8,35.94,37.71,36.06,34.51,13.14,14.2,12.74,17.56,14.05,19.12
BN134_2020-01-09,BN134,2020-01-09,0,low activity,390.40999999999997,805.905,0.48443675122998364,1.6751620091698471,-0.5384526824125133,15.59,20.29,22.9,23.23,21.1,20.16,27.25,20.46,19.11,13.62,15.93,8.57,8.59,12.83,12.64,15.33,12.03,13.12,12.88,12.35,13.83,16.99,13.82,17.79
BN134_2020-01-11,BN134,2020-01-11,0,low activity,460.78,805.905,0.5717547353596267,1.4167281566040193,-0.6972014228753434,21.23,21.31,21.1,21.64,20.83,21.21,20.86,20.63,19.73,27.2,20.91,18.33,18.69,15.63,14.71,14.16,12.14,8.9,14.58,21.03,21.98,21.21,21.41,21.36
BN134_2020-01-12,BN134,2020-01-12,0,low activity,500.87,805.905,0.6215000527357443,1.337832172020684,-0.6234102901715561,21.9,22.64,21.83,24.2,22.62,22.52,23.42,24.67,20.32,27.92,20.27,16.82,20.37,19.96,17.27,13.94,12.32,8.92,20.8,25.11,23.4,23.3,23.31,23.04
BN134_2020-01-17,BN134,2020-01-17,0,low activity,486.6,805.905,0.6037932510655722,1.5856966707768185,-0.014949805697683614,20.26,17.76,19.52,17.14,16.85,21.55,32.15,19.9,18.95,25.72,23.06,23.26,22.08,22.24,22.45,19.6,15.11,9.47,16.81,20.44,19.65,17.74,19.8,25.09
BN134_2020-01-18,BN134,2020-01-18,0,low activity,496.11,805.905,0.6155936493755468,1.257785571748201,0.16204175653158504,22.79,20.87,20.13,20.07,20.06,20.27,20.58,20.7,20.81,26.0,23.35,23.15,22.98,23.56,22.9,21.78,20.87,14.95,12.26,18.75,21.78,21.29,19.07,17.14
BN134_2020-01-21,BN134,2020-01-21,0,low activity,505.44,805.905,0.6271706962979507,1.7122507122507125,0.0008855071035499718,15.29,14.41,19.59,18.84,20.77,23.0,36.06,35.13,20.93,22.32,20.27,18.98,12.38,13.57,19.78,22.2,21.77,21.48,22.88,21.07,21.32,21.36,20.62,21.42
BN134_2020-01-23,BN134,2020-01-23,0,low activity,466.26,805.905,0.5785545442701063,1.6481791275254154,-0.16380352759763941,19.92,18.2,16.06,16.57,17.24,19.05,30.26,19.84,18.34,26.36,32.02,19.36,20.01,19.62,18.08,14.64,14.96,14.7,10.62,15.84,20.29,22.05,21.87,20.36
BN134_2020-01-24,BN134,2020-01-24,0,low activity,463.07,805.905,0.5745962613459403,1.3397542488176735,0.04846725949765361,19.97,17.99,16.91,19.58,18.63,21.3,17.51,19.39,16.96,25.85,21.86,22.34,23.32,22.55,20.27,20.36,18.73,15.23,8.88,10.95,20.18,21.79,22.05,20.47
BN134_2020-01-25,BN134,2020-01-25,0,low activity,510.96000000000004,805.905,0.6340201388501127,2.0018788163457018,0.6872956463631374,19.09,17.33,16.02,17.19,16.79,18.77,20.26,20.22,20.22,24.62,21.81,22.12,22.54,24.18,32.37,42.62,30.24,16.65,12.56,12.02,18.86,21.29,22.68,20.51
BN134_2020-01-26,BN134,2020-01-26,0,low activity,470.3,805.905,0.5835675420800218,1.3635551775462469,0.06817688856851623,18.83,18.81,16.77,19.07,17.4,17.14,17.42,17.62,17.23,26.72,21.83,22.23,22.63,22.8,22.1,18.54,17.96,15.28,11.64,19.0,22.16,21.83,23.16,22.13
BN134_2020-02-01,BN134,2020-02-01,0,low activity,475.30999999999995,805.905,0.589784155700734,1.2002272201300206,0.4687893879576414,19.65,16.11,15.96,18.23,19.32,20.25,20.32,19.89,22.19,23.77,22.01,22.7,23.36,22.97,22.45,22.6,23.07,19.72,12.84,11.59,17.56,20.51,19.66,18.58
BN134_2020-02-02,BN134,2020-02-02,0,low activity,472.02,805.905,0.5857017886723621,1.3296046777678912,0.445599125984565,19.25,17.6,18.57,16.56,17.95,18.47,17.8,17.15,20.15,23.7,22.28,22.89,25.84,26.15,24.06,22.65,21.8,20.91,12.72,8.95,13.28,21.04,21.61,20.64
BN134_2020-02-05,BN134,2020-02-05,0,low activity,523.23,805.905,0.6492452584361681,1.5448655467003038,-0.4063007555535584,23.07,21.12,22.89,21.27,22.62,24.08,23.41,24.3,33.68,32.88,30.7,31.76,33.15,14.34,14.48,12.54,8.58,11.62,15.64,17.46,21.05,20.03,20.43,22.13
BN134_2020-02-07,BN134,2020-02-07,0,low activity,517.0699999999999,805.905,0.6416016776170888,1.6393911849459455,0.10474750655385609,18.89,20.55,20.59,21.67,21.17,23.0,29.05,22.45,22.92,35.32,29.0,21.75,22.85,22.83,22.61,22.12,20.6,15.69,11.23,20.73,18.96,18.08,18.62,16.39
BN134_2020-02-08,BN134,2020-02-08,0,low activity,480.57,805.905,0.5963109795819607,1.2175541544416006,0.17907209705338945,15.87,17.12,18.76,20.9,20.1,20.06,19.98,19.86,22.75,24.38,23.6,22.47,23.29,24.17,22.36,20.18,18.44,16.14,11.1,17.4,20.74,18.86,18.28,23.76
BN134_2020-02-09,BN134,2020-02-09,0,low activity,420.5,805.905,0.5217736581855181,1.2710582639714627,-0.12842847503193736,15.99,15.83,17.55,20.35,21.0,20.36,20.18,19.58,22.27,21.37,13.49,20.0,20.95,20.02,18.77,15.41,16.49,12.13,8.95,9.87,14.05,14.79,18.83,22.27
BN134_2020-02-13,BN134,2020-02-13,0,low activity,499.6600000000001,805.905,0.6199986350748539,1.53608453748549,0.25201378609774433,15.76,19.43,20.27,20.7,20.45,20.15,31.98,22.81,20.98,25.07,24.03,22.14,22.01,22.82,23.12,23.31,22.61,15.83,11.37,18.14,20.49,18.35,19.32,18.52
BN134_2020-02-15,BN134,2020-02-15,0,low activity,468.54,805.905,0.5813836618459992,1.2979894992956844,0.4104541273754261,19.71,17.93,15.66,17.06,18.71,20.45,20.3,20.11,22.02,23.75,21.77,22.26,23.17,25.34,22.89,21.01,19.56,16.52,11.49,14.2,17.68,20.04,18.83,18.08
BN134_2020-02-16,BN134,2020-02-16,0,low activity,476.55999999999995,805.905,0.5913352070033068,1.275138492529797,0.4435651927280191,15.73,15.45,15.73,17.35,20.81,20.28,21.11,20.8,21.66,24.33,21.98,23.55,24.46,24.66,25.32,21.49,20.75,18.09,11.43,11.22,20.08,20.94,20.88,18.46
BN134_2020-02-22,BN134,2020-02-22,0,low activity,399.04999999999995,805.905,0.4951576178333674,1.3694524495677234,-0.11447382219953936,11.64,11.97,11.96,11.88,15.05,21.93,21.69,21.91,20.76,21.4,22.25,20.81,21.41,19.67,10.38,12.08,13.11,9.51,9.09,12.52,14.79,18.49,21.98,22.77
BN134_2020-02-23,BN134,2020-02-23,0,low activity,488.03,805.905,0.6055676537557156,1.4241747433559415,-0.3119926674276587,21.44,20.72,20.64,21.81,22.9,23.29,21.36,20.83,17.11,24.19,21.99,13.82,12.2,19.13,20.26,20.81,16.12,12.91,28.96,24.93,16.31,22.82,21.64,21.84
BN134_2020-02-24,BN134,2020-02-24,0,low activity,502.71999999999997,805.905,0.6237956086635521,1.62555697008275,-0.21801907856962097,22.6,23.37,20.97,19.53,26.71,34.05,21.27,16.02,23.54,23.63,22.46,22.81,23.01,23.66,21.61,19.77,17.57,16.86,10.39,10.22,18.04,21.8,22.05,20.78
BN134_2020-02-27,BN134,2020-02-27,0,low activity,486.75,805.905,0.603979377221881,1.5635130970724191,0.13916300860356745,16.65,18.15,20.38,20.39,24.6,31.71,20.04,19.29,22.3,24.82,24.28,24.03,24.47,23.1,22.88,23.13,21.32,18.03,11.75,8.92,10.89,13.91,21.39,20.32
BN134_2020-02-28,BN134,2020-02-28,0,low activity,513.4000000000001,805.905,0.637047790992735,1.7890144137125048,0.6207286943813454,21.05,22.73,22.32,21.58,23.33,20.74,21.62,21.03,14.66,16.05,18.85,20.87,27.58,36.25,37.57,38.27,33.22,17.42,12.64,9.17,8.94,11.66,16.98,18.87
BN134_2020-03-01,BN134,2020-03-01,0,low activity,435.65,805.905,0.5405723999727015,1.6956731321014575,0.3302304950662915,19.69,18.6,18.7,17.01,16.5,17.31,15.56,15.25,16.24,22.09,23.5,30.78,22.95,22.3,22.54,21.11,19.16,17.93,13.44,9.5,8.85,13.44,15.17,18.03
BN134_2020-03-02,BN134,2020-03-02,0,low activity,451.84000000000003,805.905,0.5606616164436256,1.7172450424929175,-0.04328515942120084,19.67,19.25,17.07,16.91,21.0,32.33,15.49,13.94,21.23,24.09,22.21,22.49,22.47,23.9,20.31,18.09,17.48,11.11,8.99,10.96,14.96,19.0,19.85,19.04
BN134_2020-03-03,BN134,2020-03-03,0,low activity,427.09,805.905,0.5299508006526824,1.3475379896508934,0.34754815578113046,18.45,18.22,18.22,17.29,17.54,17.02,16.44,13.77,23.84,23.98,22.01,22.88,21.16,22.08,21.79,21.76,17.88,17.79,13.19,8.82,8.79,12.51,15.9,15.76
BN134_2020-03-04,BN134,2020-03-04,0,low activity,422.92,805.905,0.5247764935072993,1.9424950345218952,0.2017194269639885,19.71,17.07,18.43,17.97,18.05,24.75,15.43,14.18,34.23,33.09,18.76,16.46,20.06,19.51,19.05,18.86,19.53,19.44,15.06,10.74,7.71,7.73,9.26,7.84
BN134_2020-03-06,BN134,2020-03-06,0,low activity,516.9399999999999,805.905,0.6414403682816212,1.6147328510078542,0.7015064507715343,14.22,14.29,14.96,13.66,13.13,14.51,28.81,26.03,26.15,24.64,25.29,33.61,34.78,33.92,34.41,33.61,29.98,11.37,9.2,11.05,17.36,15.39,17.33,19.24
BN134_2020-03-07,BN134,2020-03-07,0,low activity,443.87,805.905,0.5507721133384208,1.8318877148714714,-0.41369755464384866,18.47,22.15,24.88,25.73,24.7,24.61,21.79,16.54,13.66,13.22,13.81,33.88,27.89,19.3,14.48,13.34,12.48,9.78,9.53,11.32,16.5,16.33,19.42,20.06
BN134_2020-03-08,BN134,2020-03-08,0,low activity,413.13,805.905,0.5126286597055484,1.5429525815118725,-0.5645917232249817,25.08,26.56,25.64,25.06,23.96,21.66,22.28,17.34,13.23,14.17,14.9,18.74,19.42,15.98,13.96,14.3,12.87,11.41,10.14,10.07,9.15,13.55,15.76,17.9
BN134_2020-03-09,BN134,2020-03-09,0,low activity,353.13,805.905,0.43817819718205,1.6025826182992098,-0.40748510357544604,15.66,13.41,13.73,13.6,15.73,17.0,23.58,14.86,9.95,20.92,21.94,18.81,15.94,11.63,10.0,9.46,8.25,11.87,13.38,15.68,13.78,14.22,14.75,14.98
BN134_2020-03-12,BN134,2020-03-12,0,low activity,486.62,805.905,0.6038180678864135,1.859356376638856,-0.5349650607064517,26.63,23.39,24.37,22.27,21.34,36.21,37.7,31.24,29.52,15.98,16.05,18.22,18.58,14.14,9.83,12.75,12.27,13.11,9.98,11.1,19.8,16.75,22.49,22.9
BN134_2020-03-14,BN134,2020-03-14,0,low activity,427.65999999999997,805.905,0.5306580800466556,2.1611560585511858,0.17893149040292713,13.84,14.08,13.84,13.25,12.33,14.22,13.83,10.26,32.18,35.08,37.71,38.51,32.47,17.43,15.29,14.94,15.67,14.64,12.64,10.66,9.8,9.44,10.71,14.84
BN134_2020-03-15,BN134,2020-03-15,0,low activity,329.12,805.905,0.40838560376223004,1.272484200291687,0.3756295619019642,15.13,14.76,12.09,16.4,12.92,13.81,13.37,10.18,11.66,10.24,12.25,14.74,16.93,16.37,16.38,17.45,16.59,15.51,13.44,10.05,9.1,9.11,14.54,16.1
BN134_2020-03-16,BN134,2020-03-16,0,low activity,520.62,805.905,0.6460066633163959,2.05923706350121,0.7951243147042687,13.9,16.33,15.49,18.28,19.29,22.11,22.03,10.72,11.23,15.54,28.88,17.57,37.57,39.73,39.7,44.28,44.67,31.21,16.55,11.58,9.09,9.14,11.78,13.95
BN134_2020-03-19,BN134,2020-03-19,0,low activity,397.05,805.905,0.4926759357492509,2.0503211182470724,-0.1554462931128405,10.9,13.44,14.31,16.02,20.01,28.17,27.51,25.86,24.47,11.65,14.16,33.92,22.13,15.06,12.96,11.42,9.59,8.72,9.48,9.76,11.8,15.53,15.95,14.23
BN134_2020-03-20,BN134,2020-03-20,0,low activity,427.6,805.905,0.5305836295841322,2.1289055191768007,-0.33096931628171444,14.62,19.72,21.32,24.58,30.76,37.93,36.46,18.09,10.48,14.21,17.15,18.79,18.61,15.69,15.67,14.34,13.34,12.88,10.17,9.3,10.01,12.62,16.99,13.87
BN134_2020-03-21,BN134,2020-03-21,0,low activity,367.12,805.905,0.4555375633604457,1.5186315101329266,-0.18902264727825965,16.51,17.1,19.93,19.83,20.27,23.23,21.31,10.8,13.83,10.57,11.17,14.6,15.73,16.02,16.69,16.11,15.56,15.58,11.98,10.0,10.36,10.18,13.57,16.19
BN134_2020-03-22,BN134,2020-03-22,0,low activity,412.84000000000003,805.905,0.5122688158033516,1.3673093692471658,0.5003187121677029,13.91,14.09,13.76,18.97,21.65,23.03,23.52,10.91,10.85,13.93,16.67,18.03,19.03,22.71,23.43,23.52,22.63,22.08,20.26,12.06,9.12,9.87,12.69,16.12
BN134_2020-03-23,BN134,2020-03-23,0,low activity,475.29,805.905,0.5897593388798928,2.0733446948179006,0.5042071080465308,15.49,15.71,15.1,19.1,20.28,36.08,31.37,25.95,11.67,15.16,16.55,17.5,19.67,19.49,20.84,41.06,40.61,22.78,17.69,12.81,10.69,10.51,9.59,9.59
BN134_2020-03-25,BN134,2020-03-25,0,low activity,409.74,805.905,0.5084222085729708,1.9212183335773902,0.1316533024722508,9.78,13.33,14.52,15.17,23.15,26.12,25.27,25.2,28.87,32.8,22.5,14.83,15.81,17.59,17.97,17.67,15.68,12.76,11.37,10.51,10.41,9.05,9.06,10.32
BN134_2020-03-28,BN134,2020-03-28,0,low activity,362.49,805.905,0.44979246933571576,1.273855830505669,0.6093664763279609,16.49,15.25,13.95,16.46,12.82,16.5,16.86,11.22,12.94,13.25,17.59,17.26,18.75,19.24,19.02,18.98,18.94,18.25,15.71,11.93,10.8,9.64,10.15,10.49
BN134_2020-03-29,BN134,2020-03-29,0,low activity,373.9,805.905,0.463950465625601,1.3293393955603103,0.4250068449480635,14.56,14.77,17.43,15.18,15.56,19.63,20.71,10.38,11.23,14.73,18.57,19.18,19.94,18.84,19.51,18.55,18.22,17.31,14.38,11.16,10.15,11.03,9.83,13.05
BN134_2020-03-30,BN134,2020-03-30,0,low activity,453.54,805.905,0.5627710462151246,1.5128985315517924,0.4728268187506688,15.22,16.29,14.57,16.36,17.59,19.89,27.46,26.37,28.59,25.0,21.37,17.24,23.12,22.82,22.92,21.45,20.92,20.29,17.89,11.2,9.05,9.05,11.91,16.97
BN134_2020-03-31,BN134,2020-03-31,0,low activity,435.49,805.905,0.5403738654059722,2.0853750947208893,0.2634391298780869,19.21,18.55,24.72,17.61,17.13,16.29,16.38,21.53,22.74,37.84,22.73,17.38,19.82,19.35,18.52,25.24,20.6,15.08,18.97,10.33,9.0,9.15,8.66,8.66
BN134_2020-04-01,BN134,2020-04-01,0,low activity,381.0,805.905,0.47276043702421505,1.371968503937008,0.7772723147242877,9.96,9.84,16.05,13.9,11.98,15.36,19.25,12.27,15.83,20.27,18.66,19.07,20.98,20.67,20.7,20.87,21.78,19.23,15.45,16.18,12.63,8.63,10.62,10.82
BN134_2020-04-02,BN134,2020-04-02,0,low activity,416.11,805.905,0.5163263660108822,1.4136646559803898,0.4271009582376076,15.13,13.19,16.14,24.51,20.22,18.66,17.58,19.79,20.62,20.98,19.89,20.87,21.01,20.84,20.89,21.57,20.18,16.85,15.41,15.31,9.04,9.38,9.4,8.65
BN134_2020-04-03,BN134,2020-04-03,0,low activity,408.12,805.905,0.5064120460848364,1.2349309026756836,0.5459426163514202,8.63,14.28,17.2,19.03,16.7,17.33,16.26,18.79,19.82,20.89,18.62,19.02,20.52,20.61,20.63,21.0,19.94,17.72,15.81,16.47,11.62,9.2,8.75,19.28
BN134_2020-04-04,BN134,2020-04-04,0,low activity,408.59000000000003,805.905,0.5069952413746037,1.2376220661298611,0.48940802098253366,18.3,11.28,17.76,18.64,18.16,17.62,18.33,20.31,20.26,21.07,18.26,19.29,19.93,19.75,19.02,20.41,19.9,18.74,15.14,16.03,11.85,9.6,9.86,9.08
BN134_2020-04-05,BN134,2020-04-05,0,low activity,447.37,805.905,0.5551150569856249,1.3384893935668463,0.7392628807710474,12.27,14.33,15.29,16.46,17.73,17.93,16.36,21.0,22.88,23.16,22.85,24.44,24.53,24.06,23.98,24.2,24.95,23.89,19.83,18.26,11.42,8.62,8.64,10.29
BN134_2020-04-06,BN134,2020-04-06,0,low activity,390.77,805.905,0.48488345400512467,1.2387849630217265,0.5139429047564866,12.6,14.79,16.44,16.56,17.43,18.24,16.99,19.83,19.79,20.17,18.59,18.19,19.28,18.53,18.41,18.83,19.6,18.18,16.41,14.7,9.56,9.71,8.83,9.11
BN134_2020-04-07,BN134,2020-04-07,0,low activity,464.43,805.905,0.5762838051631396,1.3012079323041146,0.7025114996024807,13.71,18.01,17.85,18.53,16.82,17.31,15.93,22.67,23.3,22.74,22.82,23.72,25.18,24.6,23.87,23.88,23.76,22.91,22.06,18.54,17.82,9.86,9.75,8.79
BN134_2020-04-08,BN134,2020-04-08,0,low activity,379.03999999999996,805.905,0.4703283885817807,1.313212325875897,0.3736787595516804,8.77,10.76,14.7,13.72,18.61,19.16,16.49,20.74,20.2,19.07,17.94,19.44,20.41,20.41,19.56,16.58,15.05,15.05,12.67,8.88,8.71,8.82,16.08,17.22
BN134_2020-04-09,BN134,2020-04-09,0,low activity,493.95,805.905,0.6129134327247008,1.8084421500151837,0.06691058856433514,20.18,18.83,19.88,17.37,18.15,16.96,15.7,22.34,21.24,31.05,36.92,37.22,34.75,26.48,16.58,16.45,16.45,15.44,13.32,10.87,10.22,9.68,19.62,28.25
BN134_2020-04-10,BN134,2020-04-10,0,low activity,406.68,805.905,0.5046252349842724,1.3360873413986427,0.21714257856467595,18.6,18.82,19.0,18.05,17.17,16.84,15.53,20.8,22.64,20.63,20.51,19.15,20.08,19.71,18.87,18.33,16.65,15.64,15.02,9.41,10.28,9.67,9.99,15.29
BN134_2020-04-11,BN134,2020-04-11,0,low activity,376.17,805.905,0.46676717479107344,1.5254805008373873,-0.23163360002258104,16.89,11.08,13.86,18.76,19.15,17.75,18.64,11.41,10.83,19.01,20.25,23.91,14.88,15.56,13.87,10.48,20.71,10.11,9.29,11.55,13.09,19.47,17.73,17.89
BN134_2020-04-12,BN134,2020-04-12,0,low activity,425.77000000000004,805.905,0.5283128904771655,1.38046363059868,0.5471341485817935,17.52,17.2,17.26,16.39,15.67,16.47,15.28,22.45,24.49,22.67,22.35,20.92,21.86,19.26,21.39,22.56,21.79,19.91,17.95,12.73,8.96,9.42,9.78,11.49
BN134_2020-04-13,BN134,2020-04-13,0,low activity,386.76,805.905,0.4799076814264709,1.312441824387217,0.013893452192857753,15.05,14.66,18.7,19.34,18.02,18.98,17.36,21.15,19.97,19.98,18.35,16.91,16.39,15.35,15.93,16.37,16.3,15.11,15.42,11.46,8.87,8.9,11.93,16.26
BN134_2020-04-14,BN134,2020-04-14,0,low activity,399.35,805.905,0.495529870145985,1.3281582571678978,0.24551338824386,16.23,18.8,18.65,18.43,18.75,17.96,16.37,19.97,22.1,20.41,20.27,20.31,16.87,18.0,18.92,18.24,18.06,15.96,15.77,11.99,9.16,9.57,8.71,9.85
BN134_2020-04-15,BN134,2020-04-15,0,low activity,427.94,805.905,0.531005515538432,1.6404168808711501,0.47179129275746584,14.02,15.4,17.52,17.51,17.7,18.47,15.74,21.2,20.02,20.19,29.25,25.24,20.96,25.41,20.37,19.94,19.53,18.73,15.51,14.18,8.68,8.74,9.23,14.4
BN134_2020-04-16,BN134,2020-04-16,0,low activity,421.20000000000005,805.905,0.5226422469149591,1.2569800569800569,0.5414564167833252,14.85,18.3,18.06,17.89,18.26,17.6,14.29,21.44,22.06,20.4,17.88,20.82,20.29,20.36,20.97,21.32,20.6,19.81,18.15,16.7,13.28,8.64,9.33,9.9
BN134_2020-04-17,BN134,2020-04-17,0,low activity,407.67999999999995,805.905,0.5058660760263306,1.2921899529042387,0.5685519296126132,12.88,16.25,15.91,18.34,19.38,17.57,14.58,14.22,21.95,19.21,18.82,20.34,21.09,20.99,20.66,21.63,19.8,17.35,16.42,15.76,14.37,9.43,9.45,11.28
BN134_2020-04-18,BN134,2020-04-18,0,low activity,399.65,805.905,0.49590212245860243,1.816589515826348,0.3188854906301234,14.26,14.22,18.11,18.31,17.74,17.89,14.53,20.65,23.66,20.1,18.17,19.89,30.25,19.03,18.04,17.64,16.57,14.97,15.32,12.3,9.29,8.6,8.56,11.55
BN134_2020-04-19,BN134,2020-04-19,0,low activity,405.15999999999997,805.905,0.5027391566003437,1.2480995162404978,0.5059343231629355,14.3,16.94,18.28,18.31,18.33,17.18,15.97,21.07,20.02,19.72,17.63,19.37,20.32,19.7,20.31,20.22,20.16,18.2,16.2,15.4,11.68,8.62,8.59,8.64
BN134_2020-04-21,BN134,2020-04-21,0,low activity,367.09,805.905,0.45550033812918395,1.4095725843798523,0.7459063884266042,8.65,8.8,8.87,10.2,13.34,16.26,14.15,21.56,21.23,18.14,20.43,21.06,20.84,21.49,20.91,18.57,18.62,16.52,15.56,16.3,9.61,8.63,8.66,8.69
BN134_2020-04-22,BN134,2020-04-22,0,low activity,458.44,805.905,0.5688511673212103,1.3035511735450658,0.7174040652104872,8.83,12.66,15.09,14.53,18.15,19.33,15.68,21.31,20.71,17.98,20.26,20.51,23.54,21.9,23.1,23.14,24.9,23.72,20.7,16.21,15.64,18.49,21.39,20.67
BN134_2020-04-23,BN134,2020-04-23,0,low activity,457.75,805.905,0.5679949870021901,1.4512725286728563,0.8935120169180715,14.1,9.15,8.66,8.59,10.78,14.54,15.06,21.55,18.4,18.52,21.68,24.24,26.84,27.64,26.95,27.68,25.97,24.28,21.93,19.02,16.77,16.78,18.46,20.16
BN134_2020-04-24,BN134,2020-04-24,0,low activity,508.0,805.905,0.63034724936562,1.9799999999999998,0.7254057081958591,21.21,16.78,8.81,9.22,8.54,9.53,11.83,20.62,17.96,19.98,29.89,41.91,30.1,30.58,31.9,30.18,27.84,25.47,23.52,22.07,16.93,16.22,16.79,20.12
BN134_2020-04-25,BN134,2020-04-25,0,low activity,496.3299999999999,805.905,0.6158666344047995,1.5231801422440718,0.8246317472694288,21.43,19.95,10.41,8.85,8.91,9.2,12.1,21.24,17.07,20.02,24.97,25.37,29.08,29.34,30.35,31.5,30.35,27.27,26.01,21.27,17.21,16.22,16.99,21.22
BN134_2020-04-26,BN134,2020-04-26,0,low activity,492.15000000000003,805.905,0.6106799188489959,1.56537640963121,0.8783969572512311,16.34,8.7,8.67,8.59,9.14,9.45,13.15,20.84,17.1,20.09,23.23,29.41,30.49,31.36,31.53,31.61,32.1,29.61,25.68,22.09,17.62,15.95,17.94,21.46
BN134_2020-04-27,BN134,2020-04-27,0,low activity,488.99,805.905,0.6067588611560917,1.6682549745393567,0.8637466382084575,20.66,13.09,8.84,9.26,8.6,8.67,8.8,17.34,20.5,18.72,24.36,26.87,29.48,31.27,31.85,33.99,31.27,26.75,25.89,22.72,18.45,16.03,16.62,18.96
BN134_2020-04-28,BN134,2020-04-28,0,low activity,500.1,805.905,0.6205446051333594,1.526574685062987,0.8488694797257867,21.41,14.04,9.68,8.69,8.54,8.6,12.73,21.42,17.79,21.05,23.46,28.86,30.5,30.97,31.81,31.06,29.42,29.22,25.87,23.16,18.54,16.16,16.56,20.56
BN134_2020-04-29,BN134,2020-04-29,0,low activity,521.87,805.905,0.6475577146189687,1.6868568800659167,0.804705248281899,20.67,12.05,8.72,9.64,8.56,8.53,13.45,20.37,17.49,20.48,36.68,28.56,31.46,31.33,31.7,31.76,31.76,32.63,30.53,24.04,21.75,16.0,15.9,17.81
BN134_2020-04-30,BN134,2020-04-30,0,low activity,506.55,805.905,0.6285480298546355,1.5227716908498667,0.8409242521065871,20.68,21.23,14.28,12.49,9.97,9.06,14.27,19.95,19.22,19.65,25.64,28.83,31.33,30.98,31.38,32.14,28.52,26.05,23.19,21.46,18.04,16.05,16.05,16.09
BN134_2020-05-01,BN134,2020-05-01,0,low activity,494.28000000000003,805.905,0.6133229102685801,1.5129885894634618,0.8703105164322601,16.82,19.17,10.06,8.52,8.66,8.59,12.98,21.49,18.77,21.18,19.31,27.6,29.0,30.22,31.12,31.16,31.1,27.83,27.65,23.26,19.91,16.09,15.88,17.91
BN134_2020-05-02,BN134,2020-05-02,0,low activity,484.12,805.905,0.6007159652812677,1.5149962819135752,0.8436308739085518,21.18,11.19,9.12,8.52,8.51,9.34,13.11,21.19,16.99,20.7,24.21,28.8,28.55,28.66,29.28,30.56,29.41,27.21,24.01,21.73,17.99,16.61,17.37,19.88
BN134_2020-05-03,BN134,2020-05-03,0,low activity,480.58000000000004,805.905,0.5963233879923813,1.431270548087727,0.8110934413342702,21.81,18.75,10.09,9.18,8.62,9.54,12.6,20.51,17.22,21.07,24.14,26.17,27.48,28.33,28.66,28.34,28.34,24.73,24.77,20.56,17.6,15.86,16.34,19.87
BN134_2020-05-04,BN134,2020-05-04,0,low activity,484.80999999999995,805.905,0.6015721456002878,1.5044244136878366,0.8241583873598106,21.38,19.47,8.75,8.63,8.58,8.55,12.95,21.92,18.58,20.48,23.69,25.88,27.44,28.74,30.39,28.59,28.03,26.96,25.85,21.09,17.91,15.89,15.79,19.27
BN134_2020-05-06,BN134,2020-05-06,0,low activity,519.5,805.905,0.6446169213492906,1.5139172281039464,0.8618761050864566,19.89,10.28,8.77,8.57,8.48,8.74,15.61,19.49,17.98,22.96,26.05,30.57,32.31,32.65,32.77,32.14,32.1,32.74,30.8,25.89,19.0,16.6,17.37,17.74
BN134_2020-05-10,BN134,2020-05-10,0,low activity,511.71000000000004,805.905,0.6349507696316564,1.3793750366418478,0.7398371162879775,15.82,16.59,19.56,21.61,21.7,21.67,22.36,21.9,20.61,15.98,16.72,17.78,19.23,26.35,28.73,28.85,29.41,28.67,26.38,22.79,20.47,16.19,16.09,16.25
BN134_2020-05-12,BN134,2020-05-12,0,low activity,507.03999999999996,805.905,0.629156041965244,1.5350268223414327,0.7384334011324727,21.36,21.94,21.19,13.49,8.49,9.02,16.66,21.73,17.46,20.81,26.72,25.48,27.43,26.99,26.92,32.43,28.5,25.08,23.76,19.96,16.1,15.99,17.51,22.02
BN134_2020-05-13,BN134,2020-05-13,0,low activity,446.62,805.905,0.5541844262040811,1.2891496126460973,0.6755685631214899,21.84,19.46,11.27,9.12,9.12,8.6,13.84,20.74,18.96,18.72,21.55,22.15,22.45,23.99,22.93,23.89,23.71,23.14,19.69,16.54,15.87,18.94,21.64,18.46
BN134_2020-05-14,BN134,2020-05-14,0,low activity,423.53,805.905,0.5255334065429548,1.3401648053266593,0.6938620511812348,9.66,10.75,8.71,9.34,9.31,9.01,14.34,20.96,19.83,18.92,20.24,23.65,22.31,21.36,21.23,23.12,22.18,21.53,19.1,17.84,16.36,20.41,21.73,21.64
BN134_2020-05-15,BN134,2020-05-15,0,low activity,453.8,805.905,0.5630936648860598,1.3422653151167914,0.7723710915639639,20.3,11.7,9.33,8.78,8.57,9.19,18.3,20.64,19.36,18.47,22.69,23.87,23.76,24.65,24.78,25.38,24.23,22.97,22.28,19.69,16.59,16.09,20.39,21.79
BN134_2020-05-16,BN134,2020-05-16,0,low activity,474.71999999999997,805.905,0.5890520594859195,1.4241658240647121,0.8157989666627598,21.87,13.88,9.93,8.58,8.59,8.51,14.9,21.63,19.69,20.11,21.91,25.22,27.21,27.04,27.26,28.17,26.64,25.75,22.77,20.82,18.89,15.86,18.18,21.31
BN134_2020-05-17,BN134,2020-05-17,0,low activity,517.88,805.905,0.6426067588611561,1.403722870162972,0.7468713887989261,21.98,21.62,22.2,19.66,11.18,9.29,17.06,20.7,17.74,21.84,23.76,24.32,27.8,28.66,30.29,27.48,27.98,27.3,25.37,21.56,20.23,16.18,15.89,17.79
BN134_2020-05-23,BN134,2020-05-23,0,low activity,476.71,805.905,0.5915213331596156,1.3683790984036417,0.7434595579773272,9.47,10.59,8.51,8.57,8.52,8.47,18.74,23.33,20.87,21.2,21.56,23.85,27.18,25.5,26.09,25.88,26.54,24.72,22.35,21.89,21.89,24.99,24.54,21.46
BN134_2020-05-24,BN134,2020-05-24,0,low activity,490.55,805.905,0.6086945731817026,1.4966058505758841,0.8116951592021312,12.57,12.04,9.41,9.05,8.63,8.55,18.18,22.23,20.67,21.8,23.04,27.75,28.01,30.59,29.09,26.76,25.67,25.18,23.28,22.71,21.96,24.95,23.93,14.5
BN134_2020-05-25,BN134,2020-05-25,0,low activity,512.31,805.905,0.6356952742568913,1.4962815482813143,0.8582356577518625,13.84,10.67,8.48,8.53,8.56,8.41,19.98,22.55,21.54,21.62,24.9,29.17,30.34,31.94,29.99,30.61,30.19,29.14,26.34,23.52,22.19,24.84,22.49,12.47
BN134_2020-06-08,BN134,2020-06-08,0,low activity,427.84999999999997,805.905,0.5308938398446467,1.576253359822368,0.33632942026530205,16.56,11.45,12.34,12.11,11.3,12.97,23.2,22.49,20.91,21.2,13.18,0.0,0.0,11.82,27.57,27.22,28.1,25.88,22.22,22.38,23.92,24.06,24.15,12.82
BN139_2019-09-17,BN139,2019-09-17,0,low activity,30.793,47.5615,0.6474354257119729,1.2158607475725003,0.6781671276608247,1.32,1.38,1.35,1.22,1.17,1.19,1.13,0.91,0.98,1.16,1.15,1.16,1.26,1.32,1.24,1.29,1.39,1.53,1.56,1.48,1.485,1.438,1.39,1.29
BN139_2019-09-20,BN139,2019-09-20,0,low activity,29.43,47.5615,0.6187777929627954,1.8267074413863404,0.15651466891424426,1.41,1.29,1.13,1.15,1.09,1.1,1.05,0.85,0.9,0.91,1.01,1.0,1.2,1.17,1.17,1.23,1.07,1.04,1.0,1.26,1.14,1.81,2.24,2.21
BN139_2019-09-22,BN139,2019-09-22,0,low activity,25.58,47.5615,0.5378299675157427,1.1915559030492575,0.46205137661863305,1.11,1.09,1.19,1.15,1.04,1.02,0.99,0.92,0.85,0.8,0.76,0.95,1.06,1.1,1.04,1.18,1.11,1.16,1.01,1.2,1.27,1.19,1.2,1.19
BN139_2019-09-26,BN139,2019-09-26,0,low activity,29.75,47.5615,0.625505923909044,1.4682352941176473,0.019512968063395024,1.82,1.57,1.48,1.4,1.53,1.45,1.0,0.91,0.9,1.03,0.98,0.98,1.03,1.01,1.18,1.3,1.1,1.21,1.03,1.14,1.395,1.75,1.435,1.12
BN139_2019-09-28,BN139,2019-09-28,0,low activity,25.759999999999998,47.5615,0.5416145411730076,1.4813664596273295,0.6827345804437411,1.0,1.06,1.04,1.03,1.06,1.01,1.01,0.8,0.72,0.95,0.9,1.11,1.03,0.98,1.08,1.21,1.59,1.24,1.035,1.155,1.15,1.11,1.2,1.29
BN139_2019-09-29,BN139,2019-09-29,0,low activity,26.78,47.5615,0.5630604585641747,2.2852875280059743,0.4133046559202593,1.14,1.12,1.11,1.14,1.16,1.09,1.0,0.92,0.96,0.92,0.95,1.01,1.05,1.08,1.03,1.09,2.55,1.01,0.94,1.17,1.14,1.12,1.07,1.01
BN139_2019-09-30,BN139,2019-09-30,0,low activity,23.335,47.5615,0.4906279238459679,1.1519177201628457,-0.18047609926236013,1.04,1.05,0.99,1.0,1.03,0.91,0.99,0.99,0.73,0.9,0.97,1.01,0.97,0.94,0.97,0.94,0.82,0.83,0.915,1.12,1.07,1.02,1.07,1.06
BN139_2019-10-01,BN139,2019-10-01,0,low activity,25.799999999999997,47.5615,0.5424555575412886,1.6372093023255814,0.03623789612898312,1.08,0.96,0.99,0.99,0.95,0.92,0.89,0.89,0.78,1.76,1.38,1.34,1.32,1.2,1.28,1.07,1.04,1.01,0.89,1.07,1.07,1.01,0.96,0.95
BN139_2019-10-02,BN139,2019-10-02,0,low activity,23.78,47.5615,0.49998423094309474,1.5744322960470984,0.017045493013265366,0.97,0.97,0.97,0.97,0.91,0.91,0.98,0.84,0.88,0.89,0.86,0.95,1.05,0.94,0.99,0.97,0.83,0.79,0.85,1.56,1.34,1.12,1.1,1.14
BN139_2019-10-05,BN139,2019-10-05,0,low activity,24.23,47.5615,0.5094456650862568,1.1588939331407346,0.3614995396079432,1.13,1.05,1.07,1.07,1.02,1.0,1.04,0.89,0.8,0.81,0.78,0.98,0.93,1.07,1.1,0.92,1.01,1.07,1.06,1.17,1.04,1.06,1.03,1.13
BN139_2019-10-06,BN139,2019-10-06,0,low activity,23.42,47.5615,0.4924150836285651,1.2502134927412467,0.08423176128099495,1.22,1.05,0.98,1.02,1.03,1.03,0.98,0.81,0.86,0.89,0.78,0.82,0.96,1.01,1.02,1.03,0.91,0.83,0.92,1.06,1.04,1.07,1.1,1.0
BN139_2019-10-07,BN139,2019-10-07,0,low activity,25.842,47.5615,0.5433386247279837,1.8481541676340842,0.20573810985301874,1.04,1.04,1.05,0.99,0.97,0.97,0.97,0.79,0.77,0.71,0.75,1.03,0.97,0.97,0.99,1.07,0.95,0.93,0.975,1.115,1.442,1.77,1.99,1.59
BN139_2019-10-08,BN139,2019-10-08,0,low activity,25.61,47.5615,0.5384607297919536,1.4150722374072626,-0.12253183240355553,1.51,1.32,1.34,1.35,1.11,1.04,1.04,0.95,0.79,0.92,0.85,0.95,0.99,1.01,1.03,0.95,0.98,0.91,1.03,1.17,1.14,1.07,1.09,1.07
BN139_2019-10-09,BN139,2019-10-09,0,low activity,29.416999999999998,47.5615,0.6185044626431041,3.255260563619676,0.10645988928128154,1.02,1.04,1.1,1.01,0.97,0.96,0.96,0.88,0.75,0.87,1.0,0.94,0.99,0.97,1.02,0.94,0.98,1.02,0.91,1.255,2.622,3.99,1.81,1.41
BN139_2019-10-10,BN139,2019-10-10,0,low activity,25.823,47.5615,0.5429391419530503,2.314216008984239,0.027135303754675492,1.28,1.06,1.09,1.09,0.98,0.96,0.94,0.82,0.86,0.89,0.75,0.66,0.86,0.86,0.97,0.9,0.74,0.935,0.88,1.122,1.841,2.49,1.4,1.445
BN139_2019-10-11,BN139,2019-10-11,0,low activity,22.93,47.5615,0.482112633117122,1.5595290013083296,-0.3175982093199685,1.49,1.05,1.1,1.01,0.98,1.05,1.0,0.95,0.87,0.93,0.89,0.75,0.74,0.79,0.85,0.83,0.92,0.85,0.85,0.99,1.06,0.99,0.99,1.0
BN139_2019-10-12,BN139,2019-10-12,0,low activity,21.34,47.5615,0.4486822324779496,1.1583880037488286,0.08671348013874897,0.94,1.0,0.98,0.98,0.9,0.9,0.88,0.79,0.75,0.75,0.66,0.8,0.88,0.9,0.9,0.89,0.83,0.75,0.89,1.03,1.0,0.97,0.97,1.0
BN139_2019-10-13,BN139,2019-10-13,0,low activity,21.689999999999998,47.5615,0.4560411257004089,1.1839557399723377,0.07622885826773156,1.0,0.97,1.01,0.9,0.92,0.9,0.93,0.72,0.82,0.77,0.77,0.8,0.83,0.91,0.92,0.87,0.83,0.79,0.89,1.04,1.0,1.02,1.07,1.01
BN139_2019-10-14,BN139,2019-10-14,0,low activity,22.378,47.5615,0.4705066072348433,1.2494414156761104,0.08105851693225542,1.05,0.95,0.98,1.04,0.98,0.91,0.89,0.85,0.77,0.64,0.83,0.91,0.91,0.87,0.9,0.9,0.85,0.79,0.975,1.165,1.118,1.07,0.99,1.04
BN139_2019-10-15,BN139,2019-10-15,0,low activity,23.61,47.5615,0.49640991137790014,1.3113087674714103,0.040657142597597305,1.03,1.18,1.03,0.97,1.01,0.96,1.0,0.94,0.72,0.83,0.78,0.87,0.95,0.89,0.98,0.96,0.84,0.82,1.06,1.29,1.11,1.15,1.06,1.18
BN139_2019-10-16,BN139,2019-10-16,0,low activity,27.622,47.5615,0.5807638531164913,3.275649844326986,0.08188671633976707,1.12,1.0,1.05,1.06,1.2,1.05,1.07,0.68,0.75,0.75,0.82,0.89,0.95,0.95,0.94,0.94,0.97,0.86,1.03,1.118,2.444,3.77,1.17,1.04
BN139_2019-10-17,BN139,2019-10-17,0,low activity,25.852,47.5615,0.543548878820054,2.4230233637629586,0.1528059042774116,1.03,1.09,1.0,0.97,1.0,1.02,0.98,0.73,0.73,0.77,0.76,0.9,0.95,1.0,0.94,0.99,0.94,0.93,1.02,1.18,1.188,1.164,2.61,1.96
BN139_2019-10-18,BN139,2019-10-18,0,low activity,25.275,47.5615,0.5314172177075995,1.6902077151335313,0.18987686369906673,1.31,1.27,1.16,1.16,1.15,1.01,0.97,0.76,0.79,0.84,0.95,0.84,0.89,0.81,0.94,0.84,1.06,1.6,0.875,0.955,0.985,0.94,1.78,1.39
BN139_2019-10-19,BN139,2019-10-19,0,low activity,26.334000000000003,47.5615,0.553683126057841,1.6586921850079746,0.3967052168075946,1.0,0.96,0.92,0.92,0.85,0.9,0.9,0.86,0.9,1.11,1.25,1.82,1.58,1.52,1.31,1.21,1.33,1.26,0.893,0.978,0.992,0.971,0.95,0.95
BN139_2019-10-20,BN139,2019-10-20,0,low activity,20.98,47.5615,0.44111308516341996,1.2583412774070544,0.21266731943521502,0.91,0.9,0.88,0.87,0.93,0.87,0.86,0.73,0.71,0.73,0.85,0.92,0.71,0.81,0.81,0.82,0.9,0.92,0.91,1.0,1.0,0.93,0.91,1.1
BN139_2019-10-21,BN139,2019-10-21,0,low activity,21.157,47.5615,0.4448345825930637,1.2705014888689323,0.06623033561448578,1.12,0.92,1.1,1.11,1.0,0.95,0.84,0.63,0.65,0.7,0.68,0.61,0.72,0.86,0.88,0.78,0.82,0.79,0.91,1.015,1.062,1.11,0.95,0.95
BN139_2019-10-22,BN139,2019-10-22,0,low activity,21.549999999999997,47.5615,0.4530975684114251,1.1470997679814388,0.027897944470857715,1.03,0.91,0.9,0.91,0.89,0.83,0.95,0.82,0.85,0.8,0.69,0.91,0.9,0.83,0.89,0.9,0.83,0.76,0.91,1.03,0.99,1.02,1.03,0.97
BN139_2019-10-23,BN139,2019-10-23,0,low activity,21.52,47.5615,0.4524668061352144,1.204460966542751,0.4049054901528392,0.88,0.94,0.91,0.9,0.91,0.88,0.89,0.68,0.67,0.69,0.74,0.88,0.96,0.92,0.92,0.95,0.91,0.8,0.94,0.98,1.0,1.06,1.03,1.08
BN139_2019-10-24,BN139,2019-10-24,0,low activity,28.002000000000002,47.5615,0.5887535086151614,3.2740518534390395,0.23157942503320106,1.09,0.99,0.9,0.94,0.97,0.89,0.91,0.72,0.88,0.86,0.89,0.93,1.04,1.14,1.07,1.02,1.19,1.04,1.16,0.95,0.955,2.387,3.82,1.26
BN139_2019-10-25,BN139,2019-10-25,0,low activity,24.46,47.5615,0.5142815092038728,1.2166802943581356,-0.3001703552478401,1.17,1.06,0.92,0.87,0.93,1.1,1.06,0.98,1.14,1.13,1.17,1.21,1.24,1.1,1.09,1.03,0.95,0.83,0.9,0.92,0.91,0.89,0.92,0.94
BN139_2019-10-26,BN139,2019-10-26,0,low activity,30.86,47.5615,0.6488441281288436,5.583927414128321,0.07383421212110604,0.88,0.89,0.91,0.87,0.87,0.89,0.87,0.81,0.82,0.78,0.91,2.52,7.18,2.66,0.98,0.97,0.92,0.71,0.85,0.91,0.91,0.9,0.89,0.96
BN139_2019-10-27,BN139,2019-10-27,0,low activity,23.69,47.5615,0.49809194411446234,1.2663571127057829,0.49508306196776636,0.9,0.93,0.9,0.87,0.89,0.84,0.92,0.82,0.81,0.99,1.08,1.07,1.08,1.03,0.87,1.01,1.09,1.07,1.11,1.25,1.1,0.99,1.02,1.05
BN139_2019-10-28,BN139,2019-10-28,0,low activity,25.240000000000002,47.5615,0.5306813283853538,1.2456418383518224,-0.1661945234845024,1.16,1.19,1.31,1.08,0.88,0.91,1.07,0.99,1.19,1.19,1.19,1.09,1.08,1.03,1.06,1.12,1.1,1.07,0.918,0.978,0.954,0.93,0.87,0.88
BN139_2019-10-29,BN139,2019-10-29,0,low activity,24.515,47.5615,0.5154379067102594,2.1978380583316337,0.17175973178490653,0.92,0.94,0.91,0.84,0.83,0.9,0.85,0.82,0.81,1.07,1.03,0.98,0.99,0.93,0.96,1.04,1.01,0.98,0.854,0.949,1.03,1.035,2.245,1.592
BN139_2019-10-30,BN139,2019-10-30,0,low activity,24.573,47.5615,0.5166573804442669,3.535587840312538,-0.05815665984775075,0.94,1.04,1.05,1.04,1.05,1.04,1.03,0.86,0.75,0.84,0.79,0.71,0.71,0.69,0.68,0.63,0.64,0.58,0.79,0.92,0.915,2.268,3.62,0.99
BN139_2019-10-31,BN139,2019-10-31,0,low activity,18.58,47.5615,0.3906521030665559,1.2787944025834233,-0.5726497721899407,0.94,0.95,0.99,0.98,0.81,0.8,0.89,0.74,0.67,0.77,0.81,0.69,0.61,0.65,0.63,0.71,0.57,0.6,0.75,0.81,0.8,0.8,0.81,0.8
BN139_2019-11-01,BN139,2019-11-01,0,low activity,18.89,47.5615,0.3971699799207342,1.346744309158285,0.32492295825194883,0.8,0.82,0.81,0.86,0.81,0.8,0.79,0.6,0.54,0.65,0.65,0.67,1.06,1.01,0.98,0.9,0.69,0.64,0.79,0.8,0.8,0.81,0.8,0.81
BN139_2019-11-02,BN139,2019-11-02,0,low activity,19.525,47.5615,0.4105211147671961,1.2783610755441743,0.40244660526925297,0.84,0.83,0.81,0.81,0.81,0.88,0.8,0.63,0.61,0.65,0.63,0.88,0.91,0.96,0.9,0.99,1.04,0.545,0.78,0.825,0.83,0.83,0.855,0.88
BN139_2019-11-03,BN139,2019-11-03,0,low activity,18.12,47.5615,0.38098041483132367,1.218543046357616,-0.5880703227591003,0.9,0.89,0.91,0.92,0.91,0.9,0.8,0.81,0.7,0.66,0.66,0.67,0.6,0.64,0.63,0.55,0.51,0.45,0.77,0.85,0.86,0.85,0.85,0.83
BN139_2019-11-04,BN139,2019-11-04,0,low activity,19.028,47.5615,0.40007148639130385,1.3054446079461846,-0.21205736659334384,0.85,0.88,0.92,0.92,0.91,0.9,0.87,0.63,0.63,0.66,0.65,0.66,0.76,0.62,0.63,0.63,0.63,0.63,0.955,1.035,0.938,0.84,0.88,1.0
BN139_2019-11-05,BN139,2019-11-05,0,low activity,25.067999999999998,47.5615,0.527064958001745,2.6519865964576352,0.03552626286545486,0.91,0.97,0.93,0.89,0.85,0.84,0.9,0.9,0.77,0.75,0.75,0.83,0.94,0.82,0.77,0.83,0.77,0.685,0.908,0.978,2.77,1.48,2.255,1.572
BN139_2019-11-06,BN139,2019-11-06,0,low activity,25.019,47.5615,0.5260347129506008,3.4821535632918983,0.04127331895383041,0.89,0.94,0.9,0.92,0.93,1.01,1.01,0.84,0.91,0.8,0.81,0.68,0.77,0.63,0.79,0.84,0.8,0.74,0.86,0.92,1.136,2.383,3.63,0.88
BN139_2019-11-08,BN139,2019-11-08,0,low activity,20.69,47.5615,0.4350157164933823,1.1947800869985499,-0.3604543468494522,0.94,0.91,0.93,0.88,0.97,0.95,0.99,0.79,0.73,0.84,0.79,0.78,0.78,0.81,0.69,0.8,0.85,0.65,0.85,0.9,0.96,1.03,0.97,0.9
BN139_2019-11-09,BN139,2019-11-09,0,low activity,19.91,47.5615,0.4186158973119014,1.2536413862380713,-0.15126231138377705,1.04,0.88,0.97,0.89,0.89,0.92,0.83,0.8,0.69,0.75,0.78,0.61,0.64,1.04,0.91,0.72,0.74,0.62,0.83,0.87,0.9,0.85,0.88,0.86
BN139_2019-11-10,BN139,2019-11-10,0,low activity,21.64,47.5615,0.4549898552400576,1.1423290203327172,-0.026086125108973783,0.9,0.9,0.87,0.9,0.88,0.88,0.84,0.81,0.89,0.88,1.03,1.03,0.94,0.99,1.02,0.98,0.8,0.72,0.87,0.9,0.9,0.91,0.86,0.94
BN139_2019-11-11,BN139,2019-11-11,0,low activity,21.020000000000003,47.5615,0.4419541015317011,1.2216936251189343,0.5584388792452729,1.02,0.87,0.9,0.87,0.86,0.86,0.87,0.7,0.61,0.67,0.72,0.92,0.95,1.01,1.07,0.96,0.99,0.79,0.845,0.92,0.915,0.91,0.93,0.86
BN139_2019-11-12,BN139,2019-11-12,0,low activity,28.604000000000003,47.5615,0.6014108049577915,5.940427912180113,0.03968574888756207,0.87,0.87,0.91,0.87,0.85,0.88,0.83,0.76,0.72,0.89,0.93,0.88,0.68,0.7,0.75,0.7,0.7,0.73,0.832,0.985,1.38,7.08,2.245,1.562
BN139_2019-11-13,BN139,2019-11-13,0,low activity,24.197,47.5615,0.5087518265824248,3.531016241682853,0.0788473754635219,0.88,0.88,0.87,0.85,0.88,0.89,0.92,0.82,0.74,0.71,0.81,0.67,0.83,0.8,0.79,0.85,0.77,0.67,0.82,1.05,0.998,2.279,3.56,0.86
BN139_2019-11-14,BN139,2019-11-14,0,low activity,22.478,47.5615,0.472609148155546,2.370317643918498,0.07063372484642558,0.86,0.96,0.89,0.91,0.91,0.9,0.83,0.75,0.62,0.77,0.83,0.62,0.59,0.78,0.89,0.89,0.71,0.68,0.885,0.96,0.924,1.564,2.22,1.535
BN139_2019-11-15,BN139,2019-11-15,0,low activity,18.049999999999997,47.5615,0.3795086361868317,1.2631578947368423,-0.37434513215436493,0.85,0.86,0.87,0.91,0.9,0.9,0.89,0.69,0.54,0.63,0.63,0.7,0.62,0.59,0.63,0.57,0.42,0.53,0.95,0.87,0.85,0.85,0.88,0.92
BN139_2019-11-16,BN139,2019-11-16,0,low activity,18.11,47.5615,0.38077016073925335,1.2059635560463833,-0.4029136630736235,0.91,0.9,0.9,0.91,0.91,0.91,0.82,0.74,0.65,0.62,0.62,0.58,0.55,0.62,0.58,0.47,0.43,0.65,0.89,0.88,0.89,0.89,0.89,0.9
BN139_2019-11-17,BN139,2019-11-17,0,low activity,18.55,47.5615,0.3900213407903451,1.2032345013477088,-0.28495643171331686,0.89,0.9,0.89,0.81,0.8,0.79,0.8,0.72,0.61,0.65,0.67,0.82,0.75,0.68,0.66,0.64,0.63,0.48,0.87,0.92,0.84,0.9,0.9,0.93
BN139_2019-11-18,BN139,2019-11-18,0,low activity,18.474,47.5615,0.38842340969061107,1.2341669373173108,-0.3161413541579606,0.95,0.95,0.91,0.91,0.82,0.8,0.79,0.68,0.53,0.69,0.71,0.67,0.78,0.64,0.65,0.52,0.54,0.6,0.81,0.909,0.905,0.9,0.9,0.91
BN139_2019-11-19,BN139,2019-11-19,0,low activity,19.103,47.5615,0.4016483920818309,1.256347170601476,0.24485347361827603,0.9,0.9,0.9,0.91,0.9,0.83,0.79,0.68,0.52,0.64,0.55,0.51,0.51,0.63,0.67,0.93,0.96,0.735,0.98,0.96,0.883,0.945,0.87,1.0
BN139_2019-11-20,BN139,2019-11-20,0,low activity,22.54,47.5615,0.4739127235263816,1.2031943212067435,-0.44277795406713616,1.13,1.02,1.04,1.03,1.04,1.03,1.03,0.96,0.82,0.85,0.89,0.88,0.9,0.87,0.85,0.86,0.83,0.87,0.94,1.01,0.86,0.99,0.84,1.0
BN139_2019-11-21,BN139,2019-11-21,0,low activity,19.32,47.5615,0.40621090587975567,1.1801242236024843,0.3766131085111373,0.82,0.85,0.83,0.85,0.86,0.9,0.88,0.69,0.64,0.67,0.59,0.67,0.84,0.89,0.87,0.82,0.8,0.81,0.95,0.87,0.82,0.8,0.8,0.8
BN139_2019-11-22,BN139,2019-11-22,0,low activity,17.479999999999997,47.5615,0.3675241529388265,1.1807780320366135,-0.2063739828943461,0.8,0.81,0.82,0.81,0.81,0.8,0.79,0.7,0.55,0.54,0.59,0.74,0.76,0.7,0.59,0.62,0.56,0.62,0.86,0.79,0.8,0.81,0.8,0.81
BN139_2019-11-23,BN139,2019-11-23,0,low activity,23.630000000000003,47.5615,0.49683041956204077,2.011002962336013,0.2541140081422881,0.99,0.9,0.84,0.84,0.9,0.84,0.83,0.74,0.52,0.67,0.64,0.72,0.78,0.74,0.74,0.79,0.74,1.32,1.16,1.39,1.57,1.98,1.37,1.62
BN139_2019-11-24,BN139,2019-11-24,0,low activity,21.3,47.5615,0.44784121610966854,1.8816901408450701,-0.32134092566073325,1.3,1.45,1.67,1.21,1.31,1.09,0.89,0.78,0.61,0.67,0.6,0.57,0.76,0.75,0.79,0.76,0.7,0.55,0.8,0.8,0.81,0.81,0.81,0.81
BN139_2019-11-25,BN139,2019-11-25,0,low activity,18.935000000000002,47.5615,0.3981161233350504,1.1787694745180881,0.3031770535535847,0.8,0.89,0.81,0.8,0.79,0.79,0.77,0.7,0.51,0.52,0.68,0.77,0.77,0.75,0.74,0.86,0.79,0.67,0.89,0.92,0.925,0.93,0.93,0.93
BN139_2019-11-26,BN139,2019-11-26,0,low activity,19.475,47.5615,0.40946984430684485,1.2816431322207957,-0.08827992468964059,1.04,0.89,0.81,0.81,0.8,0.79,0.79,0.78,0.61,0.81,0.78,0.78,0.73,0.71,0.79,0.74,0.66,0.73,0.845,0.86,1.02,1.0,0.9,0.8
BN139_2019-11-28,BN139,2019-11-28,0,low activity,20.51,47.5615,0.43123114283611746,1.2169673330082886,0.20010904679884248,0.8,0.8,0.81,0.8,0.99,0.98,0.89,0.87,0.62,0.62,0.66,0.81,0.85,0.87,1.01,0.89,0.77,0.77,0.81,0.99,0.92,0.95,0.99,1.04
BN139_2019-11-29,BN139,2019-11-29,0,low activity,22.87,47.5615,0.4808511085647004,1.2173152601661563,-0.0967373649937617,1.04,1.05,1.1,1.16,1.09,1.04,1.0,0.89,0.66,0.87,0.93,0.98,1.02,1.03,1.09,1.08,0.82,0.73,0.92,0.91,0.83,0.91,0.91,0.81
BN139_2019-11-30,BN139,2019-11-30,0,low activity,19.200000000000003,47.5615,0.40368785677491253,1.2749999999999997,0.24918029098086883,0.81,0.81,0.81,0.81,0.81,0.8,0.79,0.73,0.49,0.51,0.69,0.94,1.02,1.0,0.91,0.8,0.67,0.69,0.8,0.8,0.8,0.81,0.96,0.94
BN139_2019-12-01,BN139,2019-12-01,0,low activity,18.71,47.5615,0.3933854062634694,1.1929449492250133,0.08519397903064313,0.85,0.86,0.8,0.8,0.8,0.79,0.79,0.73,0.56,0.55,0.73,0.87,0.92,0.89,0.93,0.77,0.67,0.54,0.8,0.81,0.82,0.81,0.81,0.81
BN139_2019-12-02,BN139,2019-12-02,0,low activity,18.11,47.5615,0.38077016073925335,1.2854776366648262,0.07974946099199488,0.8,0.81,0.81,0.8,0.85,0.79,0.79,0.74,0.5,0.52,0.63,0.63,0.64,0.75,0.76,0.79,0.63,0.54,0.97,0.93,0.94,0.88,0.8,0.81
BN139_2019-12-03,BN139,2019-12-03,0,low activity,20.075000000000003,47.5615,0.42208508983106086,2.570361145703611,0.005063943095863993,0.81,0.86,0.81,0.82,0.85,0.79,0.79,0.74,0.51,0.64,0.61,0.71,0.69,0.72,0.67,0.62,0.62,0.54,0.91,0.915,0.915,0.905,2.15,1.48
BN139_2019-12-04,BN139,2019-12-04,0,low activity,22.625,47.5615,0.4756998833089789,3.712707182320442,0.08998214261382971,0.81,0.83,0.89,0.89,0.89,0.8,0.79,0.8,0.56,0.62,0.59,0.7,0.76,0.8,0.77,0.66,0.73,0.59,0.85,0.9,0.89,2.195,3.5,0.81
BN139_2019-12-05,BN139,2019-12-05,0,low activity,20.277,47.5615,0.4263322224908802,2.5565912117177096,-0.013688600353588137,0.82,0.82,0.82,0.81,0.81,0.8,0.79,0.78,0.6,0.6,0.53,0.64,0.72,0.68,0.51,0.61,0.51,0.705,0.845,0.86,0.86,1.507,2.16,1.49
BN139_2019-12-06,BN139,2019-12-06,0,low activity,17.990000000000002,47.5615,0.3782471116344102,1.120622568093385,0.17692211095706384,0.82,0.82,0.83,0.83,0.82,0.82,0.8,0.76,0.52,0.53,0.59,0.59,0.67,0.63,0.69,0.78,0.72,0.82,0.84,0.82,0.83,0.82,0.82,0.82
BN139_2019-12-07,BN139,2019-12-07,0,low activity,19.189999999999998,47.5615,0.40347760268284216,1.1130797290255343,0.07468729441530542,0.82,0.81,0.88,0.82,0.81,0.81,0.81,0.78,0.65,0.72,0.74,0.79,0.83,0.76,0.79,0.82,0.88,0.63,0.81,0.82,0.82,0.87,0.83,0.89
BN139_2019-12-08,BN139,2019-12-08,0,low activity,17.18,47.5615,0.36121653017671856,1.2293364377182772,-0.44713629629250823,0.88,0.82,0.82,0.82,0.82,0.8,0.81,0.78,0.58,0.66,0.53,0.59,0.64,0.64,0.57,0.53,0.51,0.53,0.81,0.8,0.81,0.81,0.81,0.81
BN139_2019-12-09,BN139,2019-12-09,0,low activity,18.71,47.5615,0.3933854062634694,1.1159807589524318,0.3058952470441959,0.82,0.82,0.82,0.82,0.81,0.81,0.8,0.76,0.52,0.52,0.61,0.77,0.8,0.84,0.84,0.82,0.87,0.6,0.82,0.87,0.81,0.86,0.85,0.85
BN139_2019-12-11,BN139,2019-12-11,0,low activity,18.5,47.5615,0.38897007032999376,1.1805405405405405,0.04367423469881496,0.86,0.81,0.85,0.83,0.81,0.84,0.91,0.76,0.5,0.52,0.64,0.68,0.8,0.87,0.81,0.86,0.7,0.56,0.8,0.81,0.81,0.81,0.81,0.85
BN139_2019-12-12,BN139,2019-12-12,0,low activity,28.611000000000004,47.5615,0.6015579828222407,7.24756212645486,-0.32781896484401085,0.83,0.81,0.81,0.8,0.8,0.79,0.78,8.64,1.82,1.265,0.71,0.79,0.85,0.79,0.82,0.77,0.82,0.745,0.841,0.81,0.815,0.81,0.835,0.86
BN139_2019-12-13,BN139,2019-12-13,0,low activity,22.63,47.5615,0.475805010355014,3.330092797171896,-0.3637477627840696,0.81,0.81,0.81,0.81,0.8,0.82,0.895,2.018,3.14,0.67,0.67,0.77,0.83,0.82,0.81,0.78,0.81,0.715,0.762,0.81,0.82,0.81,0.82,0.82
BN139_2019-12-14,BN139,2019-12-14,0,low activity,22.455000000000002,47.5615,0.4721255637437844,3.2491649966599865,-0.3437310887079531,0.86,0.8,0.86,0.86,0.81,0.8,0.848,1.944,3.04,0.59,0.65,0.7,0.86,0.88,0.85,0.81,0.76,0.732,0.771,0.81,0.81,0.8,0.8,0.81
BN139_2019-12-15,BN139,2019-12-15,0,low activity,19.2,47.5615,0.4036878567749124,1.1875,0.31348988221200386,0.82,0.82,0.81,0.86,0.89,0.8,0.8,0.8,0.53,0.64,0.76,0.74,0.75,0.71,0.75,0.88,0.87,0.75,0.95,0.92,0.91,0.82,0.81,0.81
BN139_2019-12-16,BN139,2019-12-16,0,low activity,24.006999999999998,47.5615,0.5047569988330897,3.2590494439121924,-0.3806285122088107,0.84,0.84,0.8,1.02,0.91,0.85,0.88,2.07,3.26,0.7,0.73,0.78,0.75,0.83,0.75,0.79,0.82,0.705,0.862,1.02,0.92,0.93,0.99,0.96
BN139_2019-12-17,BN139,2019-12-17,0,low activity,24.080000000000002,47.5615,0.5062918537052028,3.2093023255813953,-0.450352506299705,1.03,0.93,0.89,1.02,0.97,0.95,0.86,2.04,3.22,0.74,0.77,0.89,0.75,0.75,0.7,0.77,0.78,0.66,0.73,0.8,0.85,0.97,1.01,1.0
BN139_2019-12-18,BN139,2019-12-18,0,low activity,23.145000000000003,47.5615,0.4866330960966328,3.390797148412184,-0.43736375384535275,0.93,0.9,0.84,1.03,0.87,0.85,0.86,2.065,3.27,0.68,0.78,0.8,0.79,0.78,0.8,0.78,0.69,0.56,0.7,0.84,0.89,0.83,0.81,0.8
BN139_2019-12-20,BN139,2019-12-20,0,low activity,22.751,47.5615,0.47834908486906424,3.280734912751088,-0.4053044639882726,0.87,0.87,0.8,0.87,0.84,0.89,0.852,1.981,3.11,0.64,0.83,0.76,0.79,0.81,0.86,0.77,0.67,0.662,0.736,0.81,0.81,0.81,0.86,0.85
BN139_2019-12-21,BN139,2019-12-21,0,low activity,20.968,47.5615,0.4408607802529356,3.4338038916444105,-0.25758266199277313,0.84,0.79,0.0,0.41,0.8,0.97,0.826,1.913,3.0,0.5,0.57,0.74,0.88,0.89,0.87,0.81,0.77,0.616,0.713,0.81,0.81,0.82,0.81,0.81
BN139_2019-12-22,BN139,2019-12-22,0,low activity,18.009999999999998,47.5615,0.3786676198185507,1.1860077734591894,0.08241701519551631,0.81,0.81,0.81,0.81,0.81,0.81,0.8,0.8,0.52,0.51,0.6,0.68,0.71,0.78,0.89,0.76,0.66,0.57,0.81,0.81,0.81,0.81,0.82,0.81
BN139_2019-12-23,BN139,2019-12-23,0,low activity,21.08,47.5615,0.4432156260841226,3.4838709677419355,-0.4165532575428517,0.82,0.82,0.82,0.82,0.82,0.8,0.86,1.96,3.06,0.52,0.56,0.57,0.51,0.52,0.59,0.64,0.69,0.61,0.71,0.81,0.87,0.81,0.88,1.01
BN139_2019-12-24,BN139,2019-12-24,0,low activity,19.9,47.5615,0.4184056432198311,1.206030150753769,-0.2517995294994624,0.99,0.96,0.94,0.82,0.82,0.81,0.92,1.0,0.66,0.75,0.75,0.73,0.74,0.75,0.79,0.89,0.75,0.65,0.86,0.92,0.87,0.88,0.85,0.8
BN139_2019-12-25,BN139,2019-12-25,0,low activity,18.450000000000003,47.5615,0.3879187998696425,1.2097560975609754,-0.23672996194550538,0.8,0.81,0.8,0.8,0.8,0.84,0.81,0.93,0.71,0.59,0.63,0.76,0.72,0.82,0.79,0.73,0.72,0.56,0.8,0.8,0.8,0.85,0.79,0.79
BN139_2019-12-26,BN139,2019-12-26,0,low activity,18.33,47.5615,0.3853957507647992,1.3617021276595747,-0.1988733582514217,0.87,0.8,0.85,0.79,0.79,0.87,0.79,0.79,0.52,0.59,0.64,0.57,0.65,0.67,0.6,0.58,0.53,0.52,0.89,1.0,0.94,1.01,1.03,1.04
BN139_2019-12-27,BN139,2019-12-27,0,low activity,18.700000000000003,47.5615,0.3931751521713992,1.3347593582887698,-0.23249907025895217,1.04,1.04,1.01,1.0,1.03,0.95,0.81,0.79,0.5,0.48,0.53,0.63,0.65,0.62,0.63,0.64,0.63,0.61,0.86,0.9,0.86,0.89,0.8,0.8
BN139_2019-12-28,BN139,2019-12-28,0,low activity,18.119999999999997,47.5615,0.38098041483132356,1.1788079470198678,0.289803325671347,0.64,0.8,0.17,0.84,0.81,0.89,0.78,0.85,0.55,0.61,0.68,0.73,0.79,0.89,0.87,0.84,0.79,0.69,0.89,0.81,0.79,0.79,0.78,0.84
BN139_2019-12-29,BN139,2019-12-29,0,low activity,17.76,47.5615,0.37341126751679404,1.1351351351351349,0.13807957121970293,0.78,0.79,0.78,0.78,0.77,0.77,0.78,0.78,0.5,0.57,0.56,0.71,0.78,0.78,0.76,0.77,0.75,0.57,0.77,0.79,0.79,0.8,0.84,0.79
BN139_2019-12-30,BN139,2019-12-30,0,low activity,16.919999999999998,47.5615,0.35574992378289155,1.2765957446808511,-0.21972410733540024,0.8,0.85,0.84,0.88,0.79,0.78,0.78,0.78,0.5,0.5,0.5,0.51,0.57,0.6,0.64,0.64,0.58,0.5,0.76,0.8,0.81,0.8,0.81,0.9
BN139_2020-01-01,BN139,2020-01-01,0,low activity,20.59,47.5615,0.43291317557267955,1.1539582321515298,0.14972651931956693,0.9,0.95,0.96,0.89,0.88,0.87,0.92,0.86,0.63,0.71,0.74,0.75,0.81,0.87,0.84,0.84,0.91,0.81,0.87,0.88,0.86,0.88,0.97,0.99
BN139_2020-01-02,BN139,2020-01-02,0,low activity,30.668,47.5615,0.6448072495610946,5.376287987478805,0.23511187426189506,0.89,0.89,0.94,0.88,0.87,0.86,0.865,2.038,3.21,0.75,0.76,0.78,0.98,0.96,0.87,1.0,6.87,0.68,0.86,0.915,0.97,0.94,0.89,1.0
BN139_2020-01-03,BN139,2020-01-03,0,low activity,26.742,47.5615,0.5622614930143078,2.871886919452547,-0.3408478706734673,0.99,1.05,0.93,0.99,0.91,0.97,0.84,2.02,3.2,0.85,1.09,1.06,1.08,1.03,1.09,1.04,1.02,0.725,0.845,0.932,1.02,1.02,1.02,1.02
BN139_2020-01-04,BN139,2020-01-04,0,low activity,28.090000000000003,47.5615,0.5906037446253798,2.836596653613385,-0.36864606227923075,1.02,1.02,1.15,1.02,1.04,1.07,0.945,2.132,3.32,0.93,0.98,0.98,1.12,1.12,1.09,1.05,0.96,0.798,0.987,1.028,1.07,1.07,1.06,1.13
BN139_2020-01-05,BN139,2020-01-05,0,low activity,26.240000000000002,47.5615,0.5517067375923804,2.1493902439024386,0.03582697204784061,1.12,1.06,1.1,1.08,1.05,1.05,1.05,1.05,0.87,0.95,1.05,1.05,0.96,1.02,1.13,1.11,0.97,0.87,1.13,1.05,2.35,1.06,1.05,1.06
BN139_2020-01-06,BN139,2020-01-06,0,low activity,27.0,47.5615,0.5676860485897206,3.1377777777777776,-0.45174791605964626,1.17,1.13,1.2,1.1,1.05,1.04,0.825,2.177,3.53,0.93,0.93,0.97,1.0,0.96,0.96,0.9,0.8,0.645,0.805,0.868,0.93,1.03,1.02,1.03
BN139_2020-01-07,BN139,2020-01-07,0,low activity,26.564,47.5615,0.558518970175457,2.9453395572955876,-0.3742227486661791,1.12,1.03,1.0,1.04,1.01,1.02,0.895,2.077,3.26,0.9,0.87,0.89,0.97,1.0,0.95,0.92,0.92,0.895,0.925,0.942,0.96,1.01,1.03,0.93
BN139_2020-01-08,BN139,2020-01-08,0,low activity,25.107999999999997,47.5615,0.5279059743700261,3.173490520949499,-0.38180526271220017,0.93,0.98,0.93,0.93,0.94,0.97,0.93,2.125,3.32,0.77,0.81,0.83,0.88,0.91,0.84,0.9,0.89,0.785,0.865,0.883,0.9,0.9,0.95,0.94
BN139_2020-01-09,BN139,2020-01-09,0,low activity,21.391,47.5615,0.4497545283475079,1.1578701322986305,0.15182613921693094,0.91,1.02,0.99,0.97,0.99,0.89,0.878,0.744,0.61,0.79,0.82,0.92,0.9,0.87,0.97,0.89,0.94,0.77,0.805,0.932,0.91,0.895,0.945,1.032
BN139_2020-01-10,BN139,2020-01-10,0,low activity,20.567,47.5615,0.43242959116091795,1.306948023532844,-0.07258515645447464,1.12,1.12,1.0,0.91,0.88,0.925,0.86,0.735,0.61,0.74,0.62,0.85,0.86,0.79,0.74,0.76,0.79,0.765,0.872,0.98,0.92,0.89,0.94,0.89
BN139_2020-01-11,BN139,2020-01-11,0,low activity,27.646,47.5615,0.5812684629374599,3.2380814584388338,0.04399003087955735,0.89,0.89,0.88,0.88,0.88,0.898,0.865,1.473,2.08,2.09,1.3,1.07,0.79,0.85,3.73,0.95,0.88,0.76,0.85,0.89,0.89,0.98,0.93,0.95
BN139_2020-01-12,BN139,2020-01-12,0,low activity,20.35,47.5615,0.4278670773629932,1.132186732186732,0.2613915780120513,0.9,0.94,0.88,0.87,0.88,0.87,0.87,0.87,0.57,0.69,0.75,0.76,0.77,0.93,0.84,0.93,0.93,0.76,0.85,0.88,0.88,0.88,0.89,0.96
BN139_2020-01-13,BN139,2020-01-13,0,low activity,21.11,47.5615,0.4438463883603334,1.114163903363335,0.2970971502225356,0.89,0.9,0.94,0.89,0.88,0.87,0.87,0.87,0.67,0.79,0.76,0.83,0.98,0.97,0.96,0.92,0.87,0.79,0.85,0.89,0.89,0.94,0.94,0.95
BN139_2020-01-14,BN139,2020-01-14,0,low activity,21.0,47.5615,0.4415335933475605,1.1542857142857144,0.3204202583350403,0.88,0.89,0.89,0.88,0.88,0.86,0.9,0.89,0.66,0.75,0.75,0.81,0.95,0.98,0.96,0.97,0.88,0.75,0.86,0.9,0.89,0.89,1.01,0.92
BN139_2020-01-16,BN139,2020-01-16,0,low activity,29.515,47.5615,0.6205649527453928,3.4233440623411826,-0.29589856808849063,0.9,0.9,0.9,0.9,0.9,0.92,0.89,0.88,0.8,3.87,4.21,3.22,0.8,0.75,0.75,0.82,0.87,0.86,0.875,0.9,0.9,0.9,0.9,0.9
BN139_2020-01-17,BN139,2020-01-17,0,low activity,21.8,47.5615,0.4583539207131819,1.2110091743119267,0.18173255305335656,0.9,1.01,1.1,1.05,0.89,0.88,0.88,0.88,0.75,0.75,0.86,0.94,0.88,0.97,0.96,0.96,0.89,0.89,0.89,0.9,0.9,0.89,0.89,0.89
BN139_2020-01-18,BN139,2020-01-18,0,low activity,21.32,47.5615,0.44826172429380906,1.148217636022514,0.32477422426899577,0.89,0.94,1.02,0.9,0.95,0.89,0.88,0.88,0.7,0.83,0.81,0.76,0.82,0.93,0.96,0.98,0.95,0.88,0.84,0.9,0.9,0.9,0.89,0.92
BN139_2020-01-19,BN139,2020-01-19,0,low activity,21.84,47.5615,0.4591949370814629,1.0879120879120878,0.037288790348597264,0.92,0.89,0.89,0.91,0.94,0.94,0.96,0.91,0.81,0.8,0.89,0.99,0.99,0.99,0.96,0.97,0.87,0.83,0.84,0.9,0.91,0.91,0.91,0.91
BN139_2020-01-20,BN139,2020-01-20,0,low activity,20.89,47.5615,0.43922079833478755,1.1144088080421253,-0.3726141403409014,0.95,0.91,0.97,0.97,0.91,0.9,0.89,0.89,0.77,0.75,0.79,0.96,0.93,0.86,0.86,0.76,0.76,0.75,0.83,0.89,0.9,0.89,0.9,0.9
BN139_2020-01-21,BN139,2020-01-21,0,low activity,25.92,47.5615,0.5449786066461318,2.8703703703703702,-0.31069007804358556,0.9,0.92,0.96,0.91,1.08,0.97,0.89,0.93,0.97,2.52,3.1,0.97,0.94,0.91,0.79,0.89,0.91,0.91,0.89,0.95,0.9,0.91,0.9,0.9
BN139_2020-01-22,BN139,2020-01-22,0,low activity,21.68,47.5615,0.45583087160833863,1.0959409594095941,0.689534219306632,0.91,0.91,0.9,0.91,0.9,0.9,0.88,0.88,0.75,0.75,0.9,0.83,0.95,0.98,0.98,0.99,0.98,0.94,0.91,0.9,0.9,0.91,0.91,0.91
BN139_2020-01-23,BN139,2020-01-23,0,low activity,21.128,47.5615,0.4442248457260599,1.0904960242332449,-0.06526963967792705,0.91,0.91,0.96,0.9,0.89,0.88,0.87,0.93,0.77,0.81,0.78,0.86,0.89,0.96,0.93,0.88,0.8,0.77,0.87,0.9,0.9,0.905,0.905,0.948
BN139_2020-01-24,BN139,2020-01-24,0,low activity,21.259999999999998,47.5615,0.4470001997413874,1.1853245531514582,-0.12922958743022603,0.99,1.05,0.9,0.94,0.89,0.94,0.89,0.94,0.77,0.78,0.82,0.77,0.89,0.99,0.91,0.79,0.91,0.76,0.83,0.9,0.9,0.9,0.9,0.9
BN139_2020-01-25,BN139,2020-01-25,0,low activity,22.48,47.5615,0.47265119897396,1.409252669039146,0.7728726943933374,0.9,0.91,0.9,0.9,0.9,0.89,0.89,0.89,0.75,0.75,0.82,0.85,0.92,1.03,1.32,1.18,1.31,1.07,0.86,0.88,0.89,0.89,0.89,0.89
BN139_2020-01-26,BN139,2020-01-26,0,low activity,21.0,47.5615,0.4415335933475605,1.1085714285714285,0.14676132363894445,0.95,0.89,0.9,0.9,0.89,0.94,0.91,0.91,0.74,0.75,0.75,0.82,0.9,0.97,0.94,0.9,0.85,0.85,0.81,0.88,0.88,0.89,0.89,0.89
BN139_2020-01-27,BN139,2020-01-27,0,low activity,21.55,47.5615,0.4530975684114252,1.1359628770301624,0.49259757296846574,0.9,0.9,0.96,0.9,0.93,0.9,0.87,0.87,0.74,0.78,0.83,0.81,0.86,0.97,0.94,0.93,0.92,0.95,0.92,0.89,0.9,0.9,0.96,1.02
BN139_2020-01-28,BN139,2020-01-28,0,low activity,21.79,47.5615,0.45814366662111156,1.211564938044975,-0.3696050881966097,1.06,1.1,1.04,0.91,0.89,0.9,0.96,1.02,0.79,0.86,0.86,0.8,0.94,0.96,0.93,0.91,0.76,0.76,0.83,0.9,0.9,0.9,0.9,0.91
BN139_2020-01-29,BN139,2020-01-29,0,low activity,26.61,47.5615,0.5594861389989803,4.53664036076663,-0.2589999403065055,1.09,1.04,0.91,0.91,0.9,0.88,0.91,0.99,0.75,2.04,5.03,0.81,0.76,0.74,0.75,0.86,0.78,0.75,0.82,0.89,0.9,0.94,1.12,1.04
BN139_2020-01-30,BN139,2020-01-30,0,low activity,21.653,47.5615,0.45526318555974893,1.1305592758509215,-0.0420140370702684,1.02,1.01,0.94,0.91,0.9,0.89,0.97,0.92,0.69,0.75,0.76,0.93,1.0,0.97,0.99,0.87,0.76,0.79,0.82,0.9,0.905,0.925,1.015,1.018
BN139_2020-01-31,BN139,2020-01-31,0,low activity,21.94,47.5615,0.46129747800216564,1.1595259799453055,-0.17698477775473478,1.02,1.06,0.94,1.05,0.99,0.9,0.99,0.9,0.69,0.78,0.91,0.89,0.96,0.97,0.92,0.89,0.84,0.82,0.82,0.91,0.91,0.91,0.91,0.96
BN139_2020-02-02,BN139,2020-02-02,0,low activity,21.67,47.5615,0.4556206175162684,1.1185971389017073,0.07647423269123628,1.01,1.01,0.98,0.91,0.96,0.9,0.89,0.94,0.74,0.76,0.77,0.92,0.96,0.93,0.95,0.92,0.86,0.86,0.84,0.9,0.9,0.95,0.9,0.91
BN139_2020-02-03,BN139,2020-02-03,0,low activity,23.65,47.5615,0.4972509277461812,1.1365750528541227,0.31239209991239714,0.97,1.08,0.91,0.95,0.98,0.9,0.88,0.9,0.88,0.92,1.02,0.94,0.97,0.98,0.95,0.96,0.96,0.97,1.03,1.11,1.09,1.1,1.12,1.08
BN139_2020-02-04,BN139,2020-02-04,0,low activity,25.358000000000004,47.5615,0.5331623266717829,1.2493098824828457,0.5888725837349271,1.02,1.12,1.11,1.06,1.04,0.92,0.87,0.86,0.63,0.83,0.96,1.27,1.3,1.32,1.29,1.24,1.24,0.995,0.98,0.955,1.028,1.1,1.09,1.13
BN139_2020-02-05,BN139,2020-02-05,0,low activity,30.528999999999996,47.5615,0.6418847176813177,3.6555406334960208,-0.4167076179139157,1.21,1.23,1.17,1.3,1.41,1.34,1.31,1.22,2.51,4.65,0.87,0.99,0.95,0.99,0.93,0.99,1.06,1.02,0.93,0.884,0.91,0.895,0.88,0.88
BN139_2020-02-06,BN139,2020-02-06,0,low activity,22.701999999999998,47.5615,0.4773188398179199,1.2474671835080609,0.4695997523747589,0.89,0.94,0.88,0.86,0.97,0.88,0.86,0.92,0.64,0.81,0.97,1.14,1.13,1.18,1.16,1.14,1.09,0.81,0.875,0.902,0.915,0.903,0.905,0.932
BN139_2020-02-07,BN139,2020-02-07,0,low activity,23.08,47.5615,0.48526644449817596,1.247833622183709,0.41828885598332893,0.96,0.89,0.95,0.89,0.88,0.87,0.89,0.96,0.74,0.85,0.94,1.13,1.2,1.19,1.16,1.16,1.02,0.88,0.82,0.92,0.92,0.91,0.93,1.02
BN139_2020-02-08,BN139,2020-02-08,0,low activity,23.02,47.5615,0.4840049199457544,1.2510860121633363,0.49305911009265607,0.91,0.98,1.0,0.9,0.95,0.89,0.88,0.87,0.82,0.78,0.91,1.09,1.2,1.15,1.15,1.15,1.1,0.93,0.8,0.9,0.9,0.9,0.9,0.96
BN139_2020-02-09,BN139,2020-02-09,0,low activity,24.130000000000003,47.5615,0.507343124165554,1.601326150020721,0.4586675222678292,0.96,1.06,0.94,0.91,0.9,0.9,0.89,0.89,0.74,0.86,0.93,1.08,1.39,1.3,1.58,1.61,0.99,0.85,0.79,0.9,0.89,0.9,0.91,0.96
BN139_2020-02-10,BN139,2020-02-10,0,low activity,21.12,47.5615,0.4440566424524037,1.125,0.1376200640772878,0.91,0.91,0.91,0.9,0.9,0.89,0.89,0.85,0.74,0.75,0.82,0.77,0.96,0.93,0.97,0.88,0.81,0.805,0.825,0.955,0.91,0.9,0.945,0.99
BN139_2020-02-11,BN139,2020-02-11,0,low activity,29.689999999999998,47.5615,0.6242443993566223,3.45975075783092,-0.3710607335728137,1.03,1.03,1.08,1.03,1.05,1.12,1.07,1.05,0.97,3.75,4.28,1.63,0.89,0.86,0.85,0.89,0.79,0.76,0.86,1.01,0.93,0.9,0.9,0.96
BN139_2020-02-12,BN139,2020-02-12,0,low activity,28.737000000000002,47.5615,0.604207184382326,3.6329470717193857,0.17872184735488642,0.9,0.9,0.89,0.89,0.88,0.88,0.87,0.81,0.63,0.79,0.86,1.11,4.35,4.19,1.14,0.95,0.99,0.85,0.96,0.88,0.965,1.022,1.08,0.95
BN139_2020-02-13,BN139,2020-02-13,0,low activity,21.664,47.5615,0.45549446506102625,1.0967503692762186,0.20458124559590216,0.96,0.93,0.91,0.9,0.89,0.89,0.94,0.85,0.74,0.81,0.87,0.89,0.99,0.97,0.96,0.96,0.9,0.8,0.83,0.875,0.89,0.956,0.985,0.968
BN139_2020-02-14,BN139,2020-02-14,0,low activity,28.86,47.5615,0.6067933097147903,7.002079002079003,0.3913973935101579,0.95,0.91,0.91,0.9,0.9,0.89,0.88,0.86,0.75,0.77,0.87,0.87,0.99,0.98,0.9,0.93,0.9,8.42,0.81,0.903,0.897,0.89,0.89,0.89
BN139_2020-02-15,BN139,2020-02-15,0,low activity,21.14,47.5615,0.44447715063654425,1.1125827814569536,0.3743755157479331,0.93,0.97,0.89,0.89,0.89,0.89,0.88,0.81,0.67,0.78,0.75,0.81,0.98,0.98,0.96,0.94,0.92,0.84,0.79,0.93,0.9,0.89,0.91,0.94
BN139_2020-02-16,BN139,2020-02-16,0,low activity,20.92,47.5615,0.4398515606109984,1.135755258126195,0.27551465121599117,0.9,0.99,0.9,0.9,0.89,0.89,0.88,0.8,0.61,0.76,0.81,0.8,0.95,0.96,0.95,0.93,0.87,0.83,0.78,0.88,0.88,0.89,0.89,0.98
BN139_2020-02-19,BN139,2020-02-19,0,low activity,27.574999999999996,47.5615,0.5797756588837609,3.638077969174978,0.13397790609250376,0.91,0.91,0.91,0.91,0.91,0.89,0.88,0.85,0.73,0.76,0.82,0.89,4.18,4.13,0.96,0.93,0.86,0.85,0.82,0.875,0.9,0.9,0.9,0.9
BN139_2020-02-20,BN139,2020-02-20,0,low activity,21.278,47.5615,0.4473786571071139,1.161763323620641,0.10077337885296983,1.01,1.03,0.9,0.9,0.95,0.89,0.88,0.85,0.75,0.75,0.75,0.86,0.96,0.97,0.94,0.93,0.84,0.8,0.81,0.893,0.905,0.9,0.9,0.91
BN139_2020-02-21,BN139,2020-02-21,0,low activity,20.700000000000003,47.5615,0.43522597058545254,1.1014492753623186,0.13539694849964085,0.92,0.95,0.91,0.91,0.91,0.88,0.89,0.84,0.74,0.74,0.78,0.76,0.81,0.86,0.83,0.84,0.87,0.94,0.8,0.91,0.91,0.9,0.9,0.9
BN139_2020-02-22,BN139,2020-02-22,0,low activity,23.189999999999998,47.5615,0.4875792395109489,1.1694695989650712,-0.6581542424477611,0.9,0.91,0.96,0.97,1.08,1.03,1.13,1.07,0.94,0.97,0.97,0.96,0.97,1.0,0.97,0.87,0.82,0.84,0.87,1.0,0.92,0.96,1.02,1.06
BN139_2020-02-23,BN139,2020-02-23,0,low activity,21.73,47.5615,0.45688214206869,1.2259549010584447,-0.1736503608327458,1.04,1.11,1.02,1.02,1.03,0.98,0.9,0.84,0.81,0.87,0.77,0.82,0.87,0.84,0.86,0.89,0.92,0.91,0.79,0.87,0.88,0.89,0.9,0.9
BN139_2020-02-24,BN139,2020-02-24,0,low activity,22.18,47.5615,0.466343576211852,1.1145175834084762,0.4946313240678674,0.91,1.01,0.98,0.9,0.89,0.88,0.88,0.77,0.77,0.78,0.95,0.86,0.98,1.03,0.97,0.91,0.94,0.98,0.885,0.97,0.95,0.97,0.995,1.02
BN139_2020-02-25,BN139,2020-02-25,0,low activity,29.34,47.5615,0.6168855061341632,3.468302658486708,-0.30131533308235575,1.01,1.03,0.91,0.9,0.89,0.88,0.98,0.97,0.85,4.24,4.15,1.4,0.82,0.94,0.84,0.89,0.8,0.93,0.98,1.07,1.02,1.05,0.89,0.9
BN139_2020-02-27,BN139,2020-02-27,0,low activity,21.225,47.5615,0.44626431041914155,1.119434628975265,0.42421775316314464,0.89,0.9,0.92,0.92,0.92,0.88,0.87,0.77,0.74,0.81,0.76,0.81,0.97,0.99,0.97,0.93,0.93,0.89,0.775,0.87,0.895,0.9,0.94,0.975
BN139_2020-02-28,BN139,2020-02-28,0,low activity,28.355,47.5615,0.5961754780652418,4.172809028390055,0.040699091925887027,1.01,0.91,1.01,1.02,0.9,0.88,0.91,0.84,0.75,0.75,0.79,4.93,2.95,0.97,0.93,0.99,1.06,1.33,0.775,0.905,0.9,0.945,0.99,0.91
BN139_2020-03-01,BN139,2020-03-01,0,low activity,23.240000000000002,47.5615,0.4886305099713003,1.414802065404475,0.5807841619570437,0.9,0.9,1.01,0.9,0.95,0.89,0.94,0.79,0.73,0.8,0.89,1.1,1.22,1.37,1.21,1.0,1.21,1.1,0.85,0.91,0.885,0.89,0.895,0.9
BN139_2020-03-02,BN139,2020-03-02,0,low activity,24.327,47.5615,0.5114851297793384,2.4466642002713033,-0.2429685550737003,0.96,0.9,0.91,0.9,0.89,0.94,0.88,0.72,0.93,2.48,1.7,0.92,0.93,0.97,0.95,0.94,0.89,0.86,0.895,0.97,0.972,0.96,0.94,0.92
BN139_2020-03-04,BN139,2020-03-04,0,low activity,30.29,47.5615,0.6368596448808385,2.7890392868933644,-0.2787969764663745,1.11,1.06,1.02,1.02,1.02,1.01,2.265,3.52,0.99,1.14,1.23,1.24,1.3,1.3,1.29,1.26,1.25,1.47,0.745,0.99,1.0,1.0,1.02,1.04
BN139_2020-03-05,BN139,2020-03-05,0,low activity,25.648,47.5615,0.5392596953418206,1.2164691203992515,0.4326294419850822,1.04,1.03,1.04,1.07,1.05,1.03,1.02,0.87,0.94,0.99,1.08,1.3,1.3,1.26,1.28,1.24,1.25,1.27,0.748,0.945,0.945,0.95,0.96,1.04
BN139_2020-03-06,BN139,2020-03-06,0,low activity,28.69,47.5615,0.6032189901495958,3.003136981526664,-0.4506843757113751,1.12,1.04,1.04,1.04,1.09,1.05,2.32,3.59,1.03,1.22,1.06,1.28,1.29,1.26,1.15,1.01,0.99,0.87,0.75,0.9,0.89,0.9,0.9,0.9
BN139_2020-03-07,BN139,2020-03-07,0,low activity,25.369999999999997,47.5615,0.5334146315822671,1.3716988569176194,0.0655612209566704,0.91,0.91,0.92,0.97,0.92,0.91,0.91,0.82,1.01,1.36,1.4,1.45,1.37,1.39,1.23,1.21,0.99,0.9,0.77,0.94,0.96,1.04,1.06,1.02
BN139_2020-03-08,BN139,2020-03-08,0,low activity,23.39,47.5615,0.4917843213523543,1.1902522445489525,0.615003581468879,0.95,0.92,0.92,0.92,0.93,0.98,0.92,0.82,0.81,0.98,1.07,1.07,1.1,1.11,1.1,1.1,1.16,1.09,0.91,0.95,0.89,0.89,0.91,0.89
BN139_2020-03-09,BN139,2020-03-09,0,low activity,22.66,47.5615,0.47643577263122483,1.2391879964695498,0.2014276040820126,0.91,0.98,0.92,0.91,0.91,0.9,0.89,0.71,0.8,1.1,1.02,1.05,1.15,1.17,1.17,1.04,0.95,0.83,0.75,0.88,0.89,0.89,0.89,0.95
BN139_2020-03-10,BN139,2020-03-10,0,low activity,25.615000000000002,47.5615,0.5385658568379887,3.2699590083935193,-0.4506520056432005,0.92,1.02,0.94,0.91,1.04,0.98,2.235,3.49,0.88,0.91,0.74,0.78,0.74,0.81,0.84,0.88,0.74,0.81,0.82,0.99,1.07,1.09,0.9,1.08
BN139_2020-03-11,BN139,2020-03-11,0,low activity,25.66,47.5615,0.5395120002523048,3.29228371005456,-0.49569849577000424,1.1,0.91,0.98,1.07,0.97,0.96,2.24,3.52,0.94,0.95,0.94,0.88,0.74,0.8,0.84,0.81,0.78,0.74,0.74,0.95,1.02,0.97,0.92,0.89
BN139_2020-03-12,BN139,2020-03-12,0,low activity,21.27,47.5615,0.4472104538334577,1.2524682651622003,-0.06936083316720584,0.89,0.89,0.98,0.9,0.9,0.89,0.89,0.79,0.88,0.76,0.84,0.85,0.92,0.76,0.85,0.87,0.85,0.86,0.74,0.91,0.97,1.11,0.97,1.0
BN139_2020-03-13,BN139,2020-03-13,0,low activity,24.32,47.5615,0.5113379519148892,1.2927631578947367,-0.1128770709912673,1.31,1.11,1.04,1.05,1.01,0.88,0.88,0.86,0.95,1.08,1.12,1.15,1.17,1.05,0.92,0.95,1.0,0.89,0.95,0.87,1.04,0.95,1.12,0.97
BN139_2020-03-14,BN139,2020-03-14,0,low activity,21.490000000000002,47.5615,0.4518360438590036,1.2843182875756163,0.3748693840760673,0.9,0.9,0.89,0.89,0.89,0.89,0.88,0.75,0.81,0.74,0.88,1.01,1.15,0.97,0.94,0.93,0.93,0.94,0.8,0.85,0.89,0.89,0.89,0.88
BN139_2020-03-15,BN139,2020-03-15,0,low activity,21.270000000000003,47.5615,0.44721045383345776,1.150916784203103,0.15117996106404924,0.89,0.91,1.02,0.93,0.93,0.89,0.95,0.78,0.74,0.74,0.82,0.94,0.98,0.96,0.93,0.95,0.93,0.81,0.77,0.85,0.88,0.89,0.89,0.89
BN139_2020-03-16,BN139,2020-03-16,0,low activity,21.330000000000002,47.5615,0.4484719783858794,1.1139240506329113,0.13877944758934316,0.91,0.94,0.98,0.9,0.89,0.88,0.93,0.65,0.76,0.8,0.86,0.94,0.95,0.95,0.92,0.92,0.91,0.8,0.72,0.85,0.99,0.96,0.97,0.95
BN139_2020-03-17,BN139,2020-03-17,0,low activity,25.655,47.5615,0.5394068732062698,3.1619567335801984,-0.3869535764097048,1.05,1.02,0.94,0.9,0.89,0.89,2.135,3.38,0.82,0.84,0.85,0.89,0.91,0.95,0.93,0.96,0.92,0.85,0.84,0.93,0.93,0.89,0.89,1.05
BN139_2020-03-18,BN139,2020-03-18,0,low activity,26.837,47.5615,0.5642589068889753,3.201550098744271,-0.4263190450666219,1.01,1.01,1.0,0.93,0.99,1.09,2.335,3.58,0.93,0.94,0.98,0.97,0.88,0.96,0.95,0.87,0.9,0.97,0.94,0.885,0.905,0.932,0.96,0.92
BN139_2020-03-19,BN139,2020-03-19,0,low activity,22.01,47.5615,0.4627692566466575,1.2212630622444345,-0.42118399043656457,0.99,1.12,1.01,1.0,1.0,1.03,1.01,0.82,0.84,0.92,0.86,0.93,0.86,0.97,0.94,0.91,0.81,0.81,0.74,0.84,0.88,0.89,0.94,0.89
BN139_2020-03-20,BN139,2020-03-20,0,low activity,21.11,47.5615,0.4438463883603334,1.1369019422074846,0.20629583530261317,0.9,1.0,0.96,0.92,0.99,0.9,0.87,0.57,0.61,0.83,0.85,0.96,0.98,0.98,0.96,0.93,0.87,0.77,0.79,0.86,0.9,0.9,0.9,0.91
BN139_2020-03-21,BN139,2020-03-21,0,low activity,20.86,47.5615,0.43859003605857677,1.1160115052732502,0.14584575577613687,0.9,0.9,0.91,0.9,0.9,0.9,0.89,0.75,0.75,0.74,0.78,0.96,0.97,0.95,0.93,0.9,0.8,0.84,0.76,0.87,0.88,0.9,0.89,0.89
BN139_2020-03-22,BN139,2020-03-22,0,low activity,20.62,47.5615,0.4335439378488904,1.0708050436469447,-0.04856342318471241,0.89,0.9,0.9,0.9,0.89,0.9,0.89,0.75,0.88,0.74,0.74,0.9,0.9,0.92,0.88,0.91,0.82,0.78,0.74,0.83,0.89,0.88,0.89,0.9
BN139_2020-03-23,BN139,2020-03-23,0,low activity,21.18,47.5615,0.4453181670048253,1.0991501416430596,0.4974549005226585,0.9,0.9,0.9,0.9,0.9,0.88,0.88,0.73,0.74,0.81,0.8,0.88,0.97,0.94,0.94,0.95,0.91,0.85,0.85,0.92,0.88,0.91,0.95,0.89
BN139_2020-03-24,BN139,2020-03-24,0,low activity,21.240000000000002,47.5615,0.44657969155724697,1.1638418079096045,-0.024800566228764368,0.9,0.9,0.89,0.91,1.03,1.03,0.93,0.75,0.84,0.75,0.8,0.94,0.96,0.94,0.92,0.92,0.89,0.82,0.75,0.84,0.88,0.88,0.88,0.89
BN139_2020-03-25,BN139,2020-03-25,0,low activity,20.04,47.5615,0.42134920050881486,1.1017964071856288,-0.37702100735099575,0.89,0.89,0.89,0.89,0.89,0.88,0.88,0.72,0.78,0.87,0.7,0.87,0.92,0.9,0.79,0.78,0.7,0.73,0.74,0.83,0.87,0.88,0.88,0.87
BN139_2020-03-26,BN139,2020-03-26,0,low activity,22.33,47.5615,0.469497387592906,1.1607702642185402,-0.20926876126304264,0.88,0.97,0.95,1.01,1.0,1.0,0.99,0.85,0.85,0.85,0.91,0.83,0.88,0.84,0.84,0.84,0.83,0.9,0.95,0.99,1.08,1.07,1.01,1.01
BN139_2020-03-27,BN139,2020-03-27,0,low activity,22.77,47.5615,0.47874856764399776,1.1067193675889329,0.24314340510227228,1.01,0.99,0.9,0.92,1.01,1.0,0.99,0.88,0.87,0.93,0.9,0.97,0.93,0.93,0.93,0.94,1.05,0.95,0.97,1.0,0.9,0.99,0.92,0.89
BN139_2020-03-28,BN139,2020-03-28,0,low activity,20.76,47.5615,0.43648749513787416,1.0867052023121386,0.2585991282501125,0.89,0.9,0.89,0.89,0.89,0.89,0.87,0.73,0.74,0.81,0.77,0.89,0.94,0.94,0.94,0.93,0.93,0.78,0.72,0.84,0.89,0.9,0.89,0.9
BN139_2020-03-29,BN139,2020-03-29,0,low activity,21.15,47.5615,0.44468740472861445,1.1120567375886525,0.24494069528776008,0.9,0.93,0.98,0.97,0.9,0.9,0.88,0.74,0.75,0.75,0.8,0.96,0.94,0.93,0.93,0.93,0.92,0.8,0.83,0.88,0.88,0.89,0.87,0.89
BN139_2020-03-30,BN139,2020-03-30,0,low activity,21.52,47.5615,0.4524668061352144,1.0817843866171004,0.20078561427200078,0.88,0.9,0.9,0.93,0.92,0.89,0.87,0.8,0.91,0.86,0.92,0.97,0.94,0.94,0.94,0.94,0.92,0.94,0.77,0.83,0.88,0.89,0.88,0.9
BN139_2020-03-31,BN139,2020-03-31,0,low activity,21.020000000000003,47.5615,0.4419541015317011,1.1075166508087533,0.13149454868410593,0.89,0.9,0.96,0.97,0.96,0.9,0.86,0.74,0.77,0.82,0.77,0.91,0.91,0.92,0.91,0.9,0.91,0.82,0.79,0.82,0.88,0.88,0.88,0.95
BN139_2020-04-01,BN139,2020-04-01,0,low activity,20.770000000000003,47.5615,0.4366977492299444,1.1555127587867113,0.3461883688246108,0.89,0.89,0.9,0.9,0.9,0.9,0.87,0.75,0.8,0.71,0.71,0.85,0.92,0.92,0.91,0.9,0.92,0.87,0.79,0.82,0.88,0.88,0.89,1.0
BN139_2020-04-02,BN139,2020-04-02,0,low activity,21.12,47.5615,0.4440566424524037,1.2272727272727273,0.016595027543603095,0.93,0.92,0.9,0.92,1.08,0.91,0.85,0.83,0.75,0.75,0.78,0.97,0.95,0.92,0.92,0.96,0.91,0.75,0.73,0.84,0.9,0.88,0.88,0.89
BN139_2020-04-03,BN139,2020-04-03,0,low activity,21.12,47.5615,0.4440566424524037,1.1022727272727273,0.3049688320286628,0.89,0.9,0.91,0.97,0.9,0.89,0.9,0.81,0.75,0.76,0.75,0.92,0.96,0.93,0.92,0.92,0.91,0.87,0.8,0.87,0.91,0.9,0.89,0.89
BN139_2020-04-04,BN139,2020-04-04,0,low activity,21.59,47.5615,0.4539385847797062,1.078276980083372,0.11827572110913641,0.92,0.92,0.91,0.91,0.91,0.91,0.94,0.78,0.93,0.87,0.77,0.97,0.96,0.94,0.92,0.93,0.91,0.9,0.81,0.87,0.92,0.9,0.89,0.9
BN139_2020-04-05,BN139,2020-04-05,0,low activity,21.310000000000002,47.5615,0.4480514702017388,1.081182543406851,0.1831141779454102,0.91,0.95,0.91,0.91,0.95,0.92,0.85,0.75,0.78,0.86,0.84,0.85,0.92,0.93,0.91,0.92,0.91,0.8,0.82,0.86,0.96,0.93,0.95,0.92
BN139_2020-04-06,BN139,2020-04-06,0,low activity,21.5,47.5615,0.45204629795107387,1.1386046511627907,0.02683529231984682,0.97,0.91,0.91,0.91,0.91,0.89,0.86,0.75,0.91,0.86,0.84,0.9,0.96,0.93,0.91,0.93,0.91,0.78,0.78,0.84,0.93,0.9,0.99,1.02
BN139_2020-04-07,BN139,2020-04-07,0,low activity,21.78,47.5615,0.45793341252904135,1.1129476584022038,0.46866329398129186,1.01,0.93,0.98,0.92,0.92,0.92,0.87,0.76,0.76,0.83,0.92,0.87,0.94,0.94,0.93,0.92,0.92,0.99,0.9,0.89,0.92,0.91,0.92,0.91
BN139_2020-04-08,BN139,2020-04-08,0,low activity,22.21,47.5615,0.4669743384880628,1.2210715893741557,0.09429345840903529,0.91,0.91,0.92,0.92,0.92,0.91,0.9,0.82,0.9,0.81,0.83,0.9,0.94,0.9,0.76,0.83,0.86,0.96,0.97,1.04,1.12,1.13,1.12,0.93
BN139_2020-04-09,BN139,2020-04-09,0,low activity,21.14,47.5615,0.44447715063654425,1.1125827814569536,0.02295324096701894,0.91,0.91,0.92,0.91,0.92,0.91,0.86,0.76,0.75,0.83,0.91,0.91,0.98,0.98,0.96,0.94,0.8,0.73,0.82,0.86,0.89,0.9,0.88,0.9
BN139_2020-04-10,BN139,2020-04-10,0,low activity,21.13,47.5615,0.44426689654447393,1.101751064836725,0.04454613629525996,0.91,0.91,0.91,0.92,0.9,0.9,0.85,0.75,0.86,0.91,0.78,0.9,0.97,0.95,0.93,0.93,0.9,0.77,0.76,0.82,0.9,0.9,0.89,0.91
BN139_2020-04-11,BN139,2020-04-11,0,low activity,22.99,47.5615,0.4833741576695436,1.169204001739887,0.14558023390925348,0.94,0.98,0.99,0.91,0.91,0.97,0.96,0.85,0.81,0.88,0.98,0.96,0.91,0.86,0.93,0.94,0.91,0.94,0.96,1.03,1.02,1.11,1.12,1.12
BN139_2020-04-12,BN139,2020-04-12,0,low activity,22.23,47.5615,0.4673948466722033,1.1875843454790824,-0.0947864919309208,1.1,0.92,0.9,0.91,0.91,1.01,0.85,0.94,0.97,0.88,0.86,0.97,0.98,0.94,0.93,0.94,0.94,0.89,0.79,0.81,0.89,0.89,1.0,1.01
BN139_2020-04-13,BN139,2020-04-13,0,low activity,22.28,47.5615,0.4684461171325547,1.1418312387791743,-0.19833705110179006,1.01,0.97,1.02,1.02,0.93,0.91,0.87,0.98,0.94,0.84,0.85,0.88,0.84,0.93,0.88,0.91,0.94,0.86,0.77,0.87,1.01,1.06,1.04,0.95
BN139_2020-04-14,BN139,2020-04-14,0,low activity,21.62,47.5615,0.45456934705591706,1.098982423681776,0.005602148288105252,0.91,0.91,0.96,0.98,0.91,0.99,0.89,0.85,0.83,0.81,0.85,0.97,0.97,0.94,0.94,0.93,0.96,0.82,0.74,0.82,0.89,0.9,0.95,0.9
BN139_2020-04-15,BN139,2020-04-15,0,low activity,21.07,47.5615,0.44300537199205237,1.1048884670147128,0.415074036684298,0.91,0.91,0.91,0.97,0.91,0.91,0.82,0.76,0.76,0.76,0.76,0.88,0.97,0.93,0.93,0.93,0.94,0.92,0.75,0.84,0.89,0.91,0.9,0.9
BN139_2020-04-16,BN139,2020-04-16,0,low activity,21.54,47.5615,0.4528873143193549,1.0919220055710306,0.5500057564505726,0.91,0.91,0.91,0.92,0.92,0.91,0.84,0.77,0.76,0.82,0.78,0.9,0.97,0.94,0.93,0.92,0.96,0.95,0.84,0.89,0.98,0.94,0.91,0.96
BN139_2020-04-17,BN139,2020-04-17,0,low activity,22.770000000000003,47.5615,0.4787485676439978,1.1805006587615283,0.5540530030864006,0.98,0.9,0.91,0.93,1.03,0.96,0.89,0.76,0.76,0.82,0.76,0.92,0.97,0.92,0.93,1.07,1.11,1.03,0.85,1.02,1.07,1.12,1.03,1.03
BN139_2020-04-18,BN139,2020-04-18,0,low activity,21.36,47.5615,0.4491027406620901,1.1348314606741572,0.0914345243806192,1.01,1.0,0.93,0.92,0.92,0.92,0.86,0.78,0.82,0.85,0.83,0.74,0.78,0.89,0.92,0.92,0.88,0.83,0.85,0.98,1.0,0.93,0.9,0.9
BN139_2020-04-19,BN139,2020-04-19,0,low activity,22.06,47.5615,0.4638205271070088,1.1097008159564825,0.581861758810286,0.9,0.95,0.92,0.92,0.91,0.92,0.84,0.86,0.89,0.88,0.81,0.97,0.95,0.92,0.92,0.98,1.02,0.99,0.86,0.89,0.99,0.92,0.93,0.92
BN139_2020-04-20,BN139,2020-04-20,0,low activity,22.86,47.5615,0.48064085447263016,1.1338582677165354,0.827840208733321,0.96,0.91,0.91,0.91,0.91,0.9,0.83,0.82,0.86,0.76,0.8,0.96,0.97,1.02,1.05,1.07,1.08,1.06,0.95,0.99,1.03,1.0,1.05,1.06
BN139_2020-04-21,BN139,2020-04-21,0,low activity,23.55,47.5615,0.49514838682547857,1.2331210191082802,0.7552174114234408,1.12,0.97,0.99,0.96,0.91,0.92,0.9,0.8,0.95,0.87,0.84,0.9,1.0,1.02,1.06,1.09,1.21,1.04,0.99,1.03,1.01,1.02,0.96,0.99
BN139_2020-04-22,BN139,2020-04-22,0,low activity,24.35,47.5615,0.5119687141910999,1.241889117043121,0.8402129083595228,0.92,0.91,0.93,0.91,0.91,0.91,0.82,0.76,0.76,0.83,0.97,1.0,1.0,1.09,1.09,1.12,1.16,1.23,1.26,1.2,1.23,1.18,1.11,1.05
BN139_2020-04-23,BN139,2020-04-23,0,low activity,26.58,47.5615,0.5588553767227694,1.2099322799097068,0.8849646644863931,1.06,1.08,1.1,1.05,0.96,0.93,0.84,0.8,0.9,0.83,1.01,1.16,1.13,1.23,1.25,1.28,1.25,1.34,1.3,1.28,1.26,1.22,1.2,1.12
BN139_2020-04-24,BN139,2020-04-24,0,low activity,28.0,47.5615,0.5887114577967474,1.2514285714285713,0.8623853786629774,1.13,1.18,1.08,1.1,1.02,1.0,0.87,0.85,0.84,0.91,1.12,1.15,1.22,1.27,1.24,1.31,1.37,1.46,1.35,1.36,1.33,1.33,1.24,1.27
BN139_2020-04-25,BN139,2020-04-25,0,low activity,29.160000000000004,47.5615,0.6131009324768983,1.1934156378600822,0.8792671809916673,1.13,1.16,1.16,1.12,1.16,1.09,0.97,0.88,0.9,1.0,1.18,1.23,1.29,1.3,1.31,1.36,1.42,1.45,1.39,1.39,1.32,1.34,1.38,1.23
BN139_2020-04-26,BN139,2020-04-26,0,low activity,29.979999999999997,47.5615,0.6303417680266601,1.1767845230153438,0.8093540550936195,1.2,1.18,1.18,1.18,1.13,1.13,1.0,0.97,0.96,0.97,1.27,1.29,1.27,1.18,1.4,1.43,1.4,1.37,1.47,1.43,1.45,1.42,1.35,1.35
BN139_2020-04-28,BN139,2020-04-28,0,low activity,30.54,47.5615,0.6421159971825952,1.194499017681729,0.8022778538852069,1.27,1.3,1.16,1.2,1.11,1.13,0.93,0.96,0.98,1.1,1.27,1.36,1.29,1.41,1.41,1.37,1.35,1.43,1.52,1.41,1.4,1.44,1.35,1.39
BN139_2020-05-01,BN139,2020-05-01,0,low activity,29.87,47.5615,0.6280289730138873,1.2453967191161701,0.7186835486205706,1.17,1.24,1.19,1.2,1.17,1.1,0.96,0.95,0.96,1.1,0.66,1.33,1.34,1.3,1.31,1.44,1.44,1.45,1.4,1.45,1.55,1.49,1.36,1.31
BN139_2020-05-02,BN139,2020-05-02,0,low activity,30.82,47.5615,0.6480031117605626,1.1524983776768332,0.8034236584226699,1.27,1.34,1.24,1.26,1.25,1.16,0.99,0.96,1.04,1.1,1.21,1.42,1.35,1.4,1.41,1.38,1.46,1.48,1.3,1.39,1.42,1.41,1.31,1.27
BN139_2020-05-03,BN139,2020-05-03,0,low activity,29.65,47.5615,0.6234033829883413,1.157504215851602,0.7166000730966249,1.36,1.23,1.22,1.21,1.12,1.14,1.04,1.03,0.98,1.08,1.19,1.32,1.28,1.21,1.37,1.43,1.35,1.29,1.21,1.36,1.39,1.37,1.25,1.22
BN139_2020-05-04,BN139,2020-05-04,0,low activity,29.84,47.5615,0.6273982107376764,1.1742627345844503,0.8126120408902759,1.22,1.17,1.21,1.17,1.16,1.08,0.9,0.89,1.08,1.14,1.16,1.28,1.35,1.34,1.33,1.3,1.38,1.46,1.4,1.42,1.41,1.4,1.31,1.28
BN139_2020-05-13,BN139,2020-05-13,0,low activity,29.06,47.5615,0.6109983915561956,1.1397109428768066,0.7096845208033576,1.21,1.14,1.18,1.26,1.38,1.19,0.92,1.09,1.02,1.08,1.07,1.23,1.33,1.24,1.33,1.29,1.35,1.36,1.23,1.3,1.25,1.26,1.19,1.16
BN139_2020-05-14,BN139,2020-05-14,0,low activity,27.83,47.5615,0.5851371382315528,1.172835070068272,0.5720316769108303,1.19,1.14,1.14,1.19,1.19,1.13,0.91,0.92,0.98,1.13,1.11,1.19,1.2,1.36,1.26,1.26,1.27,1.13,1.05,1.2,1.27,1.21,1.22,1.18
BN139_2020-05-15,BN139,2020-05-15,0,low activity,27.450000000000003,47.5615,0.5771474827328827,1.2153005464480873,0.7207805950631319,1.13,1.12,1.07,1.06,1.06,1.04,0.91,0.91,0.94,1.06,1.14,1.14,1.12,1.07,1.17,1.24,1.22,1.38,1.24,1.3,1.39,1.32,1.21,1.21
BN139_2020-05-16,BN139,2020-05-16,0,low activity,29.43,47.5615,0.6187777929627954,1.1498470948012232,0.7505542451243178,1.22,1.24,1.18,1.14,1.14,1.11,0.99,0.96,1.03,1.08,1.24,1.24,1.15,1.12,1.32,1.35,1.33,1.38,1.37,1.29,1.4,1.41,1.39,1.35
BN139_2020-05-17,BN139,2020-05-17,0,low activity,30.89,47.5615,0.6494748904050545,1.165425704111363,0.7724637159658994,1.31,1.25,1.18,1.19,1.17,1.16,0.94,1.07,1.09,1.08,1.16,1.28,1.48,1.46,1.38,1.42,1.42,1.33,1.46,1.27,1.5,1.5,1.44,1.35
BN139_2020-05-19,BN139,2020-05-19,0,low activity,30.39,47.5615,0.6389621858015412,1.224086870681145,0.14001602142670622,1.46,1.55,1.42,1.3,1.15,1.28,1.01,1.11,1.16,1.14,1.2,1.17,1.35,1.23,1.24,1.17,1.19,1.18,1.33,1.33,1.39,1.45,1.4,1.18
BN139_2020-05-20,BN139,2020-05-20,0,low activity,24.59,47.5615,0.5170148124007863,1.1907279381862546,0.2249263249284413,1.18,1.16,1.0,1.02,1.03,0.96,0.8,0.78,0.92,0.88,1.0,1.15,1.0,1.1,0.98,1.04,1.04,0.86,0.99,1.07,1.22,1.13,1.12,1.16
BN139_2020-05-21,BN139,2020-05-21,0,low activity,25.18,47.5615,0.5294198038329321,1.1818903891977761,0.6754286240102918,1.05,1.01,1.1,1.0,1.0,0.97,0.79,0.8,0.95,0.89,0.96,1.11,1.07,1.09,1.05,1.15,1.14,1.17,1.18,0.9,1.24,1.22,1.17,1.17
BN139_2020-05-22,BN139,2020-05-22,0,low activity,27.12,47.5615,0.5702090976945638,1.2389380530973448,0.7338936591622435,1.09,1.11,1.09,1.06,1.04,1.02,0.85,0.82,0.84,0.88,0.95,1.21,1.27,1.18,1.22,1.22,1.21,1.29,1.23,1.25,1.4,1.36,1.26,1.27
BN139_2020-05-23,BN139,2020-05-23,0,low activity,27.44,47.5615,0.5769372286408124,1.1807580174927115,0.29396587198454305,1.35,1.31,1.22,1.09,1.17,1.06,0.93,1.12,0.99,0.93,0.96,1.04,1.09,1.17,1.15,1.15,1.16,1.13,1.08,1.11,1.3,1.33,1.32,1.28
BN139_2020-05-24,BN139,2020-05-24,0,low activity,27.46,47.5615,0.577357736824953,1.144938091769847,0.6656984587947679,1.18,1.14,1.13,1.1,1.1,1.14,0.9,0.88,1.0,1.03,1.15,1.11,1.09,1.21,1.2,1.25,1.21,1.21,1.16,1.15,1.31,1.3,1.27,1.24
BN139_2020-05-25,BN139,2020-05-25,0,low activity,29.259999999999998,47.5615,0.615203473397601,1.2057416267942584,0.7859512881770986,1.31,1.23,1.2,1.19,1.21,1.19,0.97,1.01,0.93,0.88,1.04,1.24,1.2,1.14,1.39,1.38,1.38,1.47,1.26,1.26,1.39,1.36,1.32,1.31
BN139_2020-05-26,BN139,2020-05-26,0,low activity,30.85,47.5615,0.6486338740367734,1.1824959481361426,0.8205024249314864,1.24,1.19,1.22,1.19,1.14,1.14,0.97,1.04,0.9,0.95,1.23,1.28,1.44,1.31,1.5,1.44,1.43,1.44,1.5,1.45,1.52,1.5,1.39,1.44
BN139_2020-06-09,BN139,2020-06-09,0,low activity,30.68,47.5615,0.6450595544715788,1.165580182529335,0.6276467471666455,1.46,1.4,1.35,1.26,1.36,1.22,1.03,1.04,1.08,1.05,1.16,1.2,1.32,1.25,1.39,1.49,1.42,1.34,1.23,1.24,1.4,1.37,1.32,1.3
BN147_2019-09-22,BN147,2019-09-22,0,low activity,10514.25,16864.53,0.6234534849177534,2.615809972180612,0.9757876468909877,878.35,913.0,884.5,752.55,614.23,594.91,547.67,485.52,506.19,488.42,383.43,126.7,130.74,114.86,116.15,117.51,119.81,118.99,144.25,181.47,182.23,185.67,781.13,1145.97
BN147_2019-09-30,BN147,2019-09-30,0,low activity,9778.9,16864.53,0.5798501351653441,2.308505046579881,0.9557802273068041,735.68,619.19,578.65,571.61,589.93,643.49,587.59,518.56,426.41,551.75,358.52,156.9,153.82,137.57,137.6,139.4,135.96,128.48,164.98,190.44,195.7,231.27,940.61,884.79
BN147_2019-10-06,BN147,2019-10-06,0,low activity,9893.150000000001,16864.53,0.5866247087822787,2.1632179841607573,0.9888693709277221,839.83,891.71,862.58,742.04,622.89,605.88,560.41,482.7,467.25,465.07,360.29,109.33,109.57,107.84,109.11,109.53,108.34,108.41,157.73,175.37,174.9,179.74,715.18,827.45
BN147_2019-10-12,BN147,2019-10-12,0,low activity,9058.61,16864.53,0.5371397839133377,2.360256154089866,0.7832879960892387,890.86,887.36,887.35,871.88,840.88,662.08,523.38,456.22,455.81,467.31,284.62,123.97,121.22,108.27,108.57,106.15,106.6,106.77,170.16,179.01,179.53,178.51,172.54,169.56
BN147_2019-10-13,BN147,2019-10-13,0,low activity,10439.07,16864.53,0.6189956079416384,2.0172831487862424,0.8547276613441914,827.84,877.44,870.38,858.55,851.4,835.11,637.12,472.48,466.81,464.15,488.64,500.67,146.42,119.53,110.04,105.41,103.95,105.92,162.07,172.48,172.34,173.05,171.34,745.93
BN147_2019-10-14,BN147,2019-10-14,0,low activity,10559.58,16864.53,0.6261413748263367,2.0149892325262933,0.9896831216944012,864.16,847.3,828.84,819.15,818.61,632.75,574.15,495.78,505.48,420.88,333.12,131.31,130.96,130.46,128.51,130.57,127.43,123.04,175.97,189.14,189.84,209.43,886.56,866.14
BN147_2019-10-20,BN147,2019-10-20,0,low activity,9392.849999999999,16864.53,0.5569588953857593,2.224832718503969,0.8716312856333575,796.51,870.73,865.24,852.43,837.75,655.98,561.38,489.6,480.05,456.12,331.21,106.57,107.34,107.19,109.72,107.11,107.72,113.39,171.35,178.16,177.17,175.6,173.35,561.18
BN147_2019-10-21,BN147,2019-10-21,0,low activity,10577.990000000002,16864.53,0.6272330150914376,1.9290545746403613,0.9918257896951109,848.45,836.55,835.24,838.84,685.06,631.69,593.22,525.27,518.04,524.48,326.72,135.86,137.87,138.79,136.36,138.65,135.56,135.97,188.99,194.75,196.64,201.78,822.98,850.23
BN147_2019-10-25,BN147,2019-10-25,0,low activity,10214.5,16864.53,0.6056794941809822,1.989994615497577,0.8607113257356667,844.81,841.07,834.23,844.88,842.73,846.95,768.62,544.93,516.24,509.51,333.1,135.1,132.74,134.81,133.21,134.65,132.8,140.17,189.06,195.37,194.35,189.09,178.24,597.84
BN147_2019-10-26,BN147,2019-10-26,0,low activity,8918.560000000001,16864.53,0.5288353722279839,2.28782224933173,0.7763565373173834,850.17,834.5,838.91,842.84,829.49,816.1,591.04,452.84,430.06,444.7,171.39,106.09,107.75,109.61,109.88,110.35,109.94,120.71,173.15,178.89,178.68,178.78,168.39,164.3
BN147_2019-10-27,BN147,2019-10-27,0,low activity,8774.47,16864.53,0.5202914045040093,2.291092225513336,0.8779441560284014,735.51,837.63,827.72,821.91,812.47,668.9,555.19,459.76,268.77,104.7,105.13,105.94,106.17,107.29,107.58,106.94,107.21,119.89,173.16,179.57,176.33,173.25,276.41,837.04
BN147_2019-10-28,BN147,2019-10-28,0,low activity,10845.86,16864.53,0.6431166477808751,1.8695502246940305,0.9867201905474009,844.87,831.96,819.74,829.94,778.37,629.71,590.45,527.53,508.56,483.23,329.73,135.79,135.7,133.98,148.11,148.17,168.74,174.59,225.18,240.04,254.23,259.94,803.15,844.15
BN147_2019-10-29,BN147,2019-10-29,0,low activity,10146.8,16864.53,0.6016651516526106,1.9768281625734223,0.9579763117438308,835.77,736.63,631.31,645.23,653.15,667.79,655.94,570.71,518.19,498.4,274.11,176.14,177.73,170.06,170.48,163.19,164.43,179.53,229.75,232.82,245.59,287.21,617.63,645.01
BN147_2019-10-30,BN147,2019-10-30,0,low activity,9689.89,16864.53,0.5745721938292974,1.6701366062979042,0.9357058477897522,628.58,613.5,604.12,636.0,649.85,674.31,667.7,590.46,531.05,501.93,254.38,177.38,173.93,173.59,171.2,171.67,169.01,181.87,227.79,233.97,238.62,247.91,573.5,597.57
BN147_2019-10-31,BN147,2019-10-31,0,low activity,8802.57,16864.53,0.5219576234855048,1.7476441539232292,0.9233478753195161,601.11,599.45,618.09,634.44,621.99,640.99,632.39,556.62,473.37,278.26,169.9,157.13,148.65,142.36,140.59,140.14,137.09,148.78,201.71,216.54,213.84,235.43,519.39,574.31
BN147_2019-11-01,BN147,2019-11-01,0,low activity,7553.52,16864.53,0.44789389327778484,2.0585899024560734,0.8299771461251236,588.82,590.74,616.47,638.43,638.0,647.9,532.13,208.61,195.37,183.44,152.52,153.76,152.09,142.37,138.68,128.34,135.25,146.53,193.4,206.37,215.75,222.06,226.67,499.82
BN147_2019-11-02,BN147,2019-11-02,0,low activity,8843.140000000001,16864.53,0.5243632642000697,2.384492386188616,0.9216491342598654,829.21,878.6,857.22,720.84,602.37,588.43,583.16,517.34,224.82,129.8,114.59,114.48,114.79,104.25,105.41,104.71,103.28,122.06,178.47,179.99,185.57,185.52,611.02,687.21
BN147_2019-11-03,BN147,2019-11-03,0,low activity,9022.59,16864.53,0.535003940222467,2.205264785388674,0.8089662228816735,700.32,668.04,656.21,470.89,450.08,456.31,602.02,528.67,443.1,292.25,110.97,111.55,105.14,100.94,101.64,101.1,100.43,119.58,177.67,178.17,182.86,748.28,829.05,787.32
BN147_2019-11-04,BN147,2019-11-04,0,low activity,7671.450000000001,16864.53,0.4548866763556412,2.4946209647459083,0.915359293616995,797.39,651.52,442.28,448.93,442.93,462.55,445.6,392.66,322.23,186.25,139.64,139.95,133.98,152.52,125.72,124.9,123.71,138.59,187.01,196.99,197.85,197.94,582.96,637.35
BN147_2019-11-05,BN147,2019-11-05,0,low activity,9858.82,16864.53,0.5845890754144942,2.202835633473377,0.9488574909613804,618.11,626.12,638.31,650.9,647.6,666.29,653.11,579.39,576.43,561.48,243.44,132.3,127.85,126.01,125.77,123.53,120.75,136.85,175.51,185.79,183.3,233.69,904.89,821.4
BN147_2019-11-06,BN147,2019-11-06,0,low activity,10324.56,16864.53,0.6122056173519215,2.0304516608940237,0.9504112679777896,836.68,837.85,833.82,831.67,829.97,726.07,620.67,571.29,540.19,169.22,137.96,135.56,126.55,122.93,122.66,123.32,119.14,134.9,182.9,193.45,195.27,226.82,873.48,832.19
BN147_2019-11-07,BN147,2019-11-07,0,low activity,9752.41,16864.53,0.578279382823002,2.1797935074509787,0.9256420507261561,832.74,825.24,825.09,820.97,831.86,802.13,589.59,309.14,162.51,151.11,145.25,134.52,132.68,124.66,124.15,125.23,122.88,137.14,180.68,193.06,196.75,252.06,885.76,847.21
BN147_2019-11-08,BN147,2019-11-08,0,low activity,10369.380000000001,16864.53,0.6148632662754314,1.9595308494818395,0.9437803271810935,846.63,844.15,845.36,839.18,840.38,795.14,593.52,517.01,491.5,491.91,433.23,143.39,122.03,125.18,118.72,116.36,114.9,136.94,174.79,186.46,191.79,186.61,373.05,841.15
BN147_2019-11-09,BN147,2019-11-09,0,low activity,8995.3,16864.53,0.5333857510407939,2.543274821295566,0.9310655224183035,841.64,829.24,837.03,790.99,581.91,563.2,570.32,468.03,247.03,110.35,109.92,106.71,98.61,98.96,98.73,99.72,98.71,122.29,169.75,175.72,175.03,176.29,671.89,953.23
BN147_2019-11-10,BN147,2019-11-10,0,low activity,7584.0599999999995,16864.53,0.4497047946192393,3.00434332006867,0.81091912158714,949.38,948.47,754.53,677.7,681.53,614.3,186.33,125.55,116.46,105.16,104.74,100.56,93.29,93.6,94.95,94.72,94.03,116.89,163.41,173.26,172.77,170.75,173.84,777.84
BN147_2019-11-11,BN147,2019-11-11,0,low activity,10684.05,16864.53,0.6335219540657225,2.1587544049307144,0.875750186489258,954.65,941.04,943.57,961.01,920.24,734.04,692.92,616.85,582.46,577.89,419.96,125.14,107.22,100.36,101.02,101.51,101.61,126.18,167.18,183.47,185.73,187.45,184.58,667.97
BN147_2019-11-12,BN147,2019-11-12,0,low activity,10589.220000000001,16864.53,0.6278989097235441,2.1541529971046027,0.9470411862490483,950.45,929.75,865.5,681.23,689.14,702.65,711.96,619.62,589.28,583.83,358.76,167.87,130.01,121.94,120.37,118.84,126.01,147.47,188.35,189.62,190.5,188.74,603.96,613.37
BN147_2019-11-13,BN147,2019-11-13,0,low activity,9294.810000000001,16864.53,0.551145510725766,2.1748395072088615,0.8909121556539566,617.95,623.12,627.15,631.06,667.08,837.58,842.28,517.0,431.49,156.38,143.99,112.96,139.66,138.93,136.43,131.69,131.3,156.27,192.9,193.55,196.28,196.99,647.51,825.26
BN147_2019-11-14,BN147,2019-11-14,0,low activity,9832.48,16864.53,0.5830272174795266,2.1064878850503637,0.932234432208754,863.0,787.74,810.38,815.96,809.64,700.45,624.29,529.65,175.99,160.41,143.56,138.83,139.21,139.21,126.36,129.98,127.55,151.08,192.88,193.92,195.07,223.48,825.07,828.77
BN147_2019-11-15,BN147,2019-11-15,0,low activity,9166.4,16864.53,0.5435313050526757,2.2411241054285216,0.8854925412518803,829.78,817.96,804.07,812.31,806.08,720.22,608.53,374.0,170.9,156.45,144.65,144.92,142.08,130.45,121.39,120.91,127.12,149.55,192.65,193.26,193.73,203.9,345.53,855.96
BN147_2019-11-16,BN147,2019-11-16,0,low activity,8339.98,16864.53,0.4945278641029427,2.453243293149384,0.9013524845384042,852.5,833.2,789.96,609.38,584.39,572.19,570.83,330.93,127.68,130.17,125.63,113.86,112.6,112.96,113.29,114.02,112.44,141.21,178.78,180.28,179.87,243.37,602.91,607.53
BN147_2019-11-17,BN147,2019-11-17,0,low activity,8658.23,16864.53,0.5133988317492394,2.6667344249344267,0.9072607578603128,607.66,587.97,579.22,579.46,589.97,577.6,581.04,510.37,470.53,128.83,113.57,112.23,112.28,112.9,103.12,101.21,101.09,140.3,180.13,179.86,180.21,182.05,864.58,962.05
BN147_2019-11-18,BN147,2019-11-18,0,low activity,9289.31,16864.53,0.5508193824553664,2.662389348616851,0.8817423921744584,594.06,583.35,579.96,580.01,585.11,604.7,609.18,535.48,445.5,164.92,148.8,144.21,143.99,135.32,127.24,129.59,130.03,161.18,195.56,197.25,195.37,245.38,1030.49,1022.63
BN147_2019-11-19,BN147,2019-11-19,0,low activity,10730.52,16864.53,0.6362774414703524,2.2548841994609767,0.9347680914428469,1008.17,984.34,978.85,703.0,606.26,608.35,598.95,545.61,536.49,202.98,143.77,156.8,142.54,143.3,141.95,147.27,161.05,188.99,224.05,222.75,222.38,240.85,896.14,925.68
BN147_2019-11-20,BN147,2019-11-20,0,low activity,10443.93,16864.53,0.6192837867405733,2.1203052873774526,0.8778965735845469,922.68,907.8,798.39,699.77,695.83,724.13,707.24,646.52,292.37,237.65,197.43,179.34,230.12,251.07,251.77,193.79,180.35,182.61,203.75,207.73,238.7,248.94,362.26,883.69
BN147_2019-11-22,BN147,2019-11-22,0,low activity,7875.25,16864.53,0.46697121117517065,2.2015910606012503,0.8713139588724625,722.42,589.57,599.99,621.21,601.09,596.36,403.03,274.1,264.8,250.67,206.83,168.15,170.96,157.65,156.83,154.3,155.44,161.26,186.16,200.87,232.16,239.16,243.63,518.61
BN147_2019-11-23,BN147,2019-11-23,0,low activity,7754.58,16864.53,0.45981595692260624,1.9026484993384554,0.7617152363141173,614.76,604.13,609.49,607.02,590.46,585.57,600.77,587.76,534.03,245.93,141.29,132.3,129.62,125.21,117.27,116.71,115.99,133.59,162.02,168.06,197.27,201.86,205.7,227.77
BN147_2019-11-24,BN147,2019-11-24,0,low activity,7544.549999999999,16864.53,0.4473620077167878,2.5407797681770288,0.8887109042951772,577.97,596.71,584.42,579.7,573.64,589.51,433.95,211.33,199.64,190.41,160.27,153.63,148.74,147.32,141.81,134.29,135.47,142.96,162.46,162.22,197.34,207.01,315.04,798.71
BN147_2019-11-25,BN147,2019-11-25,0,low activity,8777.95,16864.53,0.5204977547550985,2.2256586104956164,0.8702312208176675,814.03,736.13,627.71,614.09,621.15,641.01,585.55,275.77,269.39,265.96,223.15,218.12,210.74,186.57,164.08,165.18,162.18,159.44,193.71,203.04,233.25,239.75,253.19,714.76
BN147_2019-11-26,BN147,2019-11-26,0,low activity,9842.41,16864.53,0.5836160272477205,1.9619828883373076,0.8872471448408296,804.61,771.56,654.63,610.11,595.15,608.92,589.05,590.48,576.01,318.7,240.76,217.44,210.28,199.71,203.26,189.01,172.83,186.59,222.4,269.65,274.15,271.41,326.07,739.63
BN147_2019-11-27,BN147,2019-11-27,0,low activity,9507.669999999998,16864.53,0.563767267750717,2.066272809216138,0.935552858853897,779.92,675.1,657.74,575.03,602.23,595.16,544.29,500.72,253.06,235.93,220.67,214.99,193.86,179.86,163.81,164.07,164.4,171.59,229.69,236.67,234.94,285.89,818.56,809.49
BN147_2019-11-28,BN147,2019-11-28,0,low activity,8508.87,16864.53,0.5045423738461731,2.310680501641228,0.9361611090222879,819.22,763.71,491.75,508.64,503.06,517.55,493.8,476.49,448.49,365.11,191.23,133.87,132.82,132.25,133.28,132.55,132.11,155.88,197.29,197.1,202.51,232.01,575.83,572.32
BN147_2019-11-29,BN147,2019-11-29,0,low activity,8995.71,16864.53,0.5334100624209509,1.5748573486695325,0.9310778050680554,570.5,558.22,587.15,546.81,508.2,519.6,503.02,498.46,404.64,262.09,256.95,250.98,249.67,235.83,227.91,228.03,231.37,245.77,267.3,270.36,271.29,269.34,441.93,590.29
BN147_2019-11-30,BN147,2019-11-30,0,low activity,8257.16,16864.53,0.4896169653112183,1.70973070644144,0.8831657126444488,588.23,585.0,523.23,486.03,488.47,491.32,486.33,457.7,454.41,437.62,296.26,204.31,184.34,183.37,183.77,177.82,183.1,197.16,213.4,226.82,227.86,225.52,236.9,518.19
BN147_2019-12-01,BN147,2019-12-01,0,low activity,7247.9400000000005,16864.53,0.4297742065743902,1.9009760014569659,0.8645475591582357,565.37,574.09,447.17,470.59,468.33,468.46,464.58,331.79,230.78,197.07,194.19,177.67,170.65,163.83,171.76,166.72,166.84,189.02,208.5,208.38,211.65,222.22,231.83,546.45
BN147_2019-12-02,BN147,2019-12-02,0,low activity,8632.009999999998,16864.53,0.5118440893401713,1.8023056043725625,0.9109374309861993,613.3,608.66,635.08,642.78,648.23,575.26,300.35,296.25,235.71,223.29,218.68,203.88,199.7,188.36,186.0,177.67,172.89,187.69,241.78,253.24,262.46,300.19,639.86,620.7
BN147_2019-12-03,BN147,2019-12-03,0,low activity,9273.47,16864.53,0.5498801330366159,2.19296552423203,0.9201594116563445,611.1,596.72,647.05,633.31,642.11,656.69,544.22,450.24,227.18,216.81,198.06,186.35,171.36,165.79,160.77,162.56,159.49,187.59,234.32,243.41,241.42,252.38,837.19,847.35
BN147_2019-12-04,BN147,2019-12-04,0,low activity,8929.689999999999,16864.53,0.529495337255174,2.2726074477389475,0.9008044271746832,845.57,763.17,501.57,520.78,534.77,594.1,631.41,369.28,193.78,190.47,182.98,164.8,158.76,157.66,153.33,143.85,139.34,169.43,213.85,217.31,220.02,223.61,802.55,837.3
BN147_2019-12-05,BN147,2019-12-05,0,low activity,8793.060000000001,16864.53,0.5213937180579596,2.28900519273154,0.916506934081958,814.73,742.05,615.33,603.1,611.82,636.73,573.77,235.23,198.01,178.02,162.26,157.76,147.0,144.52,152.1,143.3,139.11,171.53,213.26,215.43,217.72,222.39,659.25,838.64
BN147_2019-12-06,BN147,2019-12-06,0,low activity,8586.210000000001,16864.53,0.5091283302884813,2.6285590499184157,0.8797203108251548,831.05,814.63,803.81,519.83,531.01,538.07,341.03,247.93,215.26,183.18,166.32,164.45,158.69,154.86,148.11,150.27,142.85,165.77,216.18,220.01,220.47,227.26,484.78,940.39
BN147_2019-12-07,BN147,2019-12-07,0,low activity,9019.29,16864.53,0.5348082632602273,2.5390379952302227,0.8478274584295581,954.18,951.32,890.88,727.44,703.48,688.37,668.87,383.03,166.68,147.23,136.04,130.62,128.61,129.79,118.76,124.76,128.1,168.96,194.79,195.21,196.63,199.71,305.74,580.09
BN147_2019-12-08,BN147,2019-12-08,0,low activity,7564.62,16864.53,0.4485520794235001,2.510275466579947,0.886632315418877,591.57,597.01,585.54,573.76,560.77,557.74,446.44,182.32,143.4,138.44,137.28,132.9,134.1,145.87,133.35,131.76,132.05,163.13,201.01,208.47,209.39,209.78,457.32,791.22
BN147_2019-12-09,BN147,2019-12-09,0,low activity,8367.18,16864.53,0.49614071664019105,2.3315382243479883,0.8749835132450836,812.85,766.82,619.42,618.24,608.85,442.71,262.48,253.89,199.8,202.81,181.8,174.31,162.41,163.97,162.38,160.18,161.1,199.96,246.38,252.15,253.52,271.71,604.07,585.37
BN147_2019-12-10,BN147,2019-12-10,0,low activity,8914.27,16864.53,0.5285809921770723,2.108699871105542,0.8702208282783492,575.94,574.41,783.23,752.04,544.43,602.22,610.9,551.85,284.64,212.45,202.04,184.38,171.85,175.76,172.98,161.78,165.18,180.73,235.94,238.6,249.9,285.91,509.12,487.99
BN147_2019-12-11,BN147,2019-12-11,0,low activity,10206.68,16864.53,0.6052157990765233,1.92276430729679,0.93486292395643,611.02,594.04,638.69,664.83,716.72,817.71,690.76,567.99,513.65,507.26,206.52,196.96,172.17,162.05,158.48,144.61,152.51,171.45,226.49,218.85,226.07,305.15,792.31,750.39
BN147_2019-12-12,BN147,2019-12-12,0,low activity,9215.27,16864.53,0.5464291029752979,2.0301868529082707,0.925339590473825,760.89,745.39,606.83,570.19,554.34,570.94,560.02,471.72,225.64,212.7,197.79,187.31,178.07,173.83,171.18,163.3,159.18,174.29,227.89,236.7,240.43,287.63,779.53,759.48
BN147_2019-12-13,BN147,2019-12-13,0,low activity,8120.369999999999,16864.53,0.48150585874613755,2.224213921286838,0.8688224029414086,752.56,718.63,575.2,570.09,590.89,598.79,393.15,258.2,219.77,210.44,196.92,182.29,163.28,154.64,155.78,149.91,151.76,170.67,226.44,229.84,237.78,237.15,278.61,697.58
BN147_2019-12-14,BN147,2019-12-14,0,low activity,8731.49,16864.53,0.5177428603109604,2.0658467226097725,0.9355090935883753,751.58,743.84,734.5,612.88,520.27,514.41,526.38,499.27,445.2,446.08,271.85,132.41,128.34,118.46,128.06,117.64,126.2,151.87,202.41,202.42,200.73,208.51,402.5,545.68
BN147_2019-12-15,BN147,2019-12-15,0,low activity,6863.02,16864.53,0.40694997133036026,1.9559435933452036,0.8796056163422937,534.73,531.85,528.49,531.96,559.32,548.79,321.08,199.48,152.08,141.53,141.64,132.98,131.22,128.0,120.92,128.0,128.35,160.05,209.38,211.26,210.7,211.94,372.54,526.73
BN147_2019-12-16,BN147,2019-12-16,0,low activity,8862.2,16864.53,0.5254934468971267,1.6989731669337182,0.8673359689997775,627.36,579.16,602.51,618.22,623.91,609.53,602.91,521.09,228.02,223.29,217.04,198.95,194.27,186.25,187.57,184.28,173.83,193.66,249.39,259.65,275.53,312.34,575.71,417.73
BN147_2019-12-17,BN147,2019-12-17,0,low activity,9678.61,16864.53,0.5739033343947327,1.8746493556409443,0.9184646250711392,527.53,548.15,575.5,599.14,600.29,611.21,604.42,581.73,543.5,340.13,231.51,214.27,200.56,189.63,183.37,185.0,182.3,202.05,253.51,271.8,272.14,307.42,697.45,756.0
BN147_2019-12-18,BN147,2019-12-18,0,low activity,8787.470000000001,16864.53,0.5210622531431355,2.193942056132197,0.8860225775287975,803.3,790.29,773.23,569.58,577.54,550.24,311.42,280.77,225.32,218.42,206.26,204.9,174.01,171.1,161.88,159.92,160.23,192.52,245.9,254.16,264.68,319.27,593.27,579.26
BN147_2019-12-19,BN147,2019-12-19,0,low activity,8802.04,16864.53,0.5219261965794482,1.6743482192764403,0.9168741909000031,592.91,598.83,596.92,605.25,607.4,614.07,537.5,336.45,250.59,231.77,219.85,209.35,188.93,191.21,180.95,175.12,173.44,201.97,251.18,258.6,269.02,337.56,590.48,582.69
BN147_2019-12-20,BN147,2019-12-20,0,low activity,8817.25,16864.53,0.5228280894872256,1.6696906631886357,0.9259361394136514,600.39,597.15,597.91,602.84,605.13,613.42,541.59,469.32,260.95,226.97,213.63,204.66,186.8,168.04,166.45,156.58,158.72,188.61,241.6,249.54,265.11,307.8,608.07,585.97
BN147_2019-12-21,BN147,2019-12-21,0,low activity,8559.89,16864.53,0.5075676582744968,1.6889095537442655,0.8664084741822342,596.74,602.37,594.06,587.62,591.91,585.39,554.72,499.97,459.56,450.72,343.03,190.18,156.72,135.06,129.72,134.08,137.53,168.45,223.59,237.31,238.24,242.45,245.03,455.44
BN147_2019-12-22,BN147,2019-12-22,0,low activity,8802.510000000002,16864.53,0.5219540657225551,1.680965997198526,0.9699673565310901,595.19,609.77,616.53,608.19,546.02,511.43,514.34,485.59,449.19,430.49,320.18,182.58,146.34,146.53,139.04,130.04,144.22,177.81,227.76,233.98,242.23,242.44,521.38,581.24
BN147_2019-12-23,BN147,2019-12-23,0,low activity,8102.0599999999995,16864.53,0.4804201480859532,1.8826323182005564,0.7262370804249851,589.81,593.63,594.22,600.8,605.63,635.55,626.57,537.5,209.56,202.1,196.8,189.88,183.31,182.75,176.03,171.2,162.13,192.02,233.67,241.03,244.98,247.12,243.04,242.73
BN147_2019-12-24,BN147,2019-12-24,0,low activity,8575.48,16864.53,0.5084920836809564,1.8336373007691695,0.86456433666988,522.9,619.3,622.11,637.01,641.62,655.18,564.33,247.2,204.04,190.13,188.78,199.63,188.29,188.05,187.52,184.96,183.4,198.09,249.26,254.16,263.07,310.57,548.61,527.27
BN147_2019-12-25,BN147,2019-12-25,0,low activity,7901.97,16864.53,0.4685556016088204,1.6164981643817933,0.9056257429164041,514.71,515.12,511.86,520.27,519.05,521.65,482.72,280.67,215.89,211.1,202.97,194.52,193.19,186.76,175.51,173.77,174.98,190.34,251.06,258.19,258.35,289.65,532.23,527.41
BN147_2019-12-26,BN147,2019-12-26,0,low activity,8269.259999999998,16864.53,0.49033444750609706,1.554480086488997,0.9018195423994567,525.71,525.12,525.94,532.05,535.6,531.74,526.25,453.18,240.52,215.6,210.55,206.2,196.63,190.74,193.12,190.16,191.69,202.72,255.5,265.02,264.86,274.95,508.88,506.53
BN147_2019-12-27,BN147,2019-12-27,0,low activity,8194.66,16864.53,0.48591096223849706,1.622197870320428,0.8860364466889588,526.11,527.35,529.96,539.47,553.89,535.19,381.1,280.88,222.28,209.58,213.72,215.62,213.51,214.5,210.94,210.11,201.7,220.31,270.31,275.36,273.88,324.26,533.49,511.14
BN147_2019-12-28,BN147,2019-12-28,0,low activity,7373.54,16864.53,0.43722179034933084,1.695207458018808,0.5034884445491538,267.91,33.86,512.0,513.19,513.06,511.65,520.82,510.19,260.93,211.07,205.2,196.61,194.21,188.34,178.4,190.4,188.02,205.02,266.27,278.62,275.0,368.89,391.34,392.54
BN147_2019-12-29,BN147,2019-12-29,0,low activity,7446.69,16864.53,0.4415592963456438,1.3125939175660595,0.8188066788339267,403.28,406.39,406.87,406.22,404.49,407.27,399.72,395.53,341.79,225.07,217.34,211.55,202.36,200.85,200.07,199.33,197.69,213.47,276.05,270.73,288.57,386.63,393.83,391.59
BN147_2019-12-30,BN147,2019-12-30,0,low activity,7919.009999999999,16864.53,0.46956600628656714,1.9340599393105957,0.8383148034062924,388.37,405.2,408.33,408.86,416.71,425.4,424.12,374.54,246.69,254.49,250.69,241.41,229.16,228.68,210.44,209.19,205.53,218.59,271.35,279.53,280.69,314.1,588.78,638.16
BN147_2019-12-31,BN147,2019-12-31,0,low activity,8738.779999999999,16864.53,0.5181751285093625,1.7696840977802395,0.9112080885236741,629.98,644.37,503.19,539.74,539.15,558.47,554.16,357.79,235.09,225.44,221.01,218.96,207.17,192.22,186.97,184.85,177.7,194.18,248.24,267.06,271.12,328.71,634.14,619.07
BN147_2020-01-01,BN147,2020-01-01,0,low activity,9989.48,16864.53,0.5923366971982024,1.8887469618038177,0.9534074871487558,618.92,622.17,609.76,597.85,596.14,602.96,596.39,601.3,512.1,483.52,259.62,199.91,191.01,180.27,178.95,177.62,178.65,189.89,247.43,258.85,261.27,305.51,733.24,786.15
BN147_2020-01-02,BN147,2020-01-02,0,low activity,8046.209999999999,16864.53,0.47710846374016946,1.7538692129586477,0.9221807344475369,588.0,558.34,552.88,570.42,572.52,551.95,355.98,296.39,242.87,229.4,227.39,215.4,144.36,180.03,168.61,165.29,169.71,183.17,244.21,247.73,262.29,287.91,517.99,513.37
BN147_2020-01-03,BN147,2020-01-03,0,low activity,9076.66,16864.53,0.5382100776007396,1.6058682378760472,0.9250557244361044,529.42,528.57,535.66,542.4,571.5,607.33,569.51,552.71,496.34,479.61,292.56,213.22,193.73,182.41,167.52,161.17,162.26,176.62,240.52,244.05,262.03,290.25,518.75,558.52
BN147_2020-01-04,BN147,2020-01-04,0,low activity,8285.46,16864.53,0.49129504350254644,1.79632271473159,0.8623092751964934,607.64,620.14,617.45,607.01,593.3,579.02,533.93,498.61,332.79,223.29,198.14,190.94,176.89,154.41,150.67,145.89,145.48,160.85,234.58,239.36,242.97,256.08,259.51,516.51
BN147_2020-01-05,BN147,2020-01-05,0,low activity,8669.59,16864.53,0.5140724348677372,2.3232378924493546,0.9045221876441016,627.64,626.75,621.69,619.24,605.26,594.75,483.43,280.88,168.44,156.19,191.94,187.77,171.27,158.01,152.83,155.07,150.9,163.39,235.11,238.42,244.12,259.1,738.16,839.23
BN147_2020-01-06,BN147,2020-01-06,0,low activity,8109.24,16864.53,0.4808458937189474,2.4532903206712344,0.8655469462488808,828.93,593.01,515.34,598.81,599.01,548.7,392.9,380.75,244.4,224.02,211.46,192.62,168.22,167.15,145.63,152.01,139.59,159.69,220.5,235.22,247.63,255.77,285.45,602.43
BN147_2020-01-07,BN147,2020-01-07,0,low activity,8863.810000000001,16864.53,0.5255889135362801,2.2388656796569415,0.9109850743095635,625.02,622.68,618.75,623.86,644.53,671.41,659.51,489.49,227.11,216.66,202.97,183.56,162.72,147.75,147.86,151.37,136.74,141.46,213.18,208.81,228.73,227.49,485.28,826.87
BN147_2020-01-08,BN147,2020-01-08,0,low activity,9135.76,16864.53,0.5417144741063048,2.147630848446106,0.9112294221723795,817.51,802.79,784.01,697.19,513.55,521.24,513.59,522.11,259.18,215.47,204.04,197.28,182.2,187.98,182.55,179.56,176.25,175.26,235.08,179.94,245.16,182.67,483.74,677.41
BN147_2020-01-09,BN147,2020-01-09,0,low activity,7822.629999999999,16864.53,0.4638510530681851,1.8849926431392001,0.8335082204037647,446.55,438.29,559.28,548.28,411.59,451.21,614.4,476.46,159.96,208.34,213.37,202.3,191.77,173.78,160.46,166.32,180.33,181.77,241.35,247.24,250.87,257.65,442.13,598.93
BN147_2020-01-10,BN147,2020-01-10,0,low activity,8907.739999999998,16864.53,0.5281937889760342,1.8496543455466823,0.9314435047303269,595.91,570.39,541.51,481.85,485.73,496.9,518.87,524.55,500.62,503.33,352.58,199.52,187.59,174.16,161.26,154.95,153.85,169.76,239.25,246.78,250.17,265.01,446.69,686.51
BN147_2020-01-11,BN147,2020-01-11,0,low activity,8316.07,16864.53,0.49311009556744245,2.3134870197100317,0.7797272314045066,801.63,768.08,584.03,574.21,572.05,576.86,557.05,470.28,246.25,214.57,198.7,186.35,180.77,178.79,164.22,157.41,164.47,168.12,236.82,243.01,254.95,255.79,258.11,303.55
BN147_2020-01-12,BN147,2020-01-12,0,low activity,8132.08,16864.53,0.48220021548184266,1.83353828294852,0.9179397643223909,581.84,596.02,592.56,621.27,619.95,587.05,382.11,263.66,209.68,207.92,197.06,182.88,180.01,161.23,153.0,152.47,145.58,156.87,232.77,240.25,250.2,265.85,537.09,614.76
BN147_2020-01-13,BN147,2020-01-13,0,low activity,8077.72,16864.53,0.4789768822493127,1.781225395284808,0.9216866375231955,588.42,598.79,599.15,599.51,583.17,470.6,292.04,344.44,232.6,222.02,272.56,205.77,195.89,174.59,170.68,171.91,154.89,149.32,228.69,243.5,254.6,269.47,549.14,505.97
BN147_2020-01-14,BN147,2020-01-14,0,low activity,8749.939999999999,16864.53,0.5188368724180277,1.803879798032901,0.9175222350057229,497.57,497.4,528.67,540.79,552.79,548.09,545.83,540.58,494.89,305.33,221.97,194.0,176.3,169.58,152.62,153.44,140.61,156.82,236.02,245.58,248.34,300.58,657.66,644.48
BN147_2020-01-15,BN147,2020-01-15,0,low activity,7929.240000000001,16864.53,0.47017260486951024,1.994097794996746,0.8311125624391155,652.81,641.48,647.11,658.82,658.62,539.6,303.5,272.9,214.95,212.54,209.26,197.47,172.14,168.93,163.28,157.32,160.71,161.88,237.27,250.81,243.96,254.04,248.1,501.74
BN147_2020-01-16,BN147,2020-01-16,0,low activity,9564.369999999999,16864.53,0.5671293537382898,1.642571335069639,0.9150613205038538,596.15,592.59,622.51,608.56,605.15,627.93,654.59,643.83,582.46,381.28,210.33,195.22,188.29,188.46,176.58,179.91,174.88,153.88,232.12,227.92,238.05,270.81,622.1,590.77
BN147_2020-01-17,BN147,2020-01-17,0,low activity,8439.939999999999,16864.53,0.5004550971773302,2.2886892560847594,0.8928704603777187,578.97,566.06,618.54,655.54,630.56,501.04,272.87,269.87,222.09,201.89,190.93,185.0,205.71,184.1,165.81,158.88,159.87,148.71,218.74,237.04,243.68,274.33,744.86,804.85
BN147_2020-01-18,BN147,2020-01-18,0,low activity,7678.639999999999,16864.53,0.45531301494912696,2.6602210808163944,0.8343654590472791,784.48,851.12,757.8,472.99,366.14,235.85,225.72,225.72,173.28,163.68,156.0,150.09,141.15,130.79,127.73,121.47,114.41,117.31,190.22,204.31,208.5,220.18,755.49,784.21
BN147_2020-01-19,BN147,2020-01-19,0,low activity,8117.299999999999,16864.53,0.4813238198752055,2.3751937220504358,0.8821266419267543,803.34,779.76,464.78,474.65,456.91,461.44,450.74,434.35,374.02,360.56,342.77,351.17,150.78,117.72,112.92,112.54,112.88,112.1,175.54,191.96,192.99,196.54,416.25,470.59
BN147_2020-01-20,BN147,2020-01-20,0,low activity,7895.889999999999,16864.53,0.4681950816299061,2.4978159523498937,0.8688286644662649,466.92,466.48,505.58,531.2,534.63,533.15,523.09,283.65,191.95,178.47,159.14,161.99,148.75,149.49,142.47,137.05,136.02,138.74,210.22,217.29,222.77,278.95,756.12,821.77
BN147_2020-01-21,BN147,2020-01-21,0,low activity,7929.76,16864.53,0.47020343881507526,2.560057303121406,0.7304784090627511,845.86,844.33,831.08,491.84,481.36,374.75,266.6,240.68,188.51,185.06,185.55,187.22,188.79,182.12,178.48,180.68,178.06,177.37,244.0,269.46,246.96,279.69,337.27,344.04
BN147_2020-01-22,BN147,2020-01-22,0,low activity,7858.21,16864.53,0.46596080649742394,1.6806575543285303,0.7142409788027412,280.82,500.34,518.64,540.1,550.29,520.73,489.08,517.71,491.57,428.82,359.6,206.18,175.28,162.93,158.87,159.37,157.43,155.75,239.26,230.45,241.86,240.18,264.5,268.45
BN147_2020-01-23,BN147,2020-01-23,0,low activity,8172.67,16864.53,0.4846070421173908,2.523581644676709,0.8154403843363409,261.39,386.0,579.85,525.46,548.67,545.74,544.86,499.93,388.99,208.38,190.28,187.28,178.34,158.38,152.0,154.59,143.06,139.79,236.07,233.63,231.39,236.79,582.45,859.35
BN147_2020-01-25,BN147,2020-01-25,0,low activity,8514.19,16864.53,0.5048578288277231,2.3357900164313925,0.8610153605321824,828.64,766.79,445.8,445.88,453.39,456.53,462.49,436.68,382.65,368.1,372.67,368.88,345.1,132.58,114.44,114.1,114.3,114.1,178.16,197.96,208.7,208.1,441.82,556.33
BN147_2020-01-26,BN147,2020-01-26,0,low activity,7090.9400000000005,16864.53,0.4204647268557144,1.8593303567651114,0.9390885170411158,530.98,429.26,438.93,435.71,452.15,456.09,463.63,428.63,387.01,357.15,143.77,128.91,116.61,121.31,114.85,114.17,113.47,112.01,174.95,193.95,194.22,201.81,432.02,549.35
BN147_2020-01-27,BN147,2020-01-27,0,low activity,8100.02,16864.53,0.48029918414565964,1.8594917049587534,0.8762482781276597,546.26,538.44,579.01,595.17,608.25,627.58,610.22,527.87,195.08,184.01,168.28,157.53,147.9,146.11,146.25,142.35,142.85,137.72,195.16,215.05,225.0,259.22,520.82,483.89
BN147_2020-01-28,BN147,2020-01-28,0,low activity,7829.209999999999,16864.53,0.4642412210716812,1.8402163181214963,0.9112021714262865,488.55,476.86,526.93,516.2,509.15,517.41,509.85,498.89,277.75,202.98,173.65,167.06,147.22,147.06,145.29,143.14,140.45,136.0,202.63,217.97,228.02,289.13,600.31,566.71
BN147_2020-01-29,BN147,2020-01-29,0,low activity,9788.23,16864.53,0.58040336730404,1.5973306716331759,0.9117026347741052,551.37,575.76,632.56,641.66,645.62,651.46,650.93,635.12,612.99,526.74,344.92,189.26,191.06,172.95,175.92,161.09,161.44,153.4,214.08,237.54,246.78,264.41,587.22,563.95
BN147_2020-01-30,BN147,2020-01-30,0,low activity,7115.85,16864.53,0.4219417914403782,2.015354455195092,0.8756472443369205,581.84,575.0,597.54,576.21,463.75,264.29,274.98,251.73,213.67,193.89,188.77,169.99,151.81,158.19,148.2,141.0,140.94,132.95,201.61,223.56,225.81,271.7,501.87,466.55
BN147_2020-01-31,BN147,2020-01-31,0,low activity,9536.81,16864.53,0.5654951546233427,2.1410933005900294,0.9149493256151227,460.29,578.04,606.12,609.74,614.23,650.14,631.36,596.34,525.41,531.07,192.73,155.3,165.06,149.59,150.41,139.04,130.52,125.96,178.47,213.18,218.71,261.64,850.8,802.66
BN147_2020-02-01,BN147,2020-02-01,0,low activity,7454.65,16864.53,0.44203129289698556,2.6425063550938006,0.8703559540750961,815.65,820.79,494.34,442.42,431.41,428.65,315.13,201.53,148.51,134.26,133.45,118.81,112.88,110.19,113.69,111.97,114.74,110.73,161.74,177.67,190.29,225.19,745.63,794.98
BN147_2020-02-02,BN147,2020-02-02,0,low activity,7393.78,16864.53,0.4384219423844009,2.639072301312725,0.8909651291498722,813.03,794.18,558.52,438.24,443.91,440.64,440.27,405.08,181.04,129.95,117.24,124.25,114.26,113.5,111.77,111.53,111.08,110.17,160.59,177.93,188.67,192.13,543.45,572.35
BN147_2020-02-03,BN147,2020-02-03,0,low activity,8063.33,16864.53,0.4781236121018493,2.453596715004843,0.8752937028413021,568.3,567.45,595.73,597.42,606.03,595.39,450.31,233.25,188.45,183.46,177.4,172.33,166.38,156.32,155.13,143.68,151.18,151.38,220.06,248.38,255.17,253.9,401.89,824.34
BN147_2020-02-04,BN147,2020-02-04,0,low activity,9262.83,16864.53,0.5492492230735159,2.1003429837317538,0.9335803353154672,542.39,466.32,507.62,526.74,537.19,529.22,508.23,490.13,457.25,448.92,336.75,225.52,203.81,206.5,200.24,194.54,188.65,182.65,234.37,264.7,267.19,265.8,667.47,810.63
BN147_2020-02-05,BN147,2020-02-05,0,low activity,9200.69,16864.53,0.5455645665784935,2.0328562314348164,0.915082977551155,779.32,754.08,608.28,586.92,579.35,573.89,565.8,454.02,231.35,233.51,238.76,219.44,214.22,200.81,197.04,196.55,191.88,192.78,242.41,264.61,264.41,263.28,566.08,581.9
BN147_2020-02-06,BN147,2020-02-06,0,low activity,8651.150000000001,16864.53,0.5129790157211617,1.6620495541055234,0.8839157149887116,579.44,571.08,596.65,599.11,593.54,588.03,578.32,553.5,255.5,235.76,226.29,216.5,202.22,201.34,187.82,183.81,178.27,176.17,221.04,259.0,251.3,262.83,463.65,469.98
BN147_2020-02-07,BN147,2020-02-07,0,low activity,8075.220000000001,16864.53,0.47882864212640386,1.5647870893919917,0.8356359299901214,458.09,454.32,487.93,512.33,514.82,525.22,526.5,496.92,453.51,442.63,292.97,199.92,192.13,175.94,179.02,172.81,166.63,164.17,205.68,242.32,253.45,253.26,253.95,450.7
BN147_2020-02-08,BN147,2020-02-08,0,low activity,8401.77,16864.53,0.4981917669807579,1.7206660025208973,0.8201825174867822,596.61,593.95,602.36,546.42,491.3,493.3,496.58,470.13,439.75,423.33,412.79,383.12,291.95,150.1,128.3,127.96,125.88,126.67,179.79,214.97,222.13,232.08,230.63,421.67
BN147_2020-02-09,BN147,2020-02-09,0,low activity,7180.7699999999995,16864.53,0.42579129095207513,1.6756086046482481,0.8990319172548116,475.02,466.25,467.23,483.77,479.3,486.55,501.34,467.67,384.14,193.68,162.07,143.54,145.17,139.24,139.61,127.51,126.3,126.48,179.59,208.12,214.22,216.26,392.41,455.3
BN147_2020-02-10,BN147,2020-02-10,0,low activity,8043.949999999999,16864.53,0.4769744546690598,1.6219494153991512,0.9156987871164322,456.46,461.35,472.73,499.78,510.95,515.92,516.49,487.35,443.17,423.33,215.81,156.12,151.24,138.45,135.52,135.67,133.66,138.48,198.27,245.48,253.16,287.8,543.62,523.14
BN147_2020-02-11,BN147,2020-02-11,0,low activity,8437.01,16864.53,0.500281359753281,1.5342402106907542,0.9220540803528021,511.78,513.58,521.46,526.61,528.36,539.35,526.28,491.93,446.59,437.05,307.74,203.2,207.02,182.07,165.42,161.87,156.77,154.56,205.07,250.85,251.67,254.02,381.41,512.35
BN147_2020-02-12,BN147,2020-02-12,0,low activity,7983.1900000000005,16864.53,0.4733716267218832,1.579549027393811,0.916840108167564,487.48,492.23,495.92,512.19,525.41,514.73,508.3,485.06,278.91,226.49,237.84,202.85,187.45,190.97,172.31,160.49,162.53,161.08,205.69,243.48,243.43,278.89,510.67,498.79
BN147_2020-02-13,BN147,2020-02-13,0,low activity,8324.650000000001,16864.53,0.4936188556692657,1.5543716552647857,0.9239802214052398,483.18,484.99,486.33,531.18,539.15,531.12,523.35,490.49,464.76,463.01,254.27,196.31,177.39,160.83,144.14,155.08,137.57,145.65,193.76,236.27,239.72,278.36,506.9,500.84
BN147_2020-02-14,BN147,2020-02-14,0,low activity,8205.869999999999,16864.53,0.4865756709496203,1.5388496283757849,0.9267961128971554,499.89,496.36,500.81,519.04,526.12,525.74,526.15,492.06,459.05,444.3,357.24,182.62,167.4,144.75,150.7,135.8,134.17,135.31,187.78,225.49,234.96,233.54,443.86,482.73
BN147_2020-02-15,BN147,2020-02-15,0,low activity,8011.08,16864.53,0.47502539353305434,1.4841444599230065,0.7606833494998122,483.48,486.1,495.4,492.61,492.14,489.91,492.77,463.32,437.24,431.6,415.11,385.6,379.32,139.36,123.63,122.51,120.8,120.25,164.3,207.74,207.74,217.53,212.66,429.96
BN147_2020-02-16,BN147,2020-02-16,0,low activity,7093.59,16864.53,0.4206218613859978,1.8629325912549215,0.9196828539460603,469.51,470.14,469.08,474.72,480.06,485.65,484.21,444.38,391.25,178.48,154.33,128.78,132.73,122.5,121.95,120.08,119.65,121.36,155.68,196.53,203.64,203.45,414.81,550.62
BN147_2020-02-17,BN147,2020-02-17,0,low activity,7955.86,16864.53,0.4717510656982436,1.7580098191773108,0.9370929137927474,577.4,582.77,479.82,467.18,478.94,488.99,497.62,477.12,449.25,412.53,283.99,162.33,150.78,141.28,155.12,154.93,135.56,132.02,168.21,211.15,228.91,230.75,425.37,463.84
BN147_2020-02-18,BN147,2020-02-18,0,low activity,8804.1,16864.53,0.5220483464407251,1.7352642518826453,0.8980398381553091,466.56,517.62,559.52,630.99,634.06,629.11,636.56,590.63,525.51,453.79,331.35,154.77,146.88,147.1,151.51,140.94,130.54,133.73,165.84,200.04,203.41,224.56,524.8,504.28
BN147_2020-02-19,BN147,2020-02-19,0,low activity,8241.91,16864.53,0.4887127005614743,1.6186345155431205,0.8965014017046312,488.89,491.04,511.37,518.34,544.01,539.67,555.86,548.38,527.72,511.68,277.36,146.01,152.88,139.9,137.43,124.16,135.07,123.08,164.8,199.39,202.15,224.78,541.84,436.1
BN147_2020-02-20,BN147,2020-02-20,0,low activity,9072.06,16864.53,0.5379373157745873,1.91382332127433,0.960843842224175,576.25,611.64,584.55,600.33,612.14,573.72,618.36,584.03,458.95,399.76,370.34,156.09,170.85,150.08,129.89,135.28,133.13,134.45,146.34,188.81,198.28,228.76,586.6,723.43
BN147_2020-02-21,BN147,2020-02-21,0,low activity,9529.82,16864.53,0.5650806752396895,1.9992150953533228,0.9631762400180327,782.3,779.32,793.84,781.46,562.84,557.71,556.3,510.89,477.76,474.26,312.27,137.39,132.32,122.87,132.44,123.28,132.16,120.52,158.87,196.45,197.89,225.18,481.28,780.22
BN147_2020-02-22,BN147,2020-02-22,0,low activity,7542.259999999999,16864.53,0.44722621976420335,2.520804109113184,0.8806467058310634,763.11,775.85,739.34,550.76,525.63,523.04,239.84,147.03,123.11,123.29,124.39,125.95,124.55,125.03,125.53,121.74,113.27,122.53,145.24,194.86,192.94,193.31,529.73,792.19
BN147_2020-02-23,BN147,2020-02-23,0,low activity,6723.49,16864.53,0.39867639359057144,2.797939760451789,0.8684282529947444,783.83,575.68,432.16,436.49,431.73,428.39,427.06,319.96,152.69,136.48,132.34,123.64,132.66,124.13,117.2,112.44,119.07,114.03,155.51,196.85,198.14,198.85,426.45,447.71
BN147_2020-02-24,BN147,2020-02-24,0,low activity,7838.699999999999,16864.53,0.4648039405782432,1.5388878257874394,0.9229077220520822,446.01,445.17,473.29,494.23,494.84,502.62,501.3,453.7,435.0,443.08,311.95,187.16,167.95,149.48,136.29,141.34,133.07,131.82,169.35,221.94,218.83,256.8,467.68,455.8
BN147_2020-02-25,BN147,2020-02-25,0,low activity,8372.470000000001,16864.53,0.4964543927402662,2.013341343713384,0.8323561964467547,444.9,443.32,460.92,485.96,495.51,508.98,508.58,468.81,702.36,597.83,353.02,148.09,147.17,141.58,139.63,139.97,137.62,132.87,173.68,226.23,228.19,236.05,516.72,534.48
BN147_2020-02-26,BN147,2020-02-26,0,low activity,8780.640000000001,16864.53,0.5206572611273484,1.6103974197780568,0.9594101002913602,527.95,527.07,563.06,577.12,572.14,556.24,545.11,483.73,461.97,451.86,311.35,182.75,185.07,164.69,164.81,156.47,138.7,135.97,177.75,225.99,230.62,281.58,589.18,569.46
BN147_2020-02-27,BN147,2020-02-27,0,low activity,8113.24,16864.53,0.48108307791560156,1.7063368025597665,0.9266262260598122,549.58,540.23,564.9,576.83,561.0,549.35,536.11,473.69,450.49,257.11,203.67,206.59,175.7,150.18,142.1,142.31,140.29,134.53,152.95,191.94,218.68,251.38,488.11,455.52
BN147_2020-02-28,BN147,2020-02-28,0,low activity,7810.05,16864.53,0.46310510876970784,1.5767069352949086,0.923117421011918,447.24,447.07,474.46,494.28,496.71,513.09,511.44,470.58,467.51,451.61,316.11,164.24,150.4,136.27,135.07,133.53,130.5,130.91,166.92,195.91,208.36,216.76,454.65,496.43
BN147_2020-02-29,BN147,2020-02-29,0,low activity,7938.58,16864.53,0.4707264299686976,1.4643827989388531,0.8095904469554562,484.38,481.63,478.65,473.74,474.63,469.64,480.01,417.98,394.15,385.35,387.45,379.68,384.82,326.02,124.97,103.33,113.77,117.65,149.33,179.65,181.56,180.13,341.94,428.12
BN147_2020-03-01,BN147,2020-03-01,0,low activity,6700.34,16864.53,0.39730369005243554,2.5070488960261716,0.9007052558067844,431.07,426.04,437.78,429.07,439.85,428.83,429.26,378.63,253.52,128.38,119.33,111.04,111.82,113.94,112.82,112.8,113.01,116.2,149.63,179.15,178.99,191.57,607.69,699.92
BN147_2020-03-02,BN147,2020-03-02,0,low activity,8161.709999999999,16864.53,0.4839571574185583,2.0048151674097707,0.928149545693005,681.78,562.75,490.82,484.52,504.22,500.99,510.12,475.25,442.37,392.82,193.14,174.23,152.46,157.36,157.08,152.27,144.78,139.17,181.3,228.81,229.36,260.84,489.15,456.12
BN147_2020-03-03,BN147,2020-03-03,0,low activity,8409.87,16864.53,0.4986720649789826,1.9202294446882053,0.9193378234469745,450.37,447.29,481.79,492.1,596.31,669.66,521.75,471.94,461.54,447.35,236.35,169.49,148.84,142.09,137.74,138.69,135.35,130.63,151.3,200.28,204.3,255.43,646.41,672.87
BN147_2020-03-04,BN147,2020-03-04,0,low activity,8398.300000000001,16864.53,0.49798600969016044,2.0230951502089707,0.9397694256274483,656.82,688.47,707.94,702.19,510.92,501.24,493.8,429.77,250.26,177.47,166.11,153.38,142.75,135.09,136.93,137.62,133.94,129.23,149.76,207.88,202.86,245.72,679.35,658.8
BN147_2020-03-05,BN147,2020-03-05,0,low activity,8942.349999999999,16864.53,0.5302460252375844,1.9102629621967382,0.9820506589786524,666.38,661.62,687.59,711.76,631.04,512.46,490.06,428.35,429.6,409.68,257.0,159.58,142.59,138.78,128.87,123.18,123.08,117.01,142.81,187.53,195.24,267.53,680.3,650.31
BN147_2020-03-06,BN147,2020-03-06,0,low activity,8538.95,16864.53,0.5063259990050124,1.9311695231849348,0.9680382014196877,656.72,651.16,669.46,674.01,687.09,636.96,484.8,407.59,401.93,275.89,141.25,136.53,123.23,123.74,121.55,122.63,118.16,115.46,133.97,190.55,187.32,193.4,615.66,669.89
BN147_2020-03-07,BN147,2020-03-07,0,low activity,8957.05,16864.53,0.5311176771602885,1.8045048313897993,0.9610132341614482,664.07,664.36,669.84,673.46,659.08,653.48,465.28,380.02,374.97,373.54,378.77,359.64,248.94,110.35,101.88,102.43,101.46,102.44,123.95,174.31,181.94,185.83,542.22,664.79
BN147_2020-03-08,BN147,2020-03-08,0,low activity,6295.93,16864.53,0.37332377481020823,2.510803010833983,0.8702372112882583,658.66,626.26,451.19,444.47,434.59,431.11,428.61,172.99,129.44,119.31,113.2,113.21,112.86,113.77,113.63,113.32,113.72,112.74,128.91,178.6,181.23,97.8,571.42,334.89
BN147_2020-03-09,BN147,2020-03-09,0,low activity,7779.5199999999995,16864.53,0.4612948003887449,2.142795442392333,0.8845186587196244,664.96,498.79,673.38,366.15,237.94,480.77,235.99,360.86,390.46,393.36,349.56,158.79,136.31,134.72,131.78,130.99,131.27,129.53,141.47,196.57,198.76,258.53,694.58,684.0
BN147_2020-03-10,BN147,2020-03-10,0,low activity,8145.49,16864.53,0.48299537550112576,2.0372991680058536,0.963100410568352,676.17,665.94,516.22,448.02,453.57,447.33,453.9,383.01,384.32,378.32,254.09,136.92,132.99,130.39,136.47,138.75,127.64,125.61,141.1,195.8,207.27,254.49,665.72,691.45
BN147_2020-03-11,BN147,2020-03-11,0,low activity,8392.22,16864.53,0.49762548971124604,2.1209644170434045,0.9530745494943438,695.04,669.96,526.62,461.62,456.18,460.52,457.15,381.85,384.82,389.9,207.05,151.82,146.53,162.4,144.48,148.18,135.03,140.16,152.38,205.52,209.85,259.95,741.65,703.56
BN147_2020-03-12,BN147,2020-03-12,0,low activity,8894.8,16864.53,0.5274264980998581,1.9772990961010932,0.9732713725025219,688.03,690.0,694.31,523.02,491.47,489.61,488.11,415.63,426.13,416.82,260.49,149.06,143.25,154.34,140.26,151.3,141.36,143.82,152.57,218.4,217.46,261.83,732.82,704.71
BN147_2020-03-13,BN147,2020-03-13,0,low activity,8957.05,16864.53,0.5311176771602885,2.1717775383636355,0.9640245447209935,689.97,685.97,638.62,489.96,485.08,485.89,481.95,416.9,419.8,414.29,272.02,171.65,164.85,149.79,154.27,159.53,163.47,165.29,177.25,255.44,244.93,247.08,612.52,810.53
BN147_2020-03-14,BN147,2020-03-14,0,low activity,7945.79,16864.53,0.47115395448316677,2.440900149638991,0.8107052624034403,808.12,804.04,807.65,546.61,473.05,396.13,215.73,162.85,142.78,140.23,129.31,127.67,122.15,115.4,113.83,201.81,467.08,127.96,128.86,192.74,193.81,192.58,560.88,774.52
BN147_2020-03-15,BN147,2020-03-15,0,low activity,8304.460000000001,16864.53,0.4924216684366538,2.28932404996833,0.8879022899456354,763.69,768.25,760.7,754.79,770.07,585.36,213.78,144.05,138.75,128.58,126.07,118.15,112.32,112.53,112.47,113.18,112.02,112.31,123.45,179.07,184.41,302.01,776.3,792.15
BN147_2020-03-16,BN147,2020-03-16,0,low activity,10370.95,16864.53,0.6149563610726182,1.922161422049089,0.8654386852973907,830.61,817.17,781.43,810.2,795.11,817.62,818.89,735.89,660.33,535.31,172.51,150.5,132.12,130.17,130.98,131.43,129.3,124.14,132.85,196.33,199.66,239.6,459.38,439.42
BN147_2020-03-17,BN147,2020-03-17,0,low activity,7356.16,16864.53,0.4361912250148685,1.7539259613711502,0.9306964000663588,432.5,432.52,449.96,462.61,472.09,483.53,475.35,424.47,416.22,314.88,149.1,149.51,147.18,145.13,154.28,137.36,129.59,133.48,132.32,196.16,207.33,248.89,537.59,524.11
BN147_2020-03-18,BN147,2020-03-18,0,low activity,7945.28,16864.53,0.47112371349809334,1.9988924241814008,0.919745454508844,661.74,466.85,479.18,489.47,492.56,494.08,472.2,420.15,417.28,236.35,161.26,162.89,155.17,145.51,155.88,158.47,157.2,169.64,189.88,247.79,249.25,282.96,559.02,520.5
BN147_2020-03-19,BN147,2020-03-19,0,low activity,7683.379999999999,16864.53,0.45559407822216214,1.590674937332268,0.9101939795394665,457.29,456.29,485.37,501.44,507.66,509.24,480.65,449.0,433.37,211.59,189.47,196.52,176.4,172.68,170.45,161.9,153.65,144.92,152.45,226.41,228.17,261.52,486.0,470.94
BN147_2020-03-20,BN147,2020-03-20,0,low activity,7577.05,16864.53,0.44928912931460296,1.6033047162154137,0.9198626571061657,455.86,456.82,480.94,500.16,506.18,501.3,477.58,436.95,433.11,421.54,297.29,171.62,146.84,141.94,137.33,133.8,131.13,141.98,151.33,212.89,210.71,222.01,377.16,430.58
BN147_2020-03-21,BN147,2020-03-21,0,low activity,6736.5,16864.53,0.3994478351901891,1.6079091516366064,0.8807088916932686,424.85,424.12,426.97,437.1,439.9,447.46,451.32,399.08,389.23,377.96,357.83,162.14,112.1,108.14,107.72,107.73,108.42,108.45,115.73,186.26,189.08,189.38,245.08,420.45
BN147_2020-03-22,BN147,2020-03-22,0,low activity,5884.16,16864.53,0.3489074406461372,1.8147161192081793,0.9045060177428217,417.29,417.52,421.5,438.48,444.92,434.04,407.84,254.39,148.45,126.14,120.04,117.01,107.97,108.77,108.46,109.05,109.17,108.42,114.31,190.03,184.99,193.88,370.86,430.63
BN147_2020-03-23,BN147,2020-03-23,0,low activity,7429.77,16864.53,0.44055600719379673,1.567090232941262,0.9236601945135287,431.83,433.28,463.23,476.5,478.06,485.13,458.14,461.57,448.15,421.91,275.5,147.37,135.5,133.43,132.38,130.11,129.3,127.18,132.63,201.64,214.82,221.18,436.73,454.2
BN147_2020-03-24,BN147,2020-03-24,0,low activity,7739.27,16864.53,0.45890813440991246,1.5832190891388982,0.9353942767843024,433.29,448.29,482.18,488.33,497.59,510.54,472.67,432.63,425.75,412.17,254.91,174.92,170.76,158.95,158.19,157.13,154.39,151.82,155.96,221.12,222.56,242.88,466.82,445.42
BN147_2020-03-25,BN147,2020-03-25,0,low activity,8820.29,16864.53,0.5230083494766828,3.0016155931380943,0.8157007155723457,460.81,455.18,591.54,712.44,620.32,513.69,495.42,277.02,196.39,181.79,164.43,156.98,158.79,158.26,156.45,157.3,156.49,154.46,154.73,235.06,234.49,348.46,976.66,1103.13
BN147_2020-03-26,BN147,2020-03-26,0,low activity,10008.18,16864.53,0.5934455333175607,2.5463810602926804,0.8684431837059201,1061.86,839.58,816.78,813.06,820.59,806.18,634.12,220.48,213.3,216.83,207.34,194.81,189.28,189.28,184.79,180.54,175.64,165.11,181.89,254.41,258.29,257.83,488.4,637.79
BN147_2020-03-27,BN147,2020-03-27,0,low activity,9356.599999999999,16864.53,0.5548094136035809,1.8706795203385846,0.9233218178646122,723.73,722.41,729.3,561.76,550.68,545.7,510.67,484.7,491.5,297.19,243.23,227.12,223.36,219.8,212.0,199.64,207.32,204.97,205.52,253.76,264.65,274.9,511.25,491.44
BN147_2020-03-28,BN147,2020-03-28,0,low activity,7993.28,16864.53,0.4739699238579433,1.4786820929580848,0.6775514209043754,483.57,487.57,490.78,487.87,485.44,492.48,481.17,443.87,435.21,432.63,427.86,415.57,307.95,173.79,162.94,162.92,163.29,162.71,167.15,224.45,226.42,226.11,224.89,226.64
BN147_2020-03-29,BN147,2020-03-29,0,low activity,6537.2699999999995,16864.53,0.387634283315337,4.128402222946276,0.5064495760944723,240.01,235.97,233.69,240.59,239.36,240.73,217.89,188.97,190.95,178.62,175.0,167.0,162.7,164.09,163.21,164.09,163.3,162.14,165.96,215.56,217.63,243.96,1041.33,1124.52
BN147_2020-03-31,BN147,2020-03-31,0,low activity,9927.02,16864.53,0.5886330659674477,2.6856639756946192,0.8915205487597553,1040.84,895.06,731.86,619.45,627.56,641.79,434.74,228.77,204.52,184.07,172.06,164.98,161.77,161.64,152.18,147.86,149.87,149.25,146.39,216.89,228.06,258.72,1097.83,1110.86
BN147_2020-04-01,BN147,2020-04-01,0,low activity,9777.67,16864.53,0.579777201024873,2.668243047679048,0.8765328874490814,1087.05,1036.79,743.37,599.81,579.85,585.42,354.72,205.28,192.38,175.04,169.63,165.07,152.36,151.69,151.73,149.66,146.54,143.34,142.54,214.26,223.01,265.42,1061.58,1081.13
BN147_2020-04-03,BN147,2020-04-03,0,low activity,9264.119999999999,16864.53,0.5493257149769368,2.323130529397288,0.9250665820553096,896.74,779.19,722.23,695.02,670.29,634.83,560.94,213.53,207.92,177.33,170.57,155.37,150.91,150.76,149.27,149.39,147.49,144.23,142.85,219.45,226.45,231.6,820.32,847.44
BN147_2020-04-04,BN147,2020-04-04,0,low activity,8798.619999999999,16864.53,0.5217234040913088,2.3083165314560694,0.8463175813832804,835.97,832.75,825.72,846.25,841.48,822.81,601.47,170.4,155.04,141.48,141.0,140.8,134.22,128.36,127.98,129.16,128.7,127.78,128.48,201.46,210.26,210.93,441.61,474.51
BN147_2020-04-05,BN147,2020-04-05,0,low activity,8585.29,16864.53,0.5090737779232508,1.7862832822187715,0.6222755858839951,469.39,471.44,469.51,479.88,472.48,486.53,440.86,411.57,328.45,400.64,469.44,638.99,602.49,229.46,136.23,131.46,130.76,129.26,130.67,203.28,213.97,216.51,444.34,477.68
BN147_2020-04-06,BN147,2020-04-06,0,low activity,8530.96,16864.53,0.5058522235721956,2.6165214700338533,0.8817026387030037,475.85,474.42,487.91,503.27,710.39,697.26,490.77,423.6,405.46,245.76,187.84,166.38,165.17,153.14,153.61,149.76,148.7,144.1,148.1,221.19,234.17,233.64,580.41,930.06
BN147_2020-04-07,BN147,2020-04-07,0,low activity,9976.81,16864.53,0.5915854162553004,2.232665551413729,0.9117500146654053,919.57,913.62,926.85,910.07,831.7,716.53,311.85,207.13,189.36,177.33,172.06,166.19,165.79,166.57,162.63,149.6,146.56,143.81,142.46,203.03,211.67,213.85,900.46,928.12
BN147_2020-04-08,BN147,2020-04-08,0,low activity,9471.8,16864.53,0.5616403184672208,2.3572034882493296,0.8912126925685054,930.29,926.65,924.61,896.55,795.11,684.59,437.78,180.16,170.13,158.9,79.85,150.07,148.68,149.44,148.48,149.5,146.38,141.49,141.88,206.27,220.03,258.26,709.76,716.94
BN147_2020-04-09,BN147,2020-04-09,0,low activity,8031.210000000001,16864.53,0.47621902300271646,2.6235847400329466,0.8726029637476982,708.34,706.27,727.02,708.46,510.12,441.44,220.62,181.59,182.73,180.39,179.07,168.76,156.53,156.25,155.58,154.88,152.27,148.85,149.45,210.9,224.49,226.9,502.36,877.94
BN147_2020-04-10,BN147,2020-04-10,0,low activity,9354.329999999998,16864.53,0.5546748115719797,2.3010605783631757,0.8995340904092657,884.12,879.22,896.87,888.09,800.76,670.65,440.28,202.15,190.9,173.39,164.96,162.48,155.81,154.88,151.85,150.34,147.85,145.17,145.94,205.73,218.96,220.68,612.95,690.3
BN147_2020-04-11,BN147,2020-04-11,0,low activity,6962.93,16864.53,0.4128742396022896,2.3862023602133005,0.8700587111407369,684.11,692.29,688.6,526.3,448.71,438.12,384.06,150.56,134.37,131.74,132.1,131.12,131.02,132.56,131.29,131.56,130.84,130.02,129.65,188.12,198.62,206.4,443.97,466.8
BN147_2020-04-12,BN147,2020-04-12,0,low activity,7632.71,16864.53,0.45258954741104557,2.0263523702590565,0.8200841199766172,465.04,466.06,463.8,465.44,466.86,468.7,410.55,391.36,389.4,377.76,371.8,378.5,293.73,143.22,129.71,130.08,130.27,129.22,128.93,186.4,200.89,200.37,200.18,644.44
BN147_2020-04-13,BN147,2020-04-13,0,low activity,8978.67,16864.53,0.5323996577432043,2.940114738597142,0.8492838784232917,823.52,811.97,820.0,514.86,478.99,473.87,322.22,169.33,168.18,165.19,162.42,159.99,158.48,155.94,164.36,151.89,149.95,145.56,145.34,202.34,218.48,251.4,1064.46,1099.93
BN147_2020-04-14,BN147,2020-04-14,0,low activity,9263.69,16864.53,0.5493002176757965,2.807192382301221,0.879893240555939,1083.54,1045.68,713.52,643.06,644.61,660.56,240.71,205.88,170.08,161.79,156.34,153.02,153.06,152.68,150.69,150.1,148.33,144.68,143.96,199.43,215.73,229.8,823.18,873.26
BN147_2020-04-15,BN147,2020-04-15,0,low activity,9921.509999999998,16864.53,0.5883063447365565,2.2304749982613536,0.9363178190487806,864.81,856.98,871.56,846.21,782.47,693.27,587.77,377.79,184.84,166.21,152.34,149.92,148.66,149.42,147.9,147.25,147.21,143.69,142.3,197.82,212.71,216.04,812.27,922.07
BN147_2020-04-16,BN147,2020-04-16,0,low activity,9746.0,16864.53,0.5778992951478636,2.271036322593885,0.9196247726955066,906.77,899.2,908.1,877.6,728.71,639.48,544.69,194.53,185.66,157.04,152.75,150.14,150.17,151.07,150.11,148.66,145.59,143.16,142.49,195.21,211.82,214.0,826.82,922.23
BN147_2020-04-17,BN147,2020-04-17,0,low activity,9778.93,16864.53,0.579851914046819,2.241324971136924,0.9090644283443835,911.36,906.37,906.18,901.0,855.0,724.68,347.51,184.28,162.86,158.48,151.43,148.28,147.22,148.26,145.56,144.05,143.18,141.1,140.37,193.72,213.13,224.92,866.75,913.24
BN147_2020-04-18,BN147,2020-04-18,0,low activity,9152.92,16864.53,0.5427319943099511,2.4019088990180184,0.8296738678584571,916.02,909.51,912.28,901.6,883.01,843.75,652.46,143.81,135.35,127.22,126.72,126.91,126.58,126.92,127.78,127.74,127.59,126.9,125.96,177.43,196.3,196.02,196.89,818.17
BN147_2020-04-19,BN147,2020-04-19,0,low activity,9096.1,16864.53,0.5393627927964788,2.266492232934994,0.9045565429941809,859.01,849.12,839.68,836.56,827.31,809.97,399.41,144.46,130.29,127.54,124.88,126.59,126.0,126.72,126.19,126.44,126.81,125.4,124.95,177.11,196.02,195.07,724.55,846.02
BN147_2020-04-21,BN147,2020-04-21,0,low activity,10783.080000000002,16864.53,0.6393940418143881,2.6558052059337403,0.9009402252809725,1193.24,1165.44,1001.93,717.41,641.34,649.07,651.05,259.44,173.12,152.68,148.35,148.07,149.73,149.87,147.9,148.14,145.97,143.48,143.73,194.34,216.32,226.15,1073.89,1142.42
BN147_2020-04-22,BN147,2020-04-22,0,low activity,10375.9,16864.53,0.6152498765159776,2.8112838404379383,0.8803602009869221,1122.72,1098.36,1038.02,787.24,655.64,657.42,232.6,176.64,160.62,155.44,152.06,151.34,151.56,150.8,150.32,149.9,148.92,144.74,142.0,191.05,213.87,222.13,1107.11,1215.4
BN147_2020-05-03,BN147,2020-05-03,0,low activity,10651.279999999999,16864.53,0.6315788225346333,2.6278531782095675,0.8805890403434924,1139.38,1128.34,1121.38,1136.18,983.75,705.43,159.3,126.57,109.55,105.2,114.56,116.79,115.91,115.44,117.04,116.5,116.74,116.5,115.53,152.76,185.87,233.6,1166.25,1152.71
BN147_2020-05-10,BN147,2020-05-10,0,low activity,10898.08,16864.53,0.6462130874681952,3.1796573341359213,0.8803194298541009,1084.9,1069.03,1072.9,1113.72,1048.54,756.74,189.28,111.89,100.62,101.75,101.03,102.77,103.06,103.96,103.83,103.09,104.32,103.22,103.25,132.06,164.72,198.44,1381.12,1443.84
BN147_2020-05-16,BN147,2020-05-16,0,low activity,7648.51,16864.53,0.4535264249878295,3.6481458480148414,0.7107894342160596,1162.62,1141.88,1086.58,807.6,684.3,597.93,212.07,111.97,96.52,97.46,98.93,97.27,97.81,97.17,98.07,97.96,98.6,98.0,96.73,123.24,161.5,161.63,160.76,161.91
BN147_2020-05-17,BN147,2020-05-17,0,low activity,6571.089999999999,16864.53,0.3896396756980479,4.40949675015865,0.2029100393176396,161.68,162.71,163.61,163.77,163.62,141.12,96.93,95.86,97.49,96.67,97.02,98.46,98.42,97.99,98.32,98.63,99.26,97.78,97.76,123.15,739.47,1207.3,1147.49,1126.58
BN147_2020-05-21,BN147,2020-05-21,0,low activity,10536.98,16864.53,0.6248012841152407,2.68453389870722,0.9398726270118998,1085.8,1045.03,786.41,635.27,554.73,540.65,483.24,488.09,497.67,518.21,194.41,130.83,117.99,120.56,113.69,114.94,113.28,108.89,108.24,130.83,174.4,175.41,1119.79,1178.62
BN147_2020-05-22,BN147,2020-05-22,0,low activity,10399.67,16864.53,0.6166593436045951,2.628083391107602,0.9472233214995268,1138.8,1078.57,852.96,614.65,569.18,544.56,506.02,513.3,520.45,548.23,158.21,114.57,114.14,112.84,112.2,112.85,110.6,108.36,106.9,129.8,172.7,174.83,971.54,1013.41
BN147_2020-05-23,BN147,2020-05-23,0,low activity,9943.57,16864.53,0.5896144155811043,2.7275837551302,0.8736368771181775,987.22,1053.28,1130.08,876.16,675.84,569.19,532.97,516.67,536.21,537.12,399.6,97.58,97.92,97.13,98.02,97.64,97.24,97.17,97.01,117.37,163.73,163.82,162.52,742.08
BN147_2020-05-24,BN147,2020-05-24,0,low activity,9667.91,16864.53,0.5732688666686827,2.86331999366978,0.8799439913736222,978.79,1056.19,1099.9,1010.86,795.01,586.82,186.41,95.21,98.43,98.2,98.63,99.22,99.46,99.27,98.73,100.11,99.06,99.58,96.92,116.13,161.71,214.78,1153.43,1125.06
BN147_2020-06-07,BN147,2020-06-07,0,low activity,9622.81,16864.53,0.5705946148514071,2.824264430036549,0.8670167424739036,1062.32,1030.21,1056.59,988.25,775.4,585.7,119.66,98.54,94.92,90.46,101.58,103.46,103.29,102.55,103.06,102.66,103.33,102.67,101.71,113.16,168.76,311.73,1132.39,1070.41
BN147_2020-06-08,BN147,2020-06-08,0,low activity,10908.259999999998,16864.53,0.6468167212486798,2.581500624297551,0.9334545682472615,1045.12,919.29,919.88,925.84,915.25,864.48,591.83,519.15,184.9,116.97,116.48,117.18,118.62,117.36,115.19,114.2,113.41,111.65,109.13,120.1,176.94,244.42,1173.32,1157.55
BN147_2020-06-21,BN147,2020-06-21,0,low activity,10261.75,16864.53,0.6084812325039596,3.2415055911516064,0.8370332583939942,1310.13,1283.81,1240.03,971.22,454.45,393.44,170.55,102.19,102.88,103.08,104.54,106.03,105.68,105.88,106.31,106.52,106.33,105.71,105.01,111.89,165.18,172.4,1385.98,1342.51
BN024_2019-11-29,BN024,2019-11-29,0,low activity,4330.42,7634.1,0.5672469577291364,1.3298479131354464,-0.8555452244878415,236.85,238.91,238.33,237.79,239.95,231.89,222.67,203.43,187.19,187.28,174.24,170.29,163.0,149.64,147.87,140.22,137.99,137.59,140.93,146.94,143.59,146.61,155.7,151.52
BN024_2019-12-10,BN024,2019-12-10,0,low activity,3934.04,7634.1,0.5153246617151989,1.5331415033909164,-0.8509165676288989,251.31,247.34,249.86,239.88,236.85,209.93,186.93,189.14,183.28,170.08,163.75,140.86,125.13,117.95,120.77,117.72,111.02,108.11,110.12,114.12,122.13,133.49,139.68,144.59
BN024_2019-12-11,BN024,2019-12-11,0,low activity,3153.9799999999996,7634.1,0.41314365806054404,1.2188790036715516,-0.724027576675672,160.18,156.21,148.7,136.51,137.89,151.51,151.55,151.88,155.89,154.63,149.7,132.99,119.57,118.51,116.63,117.09,110.51,104.11,104.8,108.36,108.69,114.51,121.97,121.59
BN024_2019-12-12,BN024,2019-12-12,0,low activity,3232.1400000000003,7634.1,0.42338193107242506,1.239154244556238,-0.7863673050798943,149.07,166.38,164.81,156.75,162.94,151.23,157.59,163.07,166.88,157.84,136.52,126.88,120.67,126.57,117.93,111.93,109.79,105.56,106.98,109.38,112.57,111.01,112.51,127.28
BN024_2019-12-13,BN024,2019-12-13,0,low activity,3221.42,7634.1,0.4219777052959746,1.281943987434113,-0.704763433257615,153.8,172.07,156.1,150.8,158.65,142.75,150.21,164.83,165.17,171.95,139.7,127.37,119.97,128.66,121.13,113.21,108.79,108.62,104.43,107.3,108.94,110.71,111.97,124.29
BN024_2019-12-14,BN024,2019-12-14,0,low activity,3072.91,7634.1,0.402524200626138,1.2534568210588661,-0.7962831264773268,146.32,154.56,158.02,158.23,153.5,149.81,151.67,151.29,160.49,152.48,133.05,116.3,115.42,112.32,108.57,105.22,104.37,104.91,102.9,104.49,104.23,108.06,106.66,110.04
BN024_2019-12-15,BN024,2019-12-15,0,low activity,3216.34,7634.1,0.4213122699466866,1.1699509380227213,-0.7585940941634914,116.39,125.72,144.96,150.88,152.32,146.93,147.01,151.13,155.21,156.79,136.01,117.18,115.43,116.97,118.76,114.46,113.65,116.96,115.22,122.45,137.61,143.39,147.11,153.8
BN024_2019-12-16,BN024,2019-12-16,0,low activity,3749.88,7634.1,0.49120132039140174,1.2258952286473166,-0.8112109659463045,164.72,161.32,148.99,163.69,167.35,183.93,180.15,191.54,187.39,184.5,173.41,155.44,134.12,126.98,125.1,123.34,122.62,130.48,139.48,137.69,152.05,170.87,158.92,165.8
BN024_2019-12-17,BN024,2019-12-17,0,low activity,3766.1500000000005,7634.1,0.49333254738607046,1.2091924113484591,-0.8750045964521675,168.92,165.36,176.21,167.95,182.67,176.22,185.76,189.75,184.7,187.21,168.22,150.19,139.37,134.85,129.08,128.31,130.46,123.6,125.98,134.65,144.74,152.61,163.42,155.92
BN024_2019-12-18,BN024,2019-12-18,0,low activity,4180.36,7634.1,0.5475904166830405,1.3536441837545095,-0.05232389215727264,150.19,155.37,158.72,168.26,157.16,157.6,170.44,167.22,178.55,162.76,143.7,135.67,131.79,123.2,127.66,134.87,191.47,200.94,225.02,222.12,235.78,222.41,231.21,228.25
BN024_2019-12-23,BN024,2019-12-23,0,low activity,4624.48,7634.1,0.6057662330857598,1.2615818427152892,0.15342279811574466,87.28,0.0,218.25,241.14,233.35,242.59,235.73,239.95,243.09,242.51,240.7,238.11,238.25,236.55,230.11,232.26,229.74,228.4,150.21,111.84,138.4,123.47,117.64,124.91
BN024_2019-12-24,BN024,2019-12-24,0,low activity,3207.65,7634.1,0.4201739563275304,1.122691066668745,0.76629060411822,126.68,122.94,115.21,118.89,125.04,116.13,117.39,118.93,141.83,147.9,147.02,141.35,149.06,141.05,137.46,141.17,150.05,140.68,133.63,131.78,142.58,137.79,128.57,134.52
BN024_2019-12-25,BN024,2019-12-25,0,low activity,3438.29,7634.1,0.45038576911489236,1.1066431278338942,-0.5063549123013281,145.5,140.95,135.79,146.25,151.91,148.5,143.46,150.25,156.53,152.58,145.51,154.75,158.54,142.09,126.03,130.51,133.5,131.21,129.31,131.67,139.44,147.65,142.49,153.87
BN024_2019-12-26,BN024,2019-12-26,0,low activity,3729.23,7634.1,0.48849635189478785,1.1900150969503087,-0.9131361225096032,166.19,176.88,174.83,170.59,182.19,176.55,184.91,177.83,182.43,182.82,152.7,134.68,125.01,121.55,122.76,117.51,117.45,126.09,142.61,163.1,150.03,155.15,166.52,158.85
BN024_2019-12-27,BN024,2019-12-27,0,low activity,3880.05,7634.1,0.5082524462608559,1.0702748675919123,-0.03670051553160606,163.43,153.37,173.03,163.01,163.92,152.02,162.93,163.2,165.77,154.35,165.97,164.38,170.06,161.5,169.03,167.58,153.46,146.4,159.7,161.6,164.95,153.1,165.6,161.69
BN024_2019-12-28,BN024,2019-12-28,0,low activity,3861.27,7634.1,0.5057924313278579,1.129555819717347,-0.6555944058167446,163.13,151.9,162.85,165.22,169.84,158.44,172.8,170.2,181.73,168.91,158.31,159.0,147.47,140.47,141.85,154.56,149.3,143.71,152.71,162.11,167.74,163.62,174.09,181.31
BN024_2019-12-29,BN024,2019-12-29,0,low activity,4385.619999999999,7634.1,0.5744776725481718,1.179801259571053,-0.8316294834285771,182.54,187.39,197.25,204.6,207.42,208.33,208.77,211.07,215.59,210.38,193.54,185.11,175.26,165.87,160.25,149.04,153.56,155.56,158.31,160.14,169.97,177.54,171.37,176.76
BN024_2019-12-30,BN024,2019-12-30,0,low activity,4115.75,7634.1,0.5391270745732961,1.1785555488064143,-0.731402703441424,184.06,180.93,188.08,191.37,190.3,194.55,188.59,201.75,202.11,196.5,193.3,185.99,174.68,160.95,144.21,149.21,147.05,132.09,136.86,149.39,153.03,153.21,153.59,163.95
BN024_2019-12-31,BN024,2019-12-31,0,low activity,3537.99,7634.1,0.463445592800723,1.1429540501810351,-0.9089977378475914,163.01,168.4,168.49,165.95,161.44,160.19,160.32,163.16,164.41,162.33,151.85,142.95,129.61,130.25,137.06,119.45,112.93,118.29,134.27,134.11,133.08,145.61,151.78,159.05
BN024_2020-01-01,BN024,2020-01-01,0,low activity,3690.76,7634.1,0.48345712002724617,1.27134790666421,-0.8632039659334412,156.82,166.71,179.99,184.26,176.93,188.92,183.42,195.51,189.65,181.22,164.05,145.59,141.19,132.1,120.51,115.69,123.29,128.51,119.9,124.52,137.41,146.45,141.5,146.62
BN024_2020-01-02,BN024,2020-01-02,0,low activity,3780.45,7634.1,0.49520572169607413,1.2335039479427055,-0.7948097606440118,163.13,165.24,163.41,159.33,168.15,176.26,181.32,179.61,194.3,183.16,173.67,143.82,141.1,144.13,132.92,122.82,131.64,136.66,131.88,134.66,149.29,171.38,166.95,165.62
BN024_2020-01-03,BN024,2020-01-03,0,low activity,3872.33,7634.1,0.5072411941158748,1.2173136070531179,-0.8315257519593838,156.63,179.69,171.91,188.61,176.08,188.1,185.04,195.75,195.01,196.41,170.48,151.18,141.28,145.26,136.73,126.67,127.34,138.45,138.63,134.24,144.37,168.57,157.94,157.96
BN024_2020-01-04,BN024,2020-01-04,0,low activity,3616.15,7634.1,0.47368386581260397,1.2706995008503519,-0.8828260235505265,158.59,173.84,176.14,181.24,180.25,180.12,185.11,183.4,191.46,184.04,169.78,140.65,134.84,122.44,115.05,114.66,111.15,107.67,108.6,114.82,134.26,142.25,147.8,157.99
BN024_2020-01-05,BN024,2020-01-05,0,low activity,3519.5200000000004,7634.1,0.46102618514297694,1.3048370232304405,-0.8699497561712246,168.4,168.43,164.46,164.74,180.62,171.91,187.24,187.01,191.35,179.55,159.86,135.05,123.31,119.8,116.67,109.47,106.79,104.21,106.87,113.03,125.33,133.68,139.89,161.85
BN024_2020-01-06,BN024,2020-01-06,0,low activity,3474.04,7634.1,0.45506870488990186,1.3138363403990743,-0.8696208559107526,167.19,171.74,173.47,166.5,178.81,170.3,186.34,184.21,190.18,179.32,152.1,129.36,123.11,117.91,111.75,108.84,107.0,104.6,103.86,107.04,113.91,130.42,140.81,155.27
BN024_2020-01-07,BN024,2020-01-07,0,low activity,3368.71,7634.1,0.44127140068901377,1.3470082019526761,-0.8102354008895556,148.5,163.89,166.4,164.68,162.05,171.47,181.97,189.07,182.07,176.96,150.99,128.3,122.11,119.6,111.36,113.8,106.91,105.92,102.38,103.07,108.12,117.62,129.49,141.98
BN024_2020-01-08,BN024,2020-01-08,0,low activity,3401.52,7634.1,0.4455692223051833,1.2251464051365273,-0.8539653404541071,165.81,157.77,152.58,157.45,164.03,163.58,160.29,172.66,173.64,164.76,137.31,141.67,133.0,121.17,118.19,115.73,112.3,108.46,110.47,114.18,124.89,128.61,138.37,164.6
BN024_2020-01-09,BN024,2020-01-09,0,low activity,3653.16,7634.1,0.47853185051283054,1.199027691094833,-0.9059507861871107,164.47,177.07,168.19,172.4,171.03,178.03,179.82,178.14,182.51,170.09,160.06,158.31,135.34,123.75,119.16,116.39,118.09,120.29,126.06,145.47,144.66,142.94,142.52,158.37
BN024_2020-01-10,BN024,2020-01-10,0,low activity,3685.8700000000003,7634.1,0.48281657300795117,1.2059025413267421,-0.7443278343891158,157.81,157.58,160.62,175.55,164.44,160.12,171.53,183.87,185.2,181.56,118.75,142.49,140.03,126.88,126.89,134.02,136.18,136.42,139.33,141.31,141.96,169.37,159.88,174.08
BN024_2020-01-11,BN024,2020-01-11,0,low activity,3904.26,7634.1,0.5114237434668134,1.21983679365616,-0.9072573106047107,172.76,179.55,179.36,182.98,177.57,193.11,189.63,197.4,198.44,184.37,173.99,155.19,137.88,128.34,130.04,125.53,125.07,135.87,140.05,137.38,151.84,169.64,168.91,169.36
BN024_2020-01-12,BN024,2020-01-12,0,low activity,3880.92,7634.1,0.508366408613982,1.2746049905692465,-0.8835752056998748,163.09,177.94,180.36,189.35,182.99,199.09,206.11,198.85,204.21,198.53,168.99,146.04,142.25,132.11,119.91,118.32,122.57,132.37,128.44,131.87,148.53,165.66,154.33,169.01
BN024_2020-01-13,BN024,2020-01-13,0,low activity,3687.3900000000003,7634.1,0.48301567964789566,1.3070708549949963,-0.8635143025758578,174.83,166.09,165.38,185.03,181.23,191.19,194.38,192.32,200.82,184.31,167.86,152.27,131.5,120.86,115.64,123.69,116.37,110.51,110.81,117.04,126.63,145.65,157.51,155.47
BN024_2020-01-14,BN024,2020-01-14,0,low activity,3454.04,7634.1,0.45244888068010636,1.3110907806510637,-0.8247944369192792,170.43,179.98,156.89,160.46,175.49,178.14,188.69,187.95,187.27,185.45,160.17,134.12,119.4,118.72,112.71,109.1,106.62,102.62,98.08,99.39,105.69,123.26,139.84,153.57
BN024_2020-01-15,BN024,2020-01-15,0,low activity,3178.81,7634.1,0.4163961698170053,1.2757226760957718,-0.7889813380205701,141.68,155.18,168.97,156.24,164.87,144.69,155.95,157.3,167.1,153.97,146.34,131.48,130.79,116.62,109.61,105.82,102.33,102.25,98.69,98.16,98.93,107.46,128.02,136.36
BN024_2020-01-16,BN024,2020-01-16,0,low activity,3145.9300000000003,7634.1,0.41208917881610146,1.1928555307969344,-0.8339457274673729,136.42,133.85,146.49,149.37,146.48,139.72,152.41,156.36,155.43,139.97,139.42,142.97,130.36,110.56,104.49,100.67,97.91,97.33,97.84,104.29,129.46,138.87,156.0,139.26
BN024_2020-01-17,BN024,2020-01-17,0,low activity,3305.1099999999997,7634.1,0.43294035970186395,1.2612469781641158,-0.9371189003481875,155.74,162.36,154.06,163.39,155.96,173.69,161.93,157.94,163.42,161.19,143.69,120.79,109.92,108.6,109.22,106.62,102.61,100.4,103.2,120.54,130.7,136.73,147.33,155.08
BN024_2020-01-18,BN024,2020-01-18,0,low activity,3260.67,7634.1,0.42711911030769834,1.3486553377066675,-0.8285050291394163,160.67,161.29,166.58,152.49,167.81,161.5,176.93,171.47,183.23,169.1,151.39,125.82,114.08,109.95,112.63,101.39,98.74,96.2,93.11,92.57,96.72,119.12,134.48,143.4
BN024_2020-01-19,BN024,2020-01-19,0,low activity,3048.49,7634.1,0.3993253952659776,1.3549790224012546,-0.828937555234147,156.61,149.77,157.41,164.04,163.85,172.11,159.7,161.88,165.35,158.6,139.32,116.58,106.5,103.11,99.21,95.11,94.38,94.1,91.68,90.66,92.91,96.38,100.54,118.69
BN024_2020-01-20,BN024,2020-01-20,0,low activity,2707.46,7634.1,0.3546534627526493,1.2820577219977396,-0.793269909655096,128.06,133.98,141.38,134.7,144.63,140.5,141.4,142.87,138.39,130.22,109.11,103.04,98.22,93.85,92.99,95.19,94.35,94.18,93.12,93.81,92.88,91.04,89.61,89.94
BN024_2020-01-21,BN024,2020-01-21,0,low activity,2832.9399999999996,7634.1,0.37109023984490636,1.139367582793847,0.7135928605695679,89.78,91.49,91.55,91.49,91.64,92.46,102.97,112.71,126.77,129.59,133.5,124.51,133.18,132.2,127.32,122.72,122.93,129.41,131.95,128.84,127.33,133.82,134.49,130.29
BN024_2020-01-22,BN024,2020-01-22,0,low activity,3103.7799999999997,7634.1,0.4065678992939573,1.1780474131542829,-0.7960276879780261,133.68,144.41,142.73,134.15,134.07,146.93,147.36,138.48,139.62,146.68,139.42,131.58,133.08,127.39,108.92,104.27,97.71,96.96,104.67,119.27,125.24,122.0,132.81,152.35
BN024_2020-01-23,BN024,2020-01-23,0,low activity,3161.15,7634.1,0.41408286503975583,1.2773073090489222,-0.8244429514841237,150.94,156.85,154.79,160.45,167.47,167.5,167.42,164.44,168.24,160.39,138.21,121.82,116.33,113.78,116.61,103.54,98.46,95.67,93.61,93.97,97.11,102.51,119.88,131.16
BN024_2020-01-24,BN024,2020-01-24,0,low activity,2992.84,7634.1,0.3920357344022216,1.3407198513786236,-0.834696832210006,137.6,141.38,149.66,151.44,167.19,158.35,162.23,140.78,157.73,152.14,132.21,115.1,109.87,109.24,101.88,97.64,92.27,95.05,94.05,89.73,92.39,96.71,114.47,133.73
BN024_2020-01-25,BN024,2020-01-25,0,low activity,3011.77,7634.1,0.39451539801679303,1.3305398486604223,-0.8496765543979373,142.55,140.21,149.57,157.21,159.47,161.89,161.89,166.97,164.41,148.62,122.02,111.88,107.64,107.3,101.63,97.85,94.47,95.72,93.74,94.71,97.27,103.58,108.63,122.54
BN024_2020-01-26,BN024,2020-01-26,0,low activity,2974.29,7634.1,0.38960584744763627,1.3490009380389942,-0.843029536970597,142.27,153.6,154.4,146.38,151.42,161.33,167.18,164.06,151.15,141.66,133.94,115.13,106.02,103.02,99.12,95.3,94.14,94.77,92.68,94.5,92.32,95.69,106.49,117.72
BN024_2020-01-27,BN024,2020-01-27,0,low activity,2840.42,7634.1,0.37207005409936994,1.2693615732884571,-0.7297328586741286,121.43,128.62,135.66,133.39,128.88,133.61,150.23,148.57,145.76,143.57,141.32,124.84,110.39,101.79,100.46,97.49,94.85,94.72,93.95,94.18,93.9,100.08,105.64,117.09
BN024_2020-01-28,BN024,2020-01-28,0,low activity,3124.5299999999997,7634.1,0.40928596691162017,1.3187007325901816,-0.8724509616776996,133.98,154.52,154.54,152.18,151.75,165.06,171.68,161.74,160.7,156.18,135.91,118.24,111.04,108.76,105.97,100.06,96.46,95.77,92.58,97.3,104.4,114.34,130.34,151.03
BN024_2020-01-29,BN024,2020-01-29,0,low activity,3325.73,7634.1,0.43564139846216315,1.228025125310834,-0.803010662360206,157.52,148.39,168.22,165.91,154.16,149.42,160.08,169.72,170.17,154.43,132.31,124.27,137.1,133.44,120.71,118.02,111.82,109.89,107.05,106.51,110.86,129.54,140.0,146.19
BN024_2020-01-30,BN024,2020-01-30,0,low activity,3046.92,7634.1,0.3991197390655087,1.1997952030246937,-0.7755026431202299,145.06,148.05,148.21,133.74,135.89,146.28,149.22,139.34,143.23,152.32,138.71,120.51,117.57,115.9,114.41,110.39,106.18,105.55,103.1,104.39,106.79,110.04,115.88,136.16
BN024_2020-01-31,BN024,2020-01-31,0,low activity,3190.2799999999997,7634.1,0.41789863900132296,1.3137906390661636,-0.7347195071350902,161.69,166.39,151.91,151.35,150.48,163.9,168.08,174.64,171.66,160.18,145.14,123.79,118.33,115.49,115.17,110.97,107.56,104.35,102.15,102.09,103.92,103.24,106.63,111.17
BN024_2020-02-01,BN024,2020-02-01,0,low activity,3015.0,7634.1,0.39493849962667504,1.3179701492537312,-0.7118187334717592,126.04,149.17,165.57,152.01,145.48,146.63,149.91,160.94,163.07,155.03,135.7,116.83,112.4,110.87,106.81,103.51,103.53,104.03,102.96,101.11,100.84,100.2,98.87,103.49
BN024_2020-02-02,BN024,2020-02-02,0,low activity,2840.1,7634.1,0.3720281369120132,1.284208302524559,-0.6694009529777554,104.39,120.09,141.99,146.53,151.97,142.18,135.17,132.73,146.9,141.04,121.4,109.11,108.92,107.64,104.4,102.97,104.55,105.33,107.97,104.17,103.14,100.74,99.15,97.62
BN024_2020-02-03,BN024,2020-02-03,0,low activity,2965.44,7634.1,0.38844657523480175,1.3433149886694722,-0.2816670878133593,101.63,103.78,108.0,113.34,117.2,119.63,132.42,140.21,143.97,136.11,116.76,109.42,108.73,113.24,109.72,105.97,106.71,105.2,110.26,131.8,143.54,160.74,161.08,165.98
BN024_2020-02-04,BN024,2020-02-04,0,low activity,4054.09,7634.1,0.5310501565344965,1.1951190032781709,-0.567390153222089,149.04,166.48,169.76,171.57,180.39,186.44,194.09,194.12,201.88,199.42,196.0,181.73,166.18,146.94,140.62,152.37,156.0,152.72,152.72,135.46,152.66,157.24,175.58,174.68
BN024_2020-02-05,BN024,2020-02-05,0,low activity,4354.299999999999,7634.1,0.5703750278356321,1.1677835702638772,-0.7954674880569854,186.91,189.69,197.88,204.35,200.19,209.89,205.76,211.87,211.68,207.22,198.86,183.32,174.21,168.69,149.69,148.23,160.99,160.25,153.57,149.23,148.97,166.71,177.51,188.63
BN024_2020-02-06,BN024,2020-02-06,0,low activity,4186.389999999999,7634.1,0.5483802936822938,1.2362345600863753,-0.7754984439829313,190.79,199.99,203.0,202.31,211.69,205.0,213.94,214.64,215.64,212.36,197.87,178.67,164.45,153.93,147.76,137.03,137.92,140.37,137.29,127.27,137.05,140.32,155.94,161.16
BN024_2020-02-07,BN024,2020-02-07,0,low activity,3703.1,7634.1,0.48507355156468995,1.3110529016229646,-0.8085793368680269,174.7,173.77,175.25,180.97,185.85,185.97,198.13,193.26,202.29,189.08,178.7,156.53,137.48,124.96,120.17,120.36,116.45,115.09,113.37,114.74,117.31,119.48,144.29,164.9
BN024_2020-02-08,BN024,2020-02-08,0,low activity,3315.96,7634.1,0.43436161433567805,1.2940324973763255,-0.7781910007074189,162.91,155.8,148.81,164.68,165.32,175.64,172.7,178.79,174.62,172.16,158.05,130.27,122.57,117.18,115.25,111.39,110.4,108.06,105.49,104.89,107.85,112.17,113.98,126.98
BN024_2020-02-09,BN024,2020-02-09,0,low activity,3067.36,7634.1,0.40179719940791975,1.3054874550101716,-0.6954290654704027,148.69,166.85,153.98,155.45,136.62,142.63,153.64,159.44,158.41,143.19,129.98,119.98,124.75,113.86,110.01,109.72,109.87,108.08,107.65,102.56,102.59,103.86,102.62,102.93
BN024_2020-02-10,BN024,2020-02-10,0,low activity,4170.86,7634.1,0.5463460001833876,1.316390384716821,0.8107760627000599,102.3,105.39,104.58,106.03,106.0,113.54,119.24,127.37,146.8,144.14,134.97,195.74,207.68,218.73,224.49,228.29,225.49,222.48,219.31,217.32,220.91,227.38,223.91,228.77
BN024_2020-05-03,BN024,2020-05-03,0,low activity,4932.5599999999995,7634.1,0.6461220052134501,1.2138281135961855,0.9660929608666208,178.39,174.99,169.16,172.97,177.24,170.63,160.7,190.75,204.41,201.83,204.32,232.34,243.13,246.91,246.22,249.47,247.02,232.65,235.35,221.92,201.85,198.12,190.36,181.83
BN024_2020-05-12,BN024,2020-05-12,0,low activity,4876.6900000000005,7634.1,0.6388035262833864,1.2636111788938806,0.9758645395663007,180.59,179.56,173.44,167.1,166.94,165.98,172.59,178.85,179.12,192.02,200.93,211.0,241.77,248.53,250.99,256.76,252.18,247.55,232.04,214.18,202.39,194.41,188.49,179.28
BN024_2020-05-13,BN024,2020-05-13,0,low activity,4575.75,7634.1,0.5993830313985932,1.2403999344369776,0.9707634284410629,175.43,170.19,168.22,167.43,162.69,150.83,163.13,175.44,180.94,180.91,192.45,197.58,199.55,207.18,223.57,236.49,235.56,228.26,221.64,203.86,192.72,183.68,180.13,177.87
BN024_2020-05-14,BN024,2020-05-14,0,low activity,4549.220000000001,7634.1,0.5959078345842995,1.2545447351414087,0.9783283895957722,174.65,171.24,159.41,151.43,148.21,149.57,159.75,180.4,180.05,179.98,188.03,195.23,208.93,232.04,227.68,237.8,237.62,225.1,212.67,198.65,190.46,182.86,178.13,179.33
BN024_2020-05-15,BN024,2020-05-15,0,low activity,4738.17,7634.1,0.6206586238063426,1.29472771133159,0.9814246818957,174.77,170.5,165.77,150.15,149.34,148.26,155.77,178.82,182.23,189.67,198.86,203.49,238.31,252.5,244.01,249.38,255.61,234.3,230.44,209.97,199.71,193.55,185.19,177.57
BN024_2020-05-16,BN024,2020-05-16,0,low activity,4902.28,7634.1,0.6421555913598197,1.2348376673711008,0.9713975547317367,177.04,175.7,175.74,174.89,157.04,148.65,161.63,173.2,190.0,212.3,218.03,235.41,245.6,248.07,243.52,252.23,247.64,239.01,233.81,224.36,195.94,192.65,193.8,186.02
BN024_2020-05-18,BN024,2020-05-18,0,low activity,3310.0600000000004,7634.1,0.43358876619378844,1.986380911524262,0.2922259847042779,172.39,173.18,171.11,77.66,147.3,149.49,83.17,0.0,0.0,0.0,0.0,0.0,0.0,0.0,242.36,273.96,264.72,254.76,261.36,246.31,207.06,191.31,190.99,202.93
BN024_2020-05-19,BN024,2020-05-19,0,low activity,4837.610000000001,7634.1,0.633684389777446,1.2566535954737978,0.8112530363003396,182.48,178.07,179.23,190.27,169.56,177.35,186.0,198.63,197.76,210.59,194.97,230.57,234.44,244.14,253.3,252.96,242.31,236.37,196.72,182.56,171.57,179.6,185.94,162.22
BN024_2020-05-20,BN024,2020-05-20,0,low activity,4464.68,7634.1,0.5848338376494937,1.2021824632448461,0.8840101721913725,163.66,164.98,174.36,156.82,159.42,167.61,171.64,166.97,191.57,196.73,182.8,202.44,215.81,200.49,196.55,204.29,223.64,209.08,206.69,183.6,179.5,188.18,190.24,167.61
BN024_2020-05-21,BN024,2020-05-21,0,low activity,4712.41,7634.1,0.6172842902241259,1.2577513416701858,0.965835809627472,168.53,166.64,177.53,160.69,161.84,171.42,176.27,173.1,192.58,195.78,191.8,205.75,221.22,222.08,233.59,246.77,246.96,235.57,225.82,204.99,182.88,183.39,182.25,184.96
BN024_2020-05-23,BN024,2020-05-23,0,low activity,4957.68,7634.1,0.6494125044209533,1.2518274676864982,0.9353775835651982,193.56,178.09,178.61,178.57,181.86,174.54,178.33,196.26,187.2,191.85,214.2,210.32,238.49,239.36,245.74,249.31,258.59,247.33,239.94,202.54,190.46,186.95,199.96,195.62
BN024_2020-05-24,BN024,2020-05-24,0,low activity,4790.34,7634.1,0.6274924352575942,1.2582822931148938,0.9339229833477413,172.91,170.7,173.71,177.51,160.64,160.06,167.36,201.69,188.92,198.34,185.56,194.44,227.5,240.54,241.86,245.16,251.15,242.37,237.17,218.33,188.22,183.91,180.73,181.56
BN024_2020-06-06,BN024,2020-06-06,0,low activity,4923.460000000001,7634.1,0.6449299851979933,1.2019839706222857,0.9185985672663919,183.75,191.39,202.27,180.0,170.77,176.82,181.45,182.96,175.92,193.05,206.64,203.27,231.19,234.98,240.48,243.64,246.58,244.04,240.87,229.12,195.43,182.76,186.26,199.82
BN024_2020-06-08,BN024,2020-06-08,0,low activity,4715.04,7634.1,0.617628797107714,1.2115952356713835,0.8671622791155785,195.18,176.58,166.19,171.82,177.82,180.79,174.24,187.83,193.69,186.75,201.28,207.65,207.28,208.0,220.99,205.93,224.77,238.03,228.94,200.42,187.04,188.94,200.84,184.04
BN024_2020-06-22,BN024,2020-06-22,0,low activity,4953.280000000001,7634.1,0.6488361430947984,1.187140642160346,0.8337979018913695,154.98,166.94,173.06,160.27,141.55,164.28,177.08,188.52,218.98,221.61,233.5,234.47,236.13,230.66,235.36,237.5,234.47,231.98,229.38,226.08,232.9,245.01,213.99,164.58
BN024_2020-06-24,BN024,2020-06-24,0,low activity,4924.75,7634.1,0.645098963859525,1.4855413980405097,0.5394620077062682,157.61,175.51,179.93,153.77,150.13,161.98,167.19,175.65,237.65,251.01,261.48,243.07,241.92,237.78,239.49,198.96,130.56,266.15,304.83,213.82,201.58,192.8,192.49,189.39
BN024_2020-06-25,BN024,2020-06-25,0,low activity,4931.23,7634.1,0.6459477869034986,1.1651940793676223,0.9700325236063028,184.88,186.66,174.8,177.91,172.64,183.79,181.97,192.16,197.27,199.96,210.9,231.71,227.65,231.98,229.99,236.82,232.58,239.41,224.6,214.19,205.88,200.65,198.21,194.62
BN024_2020-06-27,BN024,2020-06-27,0,low activity,4886.17,7634.1,0.6400453229588294,1.124414418655102,0.9647512509614579,191.64,192.74,182.93,183.62,178.6,186.64,188.2,193.2,197.07,192.44,200.13,213.13,222.24,216.76,222.18,226.46,226.62,228.92,225.03,215.92,204.12,201.26,201.24,195.08
BN024_2020-06-28,BN024,2020-06-28,0,low activity,4725.64,7634.1,0.6190173039389057,1.0939470632549242,0.8930402767832887,191.13,185.44,187.63,190.65,188.39,175.53,174.55,191.71,195.36,192.71,189.63,193.88,207.23,215.4,206.59,210.36,211.58,211.81,211.87,207.9,202.04,198.86,194.09,191.3
BN024_2020-06-30,BN024,2020-06-30,0,low activity,4725.619999999999,7634.1,0.6190146841146957,1.2563684765173673,0.8965380822885521,182.82,160.75,182.76,184.46,168.56,146.07,159.21,166.33,175.68,206.53,214.54,221.72,215.16,224.45,227.95,247.38,241.89,240.07,234.14,224.62,209.56,167.88,154.84,168.25
BN029_2020-02-22,BN029,2020-02-22,0,low activity,2737.17,4325.0,0.6328716763005781,1.1004066243601969,-0.2691337029584538,124.01,115.05,114.53,118.13,111.69,113.62,115.7,111.73,109.48,108.55,105.72,108.85,109.46,109.68,106.99,110.3,109.33,107.45,119.1,122.65,119.55,120.44,119.66,125.5
BN029_2020-03-01,BN029,2020-03-01,0,low activity,2752.82,4325.0,0.6364901734104047,1.097463691777886,-0.31370393823090964,113.16,121.88,118.59,118.99,121.49,125.88,120.01,116.87,116.47,111.17,108.19,107.56,107.8,104.73,108.14,114.27,105.85,108.15,116.02,115.73,115.48,123.13,115.82,117.44
BN029_2020-03-07,BN029,2020-03-07,0,low activity,2622.08,4325.0,0.6062612716763005,1.0807908225530876,-0.3796718179987589,115.31,111.03,115.6,110.9,111.54,111.38,118.08,108.62,107.42,103.45,99.17,103.38,107.19,104.67,105.89,105.5,102.81,105.03,106.41,112.94,111.55,113.39,114.51,116.31
BN029_2020-03-08,BN029,2020-03-08,0,low activity,2600.33,4325.0,0.6012323699421965,1.0728484461587569,-0.382457491114063,111.29,114.89,116.24,112.77,113.43,112.5,111.39,105.81,108.53,102.99,102.1,101.8,100.52,102.58,104.67,100.61,100.16,102.46,108.55,112.65,110.85,113.12,115.29,115.13
BN029_2020-03-15,BN029,2020-03-15,0,low activity,2802.67,4325.0,0.6480161849710983,1.1081718504140694,-0.3609535816593034,121.25,120.51,120.77,129.41,123.88,126.39,125.66,125.5,112.48,111.62,108.56,116.51,109.05,100.94,114.35,112.25,108.79,108.96,113.03,118.15,118.24,114.37,121.4,120.6
BN029_2020-03-21,BN029,2020-03-21,0,low activity,2743.24,4325.0,0.6342751445086705,1.0998964727840073,0.0699669070240604,111.57,114.9,118.77,115.26,120.45,114.82,123.38,113.87,110.61,109.38,117.5,115.28,109.85,105.39,104.65,111.33,103.7,112.93,109.01,119.36,117.37,123.28,125.72,114.86
BN029_2020-03-22,BN029,2020-03-22,0,low activity,2735.49,4325.0,0.6324832369942196,1.10590789949881,-0.40377812871151725,120.14,118.67,122.34,119.47,121.31,126.05,125.34,113.06,110.95,112.14,108.02,113.67,105.22,101.7,103.63,109.88,108.84,107.0,109.95,111.78,119.97,113.49,116.33,116.54
BN029_2020-04-04,BN029,2020-04-04,0,low activity,2573.1,4325.0,0.5949364161849711,1.0491313979246824,-0.48185302221552523,110.94,112.48,108.79,110.72,110.99,110.1,109.89,106.79,103.31,104.0,104.49,102.92,101.93,103.57,107.81,107.42,103.61,101.94,105.4,107.17,109.3,108.15,109.75,111.63
BN029_2020-04-05,BN029,2020-04-05,0,low activity,2582.63,4325.0,0.5971398843930636,1.1041767500571122,-0.4756376764077342,111.14,118.82,110.66,110.32,113.8,110.71,117.14,102.76,101.91,107.05,98.09,102.93,105.66,105.09,105.13,105.06,103.63,101.77,101.45,108.98,110.99,107.6,110.83,111.11
BN029_2020-04-11,BN029,2020-04-11,0,low activity,2615.6099999999997,4325.0,0.6047653179190751,1.0731875164875497,-0.3200371330326753,113.48,110.03,112.99,112.55,111.84,115.19,111.83,103.78,105.8,105.06,107.16,102.27,100.83,107.52,104.2,103.39,105.81,108.06,104.62,111.74,115.42,109.91,116.96,115.17
BN029_2020-04-12,BN029,2020-04-12,0,low activity,2661.21,4325.0,0.6153086705202312,1.103588217389834,-0.3293205232286252,114.16,118.29,117.06,120.71,122.37,114.44,117.36,116.71,106.47,108.38,108.36,118.3,106.36,104.29,99.74,99.38,101.59,101.41,107.33,110.72,111.25,109.84,111.76,114.93
BN029_2020-04-18,BN029,2020-04-18,0,low activity,2540.71,4325.0,0.5874473988439306,1.094434232950632,-0.5378809996587198,112.15,115.86,110.88,109.9,112.18,112.91,110.65,103.55,100.31,100.0,100.79,102.04,101.74,102.29,102.78,99.2,101.41,100.38,100.04,106.44,107.7,109.8,107.63,110.08
BN029_2020-04-19,BN029,2020-04-19,0,low activity,2544.02,4325.0,0.5882127167630058,1.0976328802446522,-0.5868751745291191,116.35,113.11,106.71,113.23,113.8,110.44,110.41,103.99,101.91,102.7,99.67,101.05,100.14,103.76,102.67,102.79,103.65,101.4,99.91,105.99,107.03,107.8,106.93,108.58
BN029_2020-04-25,BN029,2020-04-25,0,low activity,2663.5299999999997,4325.0,0.6158450867052022,1.0555916396661575,-0.3796741141803475,116.58,113.29,113.84,111.34,114.14,117.15,104.35,102.55,103.05,108.15,104.91,108.72,111.73,108.82,113.67,111.58,110.51,108.42,110.06,113.67,115.79,114.24,113.67,113.3
BN029_2020-04-26,BN029,2020-04-26,0,low activity,2675.7999999999997,4325.0,0.6186820809248554,1.0489573211749759,-0.28383228859140003,111.39,112.94,112.43,114.31,113.84,113.71,109.28,103.28,103.27,107.59,110.89,107.96,111.4,111.42,108.88,112.54,113.66,111.81,109.15,114.91,116.95,114.32,114.98,114.89
BN029_2020-05-02,BN029,2020-05-02,0,low activity,2716.26,4325.0,0.6280369942196532,1.0494135318415763,-0.2604845704800722,118.15,115.1,110.75,115.05,117.26,111.83,111.18,107.83,107.45,108.18,111.66,112.52,109.42,113.88,114.3,115.1,113.21,115.4,111.7,115.89,118.77,118.29,110.25,113.09
BN029_2020-05-03,BN029,2020-05-03,0,low activity,2719.21,4325.0,0.6287190751445086,1.052158531338146,-0.4768813248005063,117.6,117.32,117.02,118.0,119.21,116.33,109.99,105.79,108.58,108.0,109.02,109.91,111.59,111.29,114.2,110.87,111.68,108.8,111.46,115.52,116.37,118.06,116.3,116.3
BN029_2020-05-09,BN029,2020-05-09,0,low activity,2709.2300000000005,4325.0,0.6264115606936417,1.0468214215847305,-0.15776811629795784,113.59,113.79,112.9,114.74,114.93,112.91,108.52,106.69,106.22,110.04,111.69,110.52,110.22,112.85,118.03,111.76,117.54,113.17,108.63,114.28,117.56,118.17,113.99,116.49
BN029_2020-05-10,BN029,2020-05-10,0,low activity,2710.0699999999997,4325.0,0.6266057803468208,1.0456999265701625,-0.3009629474620618,116.98,114.36,116.58,114.61,116.58,114.8,106.51,106.92,109.15,111.33,108.02,112.78,111.86,111.3,112.85,113.39,113.08,109.16,109.82,112.89,116.9,115.15,118.08,116.97
BN029_2020-05-16,BN029,2020-05-16,0,low activity,2707.33,4325.0,0.62597225433526,1.0545592890412325,-0.2678101388005801,115.99,117.41,112.33,117.0,115.55,115.45,106.39,108.68,107.32,106.9,108.96,109.58,109.16,111.83,114.32,111.28,112.58,111.13,113.26,112.02,118.96,118.92,116.26,116.05
BN029_2020-05-17,BN029,2020-05-17,0,low activity,2732.82,4325.0,0.6318658959537573,1.0524513140272684,-0.4383185067671101,117.33,115.24,116.49,119.84,118.8,117.39,108.85,107.09,107.97,111.5,109.63,112.59,113.41,110.21,113.93,114.57,111.55,113.28,112.6,114.51,116.9,119.61,114.03,115.5
BN029_2020-05-23,BN029,2020-05-23,0,low activity,2781.55,4325.0,0.6431329479768787,1.0418651471301972,-0.39045264485139713,120.23,119.93,118.62,117.38,119.22,119.24,112.07,109.86,110.66,111.9,113.5,112.9,115.3,112.88,116.27,111.63,116.9,112.15,114.57,116.51,119.9,120.75,118.8,120.38
BN029_2020-05-24,BN029,2020-05-24,0,low activity,2797.62,4325.0,0.6468485549132947,1.0538100242348853,-0.4937499171150823,117.46,120.84,120.68,122.84,119.23,120.06,113.66,108.31,111.7,113.37,114.73,113.48,114.96,115.43,113.19,115.39,116.12,115.87,113.17,117.81,120.87,119.08,118.31,121.06
BN029_2020-05-30,BN029,2020-05-30,0,low activity,2764.64,4325.0,0.6392231213872832,1.045025753805197,-0.33413940787080865,119.88,119.01,116.87,118.73,116.81,116.96,106.81,110.8,111.35,110.89,115.0,114.16,117.33,113.57,115.56,116.19,112.75,113.07,117.53,113.43,115.58,120.38,116.61,115.37
BN029_2020-05-31,BN029,2020-05-31,0,low activity,2770.1400000000003,4325.0,0.6404947976878613,1.0553401633130455,-0.11768949265415218,117.22,117.21,115.53,115.01,117.4,114.9,105.9,110.43,112.05,112.96,113.3,113.91,115.14,113.64,116.84,116.9,114.48,114.49,117.16,117.98,117.41,121.81,118.81,119.66
BN029_2020-06-06,BN029,2020-06-06,0,low activity,2719.69,4325.0,0.6288300578034682,1.0638859575907549,-0.20034180981698343,117.93,117.51,112.36,115.74,116.0,113.89,106.85,107.71,110.32,107.63,113.4,111.17,111.38,112.47,112.46,113.96,111.53,113.38,109.45,113.08,117.88,120.56,116.58,116.45
BN029_2020-06-07,BN029,2020-06-07,0,low activity,2759.2799999999997,4325.0,0.6379838150289017,1.0602765938940595,-0.24110165717035856,117.14,118.72,116.0,118.88,118.13,117.22,106.24,109.67,110.77,110.21,113.19,113.4,113.97,110.98,112.46,117.23,111.52,114.98,113.16,116.21,118.81,121.9,119.48,119.01
BN029_2020-06-27,BN029,2020-06-27,0,low activity,2803.55,4325.0,0.6482196531791908,1.0467015034509817,-0.20574443290949135,122.27,118.84,118.25,117.41,118.8,116.09,108.72,113.0,111.75,111.94,116.04,116.2,116.87,114.42,118.36,119.09,116.54,117.95,114.03,116.61,120.2,121.91,119.48,118.78
BN029_2020-06-28,BN029,2020-06-28,0,low activity,2785.8500000000004,4325.0,0.6441271676300578,1.0468905361020873,-0.307473283996669,118.52,120.32,119.05,116.59,117.96,114.77,112.28,109.81,114.25,113.52,111.07,116.38,116.16,116.15,114.89,116.83,118.02,112.09,115.3,115.5,119.16,116.48,121.52,119.23
BN045_2019-11-28,BN045,2019-11-28,0,low activity,1314.3799999999999,2106.0150000000003,0.6241076155677902,1.0700101949207994,-0.7284727075589859,58.6,55.42,55.46,55.5,55.81,55.55,55.08,55.36,53.99,52.35,53.1,53.19,52.33,54.11,53.79,53.9,53.17,54.1,55.78,55.88,55.33,55.77,55.5,55.31
BN045_2019-11-29,BN045,2019-11-29,0,low activity,1270.0300000000002,2106.0150000000003,0.6030488861665277,1.0903679440643133,-0.06272688554274937,54.91,55.0,55.47,55.7,54.33,50.55,50.18,50.09,48.69,47.86,48.42,48.55,54.63,57.7,53.51,53.48,54.33,53.95,56.1,55.59,55.61,54.28,50.87,50.23
BN045_2019-12-25,BN045,2019-12-25,0,low activity,1287.97,2106.0150000000003,0.6115673440122695,1.0787207776578647,0.11619519846742392,57.75,57.89,53.78,52.09,52.01,51.94,51.97,52.69,50.97,49.45,49.37,49.68,52.72,56.63,56.51,55.51,55.71,55.86,57.89,57.71,53.64,51.96,52.02,52.22
BN051_2019-10-30,BN051,2019-10-30,0,low activity,1057.95,2142.0999999999995,0.4938845058587369,2.08637459237204,-0.20392171542962276,63.27,63.46,61.76,64.76,66.55,58.47,71.96,76.58,89.09,91.97,69.69,18.4,1.68,12.46,15.79,26.61,31.91,33.67,43.37,37.01,19.13,10.09,13.24,17.03
BN051_2019-10-31,BN051,2019-10-31,0,low activity,463.55999999999995,2142.0999999999995,0.2164044629102283,1.940460781775822,0.46014764214566745,12.89,12.18,21.67,18.68,22.56,20.38,19.46,22.41,12.59,20.02,12.11,22.0,27.15,26.21,20.09,37.48,25.02,18.38,31.93,10.12,29.57,6.27,7.25,7.14
BN051_2019-11-01,BN051,2019-11-01,0,low activity,558.55,2142.0999999999995,0.2607487979085944,2.0517411153880585,0.6058269344542588,16.11,10.19,11.98,11.21,22.08,13.61,7.96,13.62,14.09,22.6,27.18,43.89,16.6,28.22,37.99,37.84,17.94,47.75,41.5,35.01,30.3,17.7,19.77,13.41
BN051_2019-11-02,BN051,2019-11-02,0,low activity,689.17,2142.0999999999995,0.3217263433079689,1.890622052614014,0.46731157653075833,17.85,15.94,19.57,9.51,14.51,13.96,8.91,9.32,8.91,11.71,22.19,41.96,40.74,37.41,54.29,43.44,43.52,47.39,37.26,38.6,42.36,41.7,34.71,33.41
BN051_2019-11-03,BN051,2019-11-03,0,low activity,879.26,2142.0999999999995,0.41046636478222315,1.7070718558788074,0.3155976883564491,30.82,25.7,22.74,20.03,16.71,23.78,15.54,22.77,16.18,16.6,26.15,32.8,56.4,43.01,49.83,43.82,53.01,48.26,57.19,60.16,62.54,45.53,47.4,42.29
BN051_2019-11-04,BN051,2019-11-04,0,low activity,1094.53,2142.0999999999995,0.5109612062928903,2.3560797785350793,0.6496743003648316,39.27,25.0,31.53,22.16,29.77,23.5,12.14,12.58,21.0,13.69,30.95,106.33,107.45,100.53,89.95,74.38,66.3,36.72,50.89,56.18,44.14,43.99,32.04,24.04
BN051_2019-11-05,BN051,2019-11-05,0,low activity,757.6500000000001,2142.0999999999995,0.3536949722235191,1.607919223916056,-0.15984059298094405,40.06,34.44,36.29,47.88,33.1,27.8,18.07,14.29,16.39,12.59,19.79,24.59,38.76,36.28,25.79,39.49,23.48,48.29,39.01,50.76,27.82,45.4,26.82,30.46
BN051_2019-11-06,BN051,2019-11-06,0,low activity,742.1800000000001,2142.0999999999995,0.34647308715746244,1.4289794928454012,0.16020747720845896,18.94,21.16,22.71,35.72,35.65,27.81,32.46,39.93,41.32,28.69,35.1,23.08,23.84,13.6,39.63,35.82,31.55,36.63,44.19,35.87,32.63,30.52,28.25,27.08
BN051_2019-11-07,BN051,2019-11-07,0,low activity,584.22,2142.0999999999995,0.2727323654357874,1.5778987367772412,0.013264492773973386,37.17,38.41,19.31,23.91,12.87,14.01,9.93,15.26,12.1,22.07,12.74,28.62,32.2,24.09,28.3,29.67,30.2,28.95,21.83,25.31,25.02,33.78,29.91,28.56
BN051_2019-11-08,BN051,2019-11-08,0,low activity,626.14,2142.0999999999995,0.2923019466878298,1.7275369725620469,-0.24605246725211036,27.45,35.9,20.97,22.24,35.3,21.81,24.25,28.99,15.7,36.64,28.43,34.28,26.6,22.23,45.07,15.02,15.02,0.0,12.52,22.53,20.03,37.55,35.05,42.56
BN051_2019-11-09,BN051,2019-11-09,0,low activity,998.9599999999999,2142.0999999999995,0.46634610895849876,1.5037238728277411,-0.26310053502556785,60.09,52.58,55.08,32.55,45.07,40.06,32.55,17.53,30.04,42.56,37.55,32.55,47.57,47.57,35.05,22.53,42.56,50.07,55.08,40.06,42.56,62.59,47.57,27.54
BN051_2019-11-10,BN051,2019-11-10,0,low activity,792.23,2142.0999999999995,0.3698380094299987,1.8203804450727694,-0.1846953504169173,60.09,55.08,35.05,52.58,60.09,32.55,32.55,20.03,12.52,37.55,30.04,30.04,30.04,40.06,35.05,32.55,27.54,31.12,40.06,17.53,27.54,15.02,22.53,15.02
BN051_2019-11-11,BN051,2019-11-11,0,low activity,524.87,2142.0999999999995,0.245025909154568,1.9950082877664945,-0.22482298868893238,17.53,32.55,30.04,15.02,37.55,30.04,32.55,2.5,7.51,7.51,5.01,17.53,32.55,15.02,17.53,25.04,15.56,43.63,30.04,25.04,30.04,12.52,12.52,30.04
BN051_2019-11-12,BN051,2019-11-12,0,low activity,300.61,2142.0999999999995,0.14033425143550726,3.7978776487808124,-0.6573937407365666,47.57,32.55,32.55,15.02,10.01,15.02,12.52,2.5,5.01,10.01,0.0,7.51,7.51,2.5,5.01,5.01,2.5,2.68,20.03,0.0,17.53,20.03,12.52,15.02
BN051_2019-11-13,BN051,2019-11-13,0,low activity,95.11,2142.0999999999995,0.044400354792026524,5.685206602880875,-0.3055328590029779,22.53,7.51,0.0,7.51,7.51,7.51,7.51,0.0,0.0,0.0,2.5,12.52,0.0,2.5,0.0,0.0,0.0,2.5,10.01,0.0,2.5,0.0,2.5,0.0
BN051_2019-11-14,BN051,2019-11-14,0,low activity,32.53,2142.0999999999995,0.015186032398114004,7.385182908084844,-0.21333123037171625,0.0,0.0,0.0,0.0,0.0,0.0,10.01,5.01,0.0,0.0,2.5,2.5,0.0,0.0,0.0,0.0,0.0,0.0,0.0,2.5,0.0,5.01,2.5,2.5
BN051_2019-11-15,BN051,2019-11-15,0,low activity,35.269999999999996,2142.0999999999995,0.016465151020027078,3.409129571874114,0.11747689409711744,0.0,5.01,0.0,2.5,2.5,2.5,0.0,0.0,2.5,0.0,0.0,3.48,1.89,0.0,2.84,3.7,2.29,3.49,0.0,0.0,0.0,0.0,1.37,1.2
BN051_2019-11-16,BN051,2019-11-16,0,low activity,21.519999999999996,2142.0999999999995,0.010046216329769852,4.617100371747212,0.026061935466765395,0.0,0.0,0.0,1.22,1.12,1.04,1.27,0.0,0.0,1.31,1.38,1.98,1.38,0.0,0.0,0.0,1.48,0.0,0.0,4.14,2.6,0.0,2.6,0.0
BN051_2019-11-17,BN051,2019-11-17,0,low activity,18.21,2142.0999999999995,0.008501003687969752,5.179571663920923,0.21010663012848285,1.14,0.0,0.0,0.0,0.0,0.0,0.0,0.0,1.2,2.56,3.93,1.33,0.0,0.0,0.0,1.41,1.56,0.0,0.0,0.0,1.34,0.0,2.46,1.28
BN051_2019-11-18,BN051,2019-11-18,0,low activity,51.79,2142.0999999999995,0.02417720928061249,5.143850164124348,0.32629874170200596,0.0,0.0,0.0,2.39,0.0,1.12,1.28,0.0,1.55,2.42,0.0,11.1,8.03,6.0,3.84,0.0,0.0,0.0,0.0,1.76,8.17,2.8,1.33,0.0
BN051_2019-11-19,BN051,2019-11-19,0,low activity,26.26,2142.0999999999995,0.01225899817935671,8.051789794364051,-0.009346509132042548,1.11,1.16,0.0,0.0,0.0,1.09,0.0,0.0,0.0,0.0,1.72,0.0,0.0,0.0,0.0,1.84,0.0,3.53,8.81,0.0,1.27,0.0,3.41,2.32
BN051_2019-11-29,BN051,2019-11-29,0,low activity,351.16999999999996,2142.0999999999995,0.16393725783110036,4.369849360708489,-0.6091013216938386,61.75,63.94,60.82,61.65,60.1,42.91,0.0,0.0,0.0,0.0,0.0,0.0,0.0,0.0,0.0,0.0,0.0,0.0,0.0,0.0,0.0,0.0,0.0,0.0
BN051_2019-11-30,BN051,2019-11-30,0,low activity,0.0,2142.0999999999995,0.0,0.0,0.0,0.0,0.0,0.0,0.0,0.0,0.0,0.0,0.0,0.0,0.0,0.0,0.0,0.0,0.0,0.0,0.0,0.0,0.0,0.0,0.0,0.0,0.0,0.0,0.0
BN051_2019-12-01,BN051,2019-12-01,0,low activity,0.0,2142.0999999999995,0.0,0.0,0.0,0.0,0.0,0.0,0.0,0.0,0.0,0.0,0.0,0.0,0.0,0.0,0.0,0.0,0.0,0.0,0.0,0.0,0.0,0.0,0.0,0.0,0.0,0.0,0.0
BN051_2019-12-30,BN051,2019-12-30,0,low activity,1390.46,2142.0999999999995,0.6491106857756409,1.5315219423787811,0.8100694712608664,48.55,48.58,47.42,48.84,48.92,47.65,53.0,58.07,59.6,59.12,63.06,64.87,65.36,64.38,71.05,88.73,58.54,58.34,59.82,62.79,55.2,52.59,52.62,53.36
BN051_2020-01-01,BN051,2020-01-01,0,low activity,1350.8600000000001,2142.0999999999995,0.6306241538677001,1.0794901026013057,0.6493599833360295,54.45,53.41,54.19,54.2,53.83,53.38,58.39,60.1,58.3,57.61,55.61,57.23,56.59,56.36,56.75,57.31,58.16,58.12,60.76,59.84,55.46,52.83,53.39,54.59
BN051_2020-01-04,BN051,2020-01-04,0,low activity,1370.66,2142.0999999999995,0.6398674198216705,1.1043438927232134,0.596717079682076,54.65,54.95,53.47,57.65,54.03,55.06,57.73,60.46,59.58,58.21,58.05,56.87,57.63,57.75,57.9,56.78,56.93,59.34,63.07,61.73,57.1,53.91,54.13,53.68
BN051_2020-01-05,BN051,2020-01-05,0,low activity,1365.7199999999998,2142.0999999999995,0.6375612716493162,1.070907653106054,0.7084739056352948,55.0,53.77,54.55,54.15,54.22,54.58,58.12,60.01,60.13,58.35,57.25,58.33,58.03,57.97,56.88,57.42,57.04,59.4,60.94,59.67,56.39,54.26,54.5,54.76
BN114_2019-08-03,BN114,2019-08-03,0,low activity,1174.69,2423.425,0.48472306755934264,2.983527568975645,-0.3984478392742079,0.0,116.2,104.04,26.49,109.93,146.03,95.92,88.97,22.54,41.47,58.43,57.8,63.13,62.56,59.72,53.86,30.58,15.49,4.23,2.41,4.18,4.23,2.07,4.41
BN114_2019-08-04,BN114,2019-08-04,0,low activity,1127.36,2423.425,0.46519285721654263,3.6518592108998016,-0.5633220984359453,6.01,8.59,37.14,23.61,73.83,171.54,160.73,26.96,29.39,53.22,57.11,60.36,62.15,63.21,60.42,51.88,43.05,24.3,7.88,6.65,2.14,1.92,55.77,39.5
BN114_2019-08-05,BN114,2019-08-05,0,low activity,1372.98,2423.425,0.56654528198727,3.048726128567058,-0.15572819448531397,20.06,165.67,163.64,164.09,168.87,174.41,30.76,13.77,27.12,45.24,55.4,57.82,61.36,60.78,56.38,48.86,38.4,13.12,6.31,0.92,0.0,0.0,0.0,0.0
BN114_2019-08-06,BN114,2019-08-06,0,low activity,219.73999999999998,2423.425,0.09067332391140637,5.3768999726950035,0.4245444394941769,0.0,0.0,0.0,0.0,0.0,0.0,0.16,4.81,9.71,8.07,10.29,16.86,12.04,10.72,32.52,49.23,37.82,20.48,6.9,0.13,0.0,0.0,0.0,0.0
BN114_2019-08-07,BN114,2019-08-07,0,low activity,455.26,2423.425,0.1878580934008686,3.2621359223300974,0.46439596633103747,0.0,0.0,0.0,0.0,0.0,0.0,1.72,15.71,24.02,41.32,48.78,53.17,58.14,61.88,57.66,49.76,31.93,9.35,1.73,0.09,0.0,0.0,0.0,0.0
BN114_2019-08-08,BN114,2019-08-08,0,low activity,640.54,2423.425,0.26431187265956235,3.9394261092203458,0.5194293395944314,0.0,0.0,0.0,0.0,0.0,0.0,0.93,9.98,26.83,43.4,54.06,62.75,65.27,61.38,62.37,88.16,30.4,105.14,15.13,4.34,4.43,0.0,0.0,5.97
BN114_2019-08-09,BN114,2019-08-09,0,low activity,392.13,2423.425,0.1618081846972776,3.0859153852038865,0.45724927266589627,3.9,0.0,0.0,3.71,2.3,4.18,4.66,12.8,19.33,24.14,20.5,42.69,50.42,37.33,40.52,45.57,40.38,19.83,7.0,0.04,2.24,4.44,4.26,1.89
BN114_2019-08-13,BN114,2019-08-13,0,low activity,916.11,2423.425,0.37802283957621957,3.5086616236041523,-0.0218667162845181,2.08,0.0,17.0,4.02,0.0,4.31,116.57,133.93,129.21,46.31,60.57,62.64,67.84,65.46,59.99,51.75,39.9,27.59,5.31,4.7,2.27,6.37,2.09,6.2
BN114_2019-08-18,BN114,2019-08-18,0,low activity,446.68,2423.425,0.184317649607477,3.5187606340109245,0.46517024832270354,2.13,4.59,0.0,8.16,0.0,6.55,6.75,13.73,30.1,43.41,45.71,55.73,50.79,65.49,34.72,31.03,29.09,14.69,3.96,0.05,0.0,0.0,0.0,0.0
BN114_2019-08-19,BN114,2019-08-19,0,low activity,491.25,2423.425,0.20270897593282233,3.0925190839694654,0.5049200607147961,0.0,0.0,0.0,0.0,0.0,0.0,0.45,9.68,27.3,44.7,55.45,61.33,63.3,62.81,58.12,50.18,37.45,18.08,2.36,0.04,0.0,0.0,0.0,0.0
BN114_2019-08-20,BN114,2019-08-20,0,low activity,527.97,2423.425,0.2178610850346101,2.9042559236320242,0.45714487578616314,0.0,0.0,0.0,6.21,4.03,7.58,2.57,16.36,32.87,46.38,56.39,63.89,62.12,60.9,63.28,48.75,36.41,17.95,2.23,0.05,0.0,0.0,0.0,0.0
BN114_2019-10-03,BN114,2019-10-03,0,low activity,794.3000000000001,2423.425,0.3277592663276149,4.948357043938058,-0.138253276613616,0.0,0.0,0.0,2.06,0.0,0.0,0.03,7.28,24.53,45.07,57.78,62.97,63.91,61.47,55.27,44.4,25.81,5.09,0.06,0.0,0.0,13.01,163.77,161.79
BN115_2019-11-28,BN115,2019-11-28,0,low activity,4623.68,7300.735000000001,0.6333170564333591,1.2429060834659837,0.5611108025410034,180.87,172.83,177.52,176.03,188.69,187.81,184.16,178.09,178.06,170.94,170.89,175.44,184.36,219.72,239.45,224.6,228.54,219.34,194.7,195.54,196.73,195.69,194.83,188.85
BN115_2019-11-29,BN115,2019-11-29,0,low activity,4537.08,7300.735000000001,0.621455237041202,1.199502763892195,0.6153616566550725,180.67,172.56,167.82,173.11,178.87,183.95,184.71,184.21,176.4,167.73,168.46,167.31,185.81,212.22,223.47,219.52,224.27,226.76,209.3,188.73,189.69,187.57,185.97,177.97
BN115_2019-12-24,BN115,2019-12-24,0,low activity,4269.93,7300.735000000001,0.5848630309140107,1.0607949076448557,-0.19213296573681368,180.48,175.24,171.48,172.54,188.73,184.28,184.46,180.31,183.07,172.66,171.54,165.05,166.7,167.52,168.15,173.28,174.01,184.14,185.09,184.93,188.61,184.63,184.18,178.85
BN115_2019-12-25,BN115,2019-12-25,0,low activity,4525.32,7300.735000000001,0.6198444403200499,1.2253719074010239,0.6465195656177489,175.74,169.04,168.15,169.12,180.09,185.32,183.63,180.58,174.74,170.32,169.45,172.65,183.31,207.08,231.05,224.1,219.32,225.73,217.65,183.82,184.77,186.31,185.42,177.93
BN115_2019-12-31,BN115,2019-12-31,0,low activity,4660.88,7300.735000000001,0.6384124338165952,1.3935909098710972,-0.19130578899295908,184.2,175.5,174.35,184.24,203.08,238.41,245.33,242.17,242.34,254.31,270.64,258.73,220.9,0.0,0.0,0.0,78.04,234.83,243.13,260.53,255.68,251.4,245.46,197.61
BN115_2020-01-08,BN115,2020-01-08,0,low activity,4456.83,7300.735000000001,0.6104631930894628,1.7642315277899316,0.17487688625653855,185.34,181.9,191.37,182.27,212.76,255.0,274.26,301.93,270.02,269.36,294.97,311.99,327.62,304.79,293.55,284.73,181.34,133.63,0.0,0.0,0.0,0.0,0.0,0.0
BN115_2020-03-28,BN115,2020-03-28,0,low activity,4270.83,7300.735000000001,0.5849863061732825,1.3497516876110733,0.9688331556160816,104.79,103.26,108.85,108.78,139.38,152.9,145.8,135.13,157.02,185.24,226.43,230.77,233.21,233.02,232.36,231.43,236.23,240.19,228.2,214.73,187.2,160.52,153.24,122.15
BN115_2020-03-29,BN115,2020-03-29,0,low activity,4294.719999999999,7300.735000000001,0.5882585794443983,1.3387228969525373,0.9681900063895215,104.22,102.75,108.22,109.07,134.82,148.43,145.78,137.84,162.88,187.46,233.72,229.58,235.68,236.41,235.01,234.3,232.23,239.56,233.68,215.41,185.77,162.56,155.04,124.3
BN115_2020-03-30,BN115,2020-03-30,0,low activity,4567.61,7300.735000000001,0.6256370077807234,1.3193770921773094,0.9776095307351454,108.81,106.91,111.8,110.42,141.83,172.57,175.9,174.77,173.56,208.08,251.1,248.77,239.28,239.89,240.53,244.53,239.76,238.9,231.75,213.76,186.09,187.46,188.5,132.64
BN115_2020-03-31,BN115,2020-03-31,0,low activity,4365.719999999999,7300.735000000001,0.5979836276758435,1.4461944421538717,0.9030691647649947,106.47,103.74,108.1,111.94,135.2,170.2,178.85,170.99,175.96,186.97,248.98,261.96,260.99,263.07,226.32,232.17,220.57,218.64,186.93,165.75,169.77,167.7,166.84,127.61
BN115_2020-04-01,BN115,2020-04-01,0,low activity,4142.2,7300.735000000001,0.5673675321731304,1.2838974458017478,0.9804465966935674,108.71,106.04,110.32,111.54,138.59,164.93,162.04,154.11,155.84,169.13,206.85,221.59,218.9,216.79,216.2,213.97,210.56,216.79,211.32,203.41,166.39,166.65,166.79,124.74
BN115_2020-04-02,BN115,2020-04-02,0,low activity,4559.66,7300.735000000001,0.6245480763238221,1.2847273700232036,0.976532460568822,107.32,106.16,110.33,110.16,135.25,168.96,160.45,169.4,180.94,199.78,236.35,241.77,240.03,240.0,244.08,242.82,240.4,239.95,240.37,223.37,194.03,190.96,188.3,148.48
BN115_2020-04-04,BN115,2020-04-04,0,low activity,4619.14,7300.735000000001,0.6326952012365878,1.2644951224686847,0.9704721066491274,131.09,123.44,130.19,132.52,161.34,172.04,167.4,158.31,183.39,197.92,235.85,239.48,237.75,235.78,235.14,233.65,236.75,243.37,231.39,236.72,193.71,178.01,177.0,146.9
BN115_2020-04-05,BN115,2020-04-05,0,low activity,4669.82,7300.735000000001,0.6396369680586954,1.3170186431168653,0.9612146995389435,131.43,129.27,133.64,135.56,161.79,173.3,165.41,158.78,185.77,207.21,256.26,235.88,235.1,240.73,239.1,234.43,234.31,241.73,233.94,236.73,202.15,179.94,173.22,144.14
BN115_2020-04-07,BN115,2020-04-07,0,low activity,4707.49,7300.735000000001,0.6447967225217734,1.2282214088611978,0.9812742061436811,131.18,129.07,134.25,132.99,161.65,190.95,183.62,173.59,179.27,207.78,236.29,238.53,236.32,240.91,240.63,237.12,233.84,239.91,229.45,233.53,190.17,190.32,189.29,146.83
BN115_2020-04-22,BN115,2020-04-22,0,low activity,4661.83,7300.735000000001,0.638542557701382,1.2863789541875186,0.9572555047719131,128.69,126.97,130.51,132.48,162.43,193.16,179.86,172.09,181.44,215.2,237.48,237.73,233.84,241.04,247.28,249.87,234.81,231.59,223.54,193.13,186.78,187.84,185.81,148.26
BN115_2020-04-23,BN115,2020-04-23,0,low activity,4745.2,7300.735000000001,0.6499619558852635,1.276422490095254,0.9581496684953345,128.28,125.58,130.41,131.88,158.14,202.27,184.64,175.61,187.82,218.38,235.81,240.2,238.11,237.62,245.78,252.37,246.25,239.56,235.96,193.2,195.37,194.38,197.22,150.36
BN115_2020-05-01,BN115,2020-05-01,0,low activity,4639.45,7300.735000000001,0.6354771129208223,1.2898942762611947,0.8704521659286819,131.65,131.2,134.7,136.52,171.34,205.76,187.06,174.63,169.8,225.41,142.27,234.82,239.08,240.06,235.01,238.49,249.35,240.5,237.79,196.82,192.24,186.22,188.86,149.87
BN115_2020-05-02,BN115,2020-05-02,0,low activity,4613.200000000001,7300.735000000001,0.6318815845253938,1.2706494407352813,0.9541244738314846,129.61,125.63,132.29,133.18,163.72,171.35,163.84,160.54,190.52,223.3,235.06,234.68,238.38,237.42,238.75,233.42,235.8,244.24,238.45,198.38,192.19,174.52,172.61,145.32
BN115_2020-05-03,BN115,2020-05-03,0,low activity,4622.860000000001,7300.735000000001,0.6332047389749115,1.2438014562413742,0.9492739411052599,131.27,128.97,133.24,135.57,165.11,171.62,169.53,160.44,193.29,225.86,235.67,235.42,239.58,238.05,237.14,233.94,235.69,238.57,235.72,193.38,190.18,176.1,173.06,145.46
BN115_2020-05-04,BN115,2020-05-04,0,low activity,4698.2300000000005,7300.735000000001,0.6435283570763766,1.2264022834131152,0.9680144721713893,129.91,128.22,132.33,134.64,166.83,195.49,181.12,172.31,183.45,221.26,238.64,236.87,234.96,237.52,236.56,236.37,239.21,240.08,234.34,202.11,191.53,189.18,186.9,148.4
BN115_2020-05-05,BN115,2020-05-05,0,low activity,4695.17,7300.735000000001,0.6431092211948523,1.2725928986596866,0.9534225282835262,127.95,126.09,131.5,133.15,169.15,196.51,178.99,173.58,182.7,223.7,235.68,233.98,237.76,236.44,236.69,239.29,248.96,239.58,234.15,191.72,189.03,185.75,191.38,151.44
BN115_2020-05-10,BN115,2020-05-10,0,low activity,4636.25,7300.735000000001,0.6350388008878558,1.2858668104610407,0.8829114636241788,140.76,138.45,149.56,145.21,188.39,187.89,173.52,164.68,200.26,186.31,191.93,180.52,206.36,243.23,244.23,242.12,239.57,243.88,248.4,223.44,194.38,181.96,173.15,148.05
BN115_2020-05-15,BN115,2020-05-15,0,low activity,4667.67,7300.735000000001,0.639342477161546,1.2326321269498486,0.9677891829662428,127.78,125.77,130.62,132.79,158.98,192.06,178.09,166.51,171.99,228.19,230.26,237.51,238.89,239.73,235.33,230.71,232.25,238.82,233.38,228.71,188.47,183.93,189.95,146.95
BN115_2020-05-16,BN115,2020-05-16,0,low activity,4582.09,7300.735000000001,0.627620369729897,1.2813716011688987,0.9460201707497198,127.74,126.41,130.71,132.22,159.93,172.4,161.91,156.16,189.36,227.28,235.43,235.06,235.07,239.72,234.72,239.24,244.64,239.46,228.03,194.44,187.8,173.37,169.48,141.51
BN115_2020-05-17,BN115,2020-05-17,0,low activity,4578.849999999999,7300.735000000001,0.6271765787965183,1.2912412505323392,0.9367809057443729,128.73,126.43,130.98,132.69,155.76,168.56,162.72,156.73,191.97,232.17,235.66,235.64,238.5,236.86,239.03,235.62,246.35,239.38,234.37,188.95,185.25,171.12,166.53,138.85
BN115_2020-05-18,BN115,2020-05-18,0,low activity,4583.099999999999,7300.735000000001,0.627758711965302,1.2390914446553645,0.9668047960178083,124.1,121.56,126.84,128.77,157.69,182.46,177.4,168.02,181.66,222.52,227.6,234.9,232.57,232.4,229.36,233.31,236.62,234.81,233.53,195.33,186.26,184.7,184.05,146.64
BN115_2020-05-20,BN115,2020-05-20,0,low activity,4656.299999999999,7300.735000000001,0.6377850997194117,1.2448682430255786,0.9745843376614512,128.56,126.7,131.42,133.39,157.93,181.92,175.91,173.02,178.1,227.59,241.52,236.84,234.06,231.85,226.49,234.36,231.22,234.33,235.41,226.58,199.74,181.57,182.29,145.5
BN115_2020-05-21,BN115,2020-05-21,0,low activity,4659.21,7300.735000000001,0.6381836897243908,1.251765857301989,0.9788950503007251,125.87,123.9,128.5,129.35,155.56,177.29,173.85,168.8,174.75,225.78,232.77,233.05,243.01,238.19,234.66,232.99,237.84,242.69,238.79,227.84,201.73,182.79,183.34,145.87
BN115_2020-05-22,BN115,2020-05-22,0,low activity,4661.28,7300.735000000001,0.6384672228207159,1.2349397590361446,0.9748150741486846,126.42,124.83,129.24,131.11,156.76,184.12,177.49,173.25,185.15,226.7,235.04,232.42,239.85,233.04,235.86,234.83,234.87,236.13,236.47,224.4,184.21,187.16,186.32,145.61
BN115_2020-05-23,BN115,2020-05-23,0,low activity,4603.08,7300.735000000001,0.6304954227211369,1.241846763471415,0.9561922315711502,127.82,126.98,131.68,134.03,159.11,167.18,159.48,157.36,181.36,231.16,236.34,234.11,236.23,237.62,234.33,236.73,236.28,238.18,233.06,228.33,192.0,172.43,167.55,143.73
BN115_2020-05-24,BN115,2020-05-24,0,low activity,4595.4,7300.735000000001,0.6294434738420172,1.249144796970884,0.9531531024021108,128.13,126.48,131.78,133.05,160.3,168.6,160.78,156.54,193.99,232.21,235.04,231.21,237.05,234.76,236.9,232.03,231.06,236.18,239.18,222.72,186.36,174.35,168.09,138.61
BN115_2020-05-25,BN115,2020-05-25,0,low activity,4687.36,7300.735000000001,0.6420394658893932,1.2306799563080286,0.9723586642690243,126.4,125.74,130.95,132.09,161.08,195.94,180.06,175.44,182.78,229.67,235.95,233.63,235.82,234.76,235.22,228.05,233.94,238.72,240.36,222.89,188.23,188.9,184.71,146.03
BN115_2020-06-05,BN115,2020-06-05,0,low activity,4623.57,7300.735000000001,0.6333019894572258,1.2588713915870207,0.9255237762742331,121.31,124.11,128.44,128.07,184.7,214.49,183.4,176.79,164.84,219.48,235.22,236.24,237.38,234.96,231.85,242.52,238.47,237.22,209.22,183.35,186.66,184.57,183.87,136.41
BN115_2020-06-06,BN115,2020-06-06,0,low activity,4621.91,7300.735000000001,0.6330746150901244,1.2450437156932959,0.9600526909585833,122.89,120.97,125.69,126.75,171.46,167.24,159.43,154.99,191.87,231.13,236.95,233.8,236.99,239.77,233.43,233.67,233.71,238.28,234.43,227.69,215.89,174.04,170.2,140.64
BN115_2020-06-07,BN115,2020-06-07,0,low activity,4635.450000000001,7300.735000000001,0.6349292228796142,1.2335371970358862,0.960077338670544,126.5,124.38,128.98,130.85,168.0,168.03,158.61,157.5,189.41,232.61,236.09,235.65,238.09,236.11,238.25,236.19,233.97,236.96,235.98,226.54,212.19,173.77,170.34,140.45
BN115_2020-06-08,BN115,2020-06-08,0,low activity,4658.119999999999,7300.735000000001,0.6380343896881614,1.2253698917159717,0.9785435573742185,126.53,119.29,126.55,124.92,162.13,184.02,173.06,170.92,182.16,232.52,232.3,230.32,237.83,235.34,233.88,234.24,233.83,234.45,228.95,225.37,211.39,188.89,185.45,143.78
BN115_2020-06-09,BN115,2020-06-09,0,low activity,4616.030000000001,7300.735000000001,0.6322692167295485,1.2280682751195289,0.9745209407613339,124.69,122.06,126.28,127.72,155.39,181.19,174.93,171.81,184.58,232.1,232.77,232.48,236.2,230.61,233.29,231.36,231.69,233.14,233.2,226.67,187.13,184.14,182.28,140.32
BN115_2020-06-12,BN115,2020-06-12,0,low activity,4524.44,7300.735000000001,0.619723904510984,1.339604459336404,0.9049166015493906,123.44,121.74,128.51,128.04,171.33,199.32,173.85,171.93,181.07,225.84,227.49,228.26,231.89,236.76,251.54,252.54,244.34,236.92,209.56,171.76,163.59,162.75,162.78,119.19
BN115_2020-06-13,BN115,2020-06-13,0,low activity,4009.16,7300.735000000001,0.5491447094025463,1.3964221931776235,0.940120879640894,100.11,98.6,103.75,106.63,148.51,142.75,133.9,131.53,172.64,204.42,205.25,206.2,209.74,214.33,219.66,233.27,215.65,213.35,208.34,171.1,161.65,149.84,143.55,114.39
BN115_2020-06-14,BN115,2020-06-14,0,low activity,4029.09,7300.735000000001,0.5518745715328662,1.381354102291088,0.939804005505455,99.97,98.62,103.4,104.62,142.75,141.3,132.95,129.26,172.64,209.99,209.28,208.45,212.67,211.77,211.92,217.65,231.9,228.43,212.77,174.52,165.86,150.4,143.14,114.83
BN115_2020-06-15,BN115,2020-06-15,0,low activity,4724.52,7300.735000000001,0.6471293643722174,1.359630184653679,0.9705623360613236,100.35,98.02,102.53,104.04,143.49,186.05,172.7,168.27,181.12,238.48,242.52,239.69,244.85,243.47,243.04,254.97,267.65,253.02,246.55,234.02,214.08,195.48,197.44,152.69
BN115_2020-06-16,BN115,2020-06-16,0,low activity,4722.05,7300.735000000001,0.6467910422717712,1.2321089357376562,0.9485547529517544,132.95,130.62,135.23,136.74,171.68,199.82,185.79,184.33,194.63,240.4,234.97,233.87,236.04,231.01,234.0,242.12,242.42,235.72,233.67,197.5,184.34,182.77,181.73,139.7
BN115_2020-06-17,BN115,2020-06-17,0,low activity,4614.9,7300.735000000001,0.6321144377929071,1.2880192420204122,0.9530741109663247,122.34,118.46,125.23,126.42,161.28,193.18,172.24,169.88,180.57,229.27,233.74,240.31,233.33,247.67,241.27,241.97,231.19,232.86,229.84,189.68,185.14,184.88,183.62,140.53
BN115_2020-06-18,BN115,2020-06-18,0,low activity,4576.299999999999,7300.735000000001,0.626827298895248,1.2618053886327383,0.973085492906187,122.32,120.31,125.07,126.88,162.54,190.58,171.32,169.64,180.07,193.17,200.92,240.12,240.6,240.48,239.16,239.36,230.29,234.25,233.68,217.66,184.85,185.78,184.67,142.58
BN115_2020-06-19,BN115,2020-06-19,0,low activity,4569.85,7300.735000000001,0.6259438262038001,1.2759806120551,0.9659043581386391,122.27,120.69,125.77,127.14,163.43,194.82,176.01,169.91,183.49,178.51,202.02,240.56,238.2,242.96,239.5,236.82,227.62,234.86,233.43,216.85,184.53,182.93,184.96,142.57
BN115_2020-06-20,BN115,2020-06-20,0,low activity,4635.32,7300.735000000001,0.6349114164532749,1.3326717465029383,0.9631450720698311,122.58,120.87,125.27,126.81,161.87,165.36,157.63,154.17,195.36,194.94,204.92,242.6,243.02,242.09,243.84,242.97,236.5,256.07,257.39,234.19,208.42,191.68,167.34,139.43
BN115_2020-06-21,BN115,2020-06-21,0,low activity,4646.29,7300.735000000001,0.6364140048912883,1.3374283568180205,0.9572533155783729,123.29,122.09,126.19,128.65,171.01,165.6,157.87,152.3,199.21,202.64,213.31,244.83,244.76,245.9,252.08,258.92,245.3,246.73,245.08,228.56,191.75,174.3,168.39,137.53
BN115_2020-06-22,BN115,2020-06-22,0,low activity,4649.4400000000005,7300.735000000001,0.6368454682987398,1.3118999277332324,0.9613439370099871,120.76,122.0,126.07,128.36,176.75,200.46,178.02,171.1,181.04,195.4,208.11,240.34,236.2,239.05,241.54,243.05,254.15,247.36,240.6,200.77,188.31,186.22,181.64,142.14
BN115_2020-06-23,BN115,2020-06-23,0,low activity,4731.0599999999995,7300.735000000001,0.6480251645895926,1.2873394123092925,0.9545098412205024,122.63,120.82,125.9,128.26,177.7,203.59,178.31,169.61,185.58,228.45,233.83,238.08,238.46,245.94,241.68,253.77,250.96,244.78,237.4,196.8,188.5,188.16,188.05,143.8
BN115_2020-06-24,BN115,2020-06-24,0,low activity,4688.54,7300.735000000001,0.6422010934515496,1.2769518869413508,0.9527833161187123,123.16,121.07,125.35,127.04,176.9,202.02,176.41,170.58,185.09,226.11,232.02,231.08,233.67,249.46,247.85,247.6,245.91,238.78,235.39,193.94,186.38,185.43,184.15,143.15
BN115_2020-06-25,BN115,2020-06-25,0,low activity,4646.16,7300.735000000001,0.636396198464949,1.295676429567643,0.933143148166034,122.02,118.86,123.62,125.77,177.13,205.71,178.58,171.63,186.73,224.95,229.39,237.09,248.04,250.83,242.48,238.02,237.06,237.29,210.09,182.98,184.81,185.1,185.73,142.25
BN115_2020-06-26,BN115,2020-06-26,0,low activity,4667.09,7300.735000000001,0.6392630331055709,1.2898658478837992,0.9659358605348446,121.77,120.59,124.79,126.65,177.12,199.07,178.22,170.99,179.46,211.87,227.92,230.15,235.18,242.72,250.83,248.74,243.52,239.32,237.32,199.17,190.39,185.64,184.16,141.5
BN115_2020-06-27,BN115,2020-06-27,0,low activity,4621.55,7300.735000000001,0.6330253049864157,1.3083922060780473,0.9445091774434862,122.21,120.52,125.72,126.86,174.98,171.05,156.69,152.84,196.47,223.71,228.81,236.41,247.1,246.1,249.99,248.12,251.95,247.79,235.75,199.08,185.63,171.43,166.66,135.68
BN115_2020-06-28,BN115,2020-06-28,0,low activity,4574.139999999999,7300.735000000001,0.6265314382729956,1.3139781467117317,0.933756879518096,121.53,118.87,124.11,126.05,176.87,173.1,155.6,150.48,198.84,230.72,230.92,230.97,232.19,235.76,243.39,250.26,250.43,247.79,232.6,194.47,182.06,170.2,163.73,133.2
BN115_2020-06-29,BN115,2020-06-29,0,low activity,4596.299999999999,7300.735000000001,0.629566749101289,1.2947979896873574,0.9618490022837639,118.53,116.92,123.04,124.39,175.48,198.75,176.73,167.25,180.16,218.18,228.27,228.77,229.36,232.02,234.29,244.72,247.97,238.65,230.54,197.01,186.58,181.5,178.62,138.57
BN115_2020-06-30,BN115,2020-06-30,0,low activity,4578.27,7300.735000000001,0.6270971347405433,1.275258995209981,0.9648308529668642,119.67,119.76,124.93,124.29,162.91,188.49,172.48,168.89,181.81,224.16,230.51,229.35,229.03,231.19,239.47,243.27,241.33,235.44,230.03,195.72,182.31,186.28,179.25,137.7
