sample_id,building_id,date,class_id,class_name,daily_total,reference_daily_total,activity_ratio,peak_factor,pearson_24h,h00,h01,h02,h03,h04,h05,h06,h07,h08,h09,h10,h11,h12,h13,h14,h15,h16,h17,h18,h19,h20,h21,h22,h23
BN056_2019-08-10,BN056,2019-08-10,2,peak dominant,636.37,720.96,0.8826703284509543,1.7680280340053742,0.936809390202405,15.04,15.43,14.55,15.1,12.95,14.55,27.17,35.63,33.27,35.73,36.28,44.59,46.88,44.71,42.26,35.94,29.51,26.21,25.49,22.52,15.27,16.25,15.85,15.19
BN056_2019-08-11,BN056,2019-08-11,2,peak dominant,643.06,720.96,0.8919496227252551,1.7832239604391504,0.9432704799643714,14.64,13.29,15.47,14.16,13.97,13.39,28.31,33.35,31.65,31.84,38.59,43.53,47.78,45.87,42.52,38.87,30.63,27.94,26.17,23.35,17.23,17.19,17.01,16.31
BN056_2019-08-18,BN056,2019-08-18,2,peak dominant,635.8399999999999,720.96,0.8819351975144251,1.7623301459486667,0.9480508900554714,15.05,16.07,14.59,13.76,15.35,13.68,29.24,34.43,34.24,36.67,37.24,40.11,41.83,46.69,38.09,37.13,30.11,27.55,26.74,25.06,15.92,16.33,14.99,14.97
BN056_2019-08-27,BN056,2019-08-27,2,peak dominant,750.1500000000001,720.96,1.0404876830892145,1.6127974405118972,0.963243235947787,18.03,16.48,17.24,16.01,16.89,24.07,33.18,38.3,38.37,43.78,46.43,49.25,50.41,48.34,42.42,39.67,37.31,37.63,28.11,25.42,21.84,20.97,20.29,19.71
BN056_2019-08-31,BN056,2019-08-31,2,peak dominant,679.44,720.96,0.9424101198402131,1.6481808548216175,0.9796444087019909,17.54,16.55,15.93,15.86,15.5,14.63,30.44,33.79,36.19,37.76,38.36,42.22,46.66,42.45,39.88,40.16,40.82,32.97,27.24,24.54,18.09,18.06,17.55,16.25
BN056_2019-09-08,BN056,2019-09-08,2,peak dominant,663.25,720.96,0.9199539502885041,1.6645307199396908,0.9743812952235696,16.99,16.13,15.28,15.53,15.09,14.47,29.2,33.76,35.5,36.39,38.47,46.0,40.11,45.6,39.3,37.34,38.66,31.94,27.64,24.42,16.57,17.17,16.9,14.79
BN056_2019-09-11,BN056,2019-09-11,2,peak dominant,689.41,720.96,0.9562389036839768,1.6574172118188017,0.9854766016742312,16.13,15.73,14.05,13.27,14.06,22.1,30.28,31.72,32.68,33.71,40.92,46.49,47.61,45.42,42.83,40.92,39.61,39.34,29.32,24.8,18.93,16.33,18.65,14.51
BN056_2019-09-14,BN056,2019-09-14,2,peak dominant,618.06,720.96,0.857273635153129,1.6965343170565965,0.9758760730038467,15.24,13.94,15.71,14.33,13.42,15.36,29.26,33.26,32.49,32.98,36.79,36.17,33.29,43.69,37.76,36.91,37.58,30.58,25.41,23.81,15.18,14.89,15.56,14.45
BN056_2019-09-15,BN056,2019-09-15,2,peak dominant,624.81,720.96,0.8666361517976031,1.8291640658760264,0.9550402472000029,15.28,13.79,12.5,13.87,13.76,12.93,26.79,32.5,28.61,30.01,38.72,46.43,47.62,43.65,36.48,35.29,35.1,31.3,25.72,23.31,14.69,16.08,14.81,15.57
BN056_2019-09-17,BN056,2019-09-17,2,peak dominant,632.25,720.96,0.8769557256990679,1.690344009489917,0.9835071762944132,12.02,13.3,11.9,11.39,11.76,20.18,26.11,28.51,28.3,31.87,39.59,42.83,44.53,42.42,40.92,37.7,38.91,36.1,27.23,23.66,16.11,15.39,17.02,14.5
BN056_2019-09-18,BN056,2019-09-18,2,peak dominant,645.99,720.96,0.8960136484687083,1.655877025960154,0.9804016369799665,13.73,13.6,12.85,12.4,12.02,19.68,27.35,26.17,27.72,31.76,38.6,41.5,44.57,43.32,41.48,42.16,42.36,37.91,28.5,24.76,16.9,17.44,15.26,13.95
BN056_2019-09-19,BN056,2019-09-19,2,peak dominant,649.74,720.96,0.9012150466045272,1.6747622125773387,0.9843856368251106,15.24,14.67,13.26,12.37,12.85,21.22,27.45,29.69,28.29,38.17,40.07,42.11,45.34,41.89,39.74,40.13,39.96,35.37,28.66,23.0,15.27,17.04,14.99,12.96
BN056_2019-09-20,BN056,2019-09-20,2,peak dominant,617.1500000000001,720.96,0.8560114292055039,1.855367414728996,0.958604779276088,14.24,14.45,12.99,11.13,11.18,19.86,27.0,25.55,25.51,30.34,40.94,45.24,47.71,43.9,39.36,37.88,36.32,32.26,25.63,20.8,14.44,14.01,12.98,13.43
BN056_2019-09-21,BN056,2019-09-21,2,peak dominant,590.49,720.96,0.8190329560585885,2.1561753797693437,0.8993441139607182,13.31,13.22,11.76,11.21,11.46,12.21,25.27,28.05,24.7,28.35,40.81,49.19,53.05,48.71,39.81,32.94,29.07,25.82,20.29,18.82,13.39,13.65,12.56,12.84
BN056_2019-09-22,BN056,2019-09-22,2,peak dominant,605.95,720.96,0.8404765867731914,2.0900734384025084,0.9044278818031484,11.68,11.22,11.91,11.61,11.2,11.1,26.02,29.05,24.7,31.5,47.11,52.77,50.94,48.3,38.4,32.72,31.54,26.14,23.02,19.94,14.67,12.59,13.41,14.41
BN056_2019-09-23,BN056,2019-09-23,2,peak dominant,588.47,720.96,0.8162311362627608,1.809166142709059,0.9451790715105581,13.49,13.03,14.31,12.51,12.44,21.32,30.47,31.17,31.22,32.23,36.19,38.14,44.36,43.44,34.26,33.74,29.75,27.37,21.6,18.73,11.34,12.77,13.16,11.43
BN056_2019-09-24,BN056,2019-09-24,2,peak dominant,583.6599999999999,720.96,0.8095594762538835,1.8989137511564957,0.9605654676819146,11.51,11.94,10.52,12.21,8.88,17.97,26.46,27.72,27.17,29.18,34.29,40.52,46.18,46.02,38.48,35.9,30.23,31.06,23.82,20.28,13.49,13.68,13.41,12.74
BN056_2019-09-25,BN056,2019-09-25,2,peak dominant,552.64,720.96,0.7665335108743896,1.652431962941517,0.9814841406025354,11.67,11.58,11.13,10.16,10.58,19.03,27.7,26.57,26.4,29.34,30.57,30.9,34.3,36.84,38.05,35.55,32.93,30.19,25.46,19.16,14.65,15.19,12.31,12.38
BN056_2019-09-26,BN056,2019-09-26,2,peak dominant,605.5899999999999,720.96,0.8399772525521525,1.9090143496424976,0.9484167849417957,12.88,12.32,12.6,12.18,11.48,17.83,28.01,28.71,27.33,32.31,37.97,45.34,47.26,48.17,38.44,33.16,30.86,30.08,26.2,19.92,13.95,13.01,12.74,12.84
BN056_2019-09-27,BN056,2019-09-27,2,peak dominant,579.4100000000001,720.96,0.8036645583666223,1.9132565885987467,0.9343285504055436,13.04,11.4,11.19,12.14,9.11,19.84,26.52,26.75,26.68,30.17,37.73,42.91,46.19,46.0,41.26,32.22,27.27,28.93,21.29,17.44,13.71,12.64,12.27,12.71
BN056_2019-09-28,BN056,2019-09-28,2,peak dominant,566.0699999999999,720.96,0.7851614513981356,2.14828554772378,0.9056702054077591,11.59,11.09,11.17,10.98,10.25,10.39,24.93,26.87,25.42,28.0,36.66,49.48,50.67,46.05,38.74,32.06,29.16,22.76,22.24,17.7,13.17,13.09,11.93,11.67
BN056_2019-09-29,BN056,2019-09-29,2,peak dominant,584.2,720.96,0.8103084775854417,2.2114344402601844,0.8905490672413816,12.4,11.17,11.34,11.01,10.41,11.16,25.31,28.46,25.71,26.67,40.53,53.25,53.83,51.01,38.79,31.85,28.03,25.51,21.38,18.89,12.94,12.12,10.95,11.48
BN056_2019-09-30,BN056,2019-09-30,2,peak dominant,578.8399999999999,720.96,0.8028739458499776,2.0196254578121766,0.9446023953631209,10.9,11.3,10.35,10.48,10.37,18.03,27.88,25.52,21.35,28.02,37.05,46.39,48.71,43.98,38.22,36.66,34.95,30.31,22.05,18.54,13.19,11.61,11.72,11.26
BN056_2019-10-01,BN056,2019-10-01,2,peak dominant,589.6099999999999,720.96,0.8178123612960495,1.9420294771119897,0.9750287702016015,10.76,9.65,9.76,10.04,10.02,17.3,27.99,30.56,28.82,31.46,36.28,46.1,47.71,43.17,38.84,36.87,34.66,33.86,22.14,18.25,12.13,11.29,11.07,10.88
BN056_2019-10-02,BN056,2019-10-02,2,peak dominant,598.95,720.96,0.830767310252996,1.8384172301527675,0.9788399831270322,10.55,10.14,9.61,10.13,10.08,16.84,27.77,30.77,29.1,31.43,38.94,43.78,45.88,43.43,42.44,39.91,35.24,32.87,21.48,18.77,11.79,13.28,13.14,11.58
BN056_2019-10-03,BN056,2019-10-03,2,peak dominant,611.34,720.96,0.8479527296937417,1.7320639905780744,0.9902298454154291,11.0,10.32,10.64,10.31,9.35,18.3,28.22,29.91,29.69,32.31,36.89,41.45,44.12,41.29,42.85,42.63,38.68,34.13,26.52,20.54,14.05,13.16,13.67,11.31
BN056_2019-10-04,BN056,2019-10-04,2,peak dominant,614.6700000000001,720.96,0.8525715712383489,1.71018595343843,0.9925902178239693,12.29,11.82,12.76,11.03,9.75,18.57,28.18,30.42,30.09,31.78,38.54,41.39,43.8,41.44,38.94,40.39,37.78,35.63,26.09,21.73,14.05,12.44,13.23,12.53
BN056_2019-10-05,BN056,2019-10-05,2,peak dominant,561.94,720.96,0.7794329782512206,1.9419866889703523,0.9495058181570494,11.16,12.59,11.76,11.66,9.8,10.71,25.77,29.01,27.45,30.04,36.71,43.56,45.47,41.43,35.61,34.0,33.72,23.42,22.15,19.23,11.13,11.72,11.68,12.16
BN056_2019-10-06,BN056,2019-10-06,2,peak dominant,560.36,720.96,0.7772414558366622,2.0776643586265973,0.9298580422997548,10.87,10.12,11.19,10.66,10.59,10.12,25.44,29.08,26.84,29.39,40.4,46.83,48.51,43.97,34.29,33.35,31.31,24.63,19.6,17.28,11.06,12.32,11.59,10.92
BN056_2019-10-07,BN056,2019-10-07,2,peak dominant,599.74,720.96,0.8318630714602752,1.7719678527361857,0.9865121994567981,11.58,10.31,10.19,10.62,10.58,18.26,27.91,29.2,26.56,31.34,36.39,41.64,44.28,41.66,41.73,39.45,38.59,35.6,23.74,19.68,13.81,11.98,13.0,11.64
BN056_2019-10-08,BN056,2019-10-08,2,peak dominant,608.8199999999999,720.96,0.8444573901464713,1.729772346506357,0.985169021588167,12.3,12.92,10.68,10.52,11.24,18.78,27.83,30.88,32.16,35.14,38.0,42.34,43.88,41.08,39.98,38.22,35.18,31.92,24.71,18.5,14.72,13.99,12.14,11.71
BN056_2019-10-09,BN056,2019-10-09,2,peak dominant,586.84,720.96,0.8139702618730581,1.747120169040965,0.984144535800215,10.95,11.22,11.45,10.76,10.41,19.08,27.93,26.66,27.13,30.44,35.64,40.76,42.72,40.64,38.32,38.22,36.41,32.77,23.98,19.81,14.21,13.99,12.24,11.1
BN056_2019-10-10,BN056,2019-10-10,2,peak dominant,577.7,720.96,0.8012927208166889,1.8075817898563264,0.973890527598959,11.93,11.78,11.31,10.0,10.73,18.5,25.36,25.92,26.75,29.26,35.35,42.38,43.51,40.26,38.15,34.44,33.77,31.08,23.29,21.3,14.29,14.49,11.6,12.25
BN056_2019-10-11,BN056,2019-10-11,2,peak dominant,598.52,720.96,0.8301708832667554,2.1084007217803915,0.9029379519219333,11.94,11.94,10.85,12.11,11.48,19.03,25.11,24.94,24.71,29.35,43.58,52.58,52.43,46.74,37.29,32.97,30.47,27.14,23.68,20.78,12.81,12.43,12.42,11.74
BN056_2019-10-12,BN056,2019-10-12,2,peak dominant,556.36,720.96,0.7716932978251221,2.1784456107556256,0.8876562044588749,11.51,12.01,12.83,11.88,10.57,11.56,25.46,27.29,24.78,26.04,40.53,47.67,50.5,43.52,33.69,30.76,28.08,22.24,18.94,17.7,12.3,12.35,12.05,12.1
BN056_2019-10-13,BN056,2019-10-13,2,peak dominant,560.3199999999999,720.96,0.7771859742565467,2.1206453455168477,0.9010317364299963,11.65,11.2,11.53,11.52,11.18,11.18,26.85,27.75,25.84,27.7,40.11,47.13,49.51,45.33,35.04,30.1,29.98,21.53,20.0,17.74,12.05,11.74,11.69,11.97
BN056_2019-10-14,BN056,2019-10-14,2,peak dominant,548.32,720.96,0.7605415002219263,1.8549751969652757,0.9324906799085052,11.79,11.51,10.83,11.54,11.67,18.89,27.2,26.47,26.55,22.26,34.35,41.86,42.38,41.04,33.5,29.69,27.42,27.07,24.89,18.56,11.72,12.88,12.65,11.6
BN056_2019-10-15,BN056,2019-10-15,2,peak dominant,569.4100000000001,720.96,0.789794163337772,1.816617200259918,0.962179799590226,11.9,12.37,11.53,10.61,11.46,19.18,27.1,27.15,25.77,27.81,33.86,43.1,42.37,39.49,36.25,31.91,31.67,29.71,23.21,23.15,13.09,12.12,12.48,12.12
BN056_2019-10-16,BN056,2019-10-16,2,peak dominant,567.4,720.96,0.7870062139369729,1.7481847021501586,0.9778447254655851,11.29,10.59,11.88,11.96,10.63,18.3,27.1,26.09,27.58,30.48,33.93,39.08,41.33,40.4,36.49,35.93,30.51,31.13,24.35,18.18,12.2,13.83,12.96,11.18
BN056_2019-10-17,BN056,2019-10-17,2,peak dominant,565.2,720.96,0.7839547270306259,1.7286624203821657,0.980862080873501,10.49,10.98,11.05,10.75,9.58,18.24,25.92,25.43,24.52,29.5,33.4,38.85,40.71,39.39,36.79,37.92,33.7,31.69,23.79,19.78,14.09,14.03,11.74,12.86
BN056_2019-10-18,BN056,2019-10-18,2,peak dominant,548.8000000000001,720.96,0.7612072791833112,1.9311953352769675,0.9467494980063229,12.21,11.04,11.14,10.82,10.01,18.4,26.67,26.0,26.31,28.71,34.69,41.52,44.16,40.92,33.51,30.85,30.87,24.83,21.11,17.71,11.83,12.17,11.79,11.53
BN056_2019-10-19,BN056,2019-10-19,2,peak dominant,535.6300000000001,720.96,0.7429399689303152,2.261411795455818,0.8781699353498559,11.31,10.47,10.81,11.03,10.32,9.54,25.57,25.77,24.54,25.76,40.33,49.02,50.47,43.76,35.56,28.65,25.38,20.96,17.79,18.0,10.04,10.41,10.37,9.77
BN056_2019-10-20,BN056,2019-10-20,2,peak dominant,522.41,720.96,0.7246033067021748,2.376524185984189,0.8625151246064696,10.02,10.17,9.66,10.05,9.63,9.33,24.52,25.44,23.22,26.29,34.35,48.66,51.73,46.55,36.04,27.76,23.78,18.19,17.93,18.15,10.03,10.24,10.52,10.15
BN056_2019-10-21,BN056,2019-10-21,2,peak dominant,544.25,720.96,0.7548962494451842,1.9274965548920535,0.9468294557960397,9.7,10.41,9.47,9.64,10.23,17.74,23.59,24.13,26.94,30.3,37.05,43.71,43.11,40.6,33.63,30.72,29.92,25.43,20.89,18.78,13.46,12.83,10.99,10.98
BN056_2019-10-22,BN056,2019-10-22,2,peak dominant,559.41,720.96,0.7759237683089214,1.8877031157826996,0.9714535220468925,10.66,11.08,10.92,9.31,10.61,17.42,24.73,23.99,27.22,28.32,36.11,42.68,44.0,40.01,34.45,35.27,33.05,31.26,23.04,19.52,12.35,11.82,10.98,10.61
BN056_2019-10-23,BN056,2019-10-23,2,peak dominant,582.57,720.96,0.8080476031957391,1.9461352283845716,0.9463714754621139,10.54,10.71,10.51,10.02,10.35,18.13,22.89,25.45,27.11,29.38,40.09,47.24,47.16,42.32,36.63,34.35,31.51,29.05,23.89,21.85,13.86,13.23,14.2,12.1
BN056_2019-10-24,BN056,2019-10-24,2,peak dominant,597.33,720.96,0.8285203062583223,2.1873336346743004,0.8944527406211314,11.25,11.81,11.71,11.22,11.03,19.71,24.67,26.32,26.56,30.71,41.67,52.24,54.44,48.8,38.75,32.79,30.86,24.72,19.35,17.44,13.53,13.24,12.62,11.89
BN056_2019-10-25,BN056,2019-10-25,2,peak dominant,604.0699999999999,720.96,0.8378689525077673,2.2674193388183492,0.8723934187852778,11.37,10.94,11.85,12.03,10.26,19.23,24.41,26.19,23.56,30.65,48.39,57.07,54.14,53.6,42.75,30.76,28.79,25.93,20.24,16.57,11.86,11.82,10.95,10.71
BN056_2019-10-26,BN056,2019-10-26,2,peak dominant,574.44,720.96,0.7967709720372836,2.396072696887403,0.8279804691912709,11.36,11.59,11.18,11.16,10.3,10.47,24.15,25.22,25.56,30.19,47.53,57.29,57.35,51.99,39.53,26.68,23.96,19.29,17.1,18.79,11.31,11.16,10.23,11.05
BN056_2019-10-27,BN056,2019-10-27,2,peak dominant,544.9300000000001,720.96,0.7558394363071461,2.470335639439928,0.8491535175050318,10.3,10.87,10.29,10.08,10.21,10.34,23.38,25.11,24.57,26.88,39.1,48.96,56.09,50.57,37.04,26.87,24.2,19.49,18.0,18.13,11.54,11.47,11.22,10.22
BN056_2019-10-28,BN056,2019-10-28,2,peak dominant,582.9300000000001,720.96,0.8085469374167776,2.299006741804333,0.8707218634153416,11.16,11.21,10.18,10.79,9.95,19.11,24.73,25.15,25.26,29.58,42.56,54.33,55.84,51.73,40.68,29.73,25.41,24.94,20.11,17.26,10.59,10.64,11.52,10.47
BN056_2019-10-29,BN056,2019-10-29,2,peak dominant,551.19,720.96,0.7645223035952065,2.3425678985467804,0.9017238504617435,10.25,9.78,9.51,9.45,9.43,17.5,23.32,25.21,26.29,29.05,35.81,44.57,53.8,50.59,40.07,28.34,26.77,25.36,20.16,16.02,10.1,9.98,9.9,9.93
BN056_2019-10-30,BN056,2019-10-30,2,peak dominant,606.78,720.96,0.8416278295605858,2.481953920696134,0.8470958035015823,9.72,9.64,10.14,10.58,9.72,17.76,22.66,24.75,24.88,31.27,50.01,62.27,62.75,57.54,43.39,30.11,26.22,25.45,19.1,16.34,10.77,11.17,10.2,10.34
BN056_2019-10-31,BN056,2019-10-31,2,peak dominant,577.88,720.96,0.8015423879272081,2.430816086384717,0.8626070994582246,9.94,10.06,10.9,10.17,9.79,17.93,21.9,23.43,24.91,29.23,45.87,57.39,58.53,52.22,40.21,28.01,27.03,25.04,21.06,16.4,9.61,9.58,9.18,9.49
BN056_2019-11-01,BN056,2019-11-01,2,peak dominant,564.0799999999999,720.96,0.7824012427873944,2.447312437952064,0.8404914968087379,8.99,9.1,9.29,9.39,9.11,16.96,21.17,24.51,24.16,28.64,46.63,57.52,56.52,52.02,39.27,25.55,22.54,23.23,19.26,17.74,11.58,10.83,9.9,10.17
BN056_2019-11-02,BN056,2019-11-02,2,peak dominant,540.02,720.96,0.7490290723479804,2.5190178141550312,0.8073905330396517,10.09,10.74,9.93,10.95,9.93,10.95,23.12,22.46,21.22,24.14,46.89,56.68,56.43,50.34,38.48,24.24,22.04,19.36,16.7,15.29,9.95,10.08,9.85,10.16
BN056_2019-11-03,BN056,2019-11-03,2,peak dominant,516.98,720.96,0.7170716822015091,2.4363031451893686,0.8504383725592058,9.97,9.96,9.95,10.13,9.93,10.32,23.37,22.72,22.4,25.98,40.29,52.48,44.89,47.61,36.86,24.28,21.17,21.04,18.82,14.99,9.96,9.89,10.08,9.89
BN056_2019-11-04,BN056,2019-11-04,2,peak dominant,557.79,720.96,0.7736767643142476,2.1027268326789654,0.9233145307990298,10.14,9.84,10.12,10.16,9.99,17.92,23.96,24.77,26.75,27.9,38.71,48.87,46.72,43.37,33.34,31.29,28.16,28.34,20.86,16.82,14.86,12.25,11.35,11.3
BN056_2019-11-05,BN056,2019-11-05,2,peak dominant,534.99,720.96,0.7420522636484687,1.9747658834744575,0.933019486864293,11.38,11.34,12.21,11.19,10.41,17.84,23.58,25.56,29.12,29.41,32.74,44.02,43.39,40.61,32.06,28.57,28.05,24.88,20.75,15.62,11.28,10.34,10.42,10.22
BN056_2019-11-06,BN056,2019-11-06,2,peak dominant,530.7,720.96,0.7361018641810919,1.9491237987563594,0.9411848224461709,10.26,10.56,11.33,10.18,10.42,18.14,23.74,25.12,24.3,27.18,33.82,41.34,43.1,41.38,31.81,29.04,28.05,27.31,19.75,17.64,12.3,11.84,10.8,11.29
BN056_2019-11-07,BN056,2019-11-07,2,peak dominant,531.06,720.96,0.7366011984021303,1.9035137272624563,0.9424984555511534,10.41,10.96,10.7,10.7,10.42,18.5,23.36,25.42,26.06,29.74,34.57,41.5,42.12,40.64,33.42,30.12,26.99,24.74,21.04,15.98,10.69,11.43,10.44,11.11
BN056_2019-11-08,BN056,2019-11-08,2,peak dominant,529.0899999999999,720.96,0.7338687305814469,2.1841274641365365,0.9091942463144177,10.48,11.13,10.23,10.48,10.18,17.95,23.4,26.04,23.89,25.39,35.02,43.03,48.15,39.99,32.98,28.37,25.51,24.35,20.17,17.9,10.91,11.57,11.41,10.56
BN056_2019-11-09,BN056,2019-11-09,2,peak dominant,486.23,720.96,0.674420217487794,2.412685354667544,0.8349368972112944,11.13,10.64,11.29,11.93,10.48,10.32,25.75,26.11,22.75,22.2,26.62,36.15,48.88,43.78,24.36,23.49,23.37,19.65,18.18,15.89,10.48,11.14,10.6,11.04
BN056_2019-11-10,BN056,2019-11-10,2,peak dominant,508.16,720.96,0.704837993786063,2.178211586901763,0.883403896733113,10.43,10.64,10.34,10.45,10.68,10.38,24.54,25.18,23.86,25.27,34.58,43.71,46.12,41.81,29.89,24.05,23.65,21.94,19.85,17.09,11.34,11.03,10.24,11.09
BN056_2019-11-11,BN056,2019-11-11,2,peak dominant,510.43999999999994,720.96,0.7080004438526408,2.0546979076874856,0.9123258173458844,10.46,10.59,10.33,10.29,10.37,18.6,24.06,23.05,23.86,25.19,29.64,38.99,43.7,41.65,30.69,24.68,24.63,25.59,22.54,18.78,10.5,10.83,11.22,10.2
BN056_2019-11-12,BN056,2019-11-12,2,peak dominant,533.74,720.96,0.7403184642698624,1.9299284295724513,0.9413181031445474,10.38,10.93,10.22,10.39,10.22,18.25,23.85,24.53,25.38,29.66,33.35,41.61,42.92,37.85,31.54,30.56,28.79,24.0,19.76,19.58,14.17,12.33,11.76,11.71
BN056_2019-11-13,BN056,2019-11-13,2,peak dominant,536.02,720.96,0.7434809143364403,1.9544046863922988,0.9533870457956226,11.72,11.43,11.36,10.31,11.07,18.49,24.27,25.69,28.0,28.96,33.54,32.73,43.65,38.86,30.57,28.47,27.34,28.32,24.34,19.94,12.63,11.65,11.12,11.56
BN056_2019-11-14,BN056,2019-11-14,2,peak dominant,526.68,720.96,0.7305259653794939,1.8751424014581912,0.9566665795498251,11.44,10.95,10.55,9.99,9.34,17.7,25.61,28.6,28.71,28.75,31.14,38.88,41.15,35.91,31.37,27.72,26.85,26.67,23.12,18.22,11.08,10.8,11.23,10.9
BN056_2019-11-15,BN056,2019-11-15,2,peak dominant,509.08000000000004,720.96,0.7061140701287173,2.0366150703229353,0.932995246807428,10.47,10.68,10.6,10.42,10.62,18.63,24.96,27.47,28.17,29.6,28.84,35.82,43.2,35.26,27.95,25.29,26.46,25.18,20.12,17.1,10.49,10.51,10.71,10.53
BN056_2019-11-16,BN056,2019-11-16,2,peak dominant,470.48999999999995,720.96,0.6525882157123833,2.777019702862973,0.7782774777318542,10.42,10.68,11.2,10.51,10.49,10.5,25.31,25.73,24.18,21.8,24.59,44.32,54.44,25.81,24.85,21.81,21.47,19.21,17.01,15.19,10.19,10.34,10.19,10.25
BN056_2019-11-17,BN056,2019-11-17,2,peak dominant,509.65999999999997,720.96,0.7069185530403905,2.273044774948005,0.8685719796329845,10.29,10.34,10.31,10.47,10.26,10.22,23.39,24.4,23.91,24.96,33.94,48.17,48.27,44.73,31.18,23.79,24.8,21.66,17.98,15.69,10.3,10.12,10.3,10.18
BN056_2019-11-18,BN056,2019-11-18,2,peak dominant,506.97,720.96,0.7031874167776299,1.9030711876442394,0.9513881491244839,10.37,10.36,10.38,10.26,10.48,18.29,25.58,25.98,24.82,25.2,29.68,38.68,40.2,36.06,30.12,28.69,28.2,26.45,18.29,15.97,10.74,10.98,10.49,10.7
BN056_2019-11-20,BN056,2019-11-20,2,peak dominant,532.97,720.96,0.7392504438526409,1.6697375086777866,0.9852247677990243,10.59,10.49,11.31,10.87,10.47,18.29,24.12,26.8,27.64,29.34,33.53,34.45,37.08,35.65,30.63,32.09,29.61,29.09,23.88,20.54,11.82,12.18,10.99,11.51
BN056_2019-11-21,BN056,2019-11-21,2,peak dominant,539.51,720.96,0.7483216822015091,1.7967414876461973,0.9751890484170379,10.89,10.68,10.86,11.0,10.51,18.36,22.82,25.7,25.3,29.87,32.05,34.39,39.85,40.39,33.73,31.24,29.62,29.16,25.06,20.78,11.97,11.91,11.71,11.66
BN056_2019-11-22,BN056,2019-11-22,2,peak dominant,557.18,720.96,0.7728306702174876,2.0481711475645215,0.8934839366790529,11.44,11.06,10.92,10.96,10.83,20.14,26.26,24.55,27.57,26.42,33.51,45.93,47.55,46.5,31.84,27.19,26.15,25.6,22.96,20.11,12.41,12.34,12.96,11.98
BN056_2019-11-23,BN056,2019-11-23,2,peak dominant,530.8800000000001,720.96,0.7363515312916113,2.493670886075949,0.7872499753633846,11.57,12.67,12.03,13.49,11.98,12.81,22.21,24.32,23.6,25.25,36.03,55.16,51.46,41.28,36.5,22.19,18.44,18.83,18.39,16.98,11.48,11.39,11.41,11.41
BN056_2019-11-24,BN056,2019-11-24,2,peak dominant,501.27000000000004,720.96,0.6952812916111851,2.3829074151654797,0.8533193416785438,11.26,11.62,11.44,12.4,11.57,11.38,23.86,22.26,22.36,26.44,26.03,25.41,42.77,49.77,33.84,24.18,24.3,23.01,21.3,19.87,11.65,11.43,11.63,11.49
BN056_2019-11-25,BN056,2019-11-25,2,peak dominant,535.26,720.96,0.7424267643142476,1.6509359937226769,0.974014412542605,11.7,11.46,11.7,12.68,11.82,19.65,23.97,24.83,26.63,30.87,33.45,34.64,36.82,36.58,31.41,30.25,29.42,27.11,23.37,20.27,11.19,11.99,11.87,11.58
BN056_2019-11-26,BN056,2019-11-26,2,peak dominant,561.36,720.96,0.7786284953395473,1.9670799486960238,0.9329274423423254,11.47,11.55,11.27,11.9,11.24,18.9,22.22,24.49,24.65,26.63,33.32,43.4,46.01,45.62,33.09,30.68,30.51,29.17,24.54,21.2,13.24,12.02,12.21,12.03
BN056_2019-11-27,BN056,2019-11-27,2,peak dominant,518.01,720.96,0.7185003328894807,1.6781143221173338,0.9622122941507207,11.68,12.1,11.94,12.06,11.81,17.92,22.25,23.34,27.68,28.63,32.34,35.98,36.22,33.87,29.13,27.3,26.87,25.77,23.74,20.58,11.82,11.35,12.14,11.49
BN056_2019-11-29,BN056,2019-11-29,2,peak dominant,501.4000000000001,720.96,0.6954616067465602,2.0697247706422015,0.8834885841762771,11.84,11.32,10.44,11.41,11.42,18.91,22.37,23.7,22.6,23.04,24.69,24.6,42.03,43.24,32.5,26.22,24.36,25.41,22.25,18.5,13.06,12.01,13.13,12.35
BN056_2019-11-30,BN056,2019-11-30,2,peak dominant,547.54,720.96,0.7594596094096759,2.340212587208241,0.8059346910467444,13.5,12.3,13.17,13.27,12.5,14.05,22.28,23.7,22.68,23.66,33.95,50.29,53.39,48.14,34.49,23.66,23.43,20.59,19.67,18.32,11.92,13.14,12.23,13.21
BN056_2019-12-01,BN056,2019-12-01,2,peak dominant,545.1700000000001,720.96,0.7561723257878386,2.3908872461800903,0.7640243669193604,13.02,12.96,13.12,13.39,13.17,13.54,21.59,24.22,24.71,23.63,34.6,53.54,54.31,52.04,35.18,22.84,19.52,17.45,17.61,16.14,11.35,12.1,12.88,12.26
BN056_2019-12-03,BN056,2019-12-03,2,peak dominant,541.11,720.96,0.7505409454061251,1.780783944114875,0.9451307958958247,12.76,12.62,12.81,13.53,13.16,19.21,24.13,28.41,27.74,28.36,34.53,40.15,39.75,31.9,30.3,28.35,27.42,26.89,22.71,19.38,11.35,12.02,11.68,11.95
BN056_2019-12-04,BN056,2019-12-04,2,peak dominant,539.13,720.96,0.7477946071904127,1.9186467085860552,0.9577954350115709,11.91,11.75,10.71,11.67,12.03,18.34,22.84,23.51,25.17,28.7,33.47,39.32,43.1,38.67,32.1,30.3,30.26,28.14,23.42,18.81,11.62,11.11,10.85,11.33
BN056_2019-12-05,BN056,2019-12-05,2,peak dominant,537.63,720.96,0.7457140479360852,1.711958038055912,0.978540853765202,11.29,11.06,10.93,10.83,10.46,17.55,21.88,26.34,29.32,30.41,32.4,38.35,37.67,38.08,33.29,30.9,29.44,27.67,23.91,19.49,11.37,11.48,11.63,11.88
BN056_2019-12-09,BN056,2019-12-09,2,peak dominant,494.37,720.96,0.6857107190412782,1.803022028035682,0.9669109028314806,10.86,10.84,11.19,10.51,10.74,18.35,22.22,22.79,24.42,26.27,30.36,37.14,34.92,29.13,28.96,28.84,27.01,27.17,22.01,18.18,10.5,10.38,10.62,10.96
BN056_2019-12-10,BN056,2019-12-10,2,peak dominant,507.86,720.96,0.7044218819351975,2.011262946481314,0.9245530525519057,10.33,10.68,10.68,10.72,10.55,16.96,22.79,22.78,24.48,23.97,28.69,39.42,42.56,41.84,31.66,26.63,26.43,25.04,20.46,17.6,10.77,11.15,10.71,10.96
BN056_2019-12-11,BN056,2019-12-11,2,peak dominant,503.86,720.96,0.6988737239236573,2.0481879887270273,0.9167300826956467,10.45,10.11,10.14,10.6,10.17,16.49,22.34,22.72,22.98,23.87,30.39,39.89,43.0,41.58,31.27,27.01,25.22,23.76,20.17,18.27,10.31,11.55,10.42,11.15
BN056_2019-12-12,BN056,2019-12-12,2,peak dominant,493.72,720.96,0.684809143364403,1.8204650409138783,0.9368567509447495,12.03,11.06,11.65,11.54,11.11,17.14,23.42,23.26,21.87,23.46,30.13,36.05,37.45,36.8,28.28,26.45,24.86,24.41,21.25,17.85,10.28,10.45,11.56,11.36
BN056_2019-12-13,BN056,2019-12-13,2,peak dominant,501.66999999999996,720.96,0.695836107412339,2.019335419698208,0.8983334001947637,10.08,11.55,10.92,11.45,11.62,17.74,22.39,22.83,21.5,23.18,29.18,38.47,41.95,42.21,30.16,24.52,24.38,24.03,21.32,17.97,10.75,11.38,10.67,11.42
BN056_2019-12-15,BN056,2019-12-15,2,peak dominant,504.63999999999993,720.96,0.6999556147359075,2.349397590361446,0.8392417865976591,10.36,10.98,10.6,10.7,11.34,10.86,20.31,22.09,24.1,21.96,27.75,41.65,49.4,47.59,33.02,24.29,21.62,21.31,18.57,18.73,11.96,11.43,12.18,11.84
BN056_2019-12-16,BN056,2019-12-16,2,peak dominant,525.54,720.96,0.7289447403462049,2.172850782052746,0.8409922474480175,11.62,11.95,12.14,12.07,11.57,19.76,24.63,23.1,22.98,24.58,28.36,42.43,46.26,47.58,32.23,23.87,22.51,21.87,20.75,16.94,11.77,12.39,12.19,11.99
BN056_2019-12-17,BN056,2019-12-17,2,peak dominant,556.08,720.96,0.7713049267643143,2.273198100992663,0.7931443173992865,12.93,12.84,12.93,13.6,12.81,18.21,27.46,24.07,22.9,21.91,31.07,49.06,52.16,52.67,38.48,23.49,21.19,22.48,20.23,15.47,11.96,13.78,12.09,12.29
BN056_2019-12-18,BN056,2019-12-18,2,peak dominant,528.29,720.96,0.7327590989791388,2.272842567529198,0.7885683828349658,13.17,12.37,12.18,13.44,12.23,17.32,27.47,23.86,22.63,22.64,29.32,46.8,50.03,49.84,33.13,22.49,20.68,19.84,17.51,14.8,12.14,11.57,11.46,11.37
BN056_2019-12-19,BN056,2019-12-19,2,peak dominant,526.4100000000001,720.96,0.7301514647137152,2.0493531657833244,0.8932061231386187,12.0,12.07,12.12,12.81,11.76,18.08,27.11,24.84,25.14,25.36,27.53,40.84,44.95,42.54,32.72,25.63,25.59,24.19,19.71,16.4,10.98,11.2,11.28,11.56
BN056_2019-12-20,BN056,2019-12-20,2,peak dominant,526.3600000000001,720.96,0.7300821127385709,2.131620943840717,0.8677120779834082,11.94,12.38,11.37,12.84,12.04,19.79,25.94,25.48,24.15,24.91,26.27,40.66,46.75,43.11,32.1,25.53,23.24,24.62,18.94,16.36,11.09,12.33,11.65,12.87
BN056_2019-12-21,BN056,2019-12-21,2,peak dominant,507.52000000000004,720.96,0.7039502885042166,2.091109709962169,0.8360746639375649,12.68,12.32,12.28,13.51,12.67,12.51,21.12,27.93,26.32,23.09,29.32,44.22,43.63,43.0,31.74,23.93,21.11,17.62,18.13,15.71,10.74,11.36,11.03,11.55
BN056_2019-12-25,BN056,2019-12-25,2,peak dominant,505.61,720.96,0.7013010430537061,2.379066869721722,0.8575505111467465,11.59,11.06,11.7,11.17,12.19,17.51,23.25,24.16,24.28,22.83,24.86,24.34,37.2,50.12,37.46,24.76,24.6,25.31,21.02,18.36,10.87,12.81,12.0,12.16
BN056_2019-12-26,BN056,2019-12-26,2,peak dominant,511.51,720.96,0.7094845761207279,2.2906297042091066,0.793562611102168,12.87,12.69,12.28,12.97,12.76,19.85,25.56,24.27,24.76,23.9,32.19,43.97,48.82,27.21,22.97,22.84,23.05,22.9,17.88,16.76,12.09,12.41,12.33,14.18
BN056_2019-12-28,BN056,2019-12-28,2,peak dominant,544.89,720.96,0.7557839547270305,2.2762759456037,0.8392730538047611,14.05,13.3,13.41,13.7,12.62,12.95,23.73,26.77,28.75,25.92,29.33,46.62,51.68,35.03,32.17,27.24,24.39,20.4,20.15,17.73,13.61,13.25,14.76,13.33
BN056_2019-12-29,BN056,2019-12-29,2,peak dominant,547.21,720.96,0.7590018863737239,2.110926335410537,0.8330534023099712,14.61,14.24,13.82,15.04,14.87,14.72,23.74,28.39,30.62,28.9,29.16,44.11,43.06,48.13,34.59,24.87,22.65,18.88,18.3,15.4,12.28,12.26,12.28,12.29
BN056_2020-01-01,BN056,2020-01-01,2,peak dominant,508.08000000000004,720.96,0.7047270306258322,2.235238545111006,0.8828207980687555,10.57,11.24,11.36,11.27,11.47,18.16,27.39,25.76,24.07,23.61,31.23,30.38,41.79,47.32,33.68,23.94,23.75,24.01,19.7,15.31,10.52,10.03,11.34,10.18
BN056_2020-01-02,BN056,2020-01-02,2,peak dominant,498.22999999999996,720.96,0.6910646915224145,2.230776950404432,0.8408280479590718,11.48,10.38,11.9,11.52,10.85,18.22,27.22,25.34,23.9,22.81,24.29,40.58,46.31,45.78,33.5,22.99,21.17,21.87,17.44,13.22,9.15,9.15,9.16,10.0
BN056_2020-01-03,BN056,2020-01-03,2,peak dominant,509.82,720.96,0.7071404793608521,2.2280804989996468,0.8704795584099825,10.12,9.29,9.88,10.12,10.82,18.69,26.3,25.46,24.34,24.58,27.28,42.06,47.33,43.8,34.31,23.73,22.4,22.59,19.41,14.72,10.47,11.58,10.85,9.69
BN056_2020-01-04,BN056,2020-01-04,2,peak dominant,492.80000000000007,720.96,0.6835330670217489,2.426785714285714,0.8292662232337646,9.69,11.36,12.03,9.87,10.45,10.57,20.41,25.76,27.35,23.89,28.46,42.14,49.83,49.57,36.67,23.17,21.61,15.9,14.71,12.97,8.86,9.21,9.83,8.49
BN056_2020-01-05,BN056,2020-01-05,2,peak dominant,494.84000000000003,720.96,0.6863626276076342,2.368280656373777,0.87463521882318,9.28,9.67,9.7,9.65,9.81,9.88,20.31,27.1,28.73,26.42,28.41,42.74,48.83,45.86,36.2,24.43,23.6,18.1,16.41,13.75,9.24,8.78,9.17,8.77
BN056_2020-01-06,BN056,2020-01-06,2,peak dominant,506.0,720.96,0.7018419884598313,2.1182608695652174,0.9264993248360376,8.91,9.81,8.77,9.59,9.8,18.09,24.53,25.19,25.15,23.73,27.46,38.02,44.66,44.34,34.01,27.79,26.97,25.52,19.48,16.65,9.15,9.63,9.35,9.4
BN056_2020-01-07,BN056,2020-01-07,2,peak dominant,484.22,720.96,0.6716322680869952,1.8611374994837055,0.9598820214694117,9.34,11.11,9.54,10.54,10.24,17.78,24.66,25.48,22.78,25.65,28.9,33.14,37.55,35.67,32.07,27.55,26.53,25.44,19.38,16.12,8.48,8.65,8.63,8.99
BN056_2020-01-08,BN056,2020-01-08,2,peak dominant,516.26,720.96,0.7160730137594318,2.0501297795684343,0.9480764009723216,9.26,9.01,9.66,9.42,9.95,17.51,23.28,25.03,25.67,25.18,30.21,38.4,44.1,42.77,34.47,27.57,28.92,27.76,21.7,16.26,9.51,10.78,10.1,9.74
BN056_2020-01-09,BN056,2020-01-09,2,peak dominant,517.6300000000001,720.96,0.7179732578783845,1.8629523018372192,0.9590315754312525,10.93,11.21,11.42,10.56,11.07,18.24,25.97,27.07,25.32,25.76,28.52,38.32,40.18,37.54,33.91,28.94,29.2,27.99,20.37,16.57,9.69,9.26,9.78,9.81
BN056_2020-01-10,BN056,2020-01-10,2,peak dominant,506.08000000000004,720.96,0.7019529516200622,2.091368953525134,0.9158470360090708,10.05,10.74,10.89,10.34,9.23,17.28,24.63,25.28,25.12,25.78,20.7,37.67,44.1,42.7,34.7,27.29,27.07,25.73,21.38,16.6,9.98,9.24,10.35,9.23
BN056_2020-01-11,BN056,2020-01-11,2,peak dominant,514.54,720.96,0.7136873058144695,2.192249387802698,0.8800519942436781,10.54,10.53,11.08,10.7,10.15,11.04,21.2,25.61,30.73,27.21,27.78,41.35,47.0,46.01,34.67,26.01,24.27,18.48,19.71,16.65,11.79,10.9,11.14,9.99
BN056_2020-01-12,BN056,2020-01-12,2,peak dominant,511.86,720.96,0.7099700399467377,2.3040675184620794,0.8478730852957534,10.75,11.99,11.32,11.34,11.44,12.07,22.53,26.02,27.78,24.97,26.72,42.2,49.14,48.18,36.54,24.28,23.16,18.37,17.28,14.8,11.26,9.06,10.56,10.1
BN056_2020-01-13,BN056,2020-01-13,2,peak dominant,535.11,720.96,0.7422187083888149,1.8379772383248303,0.9666084252355359,10.29,10.53,10.07,11.66,10.54,18.8,27.47,25.59,25.27,28.72,28.77,36.38,40.73,40.98,34.95,32.46,30.44,28.62,22.22,17.57,11.25,10.74,10.56,10.5
BN056_2020-01-14,BN056,2020-01-14,2,peak dominant,553.87,720.96,0.7682395694629383,1.6920938126275118,0.9838058126352636,9.82,10.12,10.95,11.73,10.73,19.71,26.53,27.5,30.47,29.81,34.42,38.13,38.52,39.05,35.89,33.6,32.6,30.4,23.62,17.49,11.07,9.95,11.35,10.41
BN056_2020-01-15,BN056,2020-01-15,2,peak dominant,547.6300000000001,720.96,0.7595844429649358,1.6850793418914227,0.9885618489848242,10.92,11.34,12.33,10.99,10.04,18.03,24.64,27.68,26.89,31.79,35.04,37.38,38.45,34.08,34.6,34.84,33.92,31.25,22.99,18.07,11.86,10.62,10.16,9.72
BN056_2020-01-16,BN056,2020-01-16,2,peak dominant,514.4300000000001,720.96,0.7135347314691523,1.6202787551270335,0.9919581790534738,10.29,9.75,10.27,9.39,10.03,17.3,24.22,26.48,26.65,28.32,30.27,34.38,34.45,34.73,32.77,31.95,30.06,28.59,23.37,18.42,10.86,10.43,10.63,10.82
BN056_2020-01-17,BN056,2020-01-17,2,peak dominant,527.5899999999999,720.96,0.7317881713271193,1.9137587899694841,0.9699569747802936,10.68,9.59,10.34,10.21,9.96,17.84,25.37,26.57,25.57,27.23,29.81,34.85,39.29,42.07,33.75,29.31,30.08,28.95,22.97,19.11,10.97,11.04,11.4,10.63
BN056_2020-01-18,BN056,2020-01-18,2,peak dominant,497.1700000000001,720.96,0.6895944296493565,2.352837057746847,0.8758561233705422,10.51,10.72,10.59,10.81,10.91,12.26,21.12,25.57,28.23,25.46,24.16,33.2,42.23,48.74,38.13,25.05,24.86,19.24,17.47,16.57,10.05,9.61,11.68,10.0
BN056_2020-01-19,BN056,2020-01-19,2,peak dominant,516.59,720.96,0.7165307367953839,2.3438316653438895,0.8668835979889585,10.85,10.01,10.64,10.71,10.74,10.99,21.29,25.29,27.11,25.08,27.6,43.39,50.45,49.88,38.22,24.27,26.4,20.25,17.63,16.01,9.8,9.94,9.97,10.07
BN056_2020-01-21,BN056,2020-01-21,2,peak dominant,573.45,720.96,0.7953978029294274,1.6544075333507717,0.994653810500597,9.65,9.83,9.61,9.6,9.58,17.31,23.71,29.17,32.18,34.15,37.0,39.49,39.53,39.12,38.12,35.77,35.74,33.35,26.33,21.02,10.92,10.92,10.5,10.85
BN056_2020-01-22,BN056,2020-01-22,2,peak dominant,563.78,720.96,0.781985130936529,1.8709425662492465,0.9748833518546252,10.66,10.21,10.99,10.51,10.27,18.33,23.29,25.86,31.72,32.77,36.07,39.05,43.95,42.61,36.11,31.89,32.08,31.22,25.23,18.82,10.62,10.58,10.67,10.27
BN056_2020-01-23,BN056,2020-01-23,2,peak dominant,565.23,720.96,0.7839963382157124,1.832174513030094,0.9775143673816145,10.7,11.08,12.51,11.06,10.22,18.19,26.69,27.62,27.47,32.61,35.16,38.9,43.15,41.82,35.67,32.14,32.48,33.32,25.03,19.78,9.89,9.96,9.78,10.0
BN056_2020-01-24,BN056,2020-01-24,2,peak dominant,559.23,720.96,0.7756741011984021,1.8445362373263237,0.9703391294350784,9.59,9.51,10.74,10.11,9.64,16.97,24.11,24.39,27.14,34.26,36.1,40.89,42.55,42.98,35.71,30.15,32.24,31.52,25.33,20.49,11.1,11.14,11.41,11.16
BN056_2020-01-25,BN056,2020-01-25,2,peak dominant,535.74,720.96,0.7430925432756325,2.2354127001903907,0.9255039650800864,11.31,11.57,11.74,11.81,11.48,11.25,22.69,25.39,27.45,29.12,31.95,38.59,49.9,35.56,38.65,27.94,27.91,25.18,22.54,20.11,10.89,10.89,10.86,10.96
BN056_2020-01-26,BN056,2020-01-26,2,peak dominant,531.92,720.96,0.7377940523746115,2.0881335539178827,0.9322427449704992,10.78,11.06,11.21,10.96,11.19,11.18,22.56,25.53,27.8,29.71,31.78,37.75,42.08,46.28,36.07,27.4,27.03,24.02,22.79,19.73,10.96,11.21,11.3,11.54
BN056_2020-01-27,BN056,2020-01-27,2,peak dominant,579.23,720.96,0.803414891256103,1.7858191046734457,0.98408003679538,11.35,10.73,10.81,10.77,10.52,18.77,25.13,28.15,33.83,35.6,36.71,39.32,43.1,41.06,36.34,34.59,35.23,32.08,23.78,19.0,11.03,10.58,10.57,10.18
BN056_2020-01-28,BN056,2020-01-28,2,peak dominant,581.09,720.96,0.8059947847314691,1.823882703195718,0.9857073203129783,10.54,10.3,10.76,11.17,10.64,17.98,24.82,27.76,30.87,34.37,35.4,39.99,44.16,41.39,36.87,35.26,33.75,32.69,25.93,21.22,11.52,11.48,11.22,11.0
BN056_2020-01-29,BN056,2020-01-29,2,peak dominant,544.8399999999999,720.96,0.7557146027518862,1.692386755744806,0.9738958926038537,10.54,10.75,11.28,10.54,10.23,18.16,24.94,24.64,29.07,35.27,38.42,37.7,35.52,36.7,33.16,31.76,31.49,29.94,24.83,19.78,10.0,10.1,10.0,10.02
BN056_2020-01-30,BN056,2020-01-30,2,peak dominant,570.1199999999999,720.96,0.7907789613848201,1.9478004630604089,0.9682894974365335,10.42,10.19,10.71,10.94,9.98,18.6,26.71,29.27,28.44,32.44,35.83,40.29,46.27,42.67,40.62,33.18,31.86,28.91,24.45,20.3,10.29,9.52,8.96,9.27
BN056_2020-01-31,BN056,2020-01-31,2,peak dominant,550.5699999999999,720.96,0.7636623391034175,1.9493978967252121,0.9664857250642734,9.26,9.47,9.92,9.62,9.02,16.19,25.67,28.39,26.46,32.32,35.74,40.63,44.72,44.54,39.89,34.83,30.29,28.31,21.08,16.93,9.62,9.25,9.21,9.21
BN056_2020-02-01,BN056,2020-02-01,2,peak dominant,523.44,720.96,0.7260319573901465,2.1911966987620355,0.9362503785029608,9.59,9.69,9.54,10.39,9.41,9.23,21.62,25.56,27.33,26.58,31.11,44.93,47.79,44.91,36.87,32.78,31.62,23.92,18.61,16.22,8.87,8.83,9.04,9.0
BN056_2020-02-02,BN056,2020-02-02,2,peak dominant,526.26,720.96,0.7299434087882822,2.1206247862273404,0.954273785266233,9.08,9.1,9.1,9.26,9.33,9.33,24.18,27.59,28.32,29.02,30.25,39.71,46.5,45.56,37.68,33.46,32.04,24.7,19.68,16.97,8.67,8.82,8.97,8.94
BN056_2020-02-03,BN056,2020-02-03,2,peak dominant,571.54,720.96,0.7927485574789169,1.7577772334394794,0.9922189821567938,8.94,8.81,9.13,9.07,8.74,16.87,27.34,30.48,31.3,33.56,35.47,39.93,38.69,41.86,38.88,35.67,34.92,32.36,25.61,20.49,10.75,10.5,10.61,11.56
BN056_2020-02-04,BN056,2020-02-04,2,peak dominant,629.25,720.96,0.8727946071904127,1.8349463647199047,0.9705380331934328,10.86,12.26,12.09,12.97,13.09,20.93,27.67,31.24,31.24,31.38,33.73,42.09,48.11,47.4,39.49,35.83,35.19,36.36,30.54,24.39,12.08,13.28,13.21,13.82
BN056_2020-02-05,BN056,2020-02-05,2,peak dominant,624.3000000000001,720.96,0.8659287616511319,1.6057664584334455,0.9882952289904858,12.89,12.45,12.44,13.84,12.55,21.64,29.88,32.58,34.73,35.55,33.71,39.25,39.03,41.77,39.88,37.1,36.22,36.72,27.83,21.73,12.65,13.4,12.5,13.96
BN056_2020-02-06,BN056,2020-02-06,2,peak dominant,625.18,720.96,0.8671493564136705,1.8119581560510576,0.9517678522042385,13.35,13.31,13.77,13.51,13.51,22.09,30.64,30.41,32.39,33.3,35.26,43.56,47.2,46.12,41.62,34.56,31.74,29.02,25.75,22.55,12.52,13.35,12.72,12.93
BN056_2020-02-07,BN056,2020-02-07,2,peak dominant,589.9300000000001,720.96,0.818256213936973,1.9092434695641856,0.93997759457814,13.33,12.61,13.32,13.43,13.93,21.03,28.11,31.53,30.14,28.2,32.62,40.93,46.06,46.93,39.35,33.39,30.99,28.61,21.69,18.1,10.91,11.94,11.53,11.25
BN056_2020-02-08,BN056,2020-02-08,2,peak dominant,581.11,720.96,0.8060225255215269,2.034038306000585,0.9146120259310021,11.33,12.84,13.66,12.82,14.76,13.35,24.23,30.65,30.66,28.72,32.06,46.26,49.25,47.61,37.62,32.69,31.55,23.73,20.36,19.11,11.44,12.37,11.51,12.53
BN056_2020-02-09,BN056,2020-02-09,2,peak dominant,576.5799999999999,720.96,0.7997392365734575,2.331402407298207,0.8877555784515442,12.52,12.68,12.47,12.62,13.33,13.49,24.66,31.1,29.13,28.05,30.85,35.6,52.62,56.01,40.56,32.21,30.44,23.69,20.76,18.62,11.07,11.4,11.13,11.57
BN056_2020-02-10,BN056,2020-02-10,2,peak dominant,587.01,720.96,0.8142060585885486,1.9077017427301068,0.9515454933842785,11.19,12.48,11.24,11.25,12.4,19.58,29.82,31.83,33.75,35.85,36.23,41.38,46.01,46.66,35.41,31.79,31.8,30.59,21.28,17.2,10.17,10.3,9.58,9.22
BN056_2020-02-11,BN056,2020-02-11,2,peak dominant,573.23,720.96,0.7950926542387927,2.010083212672051,0.9819184820683623,9.48,9.21,8.97,8.6,9.49,16.47,24.7,26.95,28.46,32.48,38.94,38.62,39.71,48.01,38.07,35.93,34.59,33.14,26.09,20.42,11.94,11.07,11.29,10.6
BN056_2020-02-12,BN056,2020-02-12,2,peak dominant,596.26,720.96,0.8270361739902352,2.0515882333210342,0.9508830914143365,10.52,10.53,10.98,11.59,10.21,19.58,25.07,27.65,27.86,31.41,34.65,44.5,50.97,49.72,43.82,34.01,34.2,31.32,23.79,18.31,11.94,10.51,11.98,11.14
BN056_2020-02-13,BN056,2020-02-13,2,peak dominant,598.5799999999999,720.96,0.8302541056369284,2.1166093086972504,0.9242850554479141,11.08,12.4,11.38,10.96,11.86,20.84,25.91,28.82,27.99,32.21,36.11,45.11,51.26,52.79,42.63,33.55,29.28,28.08,22.77,18.91,10.96,11.41,12.02,10.25
BN056_2020-02-14,BN056,2020-02-14,2,peak dominant,583.1,720.96,0.8087827341322681,2.232481564054193,0.9096582960644741,10.61,10.52,10.98,10.65,10.98,19.11,24.64,29.08,28.37,30.29,34.66,46.36,54.24,52.57,42.71,31.4,28.48,26.75,20.78,17.17,10.19,11.15,11.09,10.32
BN056_2020-02-15,BN056,2020-02-15,2,peak dominant,564.6700000000001,720.96,0.7832195960940969,2.501708962757008,0.8586952575215939,9.74,9.93,9.97,9.94,9.79,9.78,22.27,26.38,26.55,26.19,36.19,53.27,58.86,57.07,48.27,34.02,26.22,18.99,16.94,15.65,9.66,9.6,9.71,9.68
BN056_2020-02-16,BN056,2020-02-16,2,peak dominant,565.26,720.96,0.7840379494007989,2.4901815093939073,0.8543249295092572,9.74,9.83,9.75,9.7,9.92,9.79,22.46,28.16,27.53,25.23,36.24,55.41,58.65,57.16,48.27,33.2,26.13,18.3,16.63,15.28,9.24,9.53,9.53,9.58
BN056_2020-02-17,BN056,2020-02-17,2,peak dominant,577.84,720.96,0.8014869063470927,2.183857123079053,0.9348254615893233,9.8,9.61,9.69,9.63,9.76,17.93,23.42,26.84,27.34,33.5,36.34,44.32,52.58,51.51,42.96,33.62,30.05,28.2,22.19,16.56,11.54,10.54,10.06,9.85
BN056_2020-02-18,BN056,2020-02-18,2,peak dominant,584.0699999999999,720.96,0.8101281624500665,1.9744208742102831,0.9680275695426345,9.74,9.89,9.91,9.69,9.97,17.87,24.39,28.11,30.49,32.67,36.09,43.82,47.37,48.05,39.26,35.08,33.48,30.67,23.65,18.45,11.24,12.65,10.69,10.84
BN056_2020-02-19,BN056,2020-02-19,2,peak dominant,590.3100000000001,720.96,0.8187832889480693,2.06860801951517,0.9505191988433691,9.85,10.57,9.86,10.26,9.75,17.92,28.27,30.33,30.63,32.67,37.28,45.1,50.88,50.15,41.11,35.66,32.88,28.81,20.28,15.78,11.19,10.34,10.74,10.0
BN056_2020-02-20,BN056,2020-02-20,2,peak dominant,596.6,720.96,0.8275077674212161,2.06610794502179,0.947658335902365,9.86,9.79,9.35,10.07,9.57,18.1,26.57,30.0,29.25,31.51,35.88,46.39,50.52,51.36,42.31,35.53,30.89,29.91,22.8,19.41,13.88,11.5,12.67,9.48
BN056_2020-02-21,BN056,2020-02-21,2,peak dominant,547.46,720.96,0.7593486462494452,2.0170240748182513,0.9582967422564406,9.36,9.3,9.43,9.21,9.28,17.22,24.96,28.84,29.96,31.37,33.89,38.8,46.01,45.52,32.1,30.8,31.14,28.26,21.79,17.41,11.15,10.76,11.28,9.62
BN056_2020-02-22,BN056,2020-02-22,2,peak dominant,482.11,720.96,0.6687056147359076,1.8145236564269565,0.9625189367958257,9.73,10.22,9.51,9.54,9.52,9.7,23.73,28.27,29.31,28.9,29.17,29.11,29.76,31.33,30.09,36.45,28.75,22.25,20.23,18.35,9.5,9.63,9.6,9.46
BN056_2020-02-23,BN056,2020-02-23,2,peak dominant,518.76,720.96,0.7195406125166445,2.892435808466343,0.8294525885604502,9.57,9.43,9.47,9.76,9.82,9.65,21.46,23.59,24.96,30.36,29.86,29.2,29.27,62.52,51.26,39.62,25.01,18.61,19.45,17.63,9.23,9.53,9.83,9.67
BN056_2020-02-24,BN056,2020-02-24,2,peak dominant,598.56,720.96,0.8302263648468707,2.303528468323978,0.9300255360026732,9.72,9.55,9.53,9.52,9.92,17.58,23.29,24.47,26.75,33.09,37.11,46.56,55.26,57.45,46.44,35.68,33.48,31.21,22.6,17.86,10.57,10.85,10.27,9.8
BN056_2020-02-25,BN056,2020-02-25,2,peak dominant,626.61,720.96,0.8691328229027963,2.4133671661799205,0.9051014893973689,9.66,9.9,9.59,9.96,9.71,17.64,25.36,27.2,27.25,30.44,39.34,52.75,60.59,63.01,50.32,38.74,31.57,28.66,23.5,19.32,10.75,11.04,10.37,9.94
BN056_2020-02-26,BN056,2020-02-26,2,peak dominant,624.15,720.96,0.865720705725699,2.4336457582311946,0.8843147925953878,9.84,9.76,10.03,9.85,11.28,17.56,25.03,26.34,25.87,34.13,39.85,53.32,62.52,63.29,49.91,38.24,28.54,25.92,22.13,18.27,11.07,10.88,10.7,9.82
BN056_2020-02-27,BN056,2020-02-27,2,peak dominant,608.48,720.96,0.8439857967154905,2.254535892716276,0.9121755199008172,9.86,9.81,9.81,10.07,10.24,18.6,25.88,26.88,27.87,30.61,37.49,52.64,57.16,55.22,42.38,34.14,31.09,28.73,23.18,19.73,11.2,11.55,11.96,12.38
BN056_2020-02-28,BN056,2020-02-28,2,peak dominant,520.32,720.96,0.7217043941411452,1.7121771217712174,0.9715102495122931,11.8,10.57,11.46,13.37,12.44,17.05,26.81,27.51,26.34,28.28,29.01,37.12,32.49,31.2,31.03,33.94,30.2,26.87,21.03,16.45,10.61,11.2,11.87,11.67
BN056_2020-02-29,BN056,2020-02-29,2,peak dominant,584.1600000000001,720.96,0.8102529960053263,2.49835661462613,0.8548194898146753,11.42,9.87,10.36,9.69,9.36,9.42,22.74,25.28,27.14,27.29,40.93,57.68,60.81,60.23,48.33,35.82,26.92,19.35,17.09,16.09,9.41,10.21,9.25,9.47
BN056_2020-03-01,BN056,2020-03-01,2,peak dominant,605.71,720.96,0.8401436972924989,2.4546400092453484,0.8632847587347977,9.22,9.37,9.45,9.48,9.56,9.36,23.87,26.02,26.16,27.79,43.27,57.88,61.86,61.95,52.13,38.39,28.28,21.12,17.96,17.49,11.67,11.18,11.36,10.89
BN056_2020-03-02,BN056,2020-03-02,2,peak dominant,611.5799999999999,720.96,0.8482856191744339,2.0802511527518885,0.9468172026823523,10.62,10.6,10.67,10.69,10.58,18.39,26.9,30.36,30.82,32.8,38.83,53.01,49.98,48.34,46.53,40.92,32.12,28.36,22.54,18.32,10.31,10.49,10.1,9.3
BN056_2020-03-03,BN056,2020-03-03,2,peak dominant,611.02,720.96,0.8475088770528184,2.255769041929888,0.9274737042867045,9.85,9.19,9.22,9.44,9.69,17.32,25.64,29.68,31.0,31.09,34.46,48.54,57.43,57.31,46.23,36.85,32.24,28.82,23.89,18.46,11.4,12.45,10.45,10.37
BN056_2020-03-04,BN056,2020-03-04,2,peak dominant,639.23,720.96,0.8866372614292055,2.1265585157142186,0.9462581377816034,10.22,10.2,10.0,10.06,10.21,17.95,28.58,32.51,33.29,33.55,37.23,50.05,56.02,56.64,44.4,38.83,34.99,31.28,23.01,20.63,14.35,13.03,11.52,10.68
BN056_2020-03-05,BN056,2020-03-05,2,peak dominant,627.01,720.96,0.8696876387039503,2.075373598507201,0.9515756721099757,11.27,10.74,10.14,10.56,10.26,17.96,28.34,31.04,30.71,32.44,37.43,50.55,54.22,53.01,40.79,36.96,35.35,31.83,25.34,21.7,11.92,12.97,10.45,11.03
BN056_2020-03-06,BN056,2020-03-06,2,peak dominant,635.6700000000001,720.96,0.8816994007989348,2.0614469772051534,0.9513807421929072,11.21,11.55,10.79,10.83,10.47,18.28,25.64,30.13,31.31,32.8,37.21,47.82,54.15,54.6,43.18,37.42,35.51,33.11,24.18,21.56,14.8,13.93,12.96,12.23
BN056_2020-03-07,BN056,2020-03-07,2,peak dominant,610.8900000000001,720.96,0.8473285619174435,2.367823994499828,0.8845244861775455,11.72,11.92,11.84,10.56,11.0,11.79,24.38,27.5,29.42,30.72,35.58,52.21,59.63,60.27,46.74,35.45,32.35,22.94,20.61,18.23,11.25,11.49,11.94,11.35
BN056_2020-03-08,BN056,2020-03-08,2,peak dominant,577.99,720.96,0.8016949622725255,2.132632052457655,0.9091373022362599,11.3,10.99,11.77,10.39,11.79,10.36,24.45,27.92,30.53,29.81,43.44,51.36,50.18,42.72,42.07,37.95,30.28,20.25,19.09,18.61,10.14,11.01,11.5,10.08
BN056_2020-03-09,BN056,2020-03-09,2,peak dominant,616.45,720.96,0.8550405015534842,2.349582285667937,0.9013473158331937,11.0,10.86,10.27,10.26,10.12,18.22,27.15,26.7,30.33,30.88,39.17,51.58,60.35,57.96,43.01,36.67,30.94,26.16,22.15,16.81,12.13,11.04,12.01,10.68
BN056_2020-03-13,BN056,2020-03-13,2,peak dominant,565.0500000000001,720.96,0.7837466711051931,2.363259888505442,0.9141333948067248,10.05,10.37,9.92,9.59,9.79,17.01,23.62,27.6,29.64,32.55,37.37,50.42,30.21,55.64,33.16,39.12,28.83,28.87,23.2,18.54,10.33,9.98,9.6,9.64
BN056_2020-03-14,BN056,2020-03-14,2,peak dominant,603.6700000000001,720.96,0.8373141367066135,2.856130004803949,0.8380320005451024,9.61,9.4,9.9,9.25,9.34,9.42,20.04,24.06,24.92,29.0,41.14,61.8,71.84,59.34,55.43,43.25,27.71,18.5,15.8,15.15,10.42,9.53,9.5,9.32
BN056_2020-03-15,BN056,2020-03-15,2,peak dominant,602.73,720.96,0.8360103195739015,2.703299985067941,0.854075962307187,9.64,9.44,9.38,9.59,9.59,9.81,22.9,24.7,27.91,31.26,39.2,52.78,67.89,65.48,52.94,39.2,28.98,19.06,17.34,15.56,10.47,9.53,10.59,9.49
BN056_2020-03-16,BN056,2020-03-16,2,peak dominant,608.99,720.96,0.8446931868619618,2.3157030493111543,0.9049057328225557,10.62,9.6,9.37,9.47,9.47,17.36,25.8,29.08,30.82,31.8,44.69,51.52,58.76,55.81,42.4,34.86,28.12,26.36,20.99,17.13,11.9,11.68,10.33,11.05
BN056_2020-03-17,BN056,2020-03-17,2,peak dominant,627.9,720.96,0.8709221038615179,2.4351648351648354,0.8893316344973516,10.01,10.8,10.08,11.06,9.66,17.33,27.52,28.63,28.42,31.16,42.26,63.71,54.88,49.95,54.19,42.18,28.47,24.95,20.72,15.94,11.88,10.42,12.32,11.36
BN056_2020-03-18,BN056,2020-03-18,2,peak dominant,536.54,720.96,0.7442021748779404,2.245498937637455,0.8519770809745831,10.96,10.28,10.32,10.26,9.36,17.13,27.18,28.55,29.21,28.1,50.2,49.52,41.23,25.46,26.15,25.97,26.58,28.05,22.68,18.03,10.11,9.57,10.66,10.98
BN056_2020-03-19,BN056,2020-03-19,2,peak dominant,567.8100000000001,720.96,0.7875749001331558,2.254134305489512,0.870317921769459,10.75,10.58,10.75,10.49,9.67,16.9,23.93,26.99,29.31,32.7,53.33,49.52,31.98,43.81,51.49,28.24,26.97,24.18,19.45,16.17,9.99,9.55,10.58,10.48
BN056_2020-03-20,BN056,2020-03-20,2,peak dominant,633.62,720.96,0.8788559698180204,2.6116599854802565,0.8520349169195469,9.97,9.43,9.89,9.23,9.57,16.38,24.14,25.48,27.1,33.24,50.05,63.98,68.95,60.56,52.7,34.27,25.09,25.7,19.64,16.26,10.05,10.19,11.04,10.71
BN056_2020-03-21,BN056,2020-03-21,2,peak dominant,649.93,720.96,0.9014785841100753,2.649516101734033,0.8447111175623236,10.7,10.29,9.93,10.03,10.13,10.15,23.2,26.63,29.07,32.9,49.25,63.39,71.75,68.79,56.96,42.15,28.3,19.08,18.65,16.07,10.85,10.64,10.74,10.28
BN056_2020-03-22,BN056,2020-03-22,2,peak dominant,571.7800000000001,720.96,0.7930814469596095,2.7085942145580466,0.8399711884178179,9.98,10.27,10.77,10.71,10.01,10.17,25.27,29.2,28.23,27.37,48.85,64.53,42.51,36.6,51.27,30.09,25.77,20.78,18.99,17.32,10.32,10.88,11.17,10.72
BN056_2020-03-23,BN056,2020-03-23,2,peak dominant,650.39,720.96,0.9021166222814025,2.546902627654177,0.8631608327334828,10.49,10.39,10.45,10.34,10.72,17.77,27.23,28.35,26.37,31.41,51.87,63.42,45.21,69.02,56.78,42.38,28.52,24.97,21.43,16.59,11.44,12.32,10.84,12.08
BN056_2020-03-24,BN056,2020-03-24,2,peak dominant,670.72,720.96,0.9303151353750555,2.431774809160305,0.868282284993387,10.87,10.65,9.59,9.68,10.0,17.42,26.69,27.38,26.21,33.94,53.61,64.37,67.96,65.8,56.35,41.13,27.4,26.67,23.71,17.59,10.67,11.43,11.41,10.19
BN056_2020-03-25,BN056,2020-03-25,2,peak dominant,572.79,720.96,0.7944823568575232,2.4226679935054736,0.8805814857379708,10.19,10.09,9.81,9.59,9.05,16.43,24.49,24.24,23.7,30.88,45.77,57.82,53.73,46.34,41.59,32.98,24.88,25.38,19.5,16.71,9.16,10.55,10.26,9.65
BN056_2020-03-26,BN056,2020-03-26,2,peak dominant,561.0799999999999,720.96,0.7782401242787393,2.465103015612747,0.8799454089956463,11.03,9.22,10.25,8.98,9.93,15.43,19.94,20.21,19.87,22.3,40.26,47.43,57.63,43.89,52.75,45.91,31.7,24.08,19.25,14.97,9.13,8.82,8.91,9.19
BN056_2020-03-27,BN056,2020-03-27,2,peak dominant,635.28,720.96,0.8811584553928095,2.6422364941443144,0.8773428895051789,8.74,9.42,8.71,9.35,9.43,16.27,21.47,23.9,24.87,34.28,57.07,69.94,55.89,50.33,54.9,50.37,32.89,24.02,18.96,15.84,9.26,10.13,10.1,9.14
BN056_2020-03-28,BN056,2020-03-28,2,peak dominant,648.11,720.96,0.8989541722148247,2.798043541991329,0.8225071260332484,9.86,9.37,9.33,9.41,8.87,9.16,19.23,22.21,23.57,35.46,55.85,69.47,75.56,71.53,59.55,45.52,27.22,17.16,16.87,15.43,9.18,9.62,9.54,9.14
BN056_2020-03-29,BN056,2020-03-29,2,peak dominant,652.27,720.96,0.9047242565468264,2.646634062581447,0.8410689736704797,9.45,9.5,9.22,9.05,9.06,9.19,22.13,24.83,25.97,36.84,58.33,69.75,71.93,68.05,56.7,41.99,28.55,19.4,16.66,16.86,9.49,10.31,10.2,8.81
BN056_2020-03-30,BN056,2020-03-30,2,peak dominant,671.18,720.96,0.9309531735463825,2.5202181233052237,0.8787949728997021,10.04,9.24,9.16,9.26,9.11,16.59,27.45,30.12,28.61,34.33,52.94,65.81,70.48,66.17,54.82,41.14,28.87,27.7,21.27,16.58,10.21,10.16,10.96,10.16
BN056_2020-03-31,BN056,2020-03-31,2,peak dominant,568.63,720.96,0.7887122725255215,2.314615831032482,0.8835469096454707,11.01,10.11,10.36,11.32,9.35,16.93,27.77,28.93,28.51,33.15,40.79,54.84,52.17,36.12,28.86,27.59,27.82,28.31,22.25,16.89,11.54,11.16,11.41,11.44
BN056_2020-04-01,BN056,2020-04-01,2,peak dominant,637.39,720.96,0.884085108743897,2.3322612529220725,0.9094038604499933,12.21,11.72,11.42,11.86,10.52,17.14,25.92,27.44,28.83,28.9,44.53,52.5,56.47,61.94,49.15,36.77,31.07,30.93,24.68,20.28,11.72,11.12,10.78,9.49
BN056_2020-04-02,BN056,2020-04-02,2,peak dominant,670.74,720.96,0.9303428761651131,2.3787458627784237,0.8923009492485057,11.04,11.79,9.92,10.28,8.87,17.25,26.04,26.9,28.53,34.26,52.99,62.82,66.48,64.1,53.04,40.07,31.99,29.61,23.23,18.5,10.79,11.08,11.2,9.96
BN056_2020-04-03,BN056,2020-04-03,2,peak dominant,661.2199999999999,720.96,0.9171382600976474,2.363993829587732,0.896063197504992,10.43,9.6,9.66,9.99,8.86,16.62,27.71,31.13,28.22,34.55,53.47,62.33,65.13,62.43,50.4,38.82,31.31,28.89,21.53,16.68,11.05,10.96,10.85,10.6
BN056_2020-04-04,BN056,2020-04-04,2,peak dominant,642.8199999999999,720.96,0.8916167332445627,2.522759092747581,0.8687375473226808,9.56,10.06,10.84,9.25,10.11,9.1,23.32,27.3,28.37,34.62,53.98,63.12,67.57,63.19,52.21,39.82,30.83,21.9,18.83,17.71,10.16,9.97,10.52,10.48
BN056_2020-04-05,BN056,2020-04-05,2,peak dominant,652.13,720.96,0.9045300710164225,2.518025547053502,0.8732081633627119,10.37,8.92,9.89,9.58,9.58,9.26,23.11,27.47,28.65,35.67,55.24,64.68,68.42,64.14,53.02,39.79,31.2,23.45,19.69,18.86,10.22,10.36,10.2,10.36
BN056_2020-04-06,BN056,2020-04-06,2,peak dominant,677.2299999999999,720.96,0.9393447625388369,2.480693412873027,0.8854284704308076,10.26,8.69,10.33,9.38,9.67,16.64,25.22,27.48,28.38,35.79,55.69,66.0,70.0,64.92,55.09,39.57,30.4,30.28,23.59,19.28,10.95,10.26,10.13,9.23
BN056_2020-04-07,BN056,2020-04-07,2,peak dominant,652.31,720.96,0.9047797381269417,2.490104398215573,0.8948997512885544,9.87,9.6,9.83,9.99,8.18,16.83,25.12,28.52,27.68,31.28,47.01,57.08,67.68,64.53,53.83,39.55,30.41,30.1,23.35,19.48,10.52,10.31,10.75,10.81
BN056_2020-04-08,BN056,2020-04-08,2,peak dominant,612.5899999999999,720.96,0.8496865290723479,2.525016732235264,0.8754525558975519,10.39,10.26,9.32,9.75,9.35,17.05,25.74,27.26,28.64,35.33,55.1,64.45,58.79,45.48,34.99,30.4,30.1,30.28,23.19,17.47,9.89,9.47,10.61,9.28
BN056_2020-04-09,BN056,2020-04-09,2,peak dominant,681.15,720.96,0.9447819573901464,2.540057256110989,0.8770691615565163,9.47,8.88,8.79,9.04,8.47,16.35,24.41,27.78,27.72,38.13,57.19,69.07,72.09,67.06,54.31,41.67,30.02,27.91,22.83,18.85,11.11,10.72,9.69,9.59
BN056_2020-04-10,BN056,2020-04-10,2,peak dominant,654.47,720.96,0.9077757434531736,2.5200238360811036,0.8676255891691952,9.67,8.78,9.6,8.83,8.83,16.93,24.16,26.47,26.57,39.12,56.41,65.71,68.72,64.75,51.08,30.3,33.62,27.12,20.76,16.28,9.98,11.06,9.31,10.41
BN056_2020-04-11,BN056,2020-04-11,2,peak dominant,534.3,720.96,0.741095206391478,2.3510387422796186,0.9028988856858128,9.39,9.66,9.55,8.8,8.83,8.88,22.49,26.93,27.71,33.25,52.34,41.55,45.1,39.96,40.94,29.85,26.15,21.83,18.95,16.51,8.95,9.29,8.63,8.76
BN056_2020-04-12,BN056,2020-04-12,2,peak dominant,614.96,720.96,0.8529738126941855,2.4372316898660076,0.8854489676811534,8.95,8.65,8.61,8.81,8.91,8.61,20.53,23.65,27.66,38.12,56.85,62.45,51.34,49.82,57.4,47.76,30.81,21.99,17.51,17.62,10.38,9.07,10.5,8.96
BN056_2020-04-13,BN056,2020-04-13,2,peak dominant,576.1800000000001,720.96,0.7991844207723037,2.1222534624596476,0.9396624811882323,9.64,8.82,9.39,9.46,8.83,16.6,24.53,28.58,27.24,37.5,50.95,45.76,40.37,35.43,38.84,44.7,30.97,29.22,21.51,18.01,10.31,9.79,9.63,10.1
BN056_2020-04-14,BN056,2020-04-14,2,peak dominant,691.77,720.96,0.9595123169107855,2.4177978229758446,0.8783007980541002,9.87,8.87,9.74,8.6,8.92,17.32,24.81,27.54,27.57,41.2,60.65,69.69,69.69,67.07,57.4,43.08,29.45,29.33,21.64,18.06,10.68,9.97,11.3,9.32
BN056_2020-04-15,BN056,2020-04-15,2,peak dominant,687.73,720.96,0.95390867731913,2.3946606953310168,0.8929277099053878,10.45,9.74,9.56,8.77,8.91,16.77,25.15,27.96,28.18,41.63,58.21,65.8,68.62,65.59,55.98,42.02,31.21,30.35,22.98,18.43,10.29,10.26,10.77,10.1
BN056_2020-04-16,BN056,2020-04-16,2,peak dominant,684.59,720.96,0.9495533732800711,2.3695350501760175,0.8987775660132974,9.88,10.0,9.76,9.59,9.22,16.79,26.24,28.4,28.17,39.87,57.28,63.8,67.59,65.37,54.27,39.74,33.23,30.9,23.44,18.37,10.79,10.42,10.85,10.62
BN056_2020-04-17,BN056,2020-04-17,2,peak dominant,649.2099999999999,720.96,0.9004799156679981,2.3596679040680213,0.9099268227839935,9.66,9.81,10.64,9.06,10.23,16.93,26.15,27.75,28.26,37.5,55.71,63.83,59.23,48.81,50.97,36.58,33.07,31.34,23.72,19.06,11.1,9.6,9.95,10.25
BN056_2020-04-18,BN056,2020-04-18,2,peak dominant,621.8799999999999,720.96,0.8625721260541498,2.6486138804914137,0.8757540751463839,10.5,9.35,9.96,9.38,9.03,8.99,23.07,28.03,28.13,30.16,39.11,50.4,64.81,68.63,58.39,42.7,30.35,23.24,20.35,18.61,9.66,9.28,10.16,9.59
BN056_2020-04-19,BN056,2020-04-19,2,peak dominant,641.56,720.96,0.8898690634709275,2.4629964461624794,0.8680469652296182,9.56,9.11,10.01,8.61,10.06,9.11,22.57,27.57,28.55,38.21,55.13,64.98,65.84,63.98,50.39,35.69,29.97,22.87,19.85,18.6,11.02,10.09,9.99,9.8
BN056_2020-04-20,BN056,2020-04-20,2,peak dominant,676.99,720.96,0.9390118730581447,2.310698828638533,0.9080401161917471,10.82,10.21,8.97,10.19,9.53,16.87,26.73,28.43,28.02,36.08,52.13,60.72,65.18,61.5,52.08,38.47,33.59,32.03,24.77,20.47,13.8,12.51,12.23,11.66
BN056_2020-04-21,BN056,2020-04-21,2,peak dominant,689.97,720.96,0.9570156458055925,2.287055958954737,0.9025799356846016,11.77,11.66,12.22,11.59,9.61,17.53,26.99,28.33,28.47,37.89,52.69,59.71,65.75,64.68,56.06,40.7,32.3,31.17,25.93,21.16,10.87,11.08,10.39,11.42
BN056_2020-04-22,BN056,2020-04-22,2,peak dominant,668.7,720.96,0.9275133155792277,2.301301031852849,0.9051817517800004,9.75,10.15,9.25,10.09,9.18,16.81,26.19,28.36,27.67,36.64,53.9,61.95,64.12,61.5,51.33,36.92,32.39,31.66,25.8,20.5,11.09,11.32,11.03,11.1
BN056_2020-04-23,BN056,2020-04-23,2,peak dominant,680.4000000000001,720.96,0.9437416777629828,2.136155202821869,0.9230491521678906,11.44,10.96,10.64,10.79,10.0,17.91,27.26,30.14,30.41,35.04,51.38,58.26,60.56,60.02,49.84,37.62,33.44,34.14,25.96,24.26,12.39,12.41,14.28,11.25
BN056_2020-04-24,BN056,2020-04-24,2,peak dominant,680.17,720.96,0.943422658677319,2.074775423791111,0.9360627008934645,11.48,11.75,11.63,11.36,10.84,18.42,26.73,30.55,30.94,36.14,49.75,57.33,58.8,55.83,48.39,37.72,34.92,34.58,27.9,21.88,14.83,12.34,13.01,13.05
BN056_2020-04-25,BN056,2020-04-25,2,peak dominant,670.7700000000001,720.96,0.9303844873501999,2.107428775884431,0.9196276521699863,12.62,12.84,11.28,11.52,12.02,11.82,26.67,31.37,31.56,35.18,49.63,58.9,58.73,55.7,47.51,36.97,35.56,29.27,25.14,22.69,14.59,12.53,13.41,13.26
BN056_2020-04-26,BN056,2020-04-26,2,peak dominant,663.62,720.96,0.9204671549045716,2.1062656339471384,0.9204457660558382,11.77,12.01,11.45,11.87,11.73,11.8,26.09,31.19,31.26,35.33,48.47,56.84,58.24,54.75,47.1,37.82,35.09,27.81,24.65,23.85,12.78,14.98,12.39,14.35
BN056_2020-04-27,BN056,2020-04-27,2,peak dominant,678.02,720.96,0.9404405237461162,1.995693342379281,0.9435726503868561,12.6,11.83,12.93,12.44,11.75,19.29,28.46,30.84,31.25,35.28,47.7,54.32,56.38,55.04,45.29,37.05,35.44,35.09,27.49,24.28,13.93,12.42,14.51,12.41
BN056_2020-04-28,BN056,2020-04-28,2,peak dominant,678.96,720.96,0.9417443408788282,2.0410038882997523,0.9381195289459332,12.89,12.66,11.96,11.96,10.95,18.92,28.0,31.14,31.45,33.66,48.24,55.84,57.74,54.72,46.66,37.43,34.45,35.14,28.08,23.61,12.96,14.48,11.74,14.28
BN056_2020-04-29,BN056,2020-04-29,2,peak dominant,672.9200000000001,720.96,0.9333666222814027,1.9640967722760503,0.947868169141774,11.88,11.32,12.52,11.74,11.68,19.28,28.18,30.26,31.32,35.46,47.59,53.58,55.07,52.71,44.33,36.06,35.58,35.47,28.47,23.21,14.65,15.08,13.52,13.96
BN056_2020-04-30,BN056,2020-04-30,2,peak dominant,627.4300000000001,720.96,0.870270195295162,1.7377556062030823,0.9701991986777704,12.76,13.1,12.62,11.66,12.85,19.84,28.07,30.51,32.66,33.17,44.73,45.43,36.91,37.51,42.68,35.7,35.46,33.72,29.49,22.81,13.71,14.72,12.88,14.44
BN056_2020-05-01,BN056,2020-05-01,2,peak dominant,666.49,720.96,0.9244479582778518,2.104757760806614,0.9233325096311593,12.96,11.91,12.47,12.14,10.49,18.57,28.37,31.12,31.52,34.83,29.93,57.0,58.45,55.41,47.61,36.9,35.68,34.94,27.7,23.16,14.94,14.37,12.06,13.96
BN056_2020-05-02,BN056,2020-05-02,2,peak dominant,658.79,720.96,0.9137677541056368,2.134458628698068,0.9188653020272866,11.75,12.24,12.39,11.54,11.75,11.46,25.4,31.16,31.57,35.98,49.14,54.62,58.59,56.16,47.45,36.51,35.45,27.2,23.38,23.72,13.46,12.35,13.41,12.11
BN056_2020-05-03,BN056,2020-05-03,2,peak dominant,657.02,720.96,0.9113126941855303,2.1201181090377768,0.9173166457884373,12.68,12.16,12.02,11.75,10.91,10.74,25.51,31.66,31.8,34.17,50.02,55.79,58.04,55.76,46.43,37.28,34.65,26.97,24.62,22.36,13.76,12.67,13.06,12.21
BN056_2020-05-04,BN056,2020-05-04,2,peak dominant,680.54,720.96,0.9439358632933865,2.077526669997355,0.9354392067921692,12.89,11.35,11.68,12.48,10.99,18.3,27.49,30.55,31.53,34.99,49.81,55.5,58.91,55.95,48.0,36.48,34.99,34.83,27.73,23.82,12.38,13.99,13.15,12.75
BN056_2020-05-05,BN056,2020-05-05,2,peak dominant,677.36,720.96,0.9395250776742121,1.9675209637415851,0.9473021260433576,12.67,11.85,11.79,11.99,12.37,18.92,28.45,29.69,32.18,35.7,48.24,54.31,55.53,53.97,45.61,37.71,35.5,35.28,27.16,23.74,14.75,13.51,13.13,13.31
BN056_2020-05-06,BN056,2020-05-06,2,peak dominant,663.89,720.96,0.9208416555703506,1.933693834822034,0.9564799418543953,12.32,12.3,11.43,12.53,11.58,19.09,28.22,30.65,32.57,33.81,46.33,53.49,53.32,46.41,43.48,36.74,35.85,35.67,27.24,23.98,14.62,14.27,14.8,13.19
BN056_2020-05-07,BN056,2020-05-07,2,peak dominant,679.54,720.96,0.9425488237905014,1.9795744179886394,0.9480146652217105,12.61,13.25,12.52,12.18,11.41,19.06,29.07,29.9,31.09,35.11,46.11,52.78,56.05,54.12,45.76,36.95,36.08,35.83,28.17,23.11,14.33,14.83,14.81,14.41
BN056_2020-05-08,BN056,2020-05-08,2,peak dominant,672.9200000000001,720.96,0.9333666222814027,1.941984188313618,0.9537465283693841,14.09,14.62,11.99,14.22,11.54,19.63,29.14,31.36,31.59,34.91,41.94,53.2,54.45,50.68,41.48,37.4,36.1,36.07,27.82,23.05,14.42,14.09,14.83,14.3
BN056_2020-05-09,BN056,2020-05-09,2,peak dominant,616.1800000000001,720.96,0.8546660008877053,1.8508877276120614,0.9605004570558752,14.04,14.07,11.93,13.97,11.6,11.88,27.83,31.22,32.59,32.71,40.86,43.13,39.13,47.52,40.62,35.98,34.82,27.93,24.48,23.32,13.79,14.31,14.75,13.7
BN056_2020-05-10,BN056,2020-05-10,2,peak dominant,617.0,720.96,0.855803373280071,2.2152350081037278,0.9210627194544194,14.4,13.47,13.58,12.67,13.02,12.64,27.18,31.52,32.83,31.56,32.95,33.19,43.07,56.95,45.94,37.13,34.79,26.99,24.46,23.46,14.09,14.56,13.89,12.66
BN056_2020-05-11,BN056,2020-05-11,2,peak dominant,672.53,720.96,0.9328256768752773,2.0544511025530463,0.9326172583990161,13.83,12.67,12.91,11.08,13.64,19.03,28.49,32.66,30.16,36.24,46.88,54.6,57.57,54.94,48.24,37.46,34.96,34.35,25.84,14.22,13.98,12.99,13.35,12.44
BN056_2020-05-12,BN056,2020-05-12,2,peak dominant,675.66,720.96,0.9371671105193075,2.153272355918657,0.9182764513175733,13.23,11.54,11.88,11.87,11.36,18.6,28.12,29.87,31.79,34.77,51.63,57.82,60.62,57.66,50.23,37.79,34.09,34.25,25.4,12.96,13.64,11.99,12.55,12.0
BN056_2020-05-13,BN056,2020-05-13,2,peak dominant,670.6,720.96,0.9301486906347093,2.1730987175663583,0.9151474387432987,12.32,12.35,10.44,10.45,11.27,18.66,27.51,29.12,29.9,36.47,51.94,60.07,60.72,58.66,49.45,38.38,34.21,34.2,23.53,12.98,13.26,11.11,11.76,11.84
BN056_2020-05-14,BN056,2020-05-14,2,peak dominant,623.8299999999999,720.96,0.8652768530847758,2.0813362614814936,0.9366194733093385,11.5,11.04,10.64,10.15,9.78,17.58,27.79,28.66,29.25,33.68,51.51,54.1,47.4,44.89,45.52,40.5,30.79,34.0,24.9,12.87,11.21,11.85,12.24,11.98
BN056_2020-05-15,BN056,2020-05-15,2,peak dominant,655.12,720.96,0.9086773191300488,2.184149468799609,0.9262797549190024,11.9,11.7,10.64,10.86,10.61,18.05,26.86,29.7,29.99,34.17,49.7,51.85,59.62,57.97,48.94,36.89,34.43,34.45,24.33,13.33,12.6,11.06,13.11,12.36
BN056_2020-05-16,BN056,2020-05-16,2,peak dominant,647.37,720.96,0.8979277629826897,2.1050094999768296,0.9147532915185842,11.12,12.94,11.65,11.34,10.87,11.21,25.92,32.02,30.5,35.44,48.64,56.34,56.78,56.45,48.37,37.2,34.65,27.5,22.09,14.42,14.09,11.96,13.57,12.3
BN056_2020-05-17,BN056,2020-05-17,2,peak dominant,649.18,720.96,0.9004383044829115,2.1405465356295634,0.917327083100249,12.66,12.86,11.77,12.18,10.79,11.25,26.77,31.54,30.28,36.93,46.52,53.32,57.9,55.29,47.61,37.83,34.87,27.63,22.2,14.03,14.68,13.63,12.84,13.8
BN056_2020-05-18,BN056,2020-05-18,2,peak dominant,672.85,720.96,0.9332695295162006,2.0852195883183473,0.9328810352196917,11.39,13.02,12.01,11.62,11.13,17.96,28.35,30.78,30.48,35.55,49.24,55.14,58.46,57.37,48.35,38.32,35.25,35.24,25.33,14.83,14.56,13.21,13.66,11.6
BN056_2020-05-19,BN056,2020-05-19,2,peak dominant,679.5999999999999,720.96,0.9426320461606745,2.212831077104179,0.9096564254876124,12.87,10.72,11.35,11.43,10.87,18.98,27.38,29.48,30.36,36.44,52.87,61.7,62.66,59.96,52.8,39.88,33.91,33.07,23.28,13.41,11.18,11.44,12.61,10.95
BN056_2020-05-20,BN056,2020-05-20,2,peak dominant,679.84,720.96,0.9429649356413671,2.320781360320075,0.9032895673915352,10.06,10.48,10.6,10.56,10.66,17.14,26.5,29.6,30.69,37.15,55.24,63.94,65.74,62.76,55.94,42.25,32.62,31.73,23.01,12.11,10.8,9.96,10.44,9.86
BN056_2020-05-21,BN056,2020-05-21,2,peak dominant,671.23,720.96,0.9310225255215269,2.2701011575763896,0.9154022543897172,10.28,10.4,10.08,9.55,9.47,16.73,26.91,29.41,29.29,38.67,52.84,61.75,63.49,60.11,52.72,39.74,34.02,32.96,25.69,11.78,10.74,11.64,11.96,11.0
BN056_2020-05-22,BN056,2020-05-22,2,peak dominant,667.64,720.96,0.9260430537061695,2.1363609130669223,0.9222920229945842,10.58,10.45,11.16,10.52,10.32,17.28,26.35,29.62,30.35,35.8,52.8,58.74,59.43,58.04,50.91,38.74,33.7,34.49,25.42,13.13,12.76,13.5,12.46,11.09
BN056_2020-05-23,BN056,2020-05-23,2,peak dominant,659.8199999999999,720.96,0.9151964047936084,2.2086023460943895,0.9014529674860462,12.87,12.08,10.71,10.92,11.74,11.33,25.17,30.25,30.73,36.85,51.07,59.58,60.72,58.19,49.58,39.3,34.14,27.11,23.69,11.91,13.38,13.62,12.58,12.3
BN056_2020-05-24,BN056,2020-05-24,2,peak dominant,666.0,720.96,0.923768308921438,2.2288288288288287,0.9054971294116159,13.14,11.3,11.05,12.23,11.49,10.69,24.71,30.54,32.37,37.12,51.39,57.89,61.85,59.52,51.37,38.31,34.93,27.84,22.61,14.72,12.19,13.57,12.59,12.58
BN056_2020-05-25,BN056,2020-05-25,2,peak dominant,677.8499999999999,720.96,0.9402047270306256,2.060278822748396,0.9358211886448685,12.8,11.52,11.39,11.82,11.56,18.39,27.98,31.95,33.2,35.72,48.49,56.09,58.19,57.0,49.86,38.29,35.48,34.68,26.31,13.96,14.57,13.51,12.41,12.68
BN056_2020-05-26,BN056,2020-05-26,2,peak dominant,673.6600000000001,720.96,0.9343930315135376,2.0257102989638684,0.9453115605615057,12.23,12.1,11.64,11.82,11.56,18.95,28.95,31.84,33.42,36.4,46.33,54.09,56.86,53.68,44.79,38.17,35.93,36.03,26.35,14.46,15.09,14.39,14.07,14.51
BN056_2020-05-27,BN056,2020-05-27,2,peak dominant,684.35,720.96,0.9492204837993786,1.9077957185650616,0.9611383754944082,13.82,13.87,11.53,12.2,12.67,19.05,30.84,34.19,31.81,36.13,44.73,51.12,54.4,52.77,44.99,37.92,38.2,38.93,27.74,16.66,15.71,15.21,14.94,14.92
BN056_2020-05-28,BN056,2020-05-28,2,peak dominant,690.63,720.96,0.9579310918774966,1.7879327570479129,0.9706197408802627,15.29,14.15,14.58,13.68,13.2,21.85,30.18,34.56,33.59,35.85,42.0,49.63,51.45,47.38,42.98,38.5,39.54,37.84,30.65,16.94,17.33,17.12,15.84,16.5
BN056_2020-05-29,BN056,2020-05-29,2,peak dominant,693.15,720.96,0.9614264314247669,1.669941571088509,0.9814716481249827,15.6,14.24,14.51,13.73,14.5,21.15,30.56,34.53,34.21,35.57,41.69,46.47,48.23,46.37,41.1,39.41,39.31,38.92,28.98,20.1,19.13,19.46,17.58,17.8
BN056_2020-05-30,BN056,2020-05-30,2,peak dominant,676.1999999999999,720.96,0.9379161118508653,1.7387755102040818,0.9620322673380896,17.35,17.2,15.08,15.13,15.19,13.71,28.0,34.52,35.05,37.42,41.59,44.92,48.99,46.57,40.81,39.65,40.05,31.35,26.21,18.7,19.26,16.78,16.97,15.7
BN056_2020-05-31,BN056,2020-05-31,2,peak dominant,670.45,720.96,0.9299406347092766,1.7672906256991572,0.9569781941832934,15.71,16.22,15.45,14.36,14.62,13.97,28.49,33.45,35.09,36.63,40.73,46.37,49.37,48.16,42.56,38.49,40.54,30.71,24.91,16.98,18.75,16.73,16.38,15.78
BN056_2020-06-01,BN056,2020-06-01,2,peak dominant,688.59,720.96,0.9551015312916111,1.7392062039820502,0.9718448876463394,16.02,14.41,14.8,14.17,13.73,21.89,31.22,34.35,33.77,35.92,42.27,48.14,49.9,46.91,41.97,37.7,39.79,37.77,27.36,17.63,18.26,17.56,17.14,15.91
BN056_2020-06-02,BN056,2020-06-02,2,peak dominant,701.84,720.96,0.973479804704838,1.7521942323036588,0.9656094116749347,14.9,16.27,14.54,14.29,14.84,21.83,32.21,34.09,36.61,36.02,43.37,48.93,51.24,48.57,43.16,38.47,39.51,38.91,27.49,16.53,16.31,17.24,19.55,16.96
BN056_2020-06-03,BN056,2020-06-03,2,peak dominant,703.4300000000001,720.96,0.9756851975144253,1.649972278691554,0.9806040516847069,16.46,15.47,15.45,16.39,14.51,22.52,31.29,34.15,35.89,35.41,42.33,45.84,48.36,46.5,42.08,39.64,39.3,40.06,27.94,19.84,19.97,18.07,18.14,17.82
BN056_2020-06-04,BN056,2020-06-04,2,peak dominant,692.66,720.96,0.9607467820683532,1.6742413305229118,0.9785828660275719,17.28,16.64,15.56,15.77,14.36,21.88,32.05,33.71,36.27,37.05,40.54,45.8,48.32,45.21,41.63,40.05,39.84,39.51,27.87,16.94,16.81,16.5,16.6,16.47
BN056_2020-06-05,BN056,2020-06-05,2,peak dominant,662.5300000000001,720.96,0.918955281846427,1.6192474303050426,0.9685933198692441,16.01,17.55,16.68,16.37,16.18,22.3,32.14,34.02,35.86,37.45,36.26,36.86,36.83,39.23,44.7,40.98,38.97,38.59,27.96,16.77,15.38,16.24,15.19,14.01
BN056_2020-06-06,BN056,2020-06-06,2,peak dominant,659.87,720.96,0.9152657567687528,2.0833194417082153,0.9118360469397714,14.39,13.65,13.79,13.3,12.88,13.15,27.12,33.48,32.9,35.71,46.12,54.76,57.28,54.29,46.87,37.16,35.28,27.35,21.07,14.01,14.31,13.66,14.18,13.16
BN056_2020-06-07,BN056,2020-06-07,2,peak dominant,654.28,720.96,0.9075122059476253,2.120926820321575,0.9157189473177577,14.0,13.02,11.42,13.78,11.08,13.06,25.7,32.41,32.52,34.03,44.8,53.73,57.82,55.71,48.74,37.84,35.49,27.83,21.43,14.13,15.0,13.12,14.06,13.56
BN056_2020-06-08,BN056,2020-06-08,2,peak dominant,691.34,720.96,0.958915889924545,2.1506060693725226,0.9207191112816363,11.65,13.86,11.25,13.04,11.89,18.63,29.5,32.12,32.26,36.29,51.48,59.2,61.95,60.07,52.77,40.43,35.17,34.17,24.0,13.66,11.31,13.88,11.44,11.32
BN056_2020-06-09,BN056,2020-06-09,2,peak dominant,683.0899999999999,720.96,0.9474728140257432,2.1231755698370645,0.9313032850215676,12.52,11.82,10.7,10.85,10.24,19.23,28.98,32.12,32.31,37.7,49.3,59.74,60.43,57.61,50.6,39.01,35.49,34.53,25.69,14.11,13.7,11.57,13.99,10.85
BN056_2020-06-10,BN056,2020-06-10,2,peak dominant,673.51,720.96,0.9341849755881046,1.965939629701118,0.9544446158495702,11.31,12.64,11.75,10.69,10.28,18.66,28.57,32.59,32.65,35.76,47.53,53.2,55.17,52.59,45.45,38.87,36.78,37.5,25.85,15.66,15.81,14.5,15.34,14.36
BN056_2020-06-11,BN056,2020-06-11,2,peak dominant,680.79,720.96,0.9442826231691077,1.7943859339884547,0.9747761214403102,14.28,14.49,12.35,13.34,13.39,19.62,30.12,34.12,34.23,35.58,41.95,48.1,50.9,48.21,42.97,38.97,39.46,37.96,28.14,17.11,16.48,15.42,17.25,16.35
BN056_2020-06-12,BN056,2020-06-12,2,peak dominant,698.5699999999999,720.96,0.9689441855304037,1.7363471090942928,0.9745499678030425,15.28,14.66,14.68,14.19,14.32,21.25,32.39,34.03,34.88,36.7,43.32,48.35,50.54,47.83,43.33,39.39,39.4,39.28,28.46,17.56,17.6,17.27,17.22,16.64
BN056_2020-06-13,BN056,2020-06-13,2,peak dominant,680.4000000000001,720.96,0.9437416777629828,1.8462081128747794,0.9388983921132874,16.38,13.99,14.85,13.85,14.32,13.62,28.02,34.29,33.51,36.95,46.24,51.1,52.34,51.4,46.91,41.98,36.48,29.73,24.24,16.45,16.4,17.15,14.82,15.38
BN056_2020-06-14,BN056,2020-06-14,2,peak dominant,669.96,720.96,0.9292609853528628,1.969908651262762,0.9384465430470602,14.82,13.32,14.47,13.34,13.81,11.64,26.59,33.39,33.75,35.87,45.56,51.69,54.99,52.64,44.5,39.07,38.6,30.6,23.15,17.24,15.76,15.6,14.5,15.06
BN056_2020-06-15,BN056,2020-06-15,2,peak dominant,688.3,720.96,0.9546992898357745,1.8818538428011042,0.9621232048049505,14.12,13.79,14.05,12.99,12.48,20.99,29.37,33.96,33.68,35.61,43.71,51.63,53.97,50.08,44.38,38.79,38.55,38.03,27.73,16.41,16.11,16.48,16.86,14.53
BN056_2020-06-16,BN056,2020-06-16,2,peak dominant,688.5799999999999,720.96,0.9550876608965821,1.8180022655319643,0.9647403833538057,14.79,13.72,14.68,13.47,14.34,19.97,30.83,33.67,33.91,36.27,43.36,50.97,52.16,48.78,44.38,39.36,37.83,37.41,27.71,16.76,16.53,17.92,14.34,15.42
BN056_2020-06-17,BN056,2020-06-17,2,peak dominant,692.74,720.96,0.960857745228584,1.8451944452464129,0.9618320494152142,14.2,14.44,14.05,13.77,13.83,20.65,30.46,33.12,33.71,36.08,45.68,52.41,53.26,50.15,44.57,39.58,38.53,38.18,26.57,17.11,16.68,15.93,14.47,15.31
BN056_2020-06-18,BN056,2020-06-18,2,peak dominant,687.22,720.96,0.9532012871726586,1.8645557463403275,0.9582616800824775,14.54,14.67,14.27,13.98,12.6,21.22,30.18,33.48,34.21,35.84,43.54,51.27,53.39,51.52,46.13,38.48,37.7,36.86,27.06,15.81,15.79,14.57,15.25,14.86
BN056_2020-06-19,BN056,2020-06-19,2,peak dominant,680.49,720.96,0.9438665113182423,1.9122691002072034,0.9539672628290145,13.42,14.63,13.24,13.9,12.05,20.87,29.41,32.71,34.2,35.15,45.6,52.38,54.22,52.36,44.36,38.6,36.97,37.96,26.01,15.33,14.92,13.95,14.93,13.32
BN056_2020-06-20,BN056,2020-06-20,2,peak dominant,655.56,720.96,0.9092876165113182,1.885777045579352,0.952904369284705,13.91,13.17,13.81,11.77,12.33,12.39,26.33,32.73,33.63,35.5,43.3,49.58,51.51,49.84,43.87,39.26,37.74,30.6,25.46,16.35,16.18,16.04,15.53,14.73
BN056_2020-06-21,BN056,2020-06-21,2,peak dominant,667.95,720.96,0.926473035952064,1.7440826409162362,0.9544463128759696,15.47,14.82,14.72,14.46,14.01,14.08,28.2,33.46,34.17,35.3,41.69,48.45,48.54,48.42,43.31,38.58,39.35,30.49,24.7,17.26,16.97,16.53,18.05,16.92
BN056_2020-06-22,BN056,2020-06-22,2,peak dominant,688.1800000000001,720.96,0.9545328450954284,1.6952541486239063,0.9767688878015983,16.36,16.6,14.98,14.86,14.04,22.41,30.98,34.9,34.26,35.84,40.4,46.86,48.61,46.72,42.2,38.85,39.29,38.17,28.76,17.34,16.95,16.05,16.08,16.67
BN056_2020-06-23,BN056,2020-06-23,2,peak dominant,697.22,720.96,0.9670716822015091,1.6416052322079113,0.9787964641140534,16.76,17.35,16.26,15.63,14.52,21.99,31.37,34.31,34.44,37.42,40.26,45.73,47.69,46.41,42.12,40.07,39.79,37.99,28.07,18.1,17.58,16.47,19.3,17.59
BN056_2020-06-24,BN056,2020-06-24,2,peak dominant,698.79,720.96,0.9692493342210385,1.6715751513330188,0.9753916632054165,15.99,17.11,15.31,15.69,15.03,21.52,31.71,34.03,35.02,36.39,41.2,46.79,48.67,46.84,42.36,40.01,39.6,38.01,28.48,17.79,17.2,16.89,17.31,19.84
BN056_2020-06-25,BN056,2020-06-25,2,peak dominant,692.73,720.96,0.9608438748335553,1.7263869039885669,0.9630306854705658,18.0,17.74,16.06,15.22,15.21,22.04,32.2,33.62,36.39,36.85,41.33,46.87,49.83,46.27,38.16,37.95,38.76,37.52,27.75,16.82,15.67,17.68,17.97,16.82
BN056_2020-06-26,BN056,2020-06-26,2,peak dominant,700.82,720.96,0.9720650244118952,1.682828686395936,0.975958267676928,16.91,15.42,15.42,14.23,14.51,21.7,31.42,34.61,33.75,36.68,43.4,47.99,49.14,47.75,45.13,39.91,39.92,38.75,28.7,17.45,17.1,16.82,16.88,17.23
BN056_2020-06-27,BN056,2020-06-27,2,peak dominant,679.47,720.96,0.9424517310252996,1.7275817916905822,0.9509146001949539,19.07,17.68,16.75,14.03,16.15,13.7,29.75,34.4,36.43,35.87,42.41,45.77,48.91,46.44,41.68,39.4,39.28,30.31,25.49,17.85,17.11,16.39,16.1,18.5
BN056_2020-06-28,BN056,2020-06-28,2,peak dominant,674.48,720.96,0.9355304039059033,1.804412287984818,0.9423658005434314,17.12,15.71,16.39,14.16,14.71,14.57,28.38,34.8,34.18,37.09,43.16,48.56,50.71,48.7,41.28,37.98,38.48,29.68,24.7,16.46,16.68,16.52,18.44,16.02
BN056_2020-06-29,BN056,2020-06-29,2,peak dominant,695.44,720.96,0.9646027518863738,1.794892442194869,0.9634425566975969,15.56,15.86,14.3,14.91,13.36,22.63,31.02,34.78,34.31,34.93,42.91,51.08,52.01,51.32,44.91,39.17,38.98,38.69,27.25,16.6,16.37,14.72,15.71,14.06
BN056_2020-06-30,BN056,2020-06-30,2,peak dominant,687.99,720.96,0.9542693075898802,1.9008415819997384,0.9550910761516239,14.56,13.6,14.15,13.59,13.82,20.37,30.92,34.71,33.78,35.35,43.53,52.96,54.49,51.06,44.92,37.86,38.09,36.5,28.28,15.7,14.85,15.47,15.14,14.29
BN073_2019-08-21,BN073,2019-08-21,2,peak dominant,1811.3600000000001,1902.81,0.9519395000026278,1.6156699938168004,0.9908553560518581,102.91,102.67,107.51,103.65,104.62,104.92,107.5,87.69,49.19,19.14,10.48,25.7,30.31,25.96,16.42,9.79,38.06,78.76,113.74,121.94,112.03,112.02,110.07,116.28
BN073_2019-08-23,BN073,2019-08-23,2,peak dominant,1825.59,1902.81,0.9594179135068661,1.641858248566217,0.9819818622425285,104.88,99.47,99.49,95.95,97.42,96.97,98.74,86.55,54.25,25.89,12.64,23.22,29.43,28.11,18.81,11.49,36.64,81.79,112.94,124.89,122.69,119.48,121.8,122.05
BN073_2019-09-14,BN073,2019-09-14,2,peak dominant,1909.3799999999999,1902.81,1.0034527882447537,1.64673349464224,0.7769369627080371,113.28,107.07,93.14,0.0,72.97,99.43,99.95,96.92,89.13,23.31,27.75,44.53,39.35,37.73,18.82,24.36,62.0,99.79,121.85,131.01,129.2,127.31,127.44,123.04
BN073_2019-09-19,BN073,2019-09-19,2,peak dominant,2086.0299999999997,1902.81,1.0962891723293444,1.602316361701414,0.9921112707016247,123.0,122.59,121.7,123.3,122.16,121.17,121.51,98.74,58.02,22.79,11.67,21.59,30.2,22.82,16.1,17.24,51.98,95.35,120.84,124.56,126.98,134.22,139.27,138.23
BN073_2020-02-23,BN073,2020-02-23,2,peak dominant,1545.04,1902.81,0.8119780745318765,1.8511365401543003,0.44573434006325585,75.01,75.35,70.37,70.44,69.91,73.43,72.98,70.88,36.45,33.58,23.29,20.82,20.24,119.17,90.84,69.08,38.37,46.62,77.44,80.51,80.0,77.59,75.79,76.88
BN073_2020-02-25,BN073,2020-02-25,2,peak dominant,1746.75,1902.81,0.9179844545698205,1.6159381708887934,-0.12326539906234116,71.87,73.02,71.84,73.35,73.77,72.82,74.33,74.19,31.54,30.07,71.22,108.03,116.42,117.61,102.4,70.86,27.31,32.63,73.04,74.8,76.78,75.58,76.16,77.11
BN073_2020-02-26,BN073,2020-02-26,2,peak dominant,1782.7299999999998,1902.81,0.9368933314413945,1.6451173200652935,-0.12254235895868758,74.22,78.18,71.84,73.88,74.94,76.14,76.91,77.66,32.55,31.43,70.36,106.01,122.2,117.41,108.06,73.79,27.92,31.51,75.04,77.32,76.9,76.83,77.07,74.56
BN073_2020-02-29,BN073,2020-02-29,2,peak dominant,1749.69,1902.81,0.9195295378939569,1.6362669958678395,-0.12084986573475645,73.0,72.2,71.12,70.89,71.61,71.68,73.63,69.98,24.56,39.09,78.96,106.34,119.29,113.14,95.6,61.08,39.33,29.62,76.64,80.95,78.64,75.36,76.37,80.61
BN073_2020-03-06,BN073,2020-03-06,2,peak dominant,1741.5,1902.81,0.9152253772052912,1.6706976744186046,-0.16553216096254586,74.44,75.88,73.02,71.15,70.42,73.37,73.32,67.93,33.9,30.54,76.02,105.73,121.23,114.47,99.7,71.32,27.11,43.34,70.66,72.37,73.09,74.5,75.52,72.47
BN073_2020-03-07,BN073,2020-03-07,2,peak dominant,1716.29,1902.81,0.9019765504700943,1.7471173286565789,-0.2613051784920305,71.59,73.95,74.31,70.87,67.12,69.31,71.79,67.82,23.38,43.43,75.25,109.12,120.5,124.94,105.35,74.44,26.83,27.74,67.26,69.71,70.84,71.15,68.03,71.56
BN073_2020-03-09,BN073,2020-03-09,2,peak dominant,1705.23,1902.81,0.8961640941554859,1.6417726640980983,-0.19809527774058222,73.91,71.25,71.35,72.56,71.3,71.18,72.53,61.17,22.41,38.94,81.5,108.58,116.65,110.24,96.97,70.32,19.23,53.14,71.88,70.54,69.09,67.77,70.41,72.31
BN073_2020-03-13,BN073,2020-03-13,2,peak dominant,1628.5099999999998,1902.81,0.8558447769351643,1.7942782052305484,0.048459554093756185,72.86,73.01,69.14,69.61,72.54,76.59,74.83,68.21,22.18,42.4,47.98,116.41,51.05,121.75,59.67,74.86,45.03,58.8,61.76,71.48,69.81,70.16,68.68,69.7
BN073_2020-03-14,BN073,2020-03-14,2,peak dominant,1751.88,1902.81,0.9206804673088749,1.7873826974450304,-0.3866500860108644,69.67,70.3,73.33,69.74,72.09,68.93,70.46,61.49,19.64,51.51,96.2,121.89,130.47,110.16,105.72,83.57,40.0,21.65,64.6,67.95,70.05,71.98,70.74,69.74
BN073_2020-03-15,BN073,2020-03-15,2,peak dominant,1755.6399999999999,1902.81,0.9226564922404233,1.7800004556742843,-0.2672949596722163,68.84,71.19,72.12,70.96,69.48,70.59,72.92,64.55,26.54,53.34,59.47,102.11,130.21,128.32,112.11,82.68,36.74,22.46,62.43,76.14,76.88,76.13,74.28,75.15
BN073_2020-03-16,BN073,2020-03-16,2,peak dominant,1710.04,1902.81,0.8986919345599403,1.6257865313092092,-0.045773143876385064,77.31,75.47,74.6,75.18,76.47,74.54,74.67,61.92,17.56,44.31,88.34,98.2,115.84,108.48,82.51,60.13,15.95,45.63,68.02,71.24,76.52,74.23,74.46,78.46
BN073_2020-03-17,BN073,2020-03-17,2,peak dominant,1718.59,1902.81,0.9031852891250308,1.7007896007773815,-0.1973912245505269,75.79,76.11,74.53,76.62,73.97,74.54,72.9,58.2,30.61,56.7,77.82,121.79,97.3,82.17,107.57,78.88,33.58,24.17,62.48,70.56,73.44,73.49,72.93,72.44
BN073_2020-03-20,BN073,2020-03-20,2,peak dominant,1813.83,1902.81,0.9532375802103206,1.7107226145779924,-0.3951297310590322,77.11,71.42,71.98,72.63,79.5,79.24,72.09,60.04,17.56,50.79,91.32,121.22,129.29,111.59,99.42,63.7,70.3,70.03,64.31,64.42,71.25,68.78,68.96,66.88
BN073_2020-03-21,BN073,2020-03-21,2,peak dominant,1844.08,1902.81,0.9691351212154655,1.749425187627435,-0.5358740382543917,70.22,70.88,68.98,67.45,68.95,70.4,69.65,74.54,68.51,68.59,89.8,123.43,134.42,132.4,115.63,82.74,40.56,19.96,56.81,68.37,71.93,70.5,69.15,70.21
BN073_2020-03-22,BN073,2020-03-22,2,peak dominant,1577.6799999999998,1902.81,0.8291316526610644,1.8899650119162315,0.06681175781858341,73.8,72.12,70.61,69.4,72.38,73.1,69.98,59.63,32.12,22.09,82.27,124.24,75.62,58.44,93.36,41.21,29.11,51.79,62.02,64.76,70.52,73.16,67.43,68.52
BN073_2020-03-23,BN073,2020-03-23,2,peak dominant,1715.82,1902.81,0.9017295473536506,1.9153058013078297,-0.3827810727935663,71.19,73.4,73.05,67.51,70.2,71.45,76.41,61.07,24.95,53.98,92.58,118.04,60.9,136.93,110.03,93.13,47.88,25.96,53.96,63.27,68.44,66.83,66.83,67.83
BN073_2020-03-24,BN073,2020-03-24,2,peak dominant,1786.98,1902.81,0.9391268702602993,1.7522747876305276,-0.39965239642232375,71.5,71.43,71.1,68.25,69.93,73.62,73.11,52.32,20.09,56.31,93.51,122.57,130.47,128.65,112.41,84.39,37.92,21.87,63.34,70.28,70.6,72.74,74.51,76.06
BN073_2020-03-25,BN073,2020-03-25,2,peak dominant,1592.27,1902.81,0.8367992600417278,1.6023915541962106,0.23525581865304038,76.2,76.86,72.22,73.73,75.15,75.31,75.15,52.83,17.27,37.62,75.04,106.31,94.15,66.7,72.44,40.52,13.08,46.67,71.7,75.31,71.66,75.99,75.87,74.49
BN073_2020-03-26,BN073,2020-03-26,2,peak dominant,1598.56,1902.81,0.8401048974937066,1.642328095285757,0.10277636207999086,75.79,71.96,75.63,75.73,74.64,73.01,76.51,63.86,32.92,13.0,68.56,80.18,109.39,67.45,86.44,73.87,42.56,21.35,63.18,66.12,71.83,74.58,71.39,68.61
BN073_2020-03-27,BN073,2020-03-27,2,peak dominant,1756.83,1902.81,0.9232818831097167,1.7050255289356397,-0.429799235384163,70.32,73.0,72.88,71.11,68.49,72.16,73.86,54.08,29.16,63.3,97.86,124.81,100.68,102.61,110.99,83.41,50.81,24.08,56.92,72.39,73.21,71.06,70.2,69.44
BN073_2020-03-28,BN073,2020-03-28,2,peak dominant,1776.04,1902.81,0.9333774785711658,1.8096889709691222,-0.4092549929845668,74.55,71.39,71.05,69.99,72.44,73.21,70.9,52.06,19.19,56.1,94.28,121.63,130.8,133.92,111.64,84.31,33.11,24.4,63.0,70.75,71.25,69.17,64.82,72.08
BN073_2020-03-29,BN073,2020-03-29,2,peak dominant,1762.8899999999999,1902.81,0.9264666466962019,1.8585844834334533,-0.4337769510553644,70.05,74.44,65.14,68.38,71.5,71.88,71.23,39.76,17.43,57.75,95.41,128.18,136.52,125.8,110.7,82.86,41.53,21.22,64.6,72.23,67.34,63.84,70.94,74.16
BN073_2020-03-30,BN073,2020-03-30,2,peak dominant,1775.53,1902.81,0.9331094539128972,1.749652216521264,-0.37019624883061414,73.62,66.57,67.84,72.97,75.93,73.92,64.14,45.68,15.52,54.92,92.97,121.95,129.44,124.92,111.86,83.86,34.61,26.67,69.0,70.98,68.4,74.43,78.21,77.12
BN073_2020-04-01,BN073,2020-04-01,2,peak dominant,1681.09,1902.81,0.8834775936641073,1.8403773742036416,-0.15249513639865644,72.63,77.27,76.1,75.52,69.32,77.02,81.37,65.72,34.41,13.33,69.49,91.32,105.59,128.91,110.01,77.79,38.22,19.12,57.09,69.58,70.3,69.48,65.16,66.34
BN073_2020-04-02,BN073,2020-04-02,2,peak dominant,1789.02,1902.81,0.9401989688933735,1.8084985075627997,-0.4228949020034159,72.36,73.58,69.49,64.95,69.88,71.27,71.62,42.77,19.46,63.13,98.55,121.07,134.81,128.3,112.56,84.75,39.46,18.83,65.58,75.82,74.1,71.2,70.79,74.69
BN073_2020-04-03,BN073,2020-04-03,2,peak dominant,1785.77,1902.81,0.9384909686200935,1.7101866421767642,-0.3514490510790679,75.23,76.53,68.98,73.82,79.81,74.52,72.68,39.96,17.97,57.3,95.34,120.22,127.25,120.45,106.8,84.52,38.95,23.87,67.63,74.19,69.02,73.64,76.64,70.45
BN073_2020-04-04,BN073,2020-04-04,2,peak dominant,1797.84,1902.81,0.9448342188657827,1.7565078093712458,-0.4202857480663345,71.23,72.1,73.71,73.55,69.45,71.63,71.75,49.42,20.09,63.5,98.92,125.36,129.49,131.58,111.31,83.81,36.69,19.47,65.0,72.49,70.95,72.69,70.46,73.19
BN073_2020-04-05,BN073,2020-04-05,2,peak dominant,1812.83,1902.81,0.9527120416646959,1.8407462365472769,-0.4617572549640076,71.7,71.77,72.94,72.3,72.89,72.03,73.01,42.02,19.21,65.83,101.21,128.12,139.04,130.67,115.46,83.67,43.14,21.9,63.65,71.24,70.34,68.75,72.48,69.46
BN073_2020-04-06,BN073,2020-04-06,2,peak dominant,1790.76,1902.81,0.9411134059627604,1.805937144005897,-0.49914480698967617,73.89,69.85,74.76,73.83,72.61,75.87,74.33,44.72,20.77,68.71,99.84,125.29,134.75,133.38,113.69,92.41,44.05,17.98,49.49,64.63,65.23,65.76,65.51,69.41
BN073_2020-04-07,BN073,2020-04-07,2,peak dominant,1760.38,1902.81,0.9251475449466842,1.8313773162612617,-0.4893228240340935,71.35,68.17,64.9,66.65,64.82,72.34,69.98,36.05,21.8,69.41,99.99,124.48,134.33,132.22,115.46,82.39,38.72,20.81,59.35,70.31,70.48,69.69,68.26,68.42
BN073_2020-04-08,BN073,2020-04-08,2,peak dominant,1580.6,1902.81,0.8306662252142883,2.0296596229280017,-0.10761739964863849,72.83,72.2,72.47,70.21,68.73,72.15,72.22,41.49,19.62,69.5,104.93,133.67,111.61,84.58,45.8,22.46,35.18,15.93,60.03,65.08,67.4,65.62,67.28,69.61
BN073_2020-04-09,BN073,2020-04-09,2,peak dominant,1811.09,1902.81,0.951797604595309,1.8694156557653128,-0.5280464152715797,68.78,71.18,70.59,66.1,67.32,67.77,70.6,36.83,25.04,76.69,107.18,130.65,141.07,136.68,120.04,86.51,37.87,19.26,62.63,70.48,69.53,70.76,69.75,67.78
BN073_2020-04-10,BN073,2020-04-10,2,peak dominant,1749.5899999999997,1902.81,0.9194769840393943,1.8511765613658058,-0.37686790479923016,68.23,72.25,74.15,73.71,69.07,72.55,71.45,45.34,23.06,69.64,103.73,129.76,134.95,128.89,103.07,36.36,52.17,16.45,58.44,73.29,67.87,68.2,64.9,72.06
BN073_2020-04-11,BN073,2020-04-11,2,peak dominant,1476.28,1902.81,0.775842044134727,1.6687891185953887,0.16203693851569576,68.96,68.3,68.71,69.25,70.67,67.36,63.77,48.57,35.46,38.51,102.65,76.62,82.05,53.75,62.76,34.09,35.34,29.19,61.93,64.82,66.92,69.65,68.77,68.18
BN073_2020-04-12,BN073,2020-04-12,2,peak dominant,1705.3,1902.81,0.8962008818536795,1.716718465959069,-0.5298423167598665,67.33,68.89,68.87,68.64,68.64,69.27,68.66,39.22,22.74,73.33,105.77,121.98,98.39,106.83,113.76,97.05,49.69,14.93,55.47,64.93,65.02,63.47,65.43,66.99
BN073_2020-04-14,BN073,2020-04-14,2,peak dominant,1812.8999999999999,1902.81,0.9527488293628896,1.8585470792652656,-0.5825524429410779,68.03,66.46,64.12,66.27,66.66,66.31,64.62,31.74,28.77,81.43,116.07,136.15,140.39,135.54,116.23,88.44,44.4,19.61,63.51,68.01,68.04,68.84,73.53,69.73
BN073_2020-04-15,BN073,2020-04-15,2,peak dominant,1785.7,1902.81,0.9384541809218998,1.8482835862686902,-0.5591621553605625,70.61,69.69,73.72,75.15,69.58,70.21,67.5,39.8,27.52,76.14,109.78,127.45,137.52,132.14,116.83,88.81,44.21,14.54,53.68,62.85,66.86,64.6,61.84,64.67
BN073_2020-04-16,BN073,2020-04-16,2,peak dominant,1772.4699999999998,1902.81,0.9315013059632858,1.8645167478151958,-0.5629271055209305,65.86,71.28,66.24,64.27,63.41,67.82,64.03,29.68,31.36,78.92,109.65,129.66,137.7,133.55,116.77,84.83,41.64,15.81,57.77,70.58,68.96,66.39,66.93,69.36
BN073_2020-04-17,BN073,2020-04-17,2,peak dominant,1730.1399999999999,1902.81,0.9092552593269952,1.8442438184193188,-0.4361247303821463,71.28,68.71,66.14,69.35,71.39,73.62,66.55,39.11,29.22,71.55,109.49,130.35,132.95,101.49,103.05,59.65,46.55,15.66,60.53,69.66,66.26,66.84,69.0,71.74
BN073_2020-04-18,BN073,2020-04-18,2,peak dominant,1701.3200000000002,1902.81,0.8941092384420937,1.9170996637904687,-0.42108585605693916,67.11,66.16,68.21,69.82,69.97,67.62,59.12,34.5,18.49,42.99,63.3,115.25,131.95,135.9,123.57,97.65,49.46,20.27,57.31,67.58,67.48,68.11,72.34,67.16
BN073_2020-04-19,BN073,2020-04-19,2,peak dominant,1706.29,1902.81,0.8967211650138479,1.8316229949188005,-0.470672022582478,64.79,69.33,69.71,70.28,66.3,66.36,63.99,37.87,23.88,75.99,107.46,129.58,125.05,130.22,100.93,60.73,39.07,16.2,53.33,65.93,67.03,70.88,66.56,64.82
BN073_2020-04-20,BN073,2020-04-20,2,peak dominant,1759.27,1902.81,0.9245641971610408,1.8145253428979065,-0.5816675160675577,69.76,70.78,71.35,69.1,66.25,67.85,70.01,34.23,29.08,73.69,104.04,123.58,133.01,132.64,116.89,92.48,49.22,17.2,51.4,63.02,65.22,64.8,61.19,62.48
BN073_2020-04-21,BN073,2020-04-21,2,peak dominant,1746.7,1902.81,0.9179581776425393,1.8784221675158872,-0.6272947584964194,67.18,66.97,63.1,61.54,63.43,67.42,60.44,28.05,31.33,73.42,108.57,126.87,133.57,136.71,118.94,90.01,50.18,24.2,54.31,64.84,63.01,63.51,62.12,66.98
BN073_2020-04-22,BN073,2020-04-22,2,peak dominant,1728.5900000000001,1902.81,0.9084406745812773,1.923371071219896,-0.5976448071619048,66.71,64.0,61.62,64.8,67.55,66.22,59.54,26.59,24.45,74.9,109.42,133.15,138.53,129.54,115.75,88.77,46.84,16.89,54.91,62.97,61.38,62.5,65.53,66.03
BN073_2020-04-23,BN073,2020-04-23,2,peak dominant,1723.35,1902.81,0.905686852602204,1.760849508225259,-0.555135899053737,64.98,63.88,65.23,67.93,65.9,62.98,58.82,32.67,26.95,75.01,109.14,120.46,126.44,125.27,113.28,85.42,39.25,21.6,57.63,66.41,66.46,68.5,70.71,68.43
BN073_2020-04-24,BN073,2020-04-24,2,peak dominant,1737.82,1902.81,0.9132913953573925,1.7236767904616128,-0.4745007099651808,69.94,71.03,72.64,71.09,69.7,70.01,66.37,36.23,26.96,69.58,102.37,119.34,124.81,122.72,109.9,83.71,37.09,17.51,57.84,67.32,68.76,69.56,66.98,66.36
BN073_2020-04-25,BN073,2020-04-25,2,peak dominant,1729.6399999999999,1902.81,0.908992490054183,1.825212182881987,-0.4921114162320354,66.8,71.86,68.47,66.44,66.17,69.75,66.33,31.63,26.28,73.42,100.42,125.27,131.54,126.3,105.71,80.93,39.88,15.87,54.91,69.35,70.88,66.69,66.8,67.94
BN073_2020-04-26,BN073,2020-04-26,2,peak dominant,1718.5,1902.81,0.9031379906559247,1.83508874018039,-0.546096994324409,70.76,68.77,67.54,67.05,69.18,70.07,62.55,27.75,28.62,70.53,104.38,120.19,131.4,122.18,108.71,86.77,46.3,19.04,53.38,65.43,63.48,62.9,63.8,67.72
BN073_2020-04-27,BN073,2020-04-27,2,peak dominant,1675.64,1902.81,0.8806134085904531,1.757274832302881,-0.5282812942146538,66.63,64.69,64.18,66.64,67.27,65.3,58.75,32.73,21.25,71.66,105.6,118.93,122.69,118.9,104.64,79.89,43.92,18.15,59.51,64.27,63.5,64.23,67.25,65.06
BN073_2020-04-28,BN073,2020-04-28,2,peak dominant,1702.39,1902.81,0.8946715646859119,1.715423610336057,-0.4960610866418433,66.19,65.01,67.42,67.9,67.01,65.47,60.88,30.92,28.45,74.55,104.91,117.3,121.68,119.13,107.39,80.9,36.05,18.1,56.57,68.52,67.33,72.41,70.08,68.22
BN073_2020-04-29,BN073,2020-04-29,2,peak dominant,1670.51,1902.81,0.8779173958513987,1.7266104363338142,-0.41390850084097947,71.73,71.61,72.8,71.29,69.15,69.77,67.98,33.94,24.54,68.79,93.39,112.17,120.18,116.99,103.26,73.72,35.24,14.56,52.89,63.0,67.65,65.79,65.26,64.81
BN073_2020-04-30,BN073,2020-04-30,2,peak dominant,1438.85,1902.81,0.7561711363719972,1.622962782777913,0.09342309616854998,65.96,68.0,66.06,64.24,63.53,68.42,57.48,31.13,31.98,62.86,95.51,97.3,69.92,57.44,58.99,21.31,23.8,36.98,54.56,71.26,68.48,67.7,66.66,69.28
BN073_2020-05-01,BN073,2020-05-01,2,peak dominant,1685.1599999999999,1902.81,0.8856165355447995,1.8228298796553446,-0.38164487455886575,70.06,69.99,67.74,67.96,71.07,71.26,62.63,28.55,27.74,69.02,61.85,122.04,127.99,121.25,104.06,81.09,39.88,16.53,59.43,69.1,67.21,68.9,68.98,70.83
BN073_2020-05-02,BN073,2020-05-02,2,peak dominant,1713.58,1902.81,0.9005523410114514,1.8091247563580342,-0.535937356892227,68.84,68.39,67.33,70.46,70.7,66.9,62.18,29.83,24.21,72.48,104.61,119.4,129.17,122.57,110.94,86.21,44.47,16.8,54.16,63.04,63.55,65.45,66.84,65.05
BN073_2020-05-03,BN073,2020-05-03,2,peak dominant,1701.01,1902.81,0.89394632149295,1.8147335994497387,-0.5700986382121939,64.42,64.31,67.54,67.0,64.47,64.39,59.09,32.07,26.95,72.61,104.44,124.71,128.62,125.24,110.99,87.34,42.83,17.39,52.7,65.06,63.93,66.6,65.43,62.88
BN073_2020-05-04,BN073,2020-05-04,2,peak dominant,1689.8600000000001,1902.81,0.8880865667092354,1.7645012012829462,-0.5557586887519359,64.23,69.08,67.66,64.9,63.38,65.23,64.75,28.68,30.22,74.12,105.92,118.4,124.24,122.23,107.98,84.45,44.4,14.25,51.81,65.52,65.88,63.95,62.63,65.95
BN073_2020-05-05,BN073,2020-05-05,2,peak dominant,1684.1599999999999,1902.81,0.8850909969991748,1.7436823104693142,-0.5007209208777309,68.17,66.2,64.45,65.06,64.59,69.35,61.91,29.05,29.0,74.64,105.29,117.8,122.36,120.46,106.04,79.57,34.44,15.29,54.43,66.52,67.7,69.11,66.42,66.31
BN073_2020-05-06,BN073,2020-05-06,2,peak dominant,1631.99,1902.81,0.857673651073938,1.7295694213812585,-0.46962363823502673,66.73,70.81,69.08,67.53,66.65,68.57,64.78,30.6,26.95,70.89,99.39,117.61,117.05,101.16,97.29,79.57,36.5,15.06,53.29,61.46,61.67,64.27,62.38,62.7
BN073_2020-05-07,BN073,2020-05-07,2,peak dominant,1668.17,1902.81,0.8766876356546371,1.7769411990384671,-0.5385407256394056,63.59,64.14,65.74,62.57,63.66,62.09,58.47,27.31,32.36,73.62,102.76,114.3,123.51,121.37,107.56,82.2,38.12,16.01,53.94,65.91,68.84,67.02,66.64,66.44
BN073_2020-05-08,BN073,2020-05-08,2,peak dominant,1629.97,1902.81,0.8566120632117763,1.8396412203905592,-0.39023744203022315,69.23,71.49,68.41,68.72,68.36,69.97,60.62,26.23,23.79,67.48,87.42,120.89,124.94,115.83,91.13,66.96,34.52,14.69,52.59,66.08,65.7,65.59,64.83,64.5
BN073_2020-05-09,BN073,2020-05-09,2,peak dominant,1490.67,1902.81,0.7834045438062656,1.7375274205558573,-0.306653197350972,67.5,65.86,64.92,65.14,65.85,63.71,58.03,29.33,24.1,44.46,76.6,92.07,83.45,107.92,83.75,75.88,44.56,14.24,52.06,61.83,60.9,62.77,62.15,63.59
BN073_2020-05-10,BN073,2020-05-10,2,peak dominant,1412.17,1902.81,0.7421497679747322,2.2034174355778693,-0.08008158156410011,60.6,61.86,61.2,62.32,63.26,60.8,60.02,55.78,35.99,13.21,29.9,22.49,80.3,129.65,112.0,84.72,46.56,18.34,46.69,59.49,60.95,60.89,63.67,61.48
BN073_2020-05-11,BN073,2020-05-11,2,peak dominant,1704.6799999999998,1902.81,0.8958750479553922,1.8385620761667882,-0.6339530050672556,61.54,63.46,64.04,65.13,63.55,64.59,56.08,27.34,32.93,78.95,107.36,126.62,128.91,130.59,118.81,91.31,48.76,12.92,47.45,61.42,65.26,62.67,61.06,63.93
BN073_2020-05-12,BN073,2020-05-12,2,peak dominant,1770.6200000000001,1902.81,0.9305290596538804,1.8468107216681162,-0.6116676284055467,68.75,71.81,64.79,63.44,64.9,66.35,58.53,23.53,34.33,77.59,108.67,126.85,136.25,131.68,117.34,89.57,50.67,23.93,65.81,74.66,62.54,61.01,64.91,62.71
BN073_2020-05-13,BN073,2020-05-13,2,peak dominant,1769.62,1902.81,0.9300035211082557,1.6327573151298018,-0.23236254027151199,64.29,73.74,74.62,77.15,77.62,76.94,71.5,39.23,19.64,60.91,93.53,114.5,120.39,114.49,94.49,76.69,33.84,19.54,68.4,79.62,77.83,77.88,80.17,82.61
BN073_2020-05-15,BN073,2020-05-15,2,peak dominant,1753.5,1902.81,0.9215318397527867,1.608485885372113,-0.15978860875593748,75.96,76.93,81.66,80.22,76.05,77.12,70.57,39.45,21.55,55.59,91.91,96.02,116.5,117.52,101.51,72.21,26.45,21.23,62.55,77.33,78.1,81.57,77.9,77.6
BN073_2020-05-18,BN073,2020-05-18,2,peak dominant,1755.5,1902.81,0.9225829168440359,1.6279806322984904,-0.2550444618813229,80.93,80.14,79.45,77.88,79.57,80.76,71.12,36.39,14.98,55.26,91.92,109.12,119.08,117.36,104.63,79.4,38.57,17.04,58.08,72.28,71.94,72.55,73.84,73.21
BN073_2020-05-19,BN073,2020-05-19,2,peak dominant,1790.15,1902.81,0.9407928274499294,1.6731558807921123,-0.30000053216719713,71.46,76.47,75.37,73.22,74.03,75.95,70.21,32.72,20.87,60.07,95.17,119.49,124.8,112.93,107.51,79.68,39.05,21.58,64.49,77.87,78.52,78.42,78.18,82.09
BN073_2020-05-20,BN073,2020-05-20,2,peak dominant,1836.46,1902.81,0.9651305174978059,1.621031767639916,-0.30324493235030103,80.56,81.01,81.92,80.42,80.95,79.46,73.5,37.83,20.18,65.13,97.5,114.71,124.04,123.22,110.59,83.87,40.63,17.4,59.62,76.53,77.33,76.91,76.41,76.74
BN073_2020-05-24,BN073,2020-05-24,2,peak dominant,1754.3899999999999,1902.81,0.9219995690583925,1.6495306060796062,-0.31460617689546855,74.8,73.67,75.06,75.35,76.4,73.17,65.41,39.63,18.04,59.48,93.97,114.4,120.58,115.45,106.66,80.76,38.37,16.08,63.69,72.19,74.3,75.19,75.69,76.05
BN073_2020-05-25,BN073,2020-05-25,2,peak dominant,1761.0700000000002,1902.81,0.9255101665431652,1.6124742344143046,-0.33138194229207113,74.17,76.17,75.82,76.49,73.09,73.76,69.92,33.49,22.9,67.39,93.94,112.34,118.32,118.26,105.78,78.91,38.46,19.3,58.05,73.4,75.82,75.95,75.81,73.53
BN073_2020-06-07,BN073,2020-06-07,2,peak dominant,1740.12,1902.81,0.9145001340123291,1.6783670091717813,-0.21110679827647508,79.25,79.58,76.19,73.31,77.13,77.83,68.07,35.48,18.06,52.68,85.57,109.96,121.69,116.37,97.35,73.84,38.67,16.49,61.81,78.42,74.63,73.86,76.87,77.01
BN073_2020-06-08,BN073,2020-06-08,2,peak dominant,1786.9,1902.81,0.9390848271766493,1.622206055179361,-0.2920581866719666,76.95,74.97,74.78,79.17,76.98,74.55,67.62,37.58,17.76,60.42,95.08,113.15,119.52,120.78,109.65,80.48,37.89,18.72,61.79,74.55,79.15,78.85,79.97,76.54
BN077_2019-07-31,BN077,2019-07-31,2,peak dominant,71.62,66.59,1.0755368673975072,4.195476123987713,0.9944469928696068,11.92,9.97,1.85,0.79,1.84,2.57,0.1,0.07,0.19,0.27,1.94,0.25,1.54,0.25,0.4,0.42,0.34,2.12,0.49,0.4,0.29,9.63,12.52,11.46
BN077_2019-08-02,BN077,2019-08-02,2,peak dominant,49.48,66.59,0.743054512689593,6.077607113985449,0.7173382219306002,0.05,0.02,1.9,0.88,1.69,2.74,0.08,0.14,0.28,0.35,0.48,0.58,0.58,0.65,0.48,0.6,0.98,2.46,0.25,0.17,0.22,9.75,12.53,11.62
BN077_2019-08-03,BN077,2019-08-03,2,peak dominant,66.03999999999999,66.59,0.9917405015768131,4.346456692913386,0.9966276244242092,11.86,9.33,1.59,0.73,1.71,2.61,0.04,0.09,0.09,0.13,0.32,0.37,0.57,0.37,0.56,0.45,0.24,2.19,0.15,0.18,0.07,9.49,11.96,10.94
BN077_2019-08-04,BN077,2019-08-04,2,peak dominant,57.99,66.59,0.8708514792010812,5.231246766683911,0.990190897550803,11.7,9.27,0.0,0.01,0.0,0.02,0.02,0.03,0.12,0.1,0.36,0.25,0.55,0.31,0.23,0.18,0.19,0.18,0.14,0.16,0.07,9.83,12.64,11.63
BN077_2019-08-10,BN077,2019-08-10,2,peak dominant,72.38,66.59,1.086949992491365,4.274108869853551,0.04852215203170186,2.96,12.89,10.95,12.02,5.8,2.25,4.58,1.44,1.2,1.33,1.52,1.53,1.53,1.73,1.66,1.68,1.58,1.41,1.0,0.74,0.76,0.72,0.61,0.49
BN077_2019-08-11,BN077,2019-08-11,2,peak dominant,66.18,66.59,0.9938429193572609,4.627379873073435,0.15808100182388413,3.19,12.76,11.05,11.52,3.85,0.55,0.47,0.64,0.78,1.14,1.36,1.45,1.5,1.48,1.47,1.48,1.6,1.56,1.59,1.57,1.13,1.34,1.4,1.3
BN077_2019-08-12,BN077,2019-08-12,2,peak dominant,78.63,66.59,1.180807929118486,3.864173979397177,0.06733672230585305,3.31,12.66,10.65,11.58,5.87,2.57,5.07,1.77,1.34,1.6,1.73,1.82,1.87,1.84,1.84,1.8,1.74,1.8,1.66,1.42,1.22,1.19,1.3,0.98
BN077_2019-08-14,BN077,2019-08-14,2,peak dominant,106.53,66.59,1.5997897582219551,3.0909602928752467,-0.08431357322769514,3.22,12.55,10.01,11.31,6.14,2.85,3.51,1.62,1.52,1.71,1.87,1.87,4.17,12.66,13.72,4.65,2.04,1.95,1.89,1.7,1.54,1.41,1.37,1.25
BN077_2019-08-15,BN077,2019-08-15,2,peak dominant,72.33,66.59,1.086199128998348,4.160929075072584,0.1387413282186076,3.39,12.54,10.78,11.48,4.17,0.58,1.07,1.15,1.59,1.79,1.86,1.88,1.85,1.97,1.82,1.85,1.68,1.78,1.68,1.49,1.47,1.36,1.53,1.57
BN077_2019-08-17,BN077,2019-08-17,2,peak dominant,143.82999999999998,66.59,2.159933924012614,2.2393102968782594,0.01615913019583885,2.99,12.03,13.29,10.9,11.32,2.29,3.25,2.23,1.52,1.58,1.69,1.85,1.73,1.72,1.82,6.21,13.42,12.71,12.72,2.33,9.74,12.2,1.92,2.37
BN077_2019-08-18,BN077,2019-08-18,2,peak dominant,306.515,66.59,4.603018471241928,3.753682527771887,0.32713411835473577,2.47,2.0,1.97,1.94,1.91,1.94,1.99,2.03,2.07,2.21,2.31,2.75,2.64,6.31,13.59,12.91,13.29,10.01,19.14,42.44,46.49,47.94,38.035,28.13
BN077_2019-08-20,BN077,2019-08-20,2,peak dominant,928.2549999999999,66.59,13.939855834209338,2.426746960695068,0.39274458353159764,82.52,82.34,82.66,82.25,82.22,82.72,15.46,2.07,2.09,2.4,2.97,3.66,3.81,3.74,3.75,2.57,2.34,2.98,13.53,93.86,93.86,93.86,61.485,29.11
BN077_2019-08-21,BN077,2019-08-21,2,peak dominant,399.877,66.59,6.005060819942934,5.633332249666772,0.11996811074562143,5.22,13.2,10.68,11.6,4.77,4.32,2.9,2.37,2.17,2.5,3.56,3.0,4.35,4.35,3.82,4.17,3.89,3.63,15.45,93.86,93.86,40.955,35.402,29.85
BN077_2019-08-22,BN077,2019-08-22,2,peak dominant,166.05,66.59,2.4936176603093556,4.314363143631437,0.6335549042995618,5.47,13.42,10.91,11.49,2.03,1.36,2.02,2.21,2.68,3.24,4.41,4.37,4.5,4.49,4.64,4.36,4.67,4.66,17.65,0.14,0.0,8.37,19.11,29.85
BN077_2019-08-23,BN077,2019-08-23,2,peak dominant,106.00999999999999,66.59,1.5919807778945785,4.219979247240826,-0.36569713862657965,3.23,2.54,3.27,2.11,3.21,2.79,2.07,2.19,2.65,3.43,3.92,4.09,4.3,4.38,4.3,4.33,4.02,4.01,18.64,11.54,11.54,0.0,0.0,3.45
BN077_2019-08-24,BN077,2019-08-24,2,peak dominant,172.63500000000002,66.59,2.5925063823396908,7.660092101833347,0.33118747407711635,6.9,13.61,11.49,12.14,4.75,4.42,3.02,2.5,2.12,2.17,3.09,3.14,3.26,3.22,3.07,2.95,3.49,3.26,21.45,1.29,1.21,55.1,1.16,3.825
BN077_2019-08-25,BN077,2019-08-25,2,peak dominant,365.472,66.59,5.488391650397957,3.776333070659312,0.42270366543516186,6.49,13.7,11.52,12.06,2.91,1.98,2.0,2.0,2.06,2.12,2.4,2.68,2.77,2.8,2.71,3.31,3.06,3.08,23.63,57.506,57.506,57.506,57.506,32.168
BN077_2019-08-26,BN077,2019-08-26,2,peak dominant,389.796,66.59,5.853671722480852,3.5406828187051693,0.4645788684584603,6.83,13.43,10.96,11.55,4.75,4.76,2.67,2.51,2.89,3.39,4.06,4.37,4.72,4.41,4.85,4.45,4.68,4.54,25.77,57.506,51.675,51.675,51.675,51.675
BN077_2019-08-27,BN077,2019-08-27,2,peak dominant,270.091,66.59,4.056029433848926,5.872509635641321,0.8060992533430344,40.058,28.44,2.04,1.97,1.96,2.02,2.08,2.14,2.58,3.68,3.98,3.94,5.16,6.56,3.58,3.17,3.66,3.41,26.07,1.435,1.5,66.088,27.312,27.258
BN077_2019-08-28,BN077,2019-08-28,2,peak dominant,376.23699999999997,66.59,5.65005256044451,5.135061144969794,0.2756796840084987,33.164,39.07,11.02,11.28,4.43,3.42,2.69,2.34,2.08,2.53,3.22,3.39,5.21,3.78,3.72,3.56,3.91,3.78,29.59,51.675,66.088,80.5,2.95,2.84
BN077_2019-08-29,BN077,2019-08-29,2,peak dominant,220.965,66.59,3.318291034689893,5.906455773538796,0.09805016154040369,4.77,13.2,10.69,11.44,3.11,0.93,1.2,1.6,2.0,2.52,3.21,4.97,7.56,3.97,4.05,3.92,4.03,3.17,30.63,0.0,49.615,54.38,0.0,0.0
BN077_2019-08-30,BN077,2019-08-30,2,peak dominant,386.45500000000004,66.59,5.8034990238774595,5.278751730473146,0.809179145843913,14.155,28.31,2.62,1.33,2.44,15.49,9.38,3.27,1.91,2.32,3.05,3.49,3.73,3.62,3.39,3.71,3.12,2.53,32.48,0.07,0.06,76.19,84.79,85.0
BN077_2019-08-31,BN077,2019-08-31,2,peak dominant,342.23,66.59,5.139360264303949,6.872571077930047,0.48632107038082645,61.85,38.7,10.51,11.23,4.46,3.05,3.85,1.66,1.41,1.77,1.87,1.87,2.05,2.26,2.25,2.23,2.13,2.49,33.83,0.0,49.0,98.0,1.48,4.28
BN077_2019-09-01,BN077,2019-09-01,2,peak dominant,395.985,66.59,5.946613605646493,5.670517822644797,0.10881663618168042,21.33,38.38,10.42,11.15,2.45,0.48,0.67,1.09,1.4,1.56,1.76,1.97,2.0,2.04,2.04,2.12,2.02,1.99,37.45,93.56,93.56,11.62,0.01,54.915
BN077_2019-09-02,BN077,2019-09-02,2,peak dominant,444.593,66.59,6.676573059017871,2.9870915646445177,0.711555753413614,47.148,39.38,11.2,11.88,4.46,3.16,3.76,1.28,1.24,1.53,1.71,1.87,2.05,2.38,2.32,2.19,2.38,2.26,38.77,49.565,49.545,54.19,55.335,54.99
BN077_2019-09-03,BN077,2019-09-03,2,peak dominant,415.53,66.59,6.240126145066826,3.205833513825717,0.673199967608823,41.71,28.43,1.37,0.39,0.34,1.06,1.51,1.54,1.91,2.25,3.38,3.41,4.31,4.04,3.89,3.77,4.1,3.91,41.0,49.6,49.235,53.95,55.505,54.92
BN077_2019-09-04,BN077,2019-09-04,2,peak dominant,510.34000000000003,66.59,7.663913500525605,2.3335031547595717,0.6187094772930187,47.35,39.78,11.28,11.93,6.45,26.24,36.75,1.96,2.0,2.67,3.89,4.26,4.41,4.21,4.25,3.9,3.77,3.66,44.66,49.36,49.21,49.125,49.605,49.62
BN077_2019-09-05,BN077,2019-09-05,2,peak dominant,514.54,66.59,7.726986033939029,2.5709954522486105,0.6407638024860424,44.23,38.84,10.69,11.18,3.86,24.85,34.98,1.73,2.11,2.79,3.6,3.7,3.59,4.02,4.1,3.7,3.9,3.88,46.5,49.25,49.195,53.97,54.755,55.12
BN077_2019-09-06,BN077,2019-09-06,2,peak dominant,466.93499999999995,66.59,7.012088902237572,2.5601850364611782,0.5698938203195517,41.77,28.42,3.12,2.41,1.8,25.27,36.64,1.63,1.96,2.36,2.69,3.05,3.78,3.96,3.98,3.49,2.95,2.85,47.14,49.175,49.745,49.3,49.635,49.81
BN077_2019-09-07,BN077,2019-09-07,2,peak dominant,439.775,66.59,6.604219852830755,2.7603206184980955,0.6419557268217404,44.55,39.29,11.46,12.49,5.32,1.58,2.59,1.8,1.69,1.78,2.21,2.48,2.22,2.58,2.35,2.72,2.68,2.46,50.58,49.48,49.455,49.385,49.4,49.225
BN077_2019-09-08,BN077,2019-09-08,2,peak dominant,479.637,66.59,7.202838264003604,4.7666047448382844,0.48221523047618636,44.372,39.52,11.08,11.8,3.95,0.43,0.68,0.88,1.12,1.58,1.86,2.2,2.63,2.87,2.37,2.45,2.61,2.38,52.48,49.03,95.26,49.145,49.39,49.55
BN077_2019-09-09,BN077,2019-09-09,2,peak dominant,514.135,66.59,7.720904039645592,2.5478133175138824,0.5656728986585171,44.24,38.93,10.34,11.41,5.03,25.38,41.41,2.04,1.96,2.31,2.7,3.22,3.54,4.07,4.0,3.61,4.06,3.56,54.58,49.83,49.535,49.485,49.49,49.405
BN077_2019-09-10,BN077,2019-09-10,2,peak dominant,720.423,66.59,10.818786604595283,3.2747427552979294,0.5002387851830414,51.05,39.145,10.65,11.64,5.085,23.218,41.35,1.58,1.9,2.28,3.64,4.1,4.1,4.21,3.96,3.61,3.96,3.56,57.92,98.3,98.3,98.3,98.3,50.265
BN077_2019-09-11,BN077,2019-09-11,2,peak dominant,521.667,66.59,7.834014116233669,2.73093755211658,0.5516284222757626,44.812,39.36,10.96,11.87,5.14,25.24,42.46,2.01,1.94,2.34,2.7,2.98,3.61,3.85,4.03,3.39,3.16,2.88,59.36,50.075,49.925,49.98,49.965,49.63
BN077_2019-09-12,BN077,2019-09-12,2,peak dominant,489.433,66.59,7.349947439555488,3.661935341507418,0.3035161855428985,0.99,33.875,6.87,6.95,3.44,23.06,42.68,1.41,1.7,2.34,3.24,3.35,3.5,4.67,4.22,3.95,4.16,3.91,60.91,49.945,74.678,49.72,49.93,49.935
BN077_2019-09-13,BN077,2019-09-13,2,peak dominant,583.932,66.59,8.7690644240877,4.086640225231705,0.29744038763949243,39.162,28.39,2.78,2.03,1.74,25.02,44.73,1.33,1.8,2.33,2.6,4.59,7.68,8.66,6.31,4.92,2.68,2.74,63.7,81.565,99.43,49.73,49.93,50.085
BN077_2019-09-14,BN077,2019-09-14,2,peak dominant,498.052,66.59,7.479381288481754,4.731795073606771,0.4442655635328118,44.317,38.55,10.68,11.08,4.88,1.65,2.41,1.62,1.53,1.7,1.86,2.04,2.16,2.11,2.05,2.03,2.0,1.89,65.72,50.095,98.195,49.795,49.92,49.77
BN077_2019-09-15,BN077,2019-09-15,2,peak dominant,523.26,66.59,7.857936627121189,4.447196422428621,0.3885153890373009,44.11,38.45,10.49,11.14,3.14,0.28,0.34,0.51,0.72,1.07,1.88,1.98,2.18,2.31,2.13,2.09,2.27,2.1,66.67,81.815,96.96,50.125,50.33,50.17
BN077_2019-09-16,BN077,2019-09-16,2,peak dominant,421.42300000000006,66.59,6.328622916353807,4.074196235136667,0.36337415566455733,44.83,39.49,10.97,11.96,5.19,25.17,49.88,1.33,1.85,2.23,3.01,3.53,3.84,3.73,3.92,3.16,3.51,3.21,71.54,26.025,25.818,25.688,25.77,25.772
BN077_2019-09-17,BN077,2019-09-17,2,peak dominant,622.468,66.59,9.347769935425738,2.8319528072125797,0.46460762387875365,26.49,39.195,10.835,11.555,5.04,26.27,47.5,0.85,1.78,2.25,3.25,3.23,3.67,4.13,4.14,4.03,4.13,3.74,71.14,70.63,72.815,73.45,68.578,63.77
BN077_2019-09-18,BN077,2019-09-18,2,peak dominant,650.435,66.59,9.76775792160985,2.735277160669398,0.5448136307996309,51.335,38.9,10.7,11.15,4.89,25.28,51.46,1.56,1.94,2.3,3.14,3.24,3.93,4.24,4.07,3.82,3.91,3.67,74.13,67.095,69.935,70.24,69.83,69.67
BN077_2019-09-19,BN077,2019-09-19,2,peak dominant,449.90400000000005,66.59,6.756329779246133,4.131014616451509,0.3483298023928949,54.365,39.06,10.76,10.87,3.17,24.26,51.4,1.47,1.94,2.15,2.95,3.39,3.6,4.21,4.19,3.68,3.85,3.81,77.44,26.332,38.784,26.01,26.16,26.053
BN077_2019-09-20,BN077,2019-09-20,2,peak dominant,639.73,66.59,9.606998047754917,3.6146499304394037,0.33471539412733176,27.126,28.2,2.5,2.7,1.71,24.65,51.11,1.13,1.7,1.94,2.62,2.63,3.06,3.59,3.64,3.35,2.76,2.75,78.71,96.35,95.53,70.088,67.361,64.525
BN077_2019-09-21,BN077,2019-09-21,2,peak dominant,563.827,66.59,8.467142213545577,4.198819850769828,0.5197072225826632,51.863,39.2,11.13,11.84,3.36,0.14,0.16,0.18,0.81,1.5,1.78,1.97,2.17,2.37,2.23,2.21,2.07,2.24,80.41,49.52,98.642,74.642,58.99,64.4
BN077_2019-09-22,BN077,2019-09-22,2,peak dominant,395.16200000000003,66.59,5.934254392551434,4.957156811636746,0.474894031429671,51.745,39.09,10.96,11.46,3.34,0.09,0.07,0.11,0.39,1.11,1.82,2.02,2.16,2.18,2.11,2.14,2.17,2.28,81.62,25.87,50.371,38.266,30.52,33.27
BN077_2019-09-23,BN077,2019-09-23,2,peak dominant,222.98000000000002,66.59,3.3485508334584773,5.933805722486322,0.22890137564032495,36.54,39.81,10.49,11.46,3.24,23.09,55.13,0.67,1.62,2.39,2.66,3.16,3.79,3.65,2.96,3.13,3.35,2.63,2.81,2.22,2.1,1.89,2.05,2.14
BN077_2019-09-24,BN077,2019-09-24,2,peak dominant,382.78,66.59,5.748310557140711,5.830398662417054,0.3699787269959855,1.93,1.35,0.46,0.17,0.03,24.36,56.22,0.56,1.12,1.88,2.65,3.04,4.35,3.99,3.89,3.67,3.74,3.74,89.42,0.0,2.23,0.0,92.99,80.99
BN077_2019-09-25,BN077,2019-09-25,2,peak dominant,379.84000000000003,66.59,5.704159783751314,5.690395956192081,0.4108669728421719,54.88,28.77,0.7,0.22,0.19,22.65,56.3,0.59,1.61,2.16,2.92,2.99,3.58,3.88,3.58,3.49,3.66,3.27,90.06,1.36,2.56,1.15,47.69,41.58
BN077_2019-09-26,BN077,2019-09-26,2,peak dominant,221.575,66.59,3.3274515693047,6.277964571815413,0.1332683629123824,34.885,28.19,0.75,0.09,0.07,24.27,57.96,0.99,2.04,2.39,3.12,3.0,3.12,3.89,3.57,3.48,3.43,2.91,30.95,2.72,2.89,2.3,2.39,2.17
BN077_2019-09-27,BN077,2019-09-27,2,peak dominant,574.5920000000001,66.59,8.628803123592132,4.069739919803965,0.2803285450074147,2.9,1.84,1.14,1.07,0.05,23.4,59.67,0.39,1.56,1.92,2.11,2.51,2.74,3.01,2.75,2.62,2.46,2.56,95.48,97.435,50.99,50.895,83.25,81.842
BN077_2019-09-28,BN077,2019-09-28,2,peak dominant,699.691,66.59,10.507448565850728,3.412592129954508,0.5174080649256662,61.191,40.54,10.82,11.62,3.29,0.11,0.08,0.2,0.79,1.52,1.89,2.15,2.24,2.27,2.14,2.02,2.04,2.18,96.69,97.89,99.09,99.49,78.03,81.41
BN077_2019-09-29,BN077,2019-09-29,2,peak dominant,578.1890000000001,66.59,8.682820243279773,4.041308291925304,0.5466510720253788,60.785,40.16,10.42,11.07,3.29,0.13,0.09,0.18,0.78,1.34,1.73,2.05,1.96,2.04,2.05,2.21,2.29,2.25,97.36,62.035,74.386,68.388,64.805,66.39
BN077_2019-09-30,BN077,2019-09-30,2,peak dominant,569.165,66.59,8.547304400060067,3.4703469117039876,0.6007276194504282,52.57,38.75,10.94,11.58,3.31,24.05,61.95,0.34,1.4,2.0,3.03,3.47,3.79,3.67,3.35,3.8,3.36,3.16,50.845,50.5,50.43,50.29,50.28,82.3
BN077_2019-10-01,BN077,2019-10-01,2,peak dominant,697.355,66.59,10.472368223456975,3.379971463601752,0.527694600279497,54.355,26.41,0.03,0.0,0.0,23.85,63.94,0.19,0.73,1.65,2.3,2.37,2.77,3.42,3.01,2.94,2.93,4.33,93.48,74.725,74.725,74.59,86.4,98.21
BN077_2019-10-02,BN077,2019-10-02,2,peak dominant,757.31,66.59,11.372728637933623,3.1386882518387456,0.5636704556674237,62.81,27.41,0.7,1.09,0.02,23.9,63.99,0.19,1.06,1.75,2.25,2.48,3.16,3.31,3.31,3.33,3.33,6.09,52.52,98.95,99.02,98.89,98.71,99.04
BN077_2019-10-03,BN077,2019-10-03,2,peak dominant,839.92,66.59,12.61330530109626,2.8376988284598537,0.5592080550996512,99.02,27.41,0.27,0.02,0.0,23.56,64.94,0.21,0.91,1.77,2.27,2.4,2.56,3.38,3.71,3.03,3.3,9.76,99.31,99.04,98.4,98.07,98.37,98.21
BN077_2019-10-04,BN077,2019-10-04,2,peak dominant,847.98,66.59,12.734344496170596,2.8064812849359653,0.560023249140414,98.31,27.3,0.22,1.14,0.19,23.68,66.33,0.39,1.62,2.24,2.7,3.21,3.25,3.71,3.28,3.7,3.32,10.99,99.14,98.52,98.25,98.19,99.14,99.16
BN077_2019-10-05,BN077,2019-10-05,2,peak dominant,753.29,66.59,11.312359213095059,3.1541637350821063,0.5767598483257727,68.77,38.38,10.62,11.43,0.01,0.09,0.12,0.21,0.65,1.53,2.28,2.66,3.64,3.36,3.16,2.31,2.36,12.29,99.0,98.15,98.24,98.54,97.07,98.42
BN077_2019-10-06,BN077,2019-10-06,2,peak dominant,748.8000000000001,66.59,11.244931671422137,3.189423076923077,0.6064390147621229,98.68,26.64,0.33,0.19,0.06,0.03,0.0,0.05,0.2,0.76,1.31,1.84,1.89,2.03,2.2,2.33,2.42,15.31,98.82,98.2,98.4,98.51,99.09,99.51
BN077_2019-10-07,BN077,2019-10-07,2,peak dominant,855.5949999999999,66.59,12.848701006157079,2.7736487473629463,0.5294782386748067,68.945,38.38,9.82,10.9,0.0,23.52,69.63,0.38,1.54,1.97,2.28,2.42,2.91,3.15,3.14,3.47,3.63,17.51,98.88,98.78,98.76,98.69,98.51,98.38
BN077_2019-10-08,BN077,2019-10-08,2,peak dominant,857.5300000000001,66.59,12.877759423336839,2.7732674075542545,0.5642493729755743,98.73,28.6,1.12,1.56,0.68,23.67,69.63,0.46,1.15,1.78,2.55,2.36,3.13,3.61,3.39,3.43,3.06,19.23,97.54,97.92,98.01,98.18,98.65,99.09
BN077_2019-10-09,BN077,2019-10-09,2,peak dominant,857.54,66.59,12.87790959603544,2.7791123446136625,0.5270765801962322,68.63,38.17,10.44,6.52,0.01,23.69,71.65,0.3,1.12,2.11,2.94,2.96,3.4,3.55,3.29,3.27,3.27,20.75,99.3,98.92,98.31,98.25,98.37,98.32
BN077_2019-10-10,BN077,2019-10-10,2,peak dominant,863.1899999999999,66.59,12.962757170746357,2.7589754283529704,0.55573652362574,98.91,27.2,0.29,0.09,0.03,23.69,73.29,0.38,0.92,2.3,2.56,2.47,2.91,3.24,2.75,2.65,2.63,23.89,99.085,98.825,98.47,98.51,98.87,99.23
BN077_2019-10-11,BN077,2019-10-11,2,peak dominant,829.1800000000001,66.59,12.452019822796215,2.861718806531754,0.5011894694461598,63.65,28.07,1.19,2.06,0.67,23.62,75.22,0.01,0.65,1.43,1.68,2.24,2.36,3.69,2.01,1.88,1.91,24.93,98.87,98.73,98.63,98.77,98.63,98.28
BN077_2019-10-12,BN077,2019-10-12,2,peak dominant,747.335,66.59,11.222931371076738,3.1773702556417134,0.5785480365471298,67.445,36.61,10.01,5.72,0.0,0.0,0.0,0.04,0.19,0.43,0.96,1.3,1.46,1.28,1.28,1.2,1.56,26.02,98.76,98.52,98.68,98.38,98.55,98.94
BN077_2019-10-13,BN077,2019-10-13,2,peak dominant,749.66,66.59,11.257846523502026,3.1668756502948003,0.607056514953997,98.81,26.39,0.06,0.0,0.0,0.0,0.0,0.0,0.09,0.3,0.66,0.71,0.82,0.82,0.97,1.03,0.98,27.28,98.65,98.33,98.3,98.05,98.49,98.92
BN077_2019-10-14,BN077,2019-10-14,2,peak dominant,864.19,66.59,12.977774440606698,2.7441187701778547,0.5199289168933364,68.1,37.28,10.23,8.1,1.74,25.26,77.22,0.06,0.76,2.57,1.4,1.64,1.6,1.52,1.45,1.87,1.56,31.09,98.72,98.7,98.81,98.23,98.31,97.97
BN077_2019-10-15,BN077,2019-10-15,2,peak dominant,866.48,66.59,13.012163988586874,2.741852091219647,0.5480323046293886,98.32,26.35,0.05,0.01,0.01,23.61,79.78,0.07,0.49,0.94,1.34,1.48,1.64,1.62,1.88,1.69,1.88,32.95,98.73,98.65,98.62,98.65,98.99,98.73
BN077_2019-10-16,BN077,2019-10-16,2,peak dominant,881.97,66.59,13.244781498723531,2.7015884894044015,0.5501079748088965,98.82,27.36,0.34,1.06,0.01,23.54,79.59,0.15,1.27,1.83,2.2,2.34,2.5,2.88,3.09,2.83,3.14,35.17,98.74,98.7,98.96,99.24,99.28,98.93
BN077_2019-10-17,BN077,2019-10-17,2,peak dominant,884.9299999999998,66.59,13.289232617510134,2.696077655859786,0.5472919180151992,98.51,27.09,0.43,0.03,0.01,23.54,81.33,0.24,1.08,1.87,2.59,2.76,2.38,3.01,3.0,3.08,3.12,36.9,98.51,98.82,99.14,98.96,99.12,99.41
BN077_2019-10-18,BN077,2019-10-18,2,peak dominant,665.4300000000001,66.59,9.99294188316564,3.581804246877958,0.6168188537538513,99.31,43.4,22.68,23.15,22.01,40.0,82.33,0.05,0.76,1.73,2.19,2.43,2.47,3.39,4.97,2.45,2.2,9.6,21.76,51.64,56.63,56.8,56.76,56.72
BN077_2019-10-19,BN077,2019-10-19,2,peak dominant,716.3,66.59,10.756870400961104,3.3291079156777887,0.65129559325235,56.33,56.27,56.17,56.89,56.32,56.32,47.91,0.0,0.14,0.48,1.54,1.89,2.07,2.09,2.2,2.06,16.67,21.97,21.76,25.74,28.17,27.92,76.03,99.36
BN077_2019-10-20,BN077,2019-10-20,2,peak dominant,1144.458,66.59,17.186634629824297,2.0863675206953856,0.5820476781471475,99.49,97.68,99.36,29.545,28.505,56.518,84.53,0.0,0.07,0.34,0.8,1.54,1.74,2.05,2.14,2.01,2.14,43.02,99.2,98.84,97.2,99.22,99.32,99.2
BN077_2019-10-21,BN077,2019-10-21,2,peak dominant,903.71,66.59,13.57125694548731,2.6323488729791635,0.5407074157439531,98.77,27.8,1.23,2.2,0.69,23.62,86.51,0.0,0.76,1.57,3.42,2.88,3.34,3.33,3.4,3.01,2.98,45.09,99.12,98.9,98.54,98.73,98.87,98.95
BN077_2019-10-22,BN077,2019-10-22,2,peak dominant,898.9150000000001,66.59,13.499249136506984,2.651730141337056,0.5066681426303015,68.135,37.32,9.8,5.55,0.0,23.61,88.38,0.01,0.95,2.06,2.46,2.8,2.63,3.38,3.11,3.14,3.32,46.79,99.32,99.23,99.29,99.16,99.23,99.24
BN077_2019-10-23,BN077,2019-10-23,2,peak dominant,905.31,66.59,13.595284577263852,2.63432415415714,0.5154190560629639,69.955,40.67,10.55,6.0,0.0,23.59,89.39,0.0,0.91,1.69,2.56,2.43,2.65,3.09,3.09,3.42,3.17,48.19,98.83,98.85,98.78,98.86,99.37,99.265
BN077_2019-10-24,BN077,2019-10-24,2,peak dominant,904.112,66.59,13.577293887971166,2.6322402534199303,0.5336762009623627,99.16,26.58,0.04,0.0,0.0,23.56,91.21,0.01,0.69,1.74,2.23,2.08,2.96,3.05,2.43,2.56,2.58,50.05,98.9,98.835,98.68,98.765,98.93,99.072
BN077_2019-10-25,BN077,2019-10-25,2,peak dominant,873.726,66.59,13.120979125994893,2.718563943387286,0.4816004216463235,63.936,28.8,1.14,1.91,0.64,23.65,91.82,0.0,0.38,1.09,2.34,2.45,2.45,2.68,2.5,2.38,2.11,51.04,98.97,98.82,98.58,98.67,98.49,98.88
BN077_2019-10-26,BN077,2019-10-26,2,peak dominant,779.8,66.59,11.710467037092656,3.061400359066427,0.57849715243228,67.85,36.82,10.73,5.96,0.0,0.0,0.0,0.0,0.11,0.31,0.99,1.67,1.9,2.23,2.12,2.06,1.9,52.58,98.65,98.39,98.18,98.79,99.09,99.47
BN077_2019-10-27,BN077,2019-10-27,2,peak dominant,786.8,66.59,11.81558792611503,3.034773767158109,0.6026482043300339,99.49,26.54,0.02,0.0,0.0,0.0,0.0,0.0,0.02,0.16,1.33,1.75,1.78,1.84,1.95,2.11,1.92,54.08,99.36,98.755,98.77,99.01,98.6,99.315
BN077_2019-10-28,BN077,2019-10-28,2,peak dominant,918.345,66.59,13.791034689893378,2.596671185665518,0.4947926190682145,68.882,38.45,11.08,8.7,1.46,25.43,97.52,0.01,0.28,0.96,1.68,2.01,2.07,2.03,2.35,2.43,2.52,56.42,99.015,99.188,99.36,99.23,98.11,99.16
BN077_2019-10-29,BN077,2019-10-29,2,peak dominant,894.035,66.59,13.425964859588525,2.6659358973641973,0.5484624145883092,99.15,26.59,0.04,0.0,0.0,23.81,98.31,0.01,0.03,0.9,1.55,1.74,2.1,2.58,2.21,2.73,2.57,56.55,77.905,99.26,98.73,98.76,99.2,99.31
BN077_2019-10-30,BN077,2019-10-30,2,peak dominant,814.36,66.59,12.229463883465986,2.9257330910162587,0.5886511751845556,68.505,37.7,10.61,6.04,0.0,23.57,11.785,0.0,0.07,0.09,0.46,1.77,2.01,2.21,2.02,2.26,2.12,59.74,88.612,98.245,99.0,99.1,99.275,99.168
BN077_2019-10-31,BN077,2019-10-31,2,peak dominant,834.38,66.59,12.53010962606998,2.8602794889618637,0.5985412549479446,99.06,26.83,0.02,0.0,0.0,23.8,12.74,1.68,0.01,0.41,1.83,1.71,1.95,2.42,2.13,2.5,2.34,61.11,99.32,97.23,99.27,99.44,99.35,99.23
BN077_2019-11-01,BN077,2019-11-01,2,peak dominant,836.25,66.59,12.558191920708815,2.8564663677130047,0.5972629117746547,99.46,26.43,0.02,0.0,0.0,23.73,12.7,1.67,0.07,0.89,1.33,1.69,2.21,2.31,2.19,2.2,2.13,62.39,98.86,98.75,98.95,99.23,99.51,99.53
BN077_2019-11-02,BN077,2019-11-02,2,peak dominant,791.45,66.59,11.88541823096561,3.0172468254469647,0.6019002842163723,99.5,26.5,0.02,0.0,0.0,0.0,0.0,0.0,0.05,0.2,0.64,1.33,1.48,1.78,1.81,1.95,1.85,63.61,98.43,97.16,99.06,98.51,98.68,98.89
BN077_2019-11-03,BN077,2019-11-03,2,peak dominant,795.37,66.59,11.94428592881814,2.9993587889912874,0.6008510143823077,99.25,26.52,0.05,0.0,0.0,0.0,0.0,0.0,0.03,0.16,0.83,1.24,1.43,1.75,1.95,1.73,1.83,65.23,98.32,98.67,98.84,98.85,99.29,99.4
BN077_2019-11-04,BN077,2019-11-04,2,peak dominant,850.215,66.59,12.767908094308455,2.8047493869197786,0.5906613612478926,99.36,26.57,0.0,0.0,0.0,23.66,15.165,6.67,0.43,0.8,1.5,2.13,2.65,2.44,2.89,2.88,2.68,67.31,98.91,98.9,99.01,99.14,98.32,98.8
BN077_2019-11-05,BN077,2019-11-05,2,peak dominant,855.4300000000001,66.59,12.846223156630124,2.7792338356148365,0.5873473771702962,99.06,26.5,0.0,0.02,0.0,23.5,15.89,8.28,0.36,1.22,2.22,2.48,2.81,3.47,3.93,3.07,3.04,69.03,98.54,98.73,98.98,98.75,98.71,96.84
BN077_2019-11-06,BN077,2019-11-06,2,peak dominant,942.115,66.59,14.147995194473644,2.533448676647755,0.48265779893442556,66.855,36.87,11.09,7.56,0.0,23.57,99.45,9.87,0.48,1.77,2.23,2.86,3.07,3.43,3.04,3.14,3.21,70.82,98.69,98.54,98.75,98.93,98.88,99.01
BN077_2019-11-07,BN077,2019-11-07,2,peak dominant,869.743,66.59,13.061165340141162,2.742603274760475,0.5874884842315294,98.79,26.87,0.05,0.03,0.0,23.57,17.595,11.62,0.67,1.5,2.82,2.6,3.15,3.38,3.57,3.62,3.54,70.94,99.08,99.1,99.28,99.39,99.215,99.363
BN077_2019-11-08,BN077,2019-11-08,2,peak dominant,1477.395,66.59,22.18643940531611,1.617170763404506,0.28607604984968815,99.51,28.7,1.44,1.74,0.0,23.67,18.625,13.58,0.8,1.49,5.5,96.48,98.67,98.37,98.35,98.61,98.63,98.62,98.52,98.78,98.98,99.44,99.55,99.34
BN077_2019-11-10,BN077,2019-11-10,2,peak dominant,796.73,66.59,11.964709415828201,2.9544764223764637,0.5936532023742263,98.08,26.02,0.0,0.03,0.0,0.0,0.0,0.0,0.11,0.78,1.4,1.76,1.86,2.12,2.08,1.93,2.11,72.7,97.68,97.69,97.66,97.85,97.56,97.31
BN077_2019-11-11,BN077,2019-11-11,2,peak dominant,970.78,66.59,14.578465235020273,2.457405385360226,0.5293171215661536,99.4,35.95,10.84,7.67,1.19,24.02,98.29,16.39,0.35,0.7,1.62,1.68,1.88,2.19,2.16,2.15,2.46,74.63,98.1,98.01,97.86,97.49,98.19,97.56
BN077_2019-11-12,BN077,2019-11-12,2,peak dominant,954.69,66.59,14.336837362967412,2.476950633189831,0.5083267705949338,97.08,25.98,0.03,0.03,0.0,23.29,98.48,18.02,0.54,1.68,2.59,2.74,3.08,3.53,3.66,3.57,3.65,76.72,98.53,98.17,98.33,98.33,98.29,98.37
BN077_2019-11-13,BN077,2019-11-13,2,peak dominant,947.335,66.59,14.226385343144615,2.4949146817123826,0.48077375791765165,67.505,36.64,10.86,4.69,0.0,23.4,98.48,19.64,0.3,1.54,1.92,2.31,3.02,3.34,3.32,3.21,3.28,76.55,97.91,97.65,97.55,98.0,98.14,98.08
BN077_2019-11-14,BN077,2019-11-14,2,peak dominant,958.4,66.59,14.39255143414927,2.473372287145242,0.5125485655418733,98.36,26.73,0.16,0.03,0.0,23.4,98.77,21.41,0.17,1.78,2.37,2.3,2.72,3.36,3.7,3.47,3.84,77.94,97.65,97.78,97.36,97.98,98.55,98.57
BN077_2019-11-15,BN077,2019-11-15,2,peak dominant,950.6899999999998,66.59,14.276768283526051,2.494440879782054,0.5125021087477559,98.77,28.02,1.13,1.5,0.0,23.36,98.49,22.87,0.09,0.92,2.19,2.8,3.05,2.72,2.6,15.46,26.44,29.32,98.26,98.38,98.81,98.62,98.46,98.43
BN077_2019-11-16,BN077,2019-11-16,2,peak dominant,1394.1100000000001,66.59,20.93572608499775,1.7017308533759887,0.4618275276754275,98.3,98.26,98.13,98.85,97.5,97.7,97.77,24.5,0.01,0.12,1.12,1.41,1.87,2.03,1.99,2.05,2.24,79.48,98.39,98.59,98.31,98.47,98.51,98.51
BN077_2019-11-17,BN077,2019-11-17,2,peak dominant,808.8800000000001,66.59,12.147169244631327,2.924636534467411,0.5902722497151529,98.57,26.26,0.0,0.03,0.0,0.0,0.0,0.0,0.04,0.25,1.18,1.7,1.99,2.17,2.31,2.37,2.23,80.7,98.0,98.23,98.19,98.07,98.08,98.51
BN077_2019-11-18,BN077,2019-11-18,2,peak dominant,965.0,66.59,14.49166541522751,2.4591917098445593,0.4766274925263402,67.53,36.55,11.23,7.76,1.24,24.41,98.88,28.0,0.35,1.51,2.09,2.37,2.73,2.89,3.17,3.03,3.5,81.11,97.46,97.06,97.3,98.47,98.31,98.05
BN077_2019-11-19,BN077,2019-11-19,2,peak dominant,562.9399999999999,66.59,8.453821895179455,4.24030980211035,0.04292031511995874,98.2,26.56,0.0,0.03,0.0,23.35,98.74,29.46,0.09,1.31,2.16,2.63,3.38,3.19,2.08,1.23,1.27,83.45,99.46,82.51,1.28,1.01,0.76,0.79
BN077_2019-11-20,BN077,2019-11-20,2,peak dominant,843.633,66.59,12.6690644240877,2.822080217345694,0.2804418610622046,0.69,0.34,0.01,1.1,0.0,23.37,98.95,29.74,0.06,0.1,0.78,0.91,2.61,2.55,2.52,2.47,2.55,83.77,97.975,97.928,97.88,98.97,99.2,99.16
BN077_2019-11-21,BN077,2019-11-21,2,peak dominant,544.85,66.59,8.182159483405917,4.37228595026154,0.055856739689838425,99.26,26.45,0.0,0.03,0.0,23.49,98.67,31.2,0.03,0.31,0.94,1.0,1.2,2.57,2.8,2.54,2.05,84.28,83.53,82.78,0.71,0.43,0.31,0.27
BN077_2019-11-22,BN077,2019-11-22,2,peak dominant,846.3199999999999,66.59,12.709415828202431,2.8136874940920698,0.2715952659047499,0.35,0.25,0.09,0.02,0.0,23.5,99.22,32.99,0.05,0.25,1.32,1.99,2.56,2.41,2.32,2.43,2.03,84.82,98.35,98.29,98.58,98.31,97.76,98.43
BN077_2019-11-23,BN077,2019-11-23,2,peak dominant,1044.96,66.59,15.692446313260248,2.271933853927423,0.592524858096674,98.92,54.97,38.99,39.05,38.12,38.81,38.99,13.67,0.0,0.01,0.06,1.34,1.76,1.95,1.88,1.71,1.74,85.82,97.97,98.42,98.15,98.16,96.41,98.06
BN077_2019-11-24,BN077,2019-11-24,2,peak dominant,811.0799999999999,66.59,12.180207238324071,2.9152241455836667,0.5869711720165776,98.52,26.28,0.0,0.02,0.0,0.0,0.0,0.0,0.0,0.09,0.44,1.2,1.3,2.04,1.95,1.69,1.96,85.95,98.14,98.29,98.32,98.41,98.21,98.27
BN077_2019-11-25,BN077,2019-11-25,2,peak dominant,983.36,66.59,14.767382489863342,2.427676537585421,0.5057706937521719,98.89,27.02,1.12,1.85,1.14,23.47,99.18,37.94,0.03,0.19,0.51,0.93,2.01,2.67,2.55,2.59,2.63,86.68,98.18,98.43,97.09,99.39,99.47,99.4
BN077_2019-11-26,BN077,2019-11-26,2,peak dominant,914.575,66.59,13.734419582519898,2.6094743460077083,0.5692340049945956,99.41,27.95,0.01,0.04,0.0,23.54,31.655,39.77,0.05,0.25,1.32,1.76,2.21,2.49,2.61,2.18,2.36,84.85,98.26,98.0,98.19,98.9,99.33,99.44
BN077_2019-11-27,BN077,2019-11-27,2,peak dominant,909.51,66.59,13.658357110677278,2.626908994953326,0.5582732145252818,99.55,26.71,0.61,1.16,0.0,23.56,32.52,41.48,0.0,0.11,0.33,0.47,1.64,1.83,1.72,1.59,1.1,87.54,98.04,98.33,98.4,97.99,97.54,97.29
BN077_2019-11-28,BN077,2019-11-28,2,peak dominant,967.8,66.59,14.53371377083646,2.4605083694978305,0.4929770702274092,97.47,26.07,0.0,0.02,0.0,23.38,98.86,42.67,0.0,0.0,0.0,0.0,0.0,0.08,0.03,0.03,0.02,87.9,99.07,98.93,99.08,95.77,99.2,99.22
BN077_2019-11-29,BN077,2019-11-29,2,peak dominant,911.9699999999999,66.59,13.695299594533711,2.6114016908450943,0.5567916057366965,99.1,27.15,1.22,1.73,1.01,23.57,33.5,43.43,0.0,0.0,0.0,0.0,0.0,0.0,0.0,0.01,0.0,88.21,99.23,99.21,98.9,98.59,98.46,98.65
BN077_2019-11-30,BN077,2019-11-30,2,peak dominant,806.5699999999999,66.59,12.11247935125394,2.9386662038012825,0.5866002671853917,98.47,26.27,0.0,1.15,0.0,0.31,0.62,0.3,0.0,0.0,0.0,0.23,0.31,0.22,0.2,0.34,0.33,87.66,97.91,98.29,98.76,98.06,98.38,98.76
BN077_2019-12-01,BN077,2019-12-01,2,peak dominant,806.28,66.59,12.108124342994442,2.9474624200029766,0.5873527821050933,99.02,26.32,0.0,0.01,0.52,0.28,0.23,0.23,0.0,0.0,0.0,0.01,0.34,0.68,0.38,0.53,0.66,87.21,97.82,98.72,98.46,98.15,98.48,98.23
BN077_2019-12-02,BN077,2019-12-02,2,peak dominant,990.0500000000001,66.59,14.867848025229014,2.399636382000909,0.49654587507533354,98.85,27.11,1.13,1.74,1.03,23.51,98.99,47.35,0.04,0.25,0.83,2.3,2.45,2.32,2.49,2.5,2.25,87.56,98.19,97.84,96.86,98.66,98.14,97.66
BN077_2019-12-03,BN077,2019-12-03,2,peak dominant,990.04,66.59,14.867697852530409,2.3870550684820815,0.49036459411725974,98.12,26.29,0.01,0.03,0.0,23.19,98.32,49.3,0.06,0.28,0.74,1.52,2.5,2.92,2.65,2.68,2.93,89.28,98.1,98.38,98.47,98.13,98.08,98.06
BN077_2019-12-04,BN077,2019-12-04,2,peak dominant,993.81,66.59,14.924312959903888,2.3879011078576386,0.48784378567681763,98.07,26.36,0.0,1.18,0.0,23.29,97.92,50.43,0.06,0.18,0.95,1.93,2.52,2.81,2.92,2.18,2.49,89.65,98.88,98.86,98.83,98.66,98.17,97.47
BN077_2019-12-05,BN077,2019-12-05,2,peak dominant,996.22,66.59,14.960504580267306,2.374174379153199,0.4908861586195816,97.57,26.16,0.0,0.02,0.0,23.26,97.66,51.84,0.12,0.51,2.77,2.72,4.5,2.93,2.88,2.95,2.74,89.12,97.85,97.69,98.02,98.03,98.55,98.33
BN077_2019-12-06,BN077,2019-12-06,2,peak dominant,988.2,66.59,14.840066075987385,2.3931997571341834,0.4885125706330283,97.78,26.16,0.1,1.12,0.0,23.32,98.54,52.54,0.02,0.18,0.7,1.99,3.76,2.23,2.43,2.25,2.09,88.82,97.37,97.19,97.48,97.14,97.29,97.7
BN077_2019-12-07,BN077,2019-12-07,2,peak dominant,810.44,66.59,12.170596185613455,2.916934011154434,0.5847377011472003,97.49,26.05,0.03,1.14,0.0,0.0,0.0,0.0,0.01,0.0,0.01,0.78,1.66,1.7,1.85,1.57,1.5,87.6,98.5,97.95,97.9,98.32,98.22,98.16
BN077_2019-12-08,BN077,2019-12-08,2,peak dominant,799.5799999999999,66.59,12.007508634930169,2.9478476200005,0.5874270336859527,98.21,26.17,0.0,0.02,0.0,0.0,0.0,0.0,0.01,0.0,0.02,0.04,0.23,0.5,0.5,0.45,0.44,87.22,97.56,97.58,97.61,97.34,97.65,98.03
BN077_2019-12-09,BN077,2019-12-09,2,peak dominant,755.23,66.59,11.341492716624117,3.1489215205963745,0.43379821867205787,97.87,26.0,0.0,1.1,0.0,23.31,98.16,56.81,0.02,0.09,0.06,1.43,2.27,1.89,1.92,1.79,0.74,0.65,22.03,99.09,98.72,98.53,96.58,26.17
BN077_2020-01-14,BN077,2020-01-14,2,peak dominant,488.96999999999997,66.59,7.34299444361015,4.872446162341248,-0.1101148236615617,2.81,8.93,0.0,0.25,0.01,23.75,99.27,77.54,0.42,0.26,0.92,1.85,1.69,2.52,2.28,2.2,2.39,1.85,0.61,80.74,97.79,80.24,0.43,0.22
BN077_2020-01-15,BN077,2020-01-15,2,peak dominant,213.39999999999998,66.59,3.2046853881964252,11.141893158388005,-0.2084425400750076,0.2,0.0,0.0,1.23,0.0,23.45,99.07,77.36,0.0,0.0,0.87,1.34,1.52,1.57,1.46,1.6,1.68,1.49,0.18,0.15,0.08,0.05,0.07,0.03
BN077_2020-01-16,BN077,2020-01-16,2,peak dominant,790.74,66.59,11.874755969364768,2.998710069049245,0.17188898929508703,0.02,0.0,0.0,0.0,0.0,23.32,98.2,75.17,0.0,0.0,0.18,0.06,0.2,0.13,0.11,0.29,0.2,49.7,98.73,98.8,98.46,97.9,98.4,50.87
BN077_2020-01-17,BN077,2020-01-17,2,peak dominant,208.08000000000004,66.59,3.1247935125394206,11.400230680507494,-0.2074266473244588,0.0,0.0,0.0,1.35,0.0,23.41,98.84,75.37,0.0,0.01,0.94,1.14,1.32,1.1,1.34,1.02,1.18,0.83,0.14,0.02,0.06,0.0,0.01,0.0
BN077_2020-01-18,BN077,2020-01-18,2,peak dominant,606.79,66.59,9.112329178555338,3.8792992633365744,0.3176342961982978,2.76,6.73,0.0,1.21,0.29,0.45,0.37,0.38,0.0,0.01,0.6,0.82,1.26,1.46,1.32,1.12,1.33,46.93,98.08,97.83,97.96,97.81,97.62,50.45
BN077_2020-01-19,BN077,2020-01-19,2,peak dominant,644.6800000000001,66.59,9.681333533563599,3.659489979524725,0.3798892250299657,0.0,0.0,0.0,0.0,0.3,0.0,0.0,0.0,0.0,0.0,0.78,0.85,1.24,1.77,1.99,2.08,1.93,45.73,97.82,97.87,97.93,97.92,98.17,98.3
BN077_2020-01-20,BN077,2020-01-20,2,peak dominant,959.64,66.59,14.411172848776092,2.4616731274227837,0.48581706535418684,98.4,26.22,0.09,1.17,0.0,23.21,98.43,73.78,0.0,0.18,0.84,1.48,1.29,1.4,1.4,0.88,0.69,43.51,98.28,97.91,97.53,97.77,97.75,97.43
BN077_2020-01-21,BN077,2020-01-21,2,peak dominant,329.08000000000004,66.59,4.941883165640487,7.233256351039261,0.19893295270610423,99.18,32.1,0.0,0.0,0.0,23.31,98.48,73.58,0.0,0.04,0.23,0.21,0.34,0.35,0.17,0.16,0.23,0.17,0.23,0.07,0.09,0.03,0.09,0.02
BN077_2020-01-22,BN077,2020-01-22,2,peak dominant,830.8800000000001,66.59,12.477549181558794,2.8362218370883876,0.2568940235979528,0.03,0.0,0.0,1.16,0.0,23.32,98.19,71.75,0.01,0.01,0.07,0.97,1.38,1.54,1.75,1.43,1.73,42.46,97.67,97.34,97.22,97.28,97.5,98.07
BN077_2020-01-23,BN077,2020-01-23,2,peak dominant,952.84,66.59,14.309055413725785,2.4857898492926407,0.4854152574807108,98.08,26.27,0.0,0.0,0.0,23.39,98.69,71.82,0.0,0.01,0.38,1.0,1.4,1.56,1.54,1.44,1.69,40.55,98.19,97.79,97.5,97.67,97.76,96.11
BN077_2020-01-24,BN077,2020-01-24,2,peak dominant,935.56,66.59,14.049556990539118,2.527598443712857,0.45302149477922515,97.99,26.16,0.0,1.22,0.0,23.35,98.53,71.94,0.0,0.01,0.68,1.02,1.47,1.5,2.71,2.82,2.47,39.31,98.21,97.93,97.75,97.56,97.9,75.03
BN077_2020-01-25,BN077,2020-01-25,2,peak dominant,606.7,66.59,9.110977624267909,3.8739409922531727,0.3450324042898635,0.04,0.0,0.0,1.15,0.0,0.0,0.0,0.0,0.0,0.06,0.39,0.55,0.88,0.83,1.14,1.08,1.05,36.92,97.87,97.48,97.81,97.76,97.93,73.76
BN077_2020-01-26,BN077,2020-01-26,2,peak dominant,635.93,66.59,9.549932422285627,3.703426477756986,0.40590145745960654,2.43,8.85,0.0,0.0,0.0,0.0,0.0,0.0,0.0,0.0,0.21,0.34,0.33,0.75,0.96,0.83,1.06,35.63,97.52,96.86,97.07,97.3,97.66,98.13
BN077_2020-01-27,BN077,2020-01-27,2,peak dominant,947.45,66.59,14.228112329178556,2.499931394796559,0.4913363980909065,97.91,26.11,0.0,1.15,0.0,23.33,97.86,68.16,0.0,0.28,0.59,0.69,1.38,1.38,1.4,1.35,1.48,34.2,98.69,98.17,98.27,98.54,98.42,98.09
BN077_2020-01-28,BN077,2020-01-28,2,peak dominant,921.7449999999999,66.59,13.84209340741853,2.568085533417594,0.4540296616789486,66.155,34.22,0.0,0.0,0.0,23.39,98.51,68.86,0.0,0.06,1.02,1.17,1.38,1.7,1.74,1.74,1.73,32.4,98.14,97.8,97.54,97.41,98.15,98.63
BN077_2020-01-29,BN077,2020-01-29,2,peak dominant,942.6100000000001,66.59,14.155428743054514,2.515313862573068,0.4929318770011226,98.79,26.34,0.0,1.15,0.0,23.4,98.75,67.34,0.0,0.03,0.59,1.23,1.66,1.55,1.5,1.29,1.54,29.24,98.19,97.86,97.82,98.07,98.36,97.91
BN077_2020-01-30,BN077,2020-01-30,2,peak dominant,938.12,66.59,14.088001201381589,2.521724299663156,0.49680883879282467,97.74,27.81,0.0,0.0,0.0,21.68,98.5,65.5,0.01,0.02,1.06,1.3,1.31,1.33,1.39,1.12,1.41,29.38,98.48,97.78,97.59,97.68,98.46,98.57
BN077_2020-01-31,BN077,2020-01-31,2,peak dominant,912.02,66.59,13.696050458026729,2.5962588539725004,0.4600112755688498,98.66,26.19,0.0,0.23,0.37,23.86,98.52,65.91,0.0,0.0,0.75,0.91,1.21,1.37,1.23,1.57,1.54,27.41,97.9,97.31,97.44,97.23,97.46,74.95
BN077_2020-02-01,BN077,2020-02-01,2,peak dominant,597.75,66.59,8.97657305901787,3.936762860727729,0.34935420342233114,0.0,0.0,0.03,1.13,0.0,0.0,0.0,0.0,0.0,0.0,0.51,1.05,1.26,1.21,1.16,1.36,1.52,25.99,97.59,97.06,97.1,97.5,98.05,75.23
BN077_2020-02-02,BN077,2020-02-02,2,peak dominant,625.53,66.59,9.393752815738099,3.761929883458827,0.4090581805043782,2.58,9.17,0.0,0.0,0.0,0.0,0.0,0.0,0.0,0.14,0.38,0.48,1.04,1.22,1.09,0.91,0.88,24.17,96.04,97.18,96.9,97.59,97.71,98.05
BN077_2020-02-03,BN077,2020-02-03,2,peak dominant,926.72,66.59,13.91680432497372,2.5781249999999996,0.4939671524049716,98.05,26.12,0.08,1.09,0.0,23.28,96.51,63.41,0.0,0.0,0.06,0.12,0.14,0.22,1.36,1.3,1.07,21.98,97.87,99.55,99.53,98.2,98.07,98.71
BN077_2020-02-04,BN077,2020-02-04,2,peak dominant,850.385,66.59,12.77046103018471,2.8044709161144663,0.5191838619898991,66.86,35.01,0.93,0.89,0.82,24.48,43.155,61.83,0.31,0.02,0.13,0.06,0.12,0.22,0.06,0.38,1.44,20.71,99.32,98.72,98.31,98.81,98.43,99.37
BN077_2020-02-05,BN077,2020-02-05,2,peak dominant,928.6700000000001,66.59,13.946088001201382,2.5693518688016197,0.49973947806616215,99.42,27.06,0.47,1.71,0.88,24.11,99.22,59.83,0.0,0.03,0.5,0.33,0.18,0.05,0.25,0.76,1.55,19.14,99.17,98.3,98.69,98.88,98.97,99.17
BN077_2020-02-06,BN077,2020-02-06,2,peak dominant,866.305,66.59,13.009535966361314,2.748777855374262,0.5612021880614458,99.22,27.09,0.91,0.54,0.86,24.49,41.355,58.22,0.01,0.0,0.01,0.1,1.01,1.39,1.25,1.46,1.0,17.5,98.22,97.54,98.17,98.56,98.6,98.8
BN077_2020-02-07,BN077,2020-02-07,2,peak dominant,890.7,66.59,13.375882264604295,2.679151229370158,0.4630628411873803,99.01,24.95,0.61,1.51,0.45,24.1,99.43,58.25,0.0,0.01,0.4,0.52,1.06,1.07,1.04,1.2,0.64,15.39,97.72,97.34,96.48,97.18,97.53,74.81
BN077_2020-02-08,BN077,2020-02-08,2,peak dominant,584.04,66.59,8.770686289232616,3.989315800287652,0.37395607430994515,2.57,8.29,0.0,1.13,0.0,0.45,0.15,0.23,0.0,0.04,0.19,0.19,0.23,0.34,0.33,0.3,0.56,13.43,96.24,95.54,95.78,96.51,97.08,74.46
BN077_2020-02-09,BN077,2020-02-09,2,peak dominant,588.94,66.59,8.84427091154828,3.93126634292118,0.3820474097895033,0.01,0.0,0.0,0.0,0.0,0.0,0.0,0.0,0.0,0.0,0.0,0.18,0.38,0.48,0.44,0.31,0.46,13.57,96.47,95.38,95.14,95.31,95.41,95.4
BN077_2020-02-10,BN077,2020-02-10,2,peak dominant,885.62,66.59,13.29959453371377,2.6167430726496694,0.49581266706493227,94.96,25.34,0.09,1.1,0.0,22.69,95.29,50.79,0.0,0.53,0.73,0.69,1.38,1.37,1.35,0.88,1.18,12.25,96.54,96.56,96.28,93.99,95.57,96.06
BN077_2020-02-11,BN077,2020-02-11,2,peak dominant,884.4,66.59,13.281273464484157,2.6214382632293076,0.503578884520635,96.37,25.72,0.0,0.0,0.0,22.86,96.6,49.52,0.0,0.0,0.43,0.92,1.08,1.3,0.59,0.95,1.24,11.14,95.93,95.52,95.69,96.05,96.33,96.16
BN077_2020-02-12,BN077,2020-02-12,2,peak dominant,880.03,66.59,13.215647995194473,2.6344556435576063,0.5033187655568055,95.79,25.56,0.0,0.0,0.0,23.17,95.99,48.14,0.0,0.0,0.02,0.82,1.13,0.99,1.1,1.18,1.03,9.22,96.23,95.79,95.41,95.7,96.16,96.6
BN077_2020-02-13,BN077,2020-02-13,2,peak dominant,877.26,66.59,13.174050157681332,2.650434306818959,0.5026341363723599,96.57,25.7,0.0,0.29,0.29,23.21,96.88,46.78,0.01,0.0,0.36,0.74,1.01,1.27,1.28,1.02,1.23,7.4,95.99,95.21,95.33,95.19,95.5,96.0
BN077_2020-02-14,BN077,2020-02-14,2,peak dominant,847.86,66.59,12.732542423787354,2.731016913169627,0.4698790046763112,96.1,25.59,0.0,0.17,0.0,22.83,96.48,44.96,0.0,0.03,0.63,0.84,1.04,1.14,0.91,0.75,0.53,5.22,96.16,95.38,95.17,95.24,95.23,73.46
BN077_2020-02-15,BN077,2020-02-15,2,peak dominant,340.3299999999999,66.59,5.110827451569303,6.794581729497841,0.5583289033890696,0.0,0.0,0.0,0.0,0.0,0.0,0.0,0.0,0.0,0.0,0.1,0.19,0.23,0.23,0.62,1.07,0.46,1.23,36.7,42.23,42.4,42.41,76.11,96.35
BN077_2020-02-16,BN077,2020-02-16,2,peak dominant,1289.2,66.59,19.360264303949542,1.7925535215637605,0.446193908229024,96.0,95.9,95.87,95.97,96.12,96.18,96.29,41.71,0.0,0.0,0.02,0.19,0.18,0.2,0.46,0.44,0.59,1.96,95.43,94.6,94.67,94.95,95.55,95.92
BN077_2020-02-17,BN077,2020-02-17,2,peak dominant,870.8499999999999,66.59,13.077789457876555,2.693919733593616,0.5168175419354893,97.75,32.61,0.0,0.17,0.0,22.8,96.33,40.01,0.0,0.19,0.62,0.51,0.95,1.28,1.28,1.45,1.61,1.16,96.1,95.31,95.12,94.61,95.41,95.58
BN077_2020-02-18,BN077,2020-02-18,2,peak dominant,858.96,66.59,12.899234119237123,2.676445934618609,0.5079056683927583,95.7,25.6,0.0,0.0,0.0,22.76,95.79,38.27,0.0,0.18,0.78,1.05,1.32,1.67,1.69,1.5,1.38,1.61,94.28,94.9,94.75,95.02,95.15,95.56
BN077_2020-02-19,BN077,2020-02-19,2,peak dominant,859.1600000000001,66.59,12.902237573209192,2.6702360445085893,0.5064492031904736,95.45,25.5,0.0,0.17,0.0,22.73,95.59,36.7,0.0,0.19,0.5,1.23,1.78,1.73,1.48,1.61,1.68,1.77,94.57,95.4,95.45,95.11,95.19,95.33
BN077_2020-02-20,BN077,2020-02-20,2,peak dominant,868.49,66.59,13.042348701006157,2.6918444656818155,0.5289686455548213,97.41,36.41,2.36,0.0,0.0,22.75,96.06,35.25,0.0,0.43,0.82,1.04,1.34,1.82,1.47,1.63,1.54,1.15,92.53,94.82,95.09,95.17,94.69,94.71
BN077_2020-02-21,BN077,2020-02-21,2,peak dominant,826.8400000000001,66.59,12.416879411323023,2.7830293648106035,0.4796155513079437,94.52,25.3,0.0,0.0,0.0,22.57,95.31,33.3,0.0,0.01,0.88,1.06,1.65,1.49,0.9,0.12,0.99,0.82,91.48,95.88,95.84,95.76,95.68,73.28
BN077_2020-02-22,BN077,2020-02-22,2,peak dominant,549.47,66.59,8.251539270160684,4.204051176588349,0.35683031330823717,0.25,0.02,0.01,0.03,0.0,0.0,0.0,0.0,0.0,0.0,0.0,0.01,0.0,0.05,0.01,0.42,0.65,0.58,90.16,95.91,95.59,95.77,96.25,73.76
BN077_2020-02-23,BN077,2020-02-23,2,peak dominant,498.75,66.59,7.489863342844271,4.602225563909775,0.2701450243092439,0.0,0.0,0.0,0.0,0.0,0.0,0.0,0.0,0.0,0.0,0.17,0.1,0.0,0.38,0.18,0.19,0.22,0.34,88.06,95.4,95.64,93.96,64.44,59.67
BN077_2020-02-24,BN077,2020-02-24,2,peak dominant,247.17,66.59,3.7118185913800867,9.324432576769025,0.14239120502954028,61.16,26.35,2.27,0.18,0.0,22.78,96.03,28.63,0.0,0.1,0.72,0.81,1.29,1.38,1.02,0.95,1.19,0.97,0.83,0.37,0.07,0.03,0.03,0.01
BN077_2020-02-25,BN077,2020-02-25,2,peak dominant,362.53000000000003,66.59,5.44421084246884,3.989959451631589,0.39235032290760163,0.02,0.03,0.0,0.0,0.0,0.0,0.0,0.0,0.01,0.02,0.11,1.16,1.1,1.39,1.08,1.14,1.21,0.93,53.47,60.23,60.1,60.27,60.17,60.09
BN077_2020-02-26,BN077,2020-02-26,2,peak dominant,790.6400000000001,66.59,11.873254242378737,2.943842962663159,0.4536189468589154,60.09,16.16,0.0,0.16,0.3,23.13,96.98,26.1,0.0,0.02,0.07,0.05,0.45,1.1,1.2,1.2,1.05,1.29,84.86,94.67,94.89,95.01,95.65,96.21
BN077_2020-02-27,BN077,2020-02-27,2,peak dominant,834.19,66.59,12.527256344796516,2.7772090291180667,0.5263658326464684,95.75,25.44,0.0,0.0,0.52,23.1,96.53,22.76,0.0,0.21,0.92,0.9,1.3,1.52,1.32,1.66,1.85,1.43,83.28,95.16,95.19,95.2,94.87,95.28
BN077_2020-02-28,BN077,2020-02-28,2,peak dominant,803.7099999999999,66.59,12.06952995945337,2.8616291946099963,0.49883862798406214,95.57,25.55,0.0,0.16,0.0,22.72,95.83,20.76,0.0,0.01,0.2,1.22,1.38,1.18,0.99,1.2,1.07,0.71,81.72,95.35,94.94,95.02,95.03,73.1
BN077_2020-02-29,BN077,2020-02-29,2,peak dominant,551.3199999999999,66.59,8.279321219402311,4.1459769280998335,0.39449436938780186,2.64,11.66,2.49,0.0,0.0,0.0,0.0,0.0,0.0,0.02,0.19,0.26,0.54,0.84,0.9,0.66,0.57,0.52,78.27,95.24,94.97,94.6,94.54,72.41
BN077_2020-03-01,BN077,2020-03-01,2,peak dominant,558.24,66.59,8.383240726835862,4.125107480653482,0.4000040952565463,0.0,0.0,0.0,0.0,0.0,0.0,0.0,0.0,0.0,0.04,0.04,0.12,0.15,0.35,0.43,0.64,0.65,0.46,78.93,95.95,95.33,95.29,95.43,94.43
BN077_2020-03-02,BN077,2020-03-02,2,peak dominant,822.7900000000001,66.59,12.356059468388647,2.808687514432601,0.538087701354226,96.09,25.55,0.0,0.17,0.0,22.7,95.67,15.98,0.0,0.32,0.71,0.78,0.95,0.92,1.43,0.95,1.15,1.24,77.76,96.07,96.17,96.29,96.06,95.83
BN077_2020-03-03,BN077,2020-03-03,2,peak dominant,818.04,66.59,12.284727436552034,2.8247029485110753,0.5384356141101587,96.03,25.59,0.0,0.0,0.0,22.73,95.69,12.68,0.0,0.34,0.86,1.1,1.22,1.69,1.34,1.33,1.47,1.02,75.96,96.28,96.17,96.03,95.11,95.4
BN077_2020-03-04,BN077,2020-03-04,2,peak dominant,827.49,66.59,12.426640636732241,2.826088532791937,0.5597280106849807,97.44,36.71,2.46,0.17,0.0,22.76,96.18,11.19,0.0,0.19,0.7,0.75,1.08,1.0,1.61,1.46,1.14,1.1,75.61,95.53,95.15,94.99,94.99,95.28
BN077_2020-03-05,BN077,2020-03-05,2,peak dominant,811.86,66.59,12.191920708815138,2.839405808883305,0.5439785526730986,95.64,25.58,0.01,0.0,0.0,21.11,96.05,11.19,0.04,0.38,1.16,1.11,1.45,1.62,1.37,1.52,1.66,1.49,73.79,94.86,95.33,95.64,95.45,95.41
BN077_2020-03-06,BN077,2020-03-06,2,peak dominant,780.01,66.59,11.713620663763328,2.9470391405238394,0.5201852098385498,95.41,25.56,0.41,0.45,0.52,21.01,95.78,9.56,0.0,0.4,0.99,1.0,1.22,1.1,1.16,0.95,0.95,0.48,72.03,95.11,91.9,95.11,94.83,74.08
BN077_2020-03-07,BN077,2020-03-07,2,peak dominant,543.3599999999999,66.59,8.15978375131401,4.220406360424029,0.4066947266899638,2.48,11.99,1.69,0.0,0.0,0.0,0.0,0.0,0.02,0.03,0.18,0.24,0.35,0.46,0.29,0.42,0.23,0.14,70.42,95.52,95.42,95.55,95.29,72.64
BN077_2020-03-08,BN077,2020-03-08,2,peak dominant,543.76,66.59,8.165790659258146,4.209357069295278,0.41121932213834644,0.0,0.0,0.0,0.0,0.0,0.0,0.0,0.0,0.0,0.01,0.02,0.15,0.07,0.28,0.1,0.24,0.11,0.0,68.7,95.37,95.27,94.84,94.33,94.27
BN077_2020-03-09,BN077,2020-03-09,2,peak dominant,788.5,66.59,11.841117284877608,2.9290044388078633,0.5544707765607072,94.63,27.03,0.48,0.35,0.2,22.65,96.23,3.16,0.0,0.81,0.12,0.21,0.4,0.31,0.26,0.17,0.28,0.17,67.02,94.26,94.56,95.18,94.99,95.03
BN077_2020-03-10,BN077,2020-03-10,2,peak dominant,786.1999999999999,66.59,11.806577564198827,2.9265835665225137,0.5552397759914205,94.83,26.83,0.0,0.0,0.0,22.67,95.82,0.0,0.0,0.0,0.07,0.22,0.2,0.24,0.22,0.12,0.21,0.44,65.9,95.65,95.74,95.87,95.42,95.75
BN077_2020-03-11,BN077,2020-03-11,2,peak dominant,250.4,66.59,3.760324373028983,9.33929712460064,0.30464460306698243,97.44,37.53,1.87,0.16,0.0,21.06,92.34,0.0,0.0,0.0,0.0,0.0,0.0,0.0,0.0,0.0,0.0,0.0,0.0,0.0,0.0,0.0,0.0,0.0
BN077_2020-03-15,BN077,2020-03-15,2,peak dominant,537.2,66.59,8.06727736897432,4.24512285927029,0.4209457545853877,0.0,0.0,0.01,0.0,0.0,0.0,0.0,0.0,0.0,0.0,0.0,0.05,0.04,0.03,0.06,0.18,0.26,0.08,62.22,95.02,94.96,95.01,94.86,94.42
BN077_2020-03-16,BN077,2020-03-16,2,peak dominant,761.79,66.59,11.440006006907943,3.002402236836924,0.5778858679877878,93.98,26.64,0.01,0.0,0.0,20.97,82.88,0.0,0.05,0.13,0.23,0.33,0.48,0.46,0.23,0.6,0.44,0.32,59.07,95.3,95.17,95.09,94.77,94.64
BN077_2020-03-17,BN077,2020-03-17,2,peak dominant,147.07,66.59,2.208589878360114,15.416332358740735,0.4938736419272499,94.47,26.75,0.0,0.0,0.0,16.11,8.11,0.0,0.0,0.05,0.15,0.08,0.2,0.13,0.13,0.11,0.12,0.24,0.19,0.21,0.02,0.0,0.0,0.0
BN077_2020-04-05,BN077,2020-04-05,2,peak dominant,54.53,66.59,0.8188917254843069,5.972492206125069,0.013213044770597622,2.17,9.79,12.44,13.57,5.35,5.11,4.29,0.0,0.0,0.0,0.0,0.01,1.09,0.08,0.21,0.05,0.03,0.11,0.08,0.05,0.05,0.04,0.01,0.0
BN077_2020-04-09,BN077,2020-04-09,2,peak dominant,44.129999999999995,66.59,0.6627121189367772,6.085656016315432,0.09900577176707688,2.81,10.19,11.19,11.16,6.78,0.53,0.65,0.42,0.0,0.05,0.01,0.01,0.07,0.03,0.01,0.02,0.04,0.13,0.02,0.01,0.0,0.0,0.0,0.0
BN077_2020-04-24,BN077,2020-04-24,2,peak dominant,79.50999999999999,66.59,1.1940231265955847,3.724814488743555,0.08057441417152554,0.01,0.01,0.0,0.0,0.0,0.0,0.0,0.09,0.01,6.44,12.34,1.12,8.38,11.69,0.06,8.67,11.34,0.01,0.04,0.03,0.02,0.0,8.1,11.15
BN077_2020-04-29,BN077,2020-04-29,2,peak dominant,53.47,66.59,0.8029734194323471,5.552272302225546,0.8633215802976909,12.37,11.92,1.26,0.0,0.0,0.0,0.01,0.01,0.05,0.02,0.45,0.89,0.94,0.96,0.93,0.91,0.88,0.82,0.71,0.58,0.31,0.4,7.9,11.15
BN077_2020-05-01,BN077,2020-05-01,2,peak dominant,65.75,66.59,0.9873854933173148,4.537186311787072,0.1584951947712007,0.07,0.01,0.01,0.0,0.0,0.03,0.0,0.06,0.17,0.3,0.22,0.42,8.59,11.97,0.61,9.26,12.43,0.66,0.71,0.49,0.52,0.19,7.9,11.13
BN077_2020-05-05,BN077,2020-05-05,2,peak dominant,58.94,66.59,0.8851178855684035,4.829317950458093,0.2723682946824547,0.11,0.0,0.0,0.0,0.0,0.02,0.03,0.06,0.24,0.42,1.34,0.57,6.01,8.6,0.82,8.43,8.93,0.82,0.69,0.66,0.42,0.35,8.56,11.86
BN077_2020-05-06,BN077,2020-05-06,2,peak dominant,82.55000000000001,66.59,1.2396756269710167,3.750454270139309,0.5549092706813488,12.9,6.77,0.03,0.01,0.01,0.02,0.0,0.06,0.15,9.9,8.97,0.88,1.06,0.93,1.11,8.06,8.7,0.73,0.61,0.42,0.38,0.26,8.4,12.19
BN077_2020-05-07,BN077,2020-05-07,2,peak dominant,43.620000000000005,66.59,0.6550533113080043,7.213204951856945,0.41360200831171196,13.11,7.11,0.91,0.49,0.68,0.28,0.04,0.03,0.14,4.28,0.36,0.78,0.83,0.79,1.1,4.49,0.9,0.84,3.99,0.8,0.59,0.44,0.45,0.19
BN077_2020-05-13,BN077,2020-05-13,2,peak dominant,48.709999999999994,66.59,0.7314912148971315,6.336275918702525,0.8471031901991037,12.86,7.08,0.1,0.0,0.0,0.0,0.0,0.0,0.04,4.22,0.48,0.81,0.45,0.47,0.36,0.42,0.29,0.28,0.29,0.09,0.02,0.06,8.85,11.54
BN077_2020-05-20,BN077,2020-05-20,2,peak dominant,53.31999999999999,66.59,0.8007208289532961,5.6624156039009765,0.8534528579115301,11.89,12.58,0.67,0.0,0.0,0.0,0.07,0.0,0.12,0.08,0.04,3.05,0.9,0.47,0.55,0.7,0.52,0.43,0.73,0.26,0.11,0.08,8.61,11.46
BN077_2020-05-23,BN077,2020-05-23,2,peak dominant,50.989999999999995,66.59,0.7657305901787054,6.165914885271622,0.8565500601042279,12.39,13.1,0.79,0.0,0.3,0.42,0.73,0.7,0.49,0.03,0.04,0.07,0.31,0.16,0.12,0.5,0.09,0.19,0.65,0.07,0.14,0.06,8.12,11.52
BN077_2020-05-24,BN077,2020-05-24,2,peak dominant,46.03,66.59,0.6912449316714221,6.454920703888768,0.8611997193586509,12.37,12.38,0.79,0.0,0.0,0.0,0.0,0.0,0.01,0.02,0.01,0.01,0.43,0.05,0.11,0.6,0.17,0.03,0.44,0.03,0.05,0.06,7.77,10.7
BN077_2020-05-25,BN077,2020-05-25,2,peak dominant,48.57,66.59,0.7293887971166841,6.300185299567634,0.8568631543826678,11.94,12.75,0.7,0.0,0.67,0.52,0.75,0.56,0.5,0.01,0.03,0.09,0.27,0.08,0.05,0.42,0.03,0.1,0.43,0.03,0.03,0.04,7.95,10.62
BN077_2020-05-26,BN077,2020-05-26,2,peak dominant,57.099999999999994,66.59,0.857486109025379,5.304378283712785,0.8230620303078046,12.13,12.62,0.78,0.0,0.0,0.21,0.0,0.04,0.11,0.12,0.22,4.13,1.98,3.17,0.28,0.78,0.43,0.42,0.68,0.1,0.04,0.09,7.87,10.9
BN077_2020-05-27,BN077,2020-05-27,2,peak dominant,51.239999999999995,66.59,0.7694849076437903,5.700234192037471,0.8559715665891464,12.0,12.17,2.14,0.0,0.0,0.0,0.0,0.06,0.14,0.26,0.4,0.56,0.51,0.63,0.79,1.03,0.44,0.37,0.55,0.2,0.15,0.1,7.85,10.89
BN077_2020-05-30,BN077,2020-05-30,2,peak dominant,56.67,66.59,0.8510286829854332,5.573319216516675,0.8418185697977923,12.63,13.16,2.18,0.01,0.46,0.43,0.48,0.41,0.56,0.25,0.32,0.45,0.44,0.65,0.85,1.28,0.92,0.56,1.31,0.22,0.2,0.11,7.65,11.14
BN077_2020-05-31,BN077,2020-05-31,2,peak dominant,52.08,66.59,0.7820994143264753,5.9308755760368665,0.8527621362682702,12.35,12.87,1.67,0.0,0.0,0.03,0.0,0.05,0.19,0.4,0.31,0.27,0.33,0.51,0.57,0.99,0.6,0.45,0.84,0.16,0.14,0.04,7.88,11.43
BN077_2020-06-01,BN077,2020-06-01,2,peak dominant,55.050000000000004,66.59,0.8267007058116834,5.419073569482288,0.8471467308240538,12.43,12.41,1.53,0.0,0.59,0.51,0.53,0.51,0.89,0.47,0.53,0.62,1.22,0.93,0.85,1.4,0.59,0.38,0.34,0.14,0.07,0.05,7.91,10.15
BN077_2020-06-02,BN077,2020-06-02,2,peak dominant,55.55,66.59,0.834209340741853,5.262286228622862,0.8532152201516086,12.18,12.01,2.71,0.0,0.0,0.07,0.08,0.22,0.52,0.54,0.81,0.88,0.92,0.96,0.81,0.94,0.71,0.61,0.79,0.29,0.13,0.07,8.15,11.15
BN077_2020-06-03,BN077,2020-06-03,2,peak dominant,55.120000000000005,66.59,0.8277519147019072,5.4905660377358485,0.8476957691478682,12.61,12.26,2.54,0.0,0.0,0.02,0.09,0.13,0.37,0.4,0.68,1.0,1.65,0.98,1.02,0.92,0.35,0.26,0.72,0.12,0.05,0.02,8.05,10.88
BN077_2020-06-04,BN077,2020-06-04,2,peak dominant,47.650000000000006,66.59,0.715572908845172,6.2102833158447,0.41774472722514405,12.33,11.99,9.54,0.0,0.69,0.26,0.65,0.61,0.8,0.69,0.96,1.01,1.37,1.04,0.89,1.11,0.77,0.68,0.92,0.59,0.42,0.17,0.1,0.06
BN077_2020-06-06,BN077,2020-06-06,2,peak dominant,57.22,66.59,0.8592881814086198,5.029010835372247,0.7858352554498217,11.99,11.9,9.16,0.0,0.52,0.45,0.55,0.54,0.49,0.03,0.04,0.01,0.45,0.13,0.25,0.71,0.37,0.13,0.53,0.16,0.11,0.1,7.85,10.75
BN077_2020-06-07,BN077,2020-06-07,2,peak dominant,54.09,66.59,0.8122841267457577,5.355518580144204,0.7886095325993598,12.07,11.95,9.11,0.0,0.0,0.0,0.02,0.06,0.04,0.04,0.13,0.1,0.51,0.04,0.1,0.42,0.15,0.15,0.78,0.05,0.02,0.03,8.01,10.31
BN077_2020-06-08,BN077,2020-06-08,2,peak dominant,56.84,66.59,0.8535816188616909,5.168191414496833,0.7873302378522395,12.24,11.95,9.11,0.0,0.43,0.42,0.64,0.58,0.49,0.06,0.31,0.34,0.35,0.37,0.25,0.14,0.07,0.12,0.07,0.02,0.05,0.03,7.71,11.09
BN077_2020-06-11,BN077,2020-06-11,2,peak dominant,46.43,66.59,0.6972518396155578,6.223562351927632,0.4159328400079197,12.04,11.59,8.9,0.0,0.58,0.43,0.62,0.72,0.74,1.75,1.59,0.56,1.93,0.7,0.54,1.7,0.55,0.32,0.32,0.38,0.21,0.06,0.19,0.01
BN077_2020-06-13,BN077,2020-06-13,2,peak dominant,65.68,66.59,0.9863342844270913,4.618757612667479,0.7818349555430686,12.64,12.41,9.17,0.0,0.63,0.53,0.5,0.5,0.52,0.09,0.32,0.53,3.83,0.26,0.34,0.38,0.19,3.53,0.05,0.03,0.06,0.04,8.03,11.1
BN077_2020-06-14,BN077,2020-06-14,2,peak dominant,59.709999999999994,66.59,0.8966811833608649,5.036342321219227,0.7830220367783115,12.53,11.93,9.19,0.0,0.0,0.0,0.0,0.07,0.03,0.05,0.03,0.05,3.01,0.11,0.22,0.27,0.17,3.36,0.22,0.08,0.05,0.03,7.77,10.54
BN077_2020-06-15,BN077,2020-06-15,2,peak dominant,65.0,66.59,0.9761225409220603,4.504615384615384,0.7809171341385164,12.2,11.92,8.98,0.0,0.59,0.51,0.63,0.69,0.66,0.08,0.27,0.3,3.55,0.51,0.55,0.5,0.52,3.29,0.35,0.12,0.13,0.06,7.92,10.67
BN077_2020-06-18,BN077,2020-06-18,2,peak dominant,43.44,66.59,0.652350202733143,6.801104972375692,0.4460545148317495,12.31,11.78,8.91,0.0,0.48,0.51,0.66,0.56,0.78,0.55,0.64,0.94,0.76,0.54,0.61,0.67,0.62,0.5,0.45,0.34,0.35,0.16,0.25,0.07
BN077_2020-06-20,BN077,2020-06-20,2,peak dominant,61.58,66.59,0.9247634779996996,4.778174732055862,0.7353180253604494,12.26,12.18,11.61,2.2,0.58,0.61,0.56,0.53,0.6,0.05,0.11,0.13,0.28,0.34,0.14,0.23,0.28,0.24,0.11,0.27,0.16,0.06,7.82,10.23
BN077_2020-06-21,BN077,2020-06-21,2,peak dominant,60.19,66.59,0.9038894728938278,4.744974248213989,0.7251885578225032,11.9,11.86,11.52,2.29,0.0,0.05,0.05,0.05,0.05,0.13,0.09,0.24,0.38,0.47,0.52,0.69,0.74,0.61,0.5,0.51,0.25,0.1,7.28,9.91
BN077_2020-06-22,BN077,2020-06-22,2,peak dominant,53.89,66.59,0.8092806727736898,5.357580256077194,0.3571159524263156,12.03,11.97,11.42,2.17,0.57,0.63,0.64,0.59,0.6,0.35,0.43,0.53,1.96,7.24,0.39,0.25,0.27,0.25,0.25,0.31,0.28,0.22,0.32,0.22
BN077_2020-06-24,BN077,2020-06-24,2,peak dominant,72.85,66.59,1.0940081093257243,4.038984214138641,0.674036149401194,12.26,11.91,11.51,8.66,0.0,0.1,0.15,0.35,0.55,0.66,0.87,0.96,1.06,0.91,0.94,0.86,0.9,0.58,0.32,0.23,0.3,0.1,7.98,10.69
BN077_2020-06-25,BN077,2020-06-25,2,peak dominant,47.589999999999996,66.59,0.7146718726535515,6.157596133641523,0.40901690735314067,12.21,12.19,11.46,2.07,0.53,0.74,0.65,0.76,0.73,0.48,0.75,0.78,0.63,0.74,0.51,0.34,0.24,0.33,0.13,0.29,0.3,0.27,0.27,0.19
BN077_2020-06-27,BN077,2020-06-27,2,peak dominant,68.95,66.59,1.035440756870401,4.451921682378535,0.7283482613535919,12.71,12.79,12.15,2.54,0.62,0.75,0.72,0.62,0.56,0.23,0.36,0.68,0.79,0.68,0.77,0.73,0.7,0.57,0.4,0.41,0.19,0.15,7.91,10.92
BN077_2020-06-28,BN077,2020-06-28,2,peak dominant,60.92,66.59,0.9148520798918757,4.952068286277084,0.743462861192784,12.57,12.47,11.88,2.45,0.0,0.0,0.0,0.02,0.02,0.11,0.17,0.12,0.09,0.25,0.27,0.18,0.37,0.31,0.22,0.09,0.06,0.03,8.19,11.05
BN077_2020-06-29,BN077,2020-06-29,2,peak dominant,45.13,66.59,0.6777293887971166,6.6102370928428975,0.40150223761335074,12.43,12.15,11.9,2.28,0.59,0.66,0.72,0.68,0.6,0.15,0.13,0.27,0.33,0.6,0.32,0.3,0.32,0.21,0.06,0.13,0.12,0.06,0.08,0.04
BN098_2019-08-26,BN098,2019-08-26,2,peak dominant,357.23,325.15999999999997,1.0986283675728874,1.6809338521400778,0.8457775830461709,17.71,17.92,17.91,17.61,17.92,17.78,13.77,9.93,11.32,11.99,10.98,9.72,11.79,12.62,12.01,10.89,11.9,12.52,11.19,16.79,21.46,25.02,18.75,17.73
BN098_2019-09-22,BN098,2019-09-22,2,peak dominant,243.44,325.15999999999997,0.7486775741173577,1.636542885310549,0.8391148079083598,16.22,15.91,15.48,14.22,14.54,13.57,11.01,5.91,5.41,5.41,5.97,5.56,5.58,5.57,5.39,6.09,5.64,5.68,6.91,14.67,14.24,14.05,13.81,16.6
BN098_2019-10-07,BN098,2019-10-07,2,peak dominant,291.62,325.15999999999997,0.8968507811538936,1.7019408819696866,0.5629155673616933,14.72,14.2,16.43,16.28,15.73,14.64,13.38,6.17,8.34,14.92,12.46,7.44,7.58,8.74,8.3,7.1,10.26,6.98,11.29,20.68,14.22,12.9,14.08,14.78
BN098_2019-10-12,BN098,2019-10-12,2,peak dominant,247.67000000000002,325.15999999999997,0.7616865543117236,1.6124682036580933,0.7913030047391304,14.63,15.53,15.69,16.64,15.71,14.64,13.63,5.21,5.28,5.31,5.77,5.7,5.91,5.89,5.33,5.7,6.17,5.38,10.31,13.73,14.06,13.88,13.69,13.88
BN098_2019-11-14,BN098,2019-11-14,2,peak dominant,301.27,325.15999999999997,0.9265284782876123,1.6824775118664321,0.6711295261127748,14.31,14.37,14.74,14.52,15.38,14.47,14.39,11.01,8.8,10.35,8.48,7.95,6.16,8.31,8.32,7.3,7.35,9.93,14.65,16.52,21.12,20.37,18.91,13.56
BN098_2019-11-24,BN098,2019-11-24,2,peak dominant,258.47,325.15999999999997,0.7949009718292535,1.640731999845243,0.55037140651342,14.55,14.2,14.01,13.85,13.76,13.73,13.3,12.81,5.14,5.8,5.21,5.24,5.79,5.26,5.25,6.23,5.38,9.54,17.67,15.24,14.22,14.14,14.04,14.11
BN098_2019-12-03,BN098,2019-12-03,2,peak dominant,331.83000000000004,325.15999999999997,1.0205129782261042,1.6403580146460535,0.1424586752762268,14.65,15.22,15.07,15.31,14.32,14.07,14.45,13.92,13.68,13.01,13.21,12.92,7.63,6.27,6.95,8.72,9.04,21.06,22.68,21.49,15.12,15.07,14.05,13.92
BN098_2019-12-23,BN098,2019-12-23,2,peak dominant,264.65000000000003,325.15999999999997,0.8139069996309511,1.6477611940298507,0.39425018942595935,13.57,13.68,13.43,13.55,13.5,13.45,13.58,13.66,10.14,5.47,5.22,5.21,5.3,5.84,5.89,5.42,5.27,18.17,17.25,13.52,13.64,13.48,13.07,13.34
BN098_2019-12-28,BN098,2019-12-28,2,peak dominant,256.03,325.15999999999997,0.787396973797515,1.7322969964457293,0.5351053926227249,13.68,13.37,13.87,13.91,13.79,13.77,13.83,13.58,5.87,5.63,5.73,5.87,5.62,5.43,5.5,5.64,5.53,6.8,13.82,18.48,14.65,14.02,13.93,13.71
BN098_2020-01-11,BN098,2020-01-11,2,peak dominant,266.14000000000004,325.15999999999997,0.8184893590847585,1.8098745021417295,0.5363476044713649,14.12,13.71,13.46,13.39,13.22,13.39,13.29,13.43,6.33,5.27,5.35,5.38,5.36,5.52,5.11,5.99,6.84,5.91,15.75,19.41,20.07,18.58,13.78,13.48
BN098_2020-01-18,BN098,2020-01-18,2,peak dominant,269.97999999999996,325.15999999999997,0.8302989297576577,1.7325727831691236,0.3864435223684531,13.73,13.55,14.08,13.58,13.22,13.36,13.31,13.55,5.52,6.22,5.69,8.44,9.25,8.33,5.29,5.27,7.13,7.66,19.05,19.49,13.58,13.31,13.64,13.73
BN098_2020-01-19,BN098,2020-01-19,2,peak dominant,276.28999999999996,325.15999999999997,0.8497047607331775,1.781606283253104,0.4355169866129339,13.56,13.7,15.82,15.47,15.41,15.46,15.59,20.51,11.79,7.33,6.25,7.21,7.21,7.29,6.44,5.87,5.34,5.17,13.25,13.49,13.4,13.39,13.25,14.09
BN098_2020-01-25,BN098,2020-01-25,2,peak dominant,267.68,325.15999999999997,0.8232254889900358,1.6515242080095638,0.6244740670212633,14.46,14.8,15.54,15.51,15.93,15.37,15.67,15.48,6.59,5.82,5.58,5.58,5.46,5.28,6.26,5.34,6.4,5.58,10.85,15.67,18.42,14.68,13.45,13.96
BN098_2020-02-05,BN098,2020-02-05,2,peak dominant,338.75,325.15999999999997,1.0417948087095585,1.601889298892989,0.1468304851610657,14.24,14.54,13.61,14.79,14.71,14.11,14.29,13.67,14.16,14.7,14.72,22.61,19.98,12.24,10.38,11.15,9.38,8.66,12.74,16.27,14.52,15.07,15.04,13.17
BN098_2020-03-05,BN098,2020-03-05,2,peak dominant,305.19,325.15999999999997,0.9385840816828639,1.7473704905141059,0.4234682880789127,15.55,14.06,16.4,16.6,15.13,14.22,14.39,9.81,8.95,22.22,17.13,11.48,8.06,6.35,5.63,5.98,10.01,9.14,12.62,16.75,13.42,14.13,13.51,13.65
BN098_2020-03-11,BN098,2020-03-11,2,peak dominant,250.95,325.15999999999997,0.7717738959281585,1.6133891213389124,0.589589366161157,16.87,13.52,13.34,12.53,13.28,13.23,13.31,14.02,10.39,5.25,5.89,5.25,5.54,6.35,6.44,5.55,6.38,6.52,11.19,13.53,13.4,13.43,12.35,13.39
BN098_2020-03-24,BN098,2020-03-24,2,peak dominant,219.93,325.15999999999997,0.6763747078361423,1.9555313054153596,0.8104155979072426,12.51,13.1,13.01,13.15,13.1,13.04,12.66,5.21,5.14,5.11,5.17,5.2,5.02,4.79,5.03,5.01,5.05,5.03,5.03,11.91,13.11,12.39,17.92,13.24
BN098_2020-03-29,BN098,2020-03-29,2,peak dominant,226.98000000000002,325.15999999999997,0.6980563414934188,2.2183452286545067,0.8130728075149274,13.24,13.23,13.25,13.06,13.3,13.02,12.38,5.02,4.94,5.14,5.08,5.09,5.1,4.74,4.93,5.09,6.72,4.62,4.97,12.0,13.36,20.98,13.0,14.72
BN098_2020-04-06,BN098,2020-04-06,2,peak dominant,217.93,325.15999999999997,0.6702238897773405,1.7950718120497409,0.8706751783245403,13.13,13.12,13.02,13.19,13.25,13.3,11.18,5.16,5.14,5.02,4.98,5.52,5.19,4.93,5.1,5.21,5.08,4.96,5.04,10.67,13.08,16.3,13.17,13.19
BN098_2020-04-09,BN098,2020-04-09,2,peak dominant,218.12,325.15999999999997,0.6708082174929266,1.7241885200806897,0.8753318832909024,13.48,13.23,13.39,12.9,13.28,13.1,10.8,5.23,5.19,5.24,5.23,5.27,5.31,5.11,4.95,4.97,5.15,5.05,5.05,10.96,13.2,15.67,13.05,13.31
BN098_2020-04-13,BN098,2020-04-13,2,peak dominant,217.52999999999997,325.15999999999997,0.66899372616558,1.6648738105088956,0.8573311975517979,13.23,13.18,13.2,12.97,12.77,13.29,10.3,5.11,5.04,5.12,5.13,5.07,5.1,5.05,5.09,5.2,5.54,5.2,5.07,12.32,15.09,13.14,13.3,13.02
BN098_2020-04-15,BN098,2020-04-15,2,peak dominant,213.92000000000002,325.15999999999997,0.6578914995694428,1.62565445026178,0.8957827075894985,13.17,12.9,13.21,13.29,14.49,13.17,9.61,5.19,5.16,5.15,5.15,5.12,5.26,5.1,5.08,5.75,5.01,5.09,5.05,10.29,12.63,12.91,12.96,13.18
BN098_2020-04-17,BN098,2020-04-17,2,peak dominant,214.72,325.15999999999997,0.6603518267929636,1.6028315946348732,0.9052830053891365,12.79,13.11,12.65,13.9,11.94,13.26,9.6,5.12,5.1,5.05,6.33,5.2,4.93,5.05,5.27,5.02,5.27,5.96,5.01,10.05,13.22,14.34,13.25,13.3
BN098_2020-04-23,BN098,2020-04-23,2,peak dominant,211.36,325.15999999999997,0.6500184524541766,1.6180923542770629,0.9267722079546304,13.05,13.15,12.96,13.09,12.57,12.53,8.39,5.12,5.09,5.25,5.22,5.28,5.24,5.28,5.31,5.05,5.07,5.36,5.27,9.55,13.03,14.25,13.09,13.16
BN098_2020-05-06,BN098,2020-05-06,2,peak dominant,224.97,325.15999999999997,0.6918747693443229,1.6492865715428726,0.9563625619278687,13.96,13.33,14.22,15.46,14.24,14.38,6.76,5.47,5.52,5.37,5.48,5.65,5.51,5.55,5.58,5.64,5.33,5.89,5.55,8.98,14.27,14.32,14.37,14.14
BN098_2020-05-09,BN098,2020-05-09,2,peak dominant,227.42000000000002,325.15999999999997,0.6994095214663552,1.6410166212294433,0.9521578647957754,14.32,14.5,14.41,14.34,14.32,14.44,7.28,5.56,5.53,5.05,5.58,5.26,5.63,5.57,5.52,5.61,5.58,5.71,5.6,9.11,14.33,14.36,15.55,14.26
BN098_2020-05-11,BN098,2020-05-11,2,peak dominant,228.13,325.15999999999997,0.7015930618772297,1.8694603953885942,0.9335075127378664,14.26,13.56,13.58,13.61,14.26,14.52,9.05,5.53,5.42,5.55,5.83,5.89,5.54,5.71,5.6,5.66,5.53,5.46,5.58,8.32,17.77,14.3,13.52,14.08
BN098_2020-05-16,BN098,2020-05-16,2,peak dominant,221.67000000000002,325.15999999999997,0.6817259195472999,1.6110434429557452,0.9672630182386439,14.39,14.63,14.24,14.19,14.88,14.33,6.01,5.12,5.29,5.34,5.06,5.49,5.58,5.48,5.3,5.56,5.45,5.25,5.38,8.01,14.01,14.17,14.28,14.23
BN098_2020-05-17,BN098,2020-05-17,2,peak dominant,221.41999999999996,325.15999999999997,0.6809570672899495,1.6486315599313526,0.9691422999935116,15.21,13.68,14.37,14.42,14.39,14.27,5.79,5.41,5.17,5.33,5.46,5.38,5.25,5.42,5.53,5.54,5.23,5.43,5.52,7.84,14.05,14.26,14.26,14.21
BN098_2020-05-21,BN098,2020-05-21,2,peak dominant,216.79000000000002,325.15999999999997,0.6667179234838235,1.6517367037224964,0.9709356774672513,14.0,13.93,13.34,13.99,13.46,14.15,5.54,6.02,5.3,5.11,5.29,5.27,5.86,5.31,5.36,5.32,5.32,5.21,5.41,6.81,13.87,13.94,14.92,14.06
BN098_2020-05-26,BN098,2020-05-26,2,peak dominant,219.58999999999997,325.15999999999997,0.6753290687661458,1.691880322419054,0.9773569921365991,14.26,14.19,14.17,14.33,14.21,13.82,5.42,5.32,5.42,5.53,5.14,5.7,5.59,5.61,5.19,5.57,5.71,5.54,5.42,6.48,14.21,13.77,15.48,13.51
BN098_2020-06-06,BN098,2020-06-06,2,peak dominant,223.5,325.15999999999997,0.6873539180711036,1.6161073825503356,0.9754023660965847,14.87,15.05,14.93,14.75,14.73,14.21,5.74,5.76,5.53,5.58,5.62,5.62,5.55,5.45,5.53,5.63,5.56,5.45,5.63,6.17,14.47,14.34,13.87,13.46
BN098_2020-06-13,BN098,2020-06-13,2,peak dominant,224.55,325.15999999999997,0.6905830975519746,1.6716098864395457,0.9807635048040185,14.57,14.53,14.44,14.44,14.44,13.61,5.46,5.52,5.58,5.63,5.64,5.55,5.46,5.77,5.85,5.85,5.78,5.82,5.81,5.77,14.46,14.35,15.64,14.58
BN098_2020-06-18,BN098,2020-06-18,2,peak dominant,222.74,325.15999999999997,0.6850166072087589,1.6140791954745444,0.9799813656172517,14.27,14.38,14.38,14.42,14.38,13.63,5.47,5.57,5.57,5.66,5.65,5.52,5.74,5.74,5.74,5.71,5.71,5.65,5.94,5.74,14.72,13.8,14.37,14.98
BN098_2020-06-20,BN098,2020-06-20,2,peak dominant,219.5,325.15999999999997,0.6750522819534999,1.6280637813211845,0.9815808788700244,14.13,13.56,14.39,14.37,13.8,13.93,5.21,5.3,5.54,5.58,5.56,5.45,5.66,6.12,5.65,5.69,5.65,5.63,5.64,5.58,13.65,14.38,14.89,14.14
BN100_2019-07-31,BN100,2019-07-31,2,peak dominant,1223.33,1615.465,0.7572618410179113,1.940277766424432,0.3194934529185887,51.61,52.54,51.53,56.52,51.42,60.84,98.9,73.2,65.44,53.22,33.7,19.34,15.1,16.89,9.36,20.62,63.38,79.05,76.55,63.4,55.45,52.99,51.1,51.18
BN100_2019-08-03,BN100,2019-08-03,2,peak dominant,1282.345,1615.465,0.7937931183900612,2.4961145401588496,-0.05435229694786347,51.81,52.26,50.79,50.58,48.73,48.47,44.68,37.04,19.84,59.42,52.09,46.15,50.7,133.37,133.37,71.935,10.5,30.18,42.5,50.16,50.06,50.2,48.41,49.1
BN100_2019-08-04,BN100,2019-08-04,2,peak dominant,1121.4279999999999,1615.465,0.6941827894754761,1.719486226489797,-0.21155967572928572,48.75,48.41,48.57,47.86,47.77,48.42,44.54,42.61,27.46,52.455,41.05,34.49,31.185,73.845,80.345,53.162,36.686,20.21,43.33,49.85,49.67,49.57,51.09,50.1
BN100_2019-08-05,BN100,2019-08-05,2,peak dominant,1367.52,1615.465,0.8465178756580923,1.8961038961038963,0.20954080497274793,49.83,50.11,49.41,62.91,96.71,108.04,98.11,82.08,74.85,45.49,30.01,22.83,11.67,14.32,27.32,34.39,47.69,76.46,74.37,77.32,69.87,54.74,55.84,53.15
BN100_2019-08-06,BN100,2019-08-06,2,peak dominant,1543.8000000000002,1615.465,0.9556381599106142,1.6520792848814612,0.6453907124634679,53.35,53.82,52.53,56.7,54.13,62.02,106.27,80.67,74.01,82.36,81.11,71.04,78.37,82.13,50.15,27.14,39.38,56.76,70.93,76.71,70.76,55.71,54.66,53.09
BN100_2019-08-07,BN100,2019-08-07,2,peak dominant,1148.32,1615.465,0.7108293896803707,1.968789187682876,0.19196447086629434,51.9,51.23,52.58,54.94,52.86,60.34,94.2,59.25,53.77,32.22,22.1,15.2,11.9,3.23,12.18,32.91,51.54,77.51,78.32,65.68,55.56,53.36,52.75,52.79
BN100_2019-08-08,BN100,2019-08-08,2,peak dominant,1146.097,1615.465,0.7094533152993101,1.9051790555249688,0.09990812315001744,51.63,52.8,54.97,57.45,53.5,60.06,90.98,66.67,55.55,34.54,14.77,4.49,15.205,12.822,10.44,24.27,59.2,54.42,71.57,68.99,57.78,58.29,58.39,57.31
BN100_2019-08-09,BN100,2019-08-09,2,peak dominant,1274.6100000000001,1615.465,0.7890050233214586,1.809682961847153,0.3702002637526605,57.09,57.42,55.86,57.42,54.66,63.11,96.11,66.45,62.15,60.18,59.53,26.97,18.51,38.59,35.19,31.28,38.59,62.75,58.03,57.2,55.58,55.14,53.93,52.87
BN100_2019-08-12,BN100,2019-08-12,2,peak dominant,1221.61,1615.465,0.7561971320950933,2.0432052782803023,0.08336369705513048,50.34,49.51,49.58,63.41,95.31,104.0,90.53,75.75,63.34,37.91,14.57,4.93,0.03,3.57,12.37,27.87,42.28,58.8,73.99,76.41,67.98,53.58,53.16,52.39
BN100_2019-08-13,BN100,2019-08-13,2,peak dominant,1160.003,1615.465,0.7180613631369296,1.9808224633901808,0.190579351701337,52.04,51.76,50.74,53.99,50.95,59.98,95.74,68.17,57.59,30.66,6.84,4.55,42.965,25.888,8.81,23.27,36.43,55.47,75.56,76.96,69.43,54.58,54.45,53.18
BN100_2019-08-14,BN100,2019-08-14,2,peak dominant,1092.907,1615.465,0.6765278108779825,1.9533226523391287,0.13441406086510393,52.25,51.6,51.62,53.6,50.09,59.85,88.95,66.22,56.25,26.37,5.21,4.17,22.708,14.549,6.39,20.75,37.39,56.91,75.83,67.98,58.59,55.55,56.2,53.88
BN100_2019-08-15,BN100,2019-08-15,2,peak dominant,1093.7,1615.465,0.6770186912127468,1.965072689037213,0.13529404517901172,53.17,53.27,53.43,55.13,51.68,59.74,89.55,66.68,53.34,32.28,11.21,4.01,2.45,3.83,11.48,27.2,40.44,57.08,77.06,71.09,56.27,56.1,53.93,53.28
BN100_2019-08-17,BN100,2019-08-17,2,peak dominant,1094.312,1615.465,0.677397529503889,1.683030068207239,-0.16042057076484567,52.44,52.4,52.09,49.32,47.86,47.68,47.01,60.83,41.26,9.06,39.195,41.895,76.74,76.29,69.01,12.905,15.017,17.13,41.99,49.11,48.61,49.05,48.9,48.52
BN100_2019-08-19,BN100,2019-08-19,2,peak dominant,1223.4399999999998,1615.465,0.7573299328676263,2.0797750604851895,0.1093240289332539,48.99,47.87,48.5,61.38,98.08,106.02,91.2,75.91,65.8,42.8,21.58,9.75,2.11,2.77,9.52,26.83,40.13,57.12,70.4,73.27,66.21,53.88,51.98,51.34
BN100_2019-08-20,BN100,2019-08-20,2,peak dominant,1165.0500000000002,1615.465,0.7211855410052216,2.004377494528131,0.24688032899913817,50.45,51.58,48.17,51.48,50.48,58.83,97.3,69.16,59.69,38.02,15.78,6.89,7.56,6.98,19.53,32.41,48.64,65.95,81.49,77.48,68.93,53.2,52.71,52.34
BN100_2019-08-21,BN100,2019-08-21,2,peak dominant,1116.96,1615.465,0.6914170223434121,1.9108293940696177,0.18271036200001056,51.81,54.37,52.34,55.56,50.99,58.06,88.93,67.88,56.96,36.2,9.22,4.26,2.84,5.78,20.59,34.63,47.15,64.19,76.07,65.22,55.17,53.99,53.18,51.57
BN100_2019-08-22,BN100,2019-08-22,2,peak dominant,1336.6100000000001,1615.465,0.8273840658881499,1.6276999274283448,0.3283052059407572,50.55,52.21,51.32,54.42,52.18,59.49,90.65,65.55,62.11,53.87,35.71,25.5,29.33,29.57,32.85,47.44,65.92,73.17,90.25,77.86,63.02,58.72,57.31,57.61
BN100_2019-08-23,BN100,2019-08-23,2,peak dominant,1143.21,1615.465,0.7076662137526967,2.0642926496444223,0.23052040714910296,57.63,56.26,54.72,57.69,53.39,61.52,98.33,72.21,62.82,44.19,17.4,11.78,7.76,14.95,15.76,26.97,43.42,58.81,56.95,55.8,54.02,54.48,53.41,52.94
BN100_2019-08-26,BN100,2019-08-26,2,peak dominant,1555.05,1615.465,0.9626020990860217,1.6662100897077263,0.22543518522155728,48.28,47.11,47.62,61.62,95.52,107.96,97.97,82.42,72.86,59.95,34.95,26.66,26.37,31.13,37.29,60.82,71.82,81.35,91.55,96.55,82.51,66.88,63.68,62.18
BN100_2019-08-27,BN100,2019-08-27,2,peak dominant,1416.08,1615.465,0.8765773322232299,1.854810462685724,0.3330152703725217,62.18,61.72,56.74,59.41,57.16,66.64,109.44,82.35,72.25,58.8,36.18,28.08,26.07,29.17,24.23,37.29,50.18,68.54,80.37,81.54,76.65,64.88,62.56,63.65
BN100_2019-08-28,BN100,2019-08-28,2,peak dominant,1400.96,1615.465,0.8672177979714819,1.7782092279579715,0.36789573754634924,60.46,55.88,54.35,58.55,54.84,64.23,103.8,76.83,68.9,53.98,48.64,27.63,24.45,25.43,31.43,41.0,54.27,77.31,90.42,76.07,69.3,63.22,59.63,60.34
BN100_2019-08-29,BN100,2019-08-29,2,peak dominant,1374.4,1615.465,0.850776711349364,1.7242142025611173,0.3387042213096667,61.4,57.34,55.86,59.61,53.0,62.91,98.74,71.92,71.13,53.91,33.88,23.15,19.94,24.18,29.93,50.23,64.92,80.54,92.22,78.53,62.11,58.47,56.61,53.87
BN100_2019-08-30,BN100,2019-08-30,2,peak dominant,1153.35,1615.465,0.7139430442627974,2.024502536090519,0.228698722034659,53.01,52.42,52.86,54.45,52.22,62.84,97.29,71.22,61.43,38.59,16.96,9.27,4.55,12.97,20.77,34.27,51.24,65.59,60.67,60.01,56.59,56.1,54.46,53.57
BN100_2019-08-31,BN100,2019-08-31,2,peak dominant,1075.1930000000002,1615.465,0.6655625470065896,1.699118204824622,-0.22896739442045874,52.79,52.58,50.96,48.5,49.98,49.57,48.8,63.09,45.37,10.87,13.33,6.625,4.448,7.475,15.54,25.055,34.57,57.48,72.29,76.12,74.79,71.85,71.64,71.47
BN100_2019-09-03,BN100,2019-09-03,2,peak dominant,1521.31,1615.465,0.9417164717279545,1.8893190736930674,0.6340783717622985,49.02,49.35,48.48,54.77,57.34,65.66,119.76,100.2,85.45,67.42,46.57,34.41,33.14,36.47,46.1,63.47,73.89,71.78,89.79,92.85,76.62,52.8,53.02,52.95
BN100_2019-09-04,BN100,2019-09-04,2,peak dominant,1363.6299999999999,1615.465,0.8441099002454402,1.8847927956997135,0.4179837979577028,53.05,51.8,51.16,55.22,55.35,64.24,107.09,77.93,68.11,49.26,32.53,20.47,21.73,22.68,33.2,51.63,64.06,85.66,92.72,80.52,59.64,56.94,54.0,54.64
BN100_2019-09-05,BN100,2019-09-05,2,peak dominant,1423.96,1615.465,0.8814551847300932,1.8030843563021433,0.4310500726909355,54.85,54.22,54.15,57.2,55.12,63.8,106.98,76.75,71.55,54.92,31.22,25.06,23.76,27.01,40.01,62.74,77.42,86.8,93.98,81.01,59.23,56.3,53.99,55.89
BN100_2019-09-06,BN100,2019-09-06,2,peak dominant,1254.04,1615.465,0.7762718474247353,1.9272112532295622,0.41991606757961786,54.29,53.17,51.36,55.59,55.3,63.96,100.7,75.93,64.86,71.52,41.52,33.27,12.06,12.22,17.38,34.09,51.7,70.0,65.34,60.05,55.25,52.96,50.62,50.9
BN100_2019-09-09,BN100,2019-09-09,2,peak dominant,1550.29,1615.465,0.9596555790438047,1.807558585812977,0.3289793738906053,47.45,46.67,47.58,62.9,103.92,116.76,102.24,82.18,74.49,61.23,35.31,38.91,36.34,32.25,44.99,58.05,73.56,83.86,91.14,83.51,66.63,53.57,53.88,52.87
BN100_2019-09-10,BN100,2019-09-10,2,peak dominant,1383.8,1615.465,0.8565954694159267,1.9514958809076457,0.39276686643083064,50.7,50.01,47.99,46.11,53.04,62.63,112.52,80.82,63.61,44.43,46.62,20.93,14.98,19.77,32.23,51.68,83.5,92.62,95.06,84.24,75.72,53.14,50.98,50.47
BN100_2019-09-11,BN100,2019-09-11,2,peak dominant,1272.72,1615.465,0.78783508153999,1.7763530077314729,0.3222829172361797,52.25,52.55,51.5,48.82,52.78,62.76,94.2,64.58,58.47,55.09,44.18,6.08,20.19,34.09,25.99,41.17,62.63,74.96,87.01,70.38,56.46,54.27,52.26,50.05
BN100_2019-09-12,BN100,2019-09-12,2,peak dominant,1249.35,1615.465,0.7733686585596098,1.6656981630447831,0.19995786996231488,49.3,49.72,50.32,49.03,50.2,59.76,86.26,65.2,59.86,42.61,23.42,13.86,11.75,14.66,26.94,47.27,63.13,76.67,86.71,76.41,62.57,71.53,56.96,55.21
BN100_2019-09-16,BN100,2019-09-16,2,peak dominant,1577.49,1615.465,0.9764928364279016,1.6035600859593404,0.31886356486858874,47.15,46.09,46.84,46.42,99.02,105.4,86.03,77.15,60.58,63.16,43.99,45.0,54.87,56.62,55.49,98.85,80.51,82.23,86.3,79.26,62.7,52.46,51.41,49.96
BN100_2019-09-17,BN100,2019-09-17,2,peak dominant,1277.9299999999998,1615.465,0.7910601591492232,1.732489259975116,0.2239727386946273,50.19,51.37,48.55,48.36,52.81,59.78,92.25,65.6,53.34,39.71,23.53,12.51,15.15,16.58,33.23,50.36,66.96,82.99,92.02,82.74,72.6,58.37,56.95,51.98
BN100_2019-09-18,BN100,2019-09-18,2,peak dominant,1143.7800000000002,1615.465,0.7080190533375841,1.7820909615485494,0.16251977175035068,50.79,50.49,49.22,49.31,51.35,58.6,82.79,65.24,51.43,32.47,17.53,8.48,5.56,6.21,18.92,41.07,60.98,76.35,84.93,71.38,56.64,53.45,51.32,49.27
BN100_2019-09-19,BN100,2019-09-19,2,peak dominant,1194.04,1615.465,0.7391308384892276,1.7748149140732303,0.20627890990246317,50.17,52.13,50.94,47.57,50.93,58.59,82.8,63.31,55.82,40.86,18.39,7.37,4.69,16.0,29.26,46.34,62.17,80.73,88.3,75.03,58.98,53.4,51.18,49.08
BN100_2019-09-24,BN100,2019-09-24,2,peak dominant,1319.95,1615.465,0.8170712457403906,1.6364256221826583,0.4569024898218053,48.96,49.15,48.28,46.06,51.33,60.93,90.0,74.25,80.07,79.88,52.11,27.97,12.5,7.83,26.2,39.84,66.45,79.09,85.36,77.32,66.2,51.65,49.55,48.97
BN100_2019-09-26,BN100,2019-09-26,2,peak dominant,1415.38,1615.465,0.8761440204523157,1.6934533482174399,0.2710559509428794,53.18,52.33,53.04,53.62,61.61,68.31,88.98,72.07,63.92,62.33,39.4,14.53,11.54,29.95,31.67,90.2,99.87,94.72,88.97,75.22,60.59,52.84,48.74,47.75
BN100_2019-09-27,BN100,2019-09-27,2,peak dominant,1103.33,1615.465,0.6829798231468958,1.6675337387726248,0.1666029929896867,47.8,50.0,50.44,46.48,48.73,57.17,76.66,63.09,56.5,32.62,34.3,25.3,5.85,3.19,18.87,43.49,52.7,65.93,60.79,53.22,50.8,53.93,53.35,52.12
BN100_2019-09-30,BN100,2019-09-30,2,peak dominant,1249.42,1615.465,0.7734119897367013,1.7898865073394055,0.11089087889819867,45.38,45.4,45.12,44.77,91.13,93.18,83.84,73.6,43.38,38.33,19.25,9.48,5.41,11.75,29.61,48.6,70.82,80.69,83.58,75.41,61.84,50.83,49.74,48.28
BN100_2019-10-01,BN100,2019-10-01,2,peak dominant,1201.93,1615.465,0.7440148811642469,1.7170384298586436,0.1891802958826739,48.48,51.07,48.57,47.86,50.34,60.57,85.99,71.98,57.85,35.94,14.36,6.03,6.05,7.69,25.29,46.41,69.16,78.62,83.44,76.8,66.22,54.21,55.47,53.53
BN100_2019-10-02,BN100,2019-10-02,2,peak dominant,1177.0,1615.465,0.7285827919515434,1.749124893797791,0.16438952988767108,51.32,53.15,51.86,51.01,51.13,57.5,81.43,70.77,54.5,33.04,15.28,3.51,6.63,8.79,24.73,48.63,68.99,80.42,85.78,69.82,54.57,51.18,51.68,51.28
BN100_2019-10-03,BN100,2019-10-03,2,peak dominant,1204.51,1615.465,0.7456119445484737,1.7177441449220014,0.14802153757547973,51.84,51.54,51.47,49.53,49.43,56.7,75.07,66.23,54.56,37.41,20.84,8.25,6.5,13.53,31.68,50.47,74.64,84.56,86.21,71.42,58.77,50.9,50.65,52.31
BN100_2019-10-04,BN100,2019-10-04,2,peak dominant,1066.1399999999999,1615.465,0.6599585877750369,1.7952614103213465,0.13147466582187992,52.56,51.89,48.54,46.9,48.51,56.79,79.75,63.25,50.1,31.15,11.9,0.43,5.53,10.63,21.26,38.01,58.67,73.33,62.61,54.47,53.91,51.31,47.74,46.9
BN100_2019-10-07,BN100,2019-10-07,2,peak dominant,1261.3400000000001,1615.465,0.7807906701785555,1.774874339987632,0.13958746427547125,42.55,43.99,43.74,43.67,91.05,93.28,80.25,71.34,55.21,37.65,17.19,8.39,8.94,11.18,33.68,56.19,79.06,83.33,82.61,74.81,59.98,51.23,47.64,44.38
BN100_2019-10-08,BN100,2019-10-08,2,peak dominant,1219.04,1615.465,0.7546062588790224,1.7602703766898544,0.3052828680719458,43.95,44.75,44.72,44.12,48.63,57.2,89.41,70.57,56.59,39.84,21.89,12.86,12.9,15.22,35.86,54.01,73.03,76.56,83.0,76.7,69.65,53.47,47.53,46.58
BN100_2019-10-09,BN100,2019-10-09,2,peak dominant,1236.8400000000001,1615.465,0.7656247581965565,1.6567381391287472,0.2794789368877362,45.63,45.82,45.96,44.27,49.77,59.0,85.38,70.71,56.13,34.84,54.32,5.31,4.42,8.93,56.77,53.23,73.27,79.25,83.39,69.77,56.67,52.95,51.45,49.6
BN100_2019-10-10,BN100,2019-10-10,2,peak dominant,1247.21,1615.465,0.7720439625742433,1.6645151979217614,0.2908904396433254,48.03,51.76,49.85,47.03,51.25,58.92,86.5,74.15,56.86,42.01,26.97,15.86,15.98,18.19,34.43,53.72,75.04,79.83,82.13,69.88,58.33,52.73,48.99,48.77
BN100_2019-10-14,BN100,2019-10-14,2,peak dominant,1158.1129999999998,1615.465,0.716891421355461,1.7187960069526895,0.10329242687486549,41.55,41.45,42.2,42.09,82.94,80.96,74.95,68.72,51.78,23.4,7.22,7.025,6.228,5.43,43.89,57.62,71.88,72.88,71.45,64.86,56.12,48.18,47.45,47.84
BN100_2019-10-16,BN100,2019-10-16,2,peak dominant,1160.7069999999999,1615.465,0.7184971509751062,1.657265787145249,0.22355854407485398,44.24,44.13,44.64,43.49,45.73,52.9,72.86,65.31,50.21,32.6,8.27,35.545,22.182,8.82,30.82,61.72,77.81,77.03,80.15,63.17,52.16,49.67,48.82,48.43
BN100_2019-10-17,BN100,2019-10-17,2,peak dominant,1217.7,1615.465,0.7537767763461295,1.7223946784922393,0.1960618735237508,48.65,48.7,44.61,44.52,47.59,55.54,74.58,67.1,56.54,41.71,18.87,10.14,9.35,13.75,36.32,54.54,78.7,87.39,86.45,72.62,60.18,54.36,53.62,51.87
BN100_2019-10-18,BN100,2019-10-18,2,peak dominant,1104.33,1615.465,0.6835988399624876,1.7849012523430496,0.21845537223841022,51.23,52.65,50.31,48.85,50.46,58.68,82.13,70.29,55.83,40.93,16.05,14.84,1.67,2.75,28.06,43.63,63.62,71.88,57.45,50.37,49.56,47.92,47.54,47.63
BN100_2019-10-21,BN100,2019-10-21,2,peak dominant,1259.63,1615.465,0.7797321514238935,1.6461976929733333,0.14164894636167588,45.71,45.78,45.27,45.53,82.1,80.81,78.55,74.88,57.96,39.81,15.78,5.66,6.64,11.11,32.49,59.92,84.26,86.4,78.86,71.95,59.55,51.89,50.47,48.25
BN100_2020-02-06,BN100,2020-02-06,2,peak dominant,1823.1100000000001,1615.465,1.1285357466735586,1.6554130030552188,0.5880755368819396,40.74,40.5,40.64,39.59,46.51,54.89,81.86,83.13,94.69,115.67,125.75,113.5,113.79,114.37,107.66,102.47,93.66,83.72,85.8,67.62,54.79,41.78,40.0,39.98
BN100_2020-05-05,BN100,2020-05-05,2,peak dominant,1343.06,1615.465,0.8313767243487169,1.6073742051732611,0.827573705028556,41.36,43.14,45.67,43.18,44.7,51.23,89.95,70.39,67.06,68.86,67.03,67.02,66.65,67.8,67.85,64.19,64.87,64.28,57.3,38.71,38.78,37.78,38.58,36.68
BN100_2020-05-11,BN100,2020-05-11,2,peak dominant,1453.33,1615.465,0.8996357086040242,1.6604625239966146,0.5907854930591725,38.58,38.32,38.51,38.22,84.9,100.55,88.96,78.17,71.86,74.08,71.94,72.25,71.5,70.84,70.02,68.5,66.75,64.41,56.61,36.85,38.6,37.97,37.59,37.35
BN100_2020-05-12,BN100,2020-05-12,2,peak dominant,1311.4499999999998,1615.465,0.8118096028078602,1.6490449502459112,0.816707348131289,37.91,36.93,36.8,37.47,41.73,49.76,90.11,71.7,67.41,64.87,65.39,66.24,66.05,68.13,66.6,66.61,68.55,63.48,55.86,37.0,38.14,38.36,38.26,38.09
BN100_2020-05-26,BN100,2020-05-26,2,peak dominant,1315.68,1615.465,0.8144280439378137,1.79022254651587,0.8540332015966775,35.64,35.78,36.28,35.68,44.52,51.94,98.14,77.33,69.18,66.78,67.53,67.85,66.27,65.92,66.25,66.64,63.91,63.03,54.32,36.24,36.59,36.63,36.74,36.49
BN100_2020-05-27,BN100,2020-05-27,2,peak dominant,1295.42,1615.465,0.8018867632539238,1.6209105927035246,0.7926153960766342,36.42,37.02,36.98,36.51,42.35,49.32,87.49,66.32,63.6,64.49,67.38,65.77,66.25,66.16,68.11,68.3,67.33,64.42,54.97,36.73,37.32,37.61,36.99,37.58
BN100_2020-06-01,BN100,2020-06-01,2,peak dominant,1629.96,1615.465,1.0089726487420032,1.6040639034086723,0.672688666749088,40.41,39.49,40.02,39.25,85.82,108.94,101.88,94.32,89.53,86.86,82.36,80.54,80.68,79.17,78.21,77.51,78.17,74.09,64.87,41.66,41.55,41.46,42.29,40.88
BN100_2020-06-02,BN100,2020-06-02,2,peak dominant,1469.23,1615.465,0.9094780759719339,1.6312217964512024,0.8190350240260544,40.91,40.45,40.94,40.01,46.93,53.12,99.86,85.72,77.59,73.72,75.86,75.89,76.27,76.39,77.13,74.12,75.15,71.06,61.83,41.12,41.73,41.85,41.3,40.28
BN100_2020-06-03,BN100,2020-06-03,2,peak dominant,1426.15,1615.465,0.8828108315562393,1.6017389475160397,0.7763847480025253,39.63,39.67,39.5,38.99,45.09,53.6,95.18,78.62,70.36,72.62,75.81,75.6,75.31,78.66,73.86,75.13,74.48,68.96,60.78,39.2,39.36,38.48,38.52,38.74
BN100_2020-06-04,BN100,2020-06-04,2,peak dominant,1793.04,1615.465,1.109921911028713,1.6814348815419624,0.6079046427043517,37.7,38.44,38.23,37.5,43.7,52.09,89.8,90.73,101.95,105.72,109.78,110.58,110.14,115.74,125.62,116.14,96.54,85.34,70.08,43.37,42.93,43.69,43.91,43.32
BN100_2020-06-29,BN100,2020-06-29,2,peak dominant,1605.94,1615.465,0.9941038648314883,1.6225263708482256,0.6036928196989421,41.69,41.52,41.93,41.9,91.91,108.57,96.1,85.51,82.34,80.02,78.3,79.8,76.96,77.12,76.99,76.48,75.43,73.67,64.22,42.03,43.88,43.15,43.5,42.92
BN100_2020-06-30,BN100,2020-06-30,2,peak dominant,1443.1,1615.465,0.8933031665805201,1.6072067077818586,0.8277681613864858,41.5,43.06,41.39,40.53,48.27,56.75,96.64,77.06,72.61,71.85,72.8,74.45,72.98,72.26,72.39,71.24,71.43,71.63,61.81,42.47,43.52,43.54,41.65,41.27
BN134_2019-08-01,BN134,2019-08-01,2,peak dominant,1003.82,805.905,1.2455810548389699,1.61192245621725,0.9363055763055771,27.26,25.28,23.44,23.33,28.86,43.64,46.35,50.96,56.25,39.2,37.03,39.97,47.15,67.42,64.46,64.4,62.82,46.26,45.09,38.01,34.08,32.51,30.89,29.16
BN134_2019-08-12,BN134,2019-08-12,2,peak dominant,948.56,805.905,1.1770121788548278,1.6539596862612804,0.9579126136983314,27.64,24.26,24.58,24.27,30.13,41.97,42.35,45.71,38.52,34.65,34.03,37.83,50.04,65.2,64.89,65.37,61.34,47.44,41.94,37.25,32.22,28.31,23.64,24.98
BN134_2019-08-13,BN134,2019-08-13,2,peak dominant,940.29,805.905,1.1667504234370056,1.6802475831924193,0.9766322492199607,25.44,25.19,25.74,21.95,19.84,27.11,37.23,41.56,44.65,34.62,38.99,46.08,49.82,65.83,65.44,65.35,50.29,50.37,44.57,38.23,34.39,29.95,29.04,28.61
BN134_2019-08-14,BN134,2019-08-14,2,peak dominant,892.0899999999999,805.905,1.1069418852097952,1.6292526538802141,0.9119747778382277,23.96,24.22,24.89,24.94,23.12,25.2,38.12,43.58,49.03,36.32,39.78,39.69,46.89,60.56,48.87,48.42,48.64,47.72,46.23,38.75,32.37,28.86,26.93,25.0
BN134_2019-08-15,BN134,2019-08-15,2,peak dominant,987.4499999999999,805.905,1.2252684869804753,1.6464226036761356,0.9777243029660846,24.71,24.8,25.18,26.5,24.72,32.21,39.72,42.34,42.36,37.61,44.02,46.54,60.5,67.49,67.55,67.74,66.27,48.69,47.49,39.78,33.62,29.21,24.75,23.65
BN134_2019-08-16,BN134,2019-08-16,2,peak dominant,970.9,805.905,1.2047325677344103,1.654712122772685,0.9760760879135204,25.16,25.03,26.77,25.53,25.28,41.06,39.55,40.6,37.11,34.2,37.4,38.78,52.67,65.65,65.84,66.94,61.43,51.24,45.75,37.53,34.88,32.58,30.04,29.88
BN134_2019-08-19,BN134,2019-08-19,2,peak dominant,918.88,805.905,1.1401840167265374,1.812380289047536,0.9729785399096134,24.95,25.66,26.01,24.48,16.34,25.59,40.06,41.47,30.41,33.26,38.38,45.02,49.02,69.36,66.35,69.39,61.86,46.04,42.78,36.76,30.06,26.85,24.75,24.03
BN134_2019-08-20,BN134,2019-08-20,2,peak dominant,983.0,805.905,1.2197467443433159,1.686347914547304,0.9467905603540115,24.16,24.82,25.74,23.5,20.76,32.35,36.41,42.66,42.94,32.19,35.23,48.17,69.07,66.95,67.67,68.55,55.49,52.44,48.16,42.74,35.14,30.38,28.71,28.77
BN134_2019-08-21,BN134,2019-08-21,2,peak dominant,966.97,805.905,1.1998560624391212,1.6755845579490576,0.6593983644873342,28.3,26.83,24.35,26.37,31.54,25.43,26.5,26.59,47.58,58.72,64.12,67.51,56.29,49.06,51.55,50.89,50.69,50.02,48.86,41.01,33.99,29.55,26.92,24.3
BN134_2019-08-22,BN134,2019-08-22,2,peak dominant,899.27,805.905,1.1158511238917739,1.8116027444482747,0.8842216251994546,24.11,24.66,25.16,25.77,25.9,14.82,19.54,23.68,25.74,34.86,40.2,40.46,50.67,67.88,64.98,65.61,57.78,48.61,47.35,40.07,36.65,33.95,31.43,29.39
BN134_2019-08-23,BN134,2019-08-23,2,peak dominant,908.01,805.905,1.1266960745993635,1.70456272508012,0.906515787538071,28.18,27.72,26.54,23.08,22.37,23.4,23.99,22.47,27.89,34.69,40.63,43.3,55.15,64.49,64.23,64.2,61.34,46.47,44.79,36.33,34.07,32.28,30.18,30.22
BN134_2019-08-26,BN134,2019-08-26,2,peak dominant,970.28,805.905,1.2039632462883343,1.6431545533248135,0.9125610450638174,28.52,27.36,26.79,27.52,26.53,24.94,23.68,26.36,33.39,40.54,42.4,45.79,56.66,65.99,66.07,66.43,66.29,58.9,46.06,40.59,32.92,32.31,31.39,32.85
BN134_2019-08-29,BN134,2019-08-29,2,peak dominant,886.55,805.905,1.100067625836792,1.7663978343015059,0.9209154184486065,22.23,26.14,21.56,21.83,20.86,22.01,23.87,21.55,27.28,33.03,37.53,41.93,52.56,62.85,64.26,64.39,65.25,54.23,44.17,38.49,32.83,31.01,29.12,27.57
BN134_2019-08-30,BN134,2019-08-30,2,peak dominant,923.62,805.905,1.1460656032658936,1.7365583248522118,0.9101318001138217,25.12,25.76,22.83,23.28,23.97,24.23,23.44,22.46,26.05,34.24,40.05,42.12,55.7,65.4,65.99,66.83,65.07,56.58,46.6,44.03,33.8,31.87,29.65,28.55
BN134_2019-09-01,BN134,2019-09-01,2,peak dominant,859.74,805.905,1.066800677499209,1.8150603670877241,0.7006511850003297,25.03,23.12,23.01,24.19,22.89,23.13,22.44,23.76,26.87,34.64,59.18,63.6,65.02,62.01,48.59,46.43,46.28,42.51,34.32,30.82,30.76,27.58,27.12,26.44
BN134_2019-09-03,BN134,2019-09-03,2,peak dominant,922.99,805.905,1.1452838734093969,1.7351433926694764,0.8892447350714299,29.1,27.9,27.58,25.02,23.25,22.34,21.74,21.91,27.91,33.78,40.16,44.4,51.17,65.19,66.07,66.73,58.7,48.07,50.59,42.96,35.04,33.27,30.37,29.74
BN134_2019-09-05,BN134,2019-09-05,2,peak dominant,977.98,805.905,1.2135177223121834,1.6307081944416042,0.9356022608562555,29.89,28.35,27.3,26.76,25.81,32.41,38.53,26.47,30.89,35.3,42.21,45.22,54.09,66.4,65.76,66.45,65.69,58.27,46.05,39.66,33.37,31.9,30.92,30.28
BN134_2019-09-06,BN134,2019-09-06,2,peak dominant,1046.18,805.905,1.29814308138056,1.6026305224722321,0.9157896345606505,28.98,28.55,27.63,25.8,34.7,46.68,50.91,48.35,39.7,31.65,37.42,42.76,62.22,64.17,67.93,65.0,69.86,47.77,48.96,44.38,34.7,33.32,33.1,31.64
BN134_2019-09-12,BN134,2019-09-12,2,peak dominant,933.12,805.905,1.1578535931654477,1.6311728395061729,0.880170625337341,23.07,23.53,23.2,22.17,16.52,10.68,35.01,38.48,44.34,51.41,53.59,58.35,63.42,61.58,61.62,62.85,61.77,52.3,40.22,29.82,28.07,24.88,22.25,23.99
BN134_2019-09-16,BN134,2019-09-16,2,peak dominant,825.51,805.905,1.0243266886295532,1.7757749754697094,0.8986548020084155,22.42,21.95,23.09,21.96,22.2,21.92,38.33,37.74,44.24,38.96,35.33,37.92,59.56,61.08,60.84,60.5,45.77,38.01,30.53,24.76,24.18,21.31,12.51,20.4
BN134_2019-09-17,BN134,2019-09-17,2,peak dominant,805.88,805.905,0.9999689789739485,1.816945450935623,0.9592504915999958,21.26,20.23,9.84,10.7,14.24,15.4,35.91,38.99,42.75,29.31,27.74,31.1,52.59,60.34,60.32,60.62,61.01,42.01,38.26,31.4,29.21,26.13,22.64,23.88
BN134_2019-09-19,BN134,2019-09-19,2,peak dominant,905.88,805.905,1.1240530831797793,1.6799576102795073,0.8882941440761049,24.21,23.7,22.93,16.09,10.63,17.45,38.21,36.59,42.23,47.73,53.54,57.62,63.41,61.06,61.28,61.44,59.88,46.63,36.19,29.01,27.15,22.98,22.19,23.73
BN134_2019-09-20,BN134,2019-09-20,2,peak dominant,807.3,805.905,1.0017309732536712,1.8006688963210704,0.9046575806180072,21.88,17.63,9.05,9.84,9.06,13.62,31.26,36.28,38.43,44.58,48.46,50.35,60.57,59.73,59.25,59.41,58.14,37.33,31.74,25.07,21.49,21.44,20.81,21.88
BN134_2019-09-21,BN134,2019-09-21,2,peak dominant,648.21,805.905,0.8043255718726153,2.065256629795899,0.70356240996629,21.58,15.22,8.66,9.43,9.52,8.6,7.74,21.6,21.82,39.36,51.21,55.7,55.78,44.52,40.45,38.6,39.51,35.03,26.93,25.93,24.18,22.94,14.5,9.4
BN134_2019-09-22,BN134,2019-09-22,2,peak dominant,587.91,805.905,0.7295028570364993,1.632902995356432,0.8604719883955189,9.92,9.43,8.92,10.27,9.55,10.84,10.99,22.09,21.56,19.57,27.2,31.03,36.77,39.24,39.4,39.32,40.0,39.42,37.6,28.87,23.58,23.22,24.72,24.4
BN134_2019-09-23,BN134,2019-09-23,2,peak dominant,777.33,805.905,0.964542967223184,1.7296129057157192,0.8029432591716776,23.31,24.75,24.67,22.07,21.2,22.76,42.2,42.41,43.78,37.05,30.35,41.94,56.02,54.97,53.58,53.25,52.97,45.68,25.15,12.87,8.87,11.83,12.7,12.95
BN134_2019-09-24,BN134,2019-09-24,2,peak dominant,676.12,805.905,0.8389574453564627,2.019759805951606,0.9095130755718944,13.03,12.46,12.42,13.19,12.71,14.76,30.92,21.19,11.12,16.68,27.76,42.3,50.75,54.18,56.45,56.9,56.77,51.67,32.54,21.6,22.04,22.27,14.41,8.0
BN134_2019-09-26,BN134,2019-09-26,2,peak dominant,670.86,805.905,0.8324306214752359,2.056345586262409,0.9413400942870849,11.21,12.85,13.38,13.11,10.88,14.7,31.51,21.34,23.51,22.1,27.57,28.97,55.73,57.07,57.48,57.13,53.96,43.12,38.26,22.23,11.89,13.61,15.82,13.43
BN134_2019-09-27,BN134,2019-09-27,2,peak dominant,714.96,805.905,0.8871517114300074,1.9070157771064113,0.9708111536831096,13.54,12.74,12.66,13.84,13.2,16.46,33.81,40.64,29.88,24.95,27.83,29.2,37.44,55.31,56.61,56.53,56.81,46.39,27.9,28.63,26.5,19.53,15.8,18.76
BN134_2019-09-28,BN134,2019-09-28,2,peak dominant,692.87,805.905,0.8597415328109392,1.9570770851674917,0.6428955339500593,16.67,12.65,13.54,13.15,13.49,12.3,12.55,19.23,40.41,48.58,51.7,53.78,56.5,48.18,39.99,35.51,34.01,30.91,26.52,27.17,24.64,20.34,20.83,20.22
BN134_2019-09-30,BN134,2019-09-30,2,peak dominant,696.79,805.905,0.8646056296958078,2.001176825155355,0.9279450157619786,9.5,10.26,11.71,11.71,9.36,7.75,20.9,26.78,31.41,35.12,30.07,49.31,57.08,57.11,57.28,57.32,58.1,49.46,28.54,23.97,19.25,11.41,11.75,11.64
BN134_2019-10-01,BN134,2019-10-01,2,peak dominant,747.8600000000001,805.905,0.9279753817137257,1.8526462172064284,0.915881460298205,11.61,9.69,7.67,8.42,12.69,12.94,30.68,34.03,35.54,39.17,43.97,48.51,57.73,54.21,54.54,55.39,53.94,53.34,36.85,25.97,23.33,19.55,9.7,8.39
BN134_2019-10-03,BN134,2019-10-03,2,peak dominant,767.29,805.905,0.9520849231609184,1.8507735015443967,0.8416802984084032,7.89,7.83,8.72,8.04,8.62,15.96,29.87,17.73,22.28,18.78,27.45,29.99,50.71,57.12,57.19,57.4,56.26,59.17,56.16,58.96,41.21,25.63,22.2,22.12
BN134_2019-10-04,BN134,2019-10-04,2,peak dominant,723.14,805.905,0.8973017911540442,1.9816909588738005,0.9162497672115105,21.05,12.4,8.74,9.33,9.79,13.68,30.63,22.21,23.85,22.26,27.45,52.6,59.71,58.04,58.09,58.18,58.19,48.99,34.66,26.2,24.2,19.72,14.19,8.98
BN134_2019-10-05,BN134,2019-10-05,2,peak dominant,663.0999999999999,805.905,0.8228016949888634,2.0829437490574576,0.7761552944288561,10.33,10.37,8.37,8.61,8.19,8.31,7.96,15.74,41.08,46.69,49.09,55.36,55.81,55.82,57.55,38.33,38.85,35.66,29.65,25.12,22.31,16.25,9.73,7.92
BN134_2019-10-07,BN134,2019-10-07,2,peak dominant,772.4000000000001,805.905,0.9584256208858366,1.8528223718280683,0.9402021409061412,8.3,9.38,8.39,8.0,9.65,13.81,28.76,25.77,41.64,36.59,27.66,45.4,59.63,58.36,58.36,58.82,58.26,51.7,40.57,35.79,28.04,22.33,20.27,16.92
BN134_2019-10-08,BN134,2019-10-08,2,peak dominant,672.91,805.905,0.8349743456114554,2.125336226241251,0.9577639107471583,10.29,7.53,8.23,8.61,8.64,7.9,26.45,18.38,23.48,22.03,29.43,35.45,51.15,59.59,57.06,56.99,57.12,46.54,37.21,28.77,24.1,20.24,15.99,11.73
BN134_2019-10-09,BN134,2019-10-09,2,peak dominant,587.97,805.905,0.7295773074990229,2.1107199346905454,0.8792342498869876,8.76,8.66,7.74,7.53,9.3,15.41,35.42,27.61,31.98,40.93,29.25,25.61,36.79,51.71,40.32,35.64,35.92,33.74,27.78,20.08,20.09,17.81,11.99,7.9
BN134_2019-10-10,BN134,2019-10-10,2,peak dominant,554.79,805.905,0.6884062017235282,2.1880711620613207,0.9237662060836176,9.15,9.39,7.78,7.52,8.99,12.49,24.95,13.52,16.23,13.26,18.36,23.37,41.85,49.12,50.58,50.25,50.01,49.52,33.48,16.75,10.98,11.65,13.5,12.09
BN134_2019-10-11,BN134,2019-10-11,2,peak dominant,524.9399999999999,805.905,0.6513670966180877,2.234769687964339,0.8809398292223245,9.0,7.97,8.61,17.59,14.0,20.96,32.69,15.9,13.18,12.74,14.06,13.81,32.85,45.23,47.82,48.66,48.88,37.68,24.52,13.67,11.04,12.19,11.78,10.11
BN134_2019-10-13,BN134,2019-10-13,2,peak dominant,549.75,805.905,0.6821523628715543,2.0994270122783085,0.9040597461081346,9.82,9.34,10.13,10.79,9.84,11.38,10.47,14.95,17.1,16.45,17.4,27.36,42.27,43.97,46.77,48.09,47.24,44.15,40.61,21.78,10.6,12.89,13.14,13.21
BN134_2019-10-14,BN134,2019-10-14,2,peak dominant,526.19,805.905,0.6529181479206607,2.3617324540565194,0.9515812597755144,10.09,8.77,9.52,9.37,9.56,10.19,25.89,16.37,15.67,13.5,19.1,26.5,28.61,43.7,51.78,49.9,46.84,36.04,21.91,18.8,16.45,13.23,11.57,12.83
BN134_2019-10-15,BN134,2019-10-15,2,peak dominant,573.6800000000001,805.905,0.7118456890080097,2.2532422256310136,0.9004563447315878,13.48,11.85,10.71,9.0,9.04,22.15,17.55,15.16,17.11,16.98,19.79,23.72,40.12,51.2,52.66,53.86,49.92,27.93,22.26,19.04,16.35,11.38,12.46,29.96
BN134_2019-10-16,BN134,2019-10-16,2,peak dominant,526.5699999999999,805.905,0.6533896675166427,2.0341455077197717,0.6031280774891971,13.17,10.84,8.96,9.59,19.09,27.2,28.52,14.62,15.42,30.17,41.55,44.63,33.48,30.82,30.73,28.84,27.23,24.26,22.25,18.44,12.26,11.04,10.46,13.0
BN134_2019-10-17,BN134,2019-10-17,2,peak dominant,589.51,805.905,0.7314882027037927,2.2464758867534056,0.9242932649908456,14.04,13.51,13.2,12.11,10.33,16.97,19.45,15.58,15.86,16.26,20.41,25.39,43.3,53.81,55.18,53.5,52.0,27.48,23.39,20.53,17.36,15.73,18.16,15.96
BN134_2019-10-21,BN134,2019-10-21,2,peak dominant,636.26,805.905,0.7894975214200185,1.9622167038632006,0.8819162301704605,10.85,11.65,15.65,18.36,18.35,21.47,31.92,19.28,32.4,34.53,38.7,26.51,31.55,47.26,49.83,52.02,50.56,43.86,25.64,12.26,13.17,11.34,9.32,9.78
BN134_2019-10-22,BN134,2019-10-22,2,peak dominant,556.33,805.905,0.6903170969282981,2.26527420775439,0.9159625368092257,10.22,10.51,10.87,11.72,11.54,16.82,25.3,12.73,16.11,14.73,15.6,31.1,44.19,47.6,52.51,51.5,50.77,35.56,21.77,17.03,10.85,12.11,13.88,11.31
BN134_2019-10-23,BN134,2019-10-23,2,peak dominant,560.12,805.905,0.695019884477699,2.2130971934585446,0.8050782207492041,8.76,9.15,10.75,10.85,10.44,13.15,21.03,13.75,18.92,32.89,40.98,43.65,45.24,47.59,51.65,35.46,29.77,26.28,24.16,15.41,11.59,12.92,14.3,11.43
BN134_2019-10-24,BN134,2019-10-24,2,peak dominant,586.32,805.905,0.7275299197796267,1.9332787556283255,0.8854830473006393,8.84,9.77,10.01,11.21,10.84,14.32,13.49,15.2,22.8,31.69,37.88,40.53,46.67,46.23,47.23,46.83,44.64,41.8,25.45,12.99,13.48,14.14,11.51,8.77
BN134_2019-10-26,BN134,2019-10-26,2,peak dominant,549.8900000000001,805.905,0.6823260806174426,1.9553001509392782,0.799578392121783,11.45,18.76,18.03,21.14,21.76,19.71,21.28,15.56,19.71,19.42,18.23,34.53,41.41,44.8,44.6,44.48,37.9,22.95,15.66,14.4,12.5,8.62,10.73,12.26
BN134_2019-10-28,BN134,2019-10-28,2,peak dominant,531.73,805.905,0.6597924072936637,1.9959001749007954,0.8663718380319895,10.78,11.66,11.73,8.61,11.83,21.96,23.17,11.26,26.49,22.89,17.9,17.74,32.83,41.23,43.94,44.22,43.54,29.99,14.16,9.71,15.14,18.47,19.87,22.61
BN134_2019-10-29,BN134,2019-10-29,2,peak dominant,664.08,805.905,0.8240177192100807,1.6075171666064327,0.666833289812876,20.86,24.0,24.89,24.19,24.13,27.81,32.05,17.8,21.02,37.17,32.85,35.14,42.6,40.9,43.75,44.48,42.12,28.1,13.77,10.2,15.91,16.49,21.37,22.48
BN134_2019-11-01,BN134,2019-11-01,2,peak dominant,618.21,805.905,0.7671003406108661,1.6968991119522492,0.6663223979410232,22.41,24.95,24.4,24.06,21.94,27.83,33.25,17.84,20.07,19.65,11.87,20.07,39.31,40.8,42.46,43.57,43.71,40.52,16.08,12.05,12.1,16.83,21.04,21.4
BN134_2019-11-02,BN134,2019-11-02,2,peak dominant,593.3599999999999,805.905,0.736265440715717,1.7885937710664692,0.49689216095514793,18.51,21.45,21.67,18.59,22.45,20.7,18.09,19.63,38.84,36.18,40.37,43.03,44.22,43.1,27.21,28.52,28.02,25.12,16.7,13.22,12.94,9.61,11.39,13.8
BN134_2019-11-04,BN134,2019-11-04,2,peak dominant,669.25,805.905,0.8304328673975221,1.8622637280537915,0.8263062801528075,18.78,18.35,23.11,19.47,24.17,18.44,28.28,15.65,21.6,31.14,35.79,40.57,47.41,46.94,49.44,51.93,51.7,41.45,25.27,13.34,13.4,13.05,10.02,9.95
BN134_2019-11-05,BN134,2019-11-05,2,peak dominant,642.27,805.905,0.7969549760827889,1.948713158017656,0.8756719608299177,9.84,15.48,16.38,16.13,14.55,17.97,30.18,15.87,20.48,29.62,37.99,42.33,49.02,48.94,50.62,52.15,50.11,34.56,21.86,16.28,12.87,12.96,13.19,12.89
BN134_2019-11-06,BN134,2019-11-06,2,peak dominant,533.18,805.905,0.6615916268046481,1.9346562136614276,0.8783493593723156,11.16,8.5,8.49,8.62,9.61,9.95,22.43,10.64,10.47,14.22,27.66,37.25,40.69,42.02,42.98,42.1,40.56,38.87,37.54,21.09,13.48,13.28,11.92,9.65
BN134_2019-11-07,BN134,2019-11-07,2,peak dominant,538.49,805.905,0.6681804927379779,2.189232854834816,0.901040919188335,10.28,12.85,13.72,12.45,16.17,16.09,24.63,13.42,17.14,15.58,14.72,15.77,36.09,46.59,48.65,49.12,47.42,35.05,22.12,11.03,19.73,14.2,13.4,12.27
BN134_2019-11-08,BN134,2019-11-08,2,peak dominant,527.9000000000001,805.905,0.6550399861025805,2.2449706383784807,0.9280682880024519,8.68,8.57,8.48,8.44,9.52,13.15,26.01,12.8,15.72,28.44,21.61,19.34,43.99,48.27,48.52,49.38,46.6,34.78,17.57,16.42,8.95,9.82,11.46,11.38
BN134_2019-11-13,BN134,2019-11-13,2,peak dominant,619.29,805.905,0.768440448936289,1.6776631303589595,0.8344318220591204,11.29,15.79,19.64,17.15,22.93,21.51,26.38,18.4,21.74,33.61,36.0,28.92,37.84,41.79,43.29,42.23,41.75,38.57,31.84,13.35,10.48,11.12,15.75,17.92
BN134_2019-11-14,BN134,2019-11-14,2,peak dominant,635.02,805.905,0.7879588785278662,1.8806336808289503,0.7458035775520667,19.36,20.54,20.03,23.8,21.13,24.38,24.7,13.58,20.37,34.46,33.35,37.81,45.96,45.06,47.69,49.76,45.93,25.68,13.52,12.81,8.78,13.37,15.15,17.8
BN134_2019-11-15,BN134,2019-11-15,2,peak dominant,694.76,805.905,0.8620867223804295,1.701997812194139,0.7516869550222743,18.49,18.05,19.41,24.34,18.64,24.81,31.46,17.21,11.54,33.62,35.54,39.73,48.22,47.77,49.27,47.8,46.17,34.34,14.19,14.59,29.3,29.43,27.46,13.38
BN134_2019-11-18,BN134,2019-11-18,2,peak dominant,529.02,805.905,0.6564297280696856,1.9231030962912554,0.6380657212291334,17.99,21.16,17.61,21.33,21.2,23.5,28.42,12.57,26.27,23.71,23.09,21.87,24.32,26.43,30.13,35.91,42.39,29.51,15.33,12.15,9.56,12.24,15.39,16.94
BN134_2019-11-19,BN134,2019-11-19,2,peak dominant,529.99,805.905,0.6576333438804822,1.6234268571105117,0.6345058631820322,18.89,19.93,18.15,22.44,20.3,32.22,12.46,9.67,12.99,23.37,25.06,24.4,30.33,34.15,31.78,35.85,31.91,27.42,16.42,16.84,16.74,18.82,15.55,14.3
BN134_2019-11-27,BN134,2019-11-27,2,peak dominant,534.3399999999999,805.905,0.6630310024134357,1.612905640603361,0.030459205530332337,24.89,24.69,24.69,24.81,25.05,33.44,34.17,24.22,20.41,11.93,16.68,33.01,35.36,35.91,31.48,16.07,13.02,12.41,11.77,12.52,15.75,17.18,18.39,16.49
BN134_2019-12-02,BN134,2019-12-02,2,peak dominant,551.26,805.905,0.6840260328450624,1.6809490984290534,0.3839450399892715,23.43,22.87,24.4,24.79,23.97,25.87,26.88,22.65,16.9,17.85,7.74,8.7,17.87,35.45,38.61,36.57,35.33,14.51,14.54,18.09,20.09,23.76,25.04,25.35
BN134_2019-12-07,BN134,2019-12-07,2,peak dominant,550.96,805.905,0.683653780532445,2.001161608828227,-0.17567110764100435,21.14,22.72,25.8,24.72,24.23,25.52,26.05,25.43,33.88,45.94,33.93,36.64,37.22,30.97,16.68,10.78,7.92,8.25,8.8,13.96,15.73,17.22,17.52,19.91
BN134_2019-12-10,BN134,2019-12-10,2,peak dominant,656.0699999999999,805.905,0.8140785824631935,1.7595683387443417,0.19108441000946538,25.69,26.5,25.51,25.67,25.39,30.29,36.64,25.7,23.15,39.19,32.52,36.73,48.1,32.59,33.62,35.17,17.58,8.15,16.92,18.45,22.35,23.07,24.58,22.51
BN134_2019-12-11,BN134,2019-12-11,2,peak dominant,666.3599999999999,805.905,0.8268468367859735,1.619665045921124,0.48016276438026545,25.99,23.33,25.23,25.11,25.87,34.19,36.55,23.51,21.56,27.18,27.89,34.18,43.46,43.08,44.97,42.93,23.38,9.24,17.91,19.78,21.65,22.19,24.53,22.65
BN134_2019-12-12,BN134,2019-12-12,2,peak dominant,672.04,805.905,0.8338948139048648,1.722397476340694,0.5914091466095448,25.67,25.64,26.25,25.38,26.07,27.89,32.53,20.93,22.87,32.33,26.87,24.2,42.91,42.14,45.42,48.23,41.23,8.47,16.82,18.19,21.18,22.52,23.4,24.9
BN134_2019-12-13,BN134,2019-12-13,2,peak dominant,721.6400000000001,805.905,0.8954405295909569,1.6053433845130534,0.5471339412646371,24.75,25.39,26.27,25.42,31.44,29.48,33.01,24.6,20.12,33.45,44.49,40.09,48.27,44.59,46.55,44.09,41.57,11.18,15.19,20.26,20.62,23.39,25.02,22.4
BN134_2019-12-15,BN134,2019-12-15,2,peak dominant,670.5899999999999,805.905,0.8320955943938801,1.6387956873797702,0.5102868667991886,21.64,26.52,22.59,25.68,26.15,25.28,27.31,35.53,18.19,30.34,28.1,38.05,45.79,41.43,35.78,30.1,30.12,19.64,19.91,25.2,23.32,25.08,23.45,25.39
BN134_2019-12-17,BN134,2019-12-17,2,peak dominant,635.71,805.905,0.7888150588468865,1.6124333422472512,-0.6697800957915466,36.95,40.44,42.71,37.18,40.12,42.07,42.29,40.56,22.94,25.41,11.46,7.96,9.78,24.48,12.91,13.33,13.49,21.6,21.85,26.1,25.3,25.29,26.18,25.31
BN134_2019-12-26,BN134,2019-12-26,2,peak dominant,544.83,805.905,0.6760474249446276,1.7902097902097902,-0.6807640648348884,25.56,25.28,25.82,25.26,25.05,31.31,32.13,25.02,17.45,14.38,7.45,11.88,15.4,8.29,7.57,8.97,19.72,22.15,22.54,26.68,29.74,40.64,39.95,36.59
BN134_2019-12-27,BN134,2019-12-27,2,peak dominant,617.5500000000001,805.905,0.7662813855231076,1.6509108574204514,0.5338028770791603,22.53,27.48,26.33,26.53,26.51,25.99,26.78,26.05,25.81,28.23,17.21,30.91,42.27,42.48,33.02,28.44,32.07,24.16,22.29,15.43,16.77,18.09,15.48,16.69
BN134_2020-01-10,BN134,2020-01-10,2,peak dominant,585.99,805.905,0.7271204422357475,1.9863820201709925,0.6925866888789711,13.93,19.55,15.4,22.7,22.41,28.58,27.53,24.81,21.53,12.6,14.9,8.74,25.74,33.45,48.5,44.56,35.21,21.13,25.6,27.11,25.05,23.9,20.65,22.41
BN134_2020-01-15,BN134,2020-01-15,2,peak dominant,560.47,805.905,0.6954541788424194,1.7025710564347778,-0.028776996596758843,21.82,22.27,22.35,21.48,21.86,21.4,36.46,21.97,39.76,35.91,26.76,24.18,23.76,23.84,24.1,23.9,17.37,9.97,12.66,22.37,22.48,22.1,21.27,20.43
BN134_2020-01-16,BN134,2020-01-16,2,peak dominant,557.3,805.905,0.6915207127390945,1.8866678629104614,0.5944089708489569,19.91,20.96,20.56,18.58,16.8,20.61,25.21,23.15,20.73,21.8,20.42,12.84,11.54,30.67,34.1,35.98,34.6,43.81,13.66,20.94,22.95,22.55,23.35,21.58
BN134_2020-01-19,BN134,2020-01-19,2,peak dominant,607.6999999999999,805.905,0.7540591012588331,1.7167681421754157,0.29109407304422485,16.0,17.33,19.56,20.45,20.35,20.39,20.66,18.86,38.39,41.19,41.69,43.18,43.47,43.12,23.29,22.46,20.62,16.23,11.52,18.75,24.35,21.66,22.19,21.99
BN134_2020-01-20,BN134,2020-01-20,2,peak dominant,542.41,805.905,0.6730445896228463,1.759702070389558,0.6221543506635425,22.26,23.52,20.52,22.8,22.26,22.61,22.31,22.95,19.1,17.53,20.92,29.08,39.74,39.77,37.92,36.2,34.98,15.08,9.72,9.54,12.3,13.81,12.88,14.61
BN134_2020-01-22,BN134,2020-01-22,2,peak dominant,578.35,805.905,0.717640416674422,1.6731736837555113,0.7532293190046452,23.05,20.01,19.8,21.51,21.06,20.6,19.51,19.01,27.69,30.57,17.64,17.91,26.97,38.83,37.41,40.32,33.94,20.16,16.04,21.57,23.22,21.13,21.26,19.14
BN134_2020-01-27,BN134,2020-01-27,2,peak dominant,694.0799999999999,805.905,0.8612429504718297,1.7489626556016598,0.6683062040485758,21.54,22.09,22.92,21.88,20.46,33.76,22.27,20.21,22.03,40.76,40.96,44.49,50.58,46.94,45.15,45.14,44.21,34.72,12.63,9.33,12.09,15.54,22.9,21.48
BN134_2020-01-28,BN134,2020-01-28,2,peak dominant,602.02,805.905,0.7470111241399421,1.8453871964386566,0.8287035140699882,20.53,18.4,18.57,16.13,19.07,21.43,29.67,24.65,18.8,23.04,22.79,22.51,38.49,46.29,44.24,43.5,40.97,22.04,10.88,18.7,20.84,21.29,19.89,19.3
BN134_2020-01-29,BN134,2020-01-29,2,peak dominant,545.8699999999999,805.905,0.677337899628368,1.6465458808873914,0.7887684653190539,16.04,15.68,16.23,17.64,17.02,16.18,26.05,19.44,26.52,37.45,22.1,19.21,23.88,34.2,34.51,35.42,33.52,23.22,13.77,21.28,20.12,19.48,18.41,18.5
BN134_2020-01-30,BN134,2020-01-30,2,peak dominant,524.95,805.905,0.6513795050285084,1.9681874464234685,0.5601714941856532,17.28,18.92,19.18,20.25,17.73,18.16,30.4,16.25,19.39,25.13,24.62,23.54,24.05,24.55,40.2,43.05,19.41,14.35,9.67,18.32,23.09,19.42,20.3,17.69
BN134_2020-01-31,BN134,2020-01-31,2,peak dominant,583.3699999999999,805.905,0.7238694387055545,1.912611207295542,0.6397058014587103,17.83,17.34,17.78,20.18,20.14,20.8,28.48,20.44,19.88,25.3,22.16,29.85,46.49,45.63,44.96,36.83,22.12,16.03,10.8,14.18,20.93,21.03,21.44,22.75
BN134_2020-02-03,BN134,2020-02-03,2,peak dominant,596.51,805.905,0.7401740899982008,1.6133845199577543,0.8127477283409024,19.77,21.49,19.27,20.22,20.45,28.14,24.93,20.3,20.02,26.37,20.17,20.48,40.1,36.6,36.02,34.63,32.89,33.23,23.67,22.27,21.21,19.33,16.97,17.98
BN134_2020-02-04,BN134,2020-02-04,2,peak dominant,598.5799999999999,805.905,0.7427426309552614,1.6587256507066725,0.6311273503292071,21.46,20.95,20.64,20.49,22.7,22.51,34.39,22.03,21.59,29.15,27.47,26.13,41.37,35.09,36.8,34.74,31.12,17.92,13.66,17.43,18.82,19.65,20.84,21.63
BN134_2020-02-10,BN134,2020-02-10,2,peak dominant,634.36,805.905,0.7871399234401077,1.7607667570464718,0.8134719508288712,21.4,23.88,20.69,20.64,20.1,19.61,29.93,18.15,22.69,37.71,22.59,24.34,32.74,46.54,44.66,42.29,39.28,28.21,17.03,18.84,21.88,21.17,21.19,18.8
BN134_2020-02-11,BN134,2020-02-11,2,peak dominant,564.96,805.905,0.7010255551212613,1.6185216652506371,0.6289440826923626,18.65,17.84,16.95,16.99,17.82,36.6,38.06,24.11,15.91,20.27,23.1,19.74,35.36,38.1,33.63,35.07,30.57,15.83,17.39,19.89,18.36,19.49,18.43,16.8
BN134_2020-02-12,BN134,2020-02-12,2,peak dominant,669.02,805.905,0.8301474739578486,1.6677528325012707,0.7570490045027146,17.78,19.64,21.29,21.17,21.03,20.8,29.34,19.7,31.21,37.75,36.29,39.21,46.49,44.72,41.85,42.48,38.19,29.69,11.44,21.24,20.68,20.08,19.24,17.71
BN134_2020-02-14,BN134,2020-02-14,2,peak dominant,555.8100000000001,805.905,0.6896718595864277,2.0026987639661034,0.7231585818039548,17.26,18.42,16.22,16.82,19.03,21.66,17.17,16.71,15.23,25.36,22.26,23.99,46.38,44.26,44.14,42.78,26.06,21.48,10.77,11.09,18.94,21.3,19.94,18.54
BN134_2020-02-17,BN134,2020-02-17,2,peak dominant,572.34,805.905,0.7101829620116515,1.947373938567984,0.8417067379957903,19.07,17.36,15.51,15.57,15.51,16.67,16.6,18.33,22.73,25.3,27.47,22.89,33.58,45.42,45.02,46.44,44.29,26.61,14.38,9.32,10.95,18.9,22.24,22.18
BN134_2020-02-18,BN134,2020-02-18,2,peak dominant,652.6500000000001,805.905,0.8098349060993543,1.8228453229142723,0.7216469578122092,21.6,20.21,19.18,18.88,19.36,30.94,17.38,15.44,20.61,30.58,39.08,42.48,49.57,47.28,47.09,46.89,46.75,28.52,15.91,9.79,9.26,12.8,21.35,21.7
BN134_2020-02-19,BN134,2020-02-19,2,peak dominant,525.9000000000001,805.905,0.6525583040184638,1.8067313177410151,0.10901156768691021,21.57,21.93,21.19,19.31,23.38,39.59,22.04,19.76,19.76,34.11,33.92,24.09,25.46,25.2,25.34,22.47,21.37,20.12,15.39,9.73,9.04,10.38,18.86,21.89
BN134_2020-02-20,BN134,2020-02-20,2,peak dominant,611.77,805.905,0.7591093243000105,1.9681906598885204,0.8064015457241874,22.95,21.9,21.15,20.93,22.37,22.03,19.91,19.78,22.34,22.2,23.39,24.08,38.41,47.31,47.2,48.37,50.17,44.75,17.77,11.03,10.55,9.67,10.13,13.38
BN134_2020-02-21,BN134,2020-02-21,2,peak dominant,524.71,805.905,0.6510817031784144,2.0006479769777594,0.6542554260592378,14.7,17.55,19.37,22.26,25.28,29.25,15.55,12.35,13.38,11.88,29.05,35.67,37.28,43.74,38.87,39.33,37.55,21.68,13.24,8.86,8.92,8.9,9.3,10.75
BN134_2020-02-25,BN134,2020-02-25,2,peak dominant,566.4,805.905,0.7028123662218252,1.7758474576271186,0.7163604636734502,21.45,19.27,18.26,18.82,23.04,17.82,20.14,19.4,23.27,23.77,24.23,21.73,32.55,41.91,38.42,36.73,33.17,17.38,8.86,18.46,26.67,21.85,19.8,19.4
BN134_2020-02-26,BN134,2020-02-26,2,peak dominant,655.45,805.905,0.8133092610171175,1.6554123121519566,0.6447529473344483,16.28,16.42,18.92,21.06,22.71,37.26,25.14,19.19,32.06,38.7,37.49,38.98,45.21,42.49,41.42,39.78,36.05,21.99,11.68,14.44,20.37,19.75,20.56,17.5
BN134_2020-02-29,BN134,2020-02-29,2,peak dominant,524.6600000000001,805.905,0.6510196611263115,2.119315366141882,0.4450212989065325,18.72,18.95,18.49,18.47,17.47,15.97,15.54,13.55,24.5,21.96,39.85,45.17,46.33,42.32,29.02,22.97,20.77,18.15,17.6,10.22,8.8,8.79,12.74,18.31
BN134_2020-03-05,BN134,2020-03-05,2,peak dominant,532.59,805.905,0.6608595305898338,1.7452824874669068,0.5659383394776797,10.16,16.53,21.29,21.31,28.26,33.06,33.9,33.43,21.01,9.57,10.42,23.09,36.61,37.86,38.73,37.67,36.32,16.23,9.95,10.21,9.61,9.62,12.68,15.07
BN134_2020-03-10,BN134,2020-03-10,2,peak dominant,533.67,805.905,0.6621996389152567,1.7053235145314523,0.237631916538653,20.34,16.28,22.58,18.42,28.3,35.37,37.92,34.92,19.95,10.17,11.62,12.02,32.02,27.7,27.73,32.06,29.24,11.67,9.99,17.18,17.06,17.63,21.3,22.2
BN134_2020-03-13,BN134,2020-03-13,2,peak dominant,598.89,805.905,0.7431272916782996,1.6566648299353806,0.414700858949646,24.08,24.07,25.96,24.12,25.13,34.29,38.55,30.06,32.44,32.83,16.66,22.64,41.34,36.89,37.99,39.79,25.94,12.84,10.01,9.48,10.17,14.66,14.49,14.46
BN134_2020-03-17,BN134,2020-03-17,2,peak dominant,529.3299999999999,805.905,0.6568143887927237,2.0543706194623397,0.7590435043921385,14.79,17.4,13.28,15.18,22.81,29.07,26.64,27.44,30.44,13.52,15.06,17.87,39.84,40.21,43.59,45.31,31.36,19.9,15.09,11.93,9.68,9.38,9.16,10.38
BN134_2020-03-18,BN134,2020-03-18,2,peak dominant,545.3499999999999,805.905,0.6766926622864977,2.031869441642982,0.7884544113095878,14.21,14.18,16.52,13.94,19.45,27.37,27.2,25.63,28.15,33.29,14.88,18.1,42.3,40.21,43.73,46.17,36.07,18.59,14.93,12.06,10.07,9.93,9.2,9.17
BN134_2020-03-24,BN134,2020-03-24,2,peak dominant,566.47,805.905,0.7028992250947693,1.9506063869225199,0.8325333833343241,14.2,15.68,16.25,17.14,15.21,27.99,28.86,26.94,31.43,20.21,15.37,21.87,43.9,42.82,45.86,46.04,45.24,23.12,15.18,12.81,11.48,10.72,9.06,9.09
BN134_2020-03-26,BN134,2020-03-26,2,peak dominant,613.85,805.905,0.7616902736674919,1.845792946159485,0.803093492405359,13.45,17.09,15.56,17.74,19.27,32.84,34.9,27.45,32.6,35.04,27.69,27.28,39.96,41.92,45.63,47.21,46.34,24.36,15.76,13.57,11.1,9.56,9.56,7.97
BN134_2020-03-27,BN134,2020-03-27,2,peak dominant,570.53,805.905,0.7079370397255259,1.8807775226543741,0.7547124909188986,4.77,10.68,14.57,17.42,23.59,30.87,31.47,27.89,32.43,28.73,19.79,31.04,44.71,41.92,40.47,41.24,36.2,22.03,13.99,12.55,10.8,9.69,10.19,13.49
BN134_2020-05-05,BN134,2020-05-05,2,peak dominant,546.87,805.905,0.6785787406704265,1.8778868835372209,0.7336468832144984,21.73,18.59,8.56,8.5,8.85,9.53,15.11,20.83,17.71,30.48,42.79,30.76,31.28,31.05,31.3,32.71,31.08,31.2,29.08,25.05,20.25,15.89,15.94,18.6
BN134_2020-05-08,BN134,2020-05-08,2,peak dominant,538.0999999999999,805.905,0.667696564731575,1.6118937000557518,0.8561698562585665,16.32,15.95,17.77,15.59,8.54,8.6,14.02,19.83,19.62,23.6,28.55,29.71,31.54,31.9,31.69,36.14,31.74,31.59,30.18,24.79,20.76,16.05,17.46,16.16
BN134_2020-05-09,BN134,2020-05-09,2,peak dominant,584.8299999999999,805.905,0.7256810666269596,1.7539455910264525,0.7744731402412258,15.73,18.96,21.65,21.66,21.31,15.08,18.79,19.94,18.36,24.02,26.76,29.45,42.74,40.97,32.53,31.3,31.16,31.07,27.16,24.79,20.71,17.78,16.31,16.6
BN134_2020-05-27,BN134,2020-05-27,2,peak dominant,671.46,805.905,0.833175126100471,1.622017692788848,0.8480732231327226,14.52,9.05,9.96,9.01,8.52,9.3,34.68,26.05,26.4,45.38,32.42,33.88,38.34,39.86,43.45,41.97,41.41,39.62,37.56,33.36,27.94,23.03,22.9,22.85
BN134_2020-06-02,BN134,2020-06-02,2,peak dominant,884.03,805.905,1.0969407064108052,1.7532436682013053,0.6923527518834435,22.58,23.02,24.2,24.83,24.06,24.45,24.7,31.29,44.3,48.6,57.91,62.79,63.92,64.58,48.92,42.44,41.8,38.76,35.89,33.19,28.27,26.78,23.38,23.37
BN134_2020-06-09,BN134,2020-06-09,2,peak dominant,588.3299999999999,805.905,0.7300240102741637,1.6492784661669473,0.8090478216423354,10.51,12.23,14.75,13.74,16.41,18.22,35.74,35.2,26.04,21.19,21.42,38.34,28.94,28.99,40.43,36.73,31.8,31.76,28.85,27.28,22.75,23.22,13.68,10.11
BN134_2020-06-10,BN134,2020-06-10,2,peak dominant,724.8,805.905,0.899361587283861,2.01158940397351,0.731558788060902,12.74,13.73,13.67,13.05,10.68,9.73,33.66,39.7,38.97,27.43,41.09,58.36,60.75,41.54,40.66,38.62,40.01,37.33,37.89,28.55,25.5,22.25,21.94,16.95
BN134_2020-06-11,BN134,2020-06-11,2,peak dominant,720.6800000000001,805.905,0.8942493221905808,1.62546483876339,0.8338095946342535,11.98,10.19,11.37,12.7,13.29,13.85,34.56,39.72,30.7,26.52,43.33,48.81,44.17,42.08,42.94,42.57,42.95,39.66,39.28,32.59,26.98,23.72,23.59,23.13
BN134_2020-06-22,BN134,2020-06-22,2,peak dominant,783.51,805.905,0.9722113648631042,1.8783168051460732,0.5297561848953877,24.4,24.37,23.41,25.11,24.86,21.62,23.07,18.67,0.65,50.98,57.14,61.32,43.94,42.96,44.2,43.76,42.86,39.98,39.13,33.0,27.33,24.19,23.44,23.12
BN134_2020-06-23,BN134,2020-06-23,2,peak dominant,801.62,805.905,0.9946829961347802,1.7278012025648064,0.6444878520687117,24.47,26.67,23.82,24.69,22.24,16.08,27.78,23.71,21.76,43.53,57.71,56.78,42.67,42.86,44.02,43.71,42.76,42.84,38.05,28.76,29.67,28.26,23.55,25.23
BN134_2020-06-24,BN134,2020-06-24,2,peak dominant,944.77,805.905,1.1723093913054268,1.6735501762333689,0.8220854778021537,22.24,25.93,23.73,24.51,21.14,11.52,21.68,22.9,22.48,34.33,56.58,62.39,63.75,64.15,65.38,65.09,65.88,65.64,60.7,35.64,29.55,29.46,27.61,22.49
BN134_2020-06-28,BN134,2020-06-28,2,peak dominant,741.03,805.905,0.9195004373964674,1.8875349176146716,0.6779910445057644,24.17,23.58,25.32,25.23,24.4,24.45,24.38,22.9,22.75,24.65,32.0,44.94,58.28,41.13,38.18,39.97,37.67,37.82,36.7,31.01,28.88,24.79,22.6,25.23
BN139_2019-07-31,BN139,2019-07-31,2,peak dominant,35.375,47.5615,0.7437738506985692,1.6167349823321555,0.09164819025858274,1.6,1.47,1.4,1.35,1.52,1.56,1.28,1.11,1.18,1.35,1.43,1.33,1.26,1.38,1.47,1.29,1.5,1.1,1.42,2.383,1.908,1.764,1.62,1.7
BN139_2019-08-09,BN139,2019-08-09,2,peak dominant,44.238,47.5615,0.9301220525004468,1.6112844161128441,-0.18887505341434485,2.13,2.97,2.65,2.47,2.36,2.11,1.51,1.47,1.67,1.64,1.43,1.39,1.49,1.88,1.72,1.24,1.95,1.64,1.63,2.055,1.785,1.768,1.75,1.53
BN139_2019-08-10,BN139,2019-08-10,2,peak dominant,43.589999999999996,47.5615,0.9164975873342933,1.6077081899518237,0.8905795789418567,1.56,1.42,1.46,1.44,1.38,1.32,1.18,1.13,1.38,1.66,1.74,1.76,1.63,2.09,2.81,2.92,2.51,2.83,1.79,2.03,2.01,2.11,1.73,1.7
BN139_2019-08-13,BN139,2019-08-13,2,peak dominant,43.620000000000005,47.5615,0.9171283496105044,1.606602475928473,0.9064161603354594,1.45,1.51,1.41,1.36,1.35,1.3,1.16,0.96,1.1,1.25,1.4,1.68,2.02,2.13,2.47,2.46,2.42,2.88,2.92,2.8,2.22,1.8,1.83,1.74
BN139_2019-08-20,BN139,2019-08-20,2,peak dominant,44.66,47.5615,0.938994775185812,1.6175548589341693,0.9000232991883946,1.73,1.44,1.38,1.36,1.37,1.29,1.11,0.98,1.05,1.2,1.5,1.72,1.95,2.18,2.03,2.82,2.9,2.96,3.01,2.79,2.16,2.1,1.7,1.93
BN139_2019-08-23,BN139,2019-08-23,2,peak dominant,47.019999999999996,47.5615,0.9886147409143949,1.6231390897490432,0.6954953360626902,2.02,1.84,1.69,1.63,1.38,1.41,1.28,1.21,1.4,1.42,1.58,1.71,2.18,2.19,2.18,2.65,2.16,2.58,1.97,2.3,2.08,2.33,2.65,3.18
BN139_2019-08-28,BN139,2019-08-28,2,peak dominant,68.06,47.5615,1.4309893506302367,2.1933588010578897,0.5118957217785962,2.16,2.46,2.06,1.79,1.96,1.69,1.56,1.33,1.51,1.79,2.39,5.18,6.22,6.22,6.15,3.52,2.98,2.82,2.76,2.82,2.87,2.59,1.63,1.6
BN139_2019-08-29,BN139,2019-08-29,2,peak dominant,59.662,47.5615,1.2544179641096265,3.0169957426837852,0.49961811718514615,1.42,1.63,1.5,1.38,1.47,1.25,1.09,1.01,1.11,1.29,1.35,3.57,7.5,6.7,5.38,3.1,2.18,2.42,2.81,2.78,2.415,2.195,2.102,2.01
BN139_2019-09-02,BN139,2019-09-02,2,peak dominant,42.17,47.5615,0.8866415062603156,1.6390799146312545,0.8821347157044586,1.7,1.53,1.58,1.4,1.33,1.25,1.13,0.98,1.19,1.3,1.34,1.48,1.66,1.62,1.88,2.36,2.65,2.88,2.72,2.32,2.32,1.75,1.92,1.88
BN139_2019-09-04,BN139,2019-09-04,2,peak dominant,79.82,47.5615,1.6782481629048702,2.6579804560260585,0.3845950146469735,1.74,1.89,1.47,1.5,1.42,1.48,1.33,1.43,1.79,8.84,6.16,5.79,4.6,2.75,2.84,4.36,6.57,6.54,5.13,2.82,2.1,2.27,2.34,2.66
BN139_2019-09-05,BN139,2019-09-05,2,peak dominant,82.247,47.5615,1.7292768310503241,2.1651853563047894,0.5239226515365891,1.98,1.88,1.52,1.51,1.52,1.44,1.44,1.29,1.27,4.15,5.16,7.18,7.3,7.42,6.58,6.18,5.59,2.81,3.505,2.595,2.27,2.565,2.552,2.54
BN139_2019-09-09,BN139,2019-09-09,2,peak dominant,49.36,47.5615,1.0378141984588374,2.338735818476499,-0.17095467337142184,1.71,1.74,1.56,1.43,1.41,1.43,1.32,1.25,1.3,4.67,4.81,4.71,3.66,1.67,1.5,1.72,1.58,1.66,1.22,1.61,1.42,1.66,2.56,1.76
BN139_2019-09-11,BN139,2019-09-11,2,peak dominant,43.78,47.5615,0.9204924150836286,2.582000913659205,-0.09172288548961818,1.41,1.53,1.28,1.32,1.3,1.13,1.17,0.91,1.1,2.92,4.62,4.67,4.71,2.54,1.25,1.41,1.46,1.11,1.41,1.32,1.35,1.31,1.3,1.25
BN139_2019-09-12,BN139,2019-09-12,2,peak dominant,43.122,47.5615,0.906657695825405,2.604702935856407,-0.13145648680070227,1.23,1.27,1.22,1.34,1.27,1.18,1.08,0.84,1.74,4.33,4.47,4.68,2.07,1.3,1.51,1.44,1.74,1.77,1.44,1.495,1.47,1.425,1.412,1.4
BN139_2019-09-14,BN139,2019-09-14,2,peak dominant,44.2,47.5615,0.9293230869505797,2.7149321266968323,0.6102142171893743,1.37,1.55,1.4,1.39,1.61,1.74,1.53,1.35,1.47,1.41,1.64,1.3,1.56,1.97,1.69,5.0,4.24,2.02,2.03,1.71,1.73,1.6,1.55,1.34
BN139_2019-09-18,BN139,2019-09-18,2,peak dominant,47.760000000000005,47.5615,1.004173543727595,2.4020100502512562,0.07617533756552258,1.24,1.25,1.2,1.17,1.09,1.22,1.07,0.86,0.95,3.61,4.55,4.64,4.78,4.78,2.43,1.65,1.65,1.69,1.31,1.34,1.35,1.34,1.3,1.29
BN139_2019-09-19,BN139,2019-09-19,2,peak dominant,41.187,47.5615,0.8659735290098083,2.8494427853448903,0.4673173127034237,1.27,1.28,1.21,1.22,1.26,1.12,1.11,0.87,0.9,1.0,0.95,1.1,4.6,4.85,4.89,2.14,1.71,1.5,1.155,1.3,1.245,1.575,1.502,1.43
BN139_2019-09-24,BN139,2019-09-24,2,peak dominant,32.855999999999995,47.5615,0.6908108449060688,2.7538349159970785,0.09742920466327606,1.17,1.26,1.17,1.18,1.21,1.13,1.15,0.81,0.85,1.02,1.06,1.18,1.3,1.11,1.1,1.13,1.15,1.08,1.268,1.44,1.575,1.905,2.838,3.77
BN139_2019-09-25,BN139,2019-09-25,2,peak dominant,45.8,47.5615,0.9629637416818224,2.3580786026200875,-0.05462240805824752,1.08,1.13,1.0,1.1,1.06,0.99,1.0,0.83,0.82,3.53,4.5,4.47,4.49,4.43,1.49,1.11,1.02,0.96,0.93,1.14,1.63,2.4,2.33,2.36
BN139_2019-09-27,BN139,2019-09-27,2,peak dominant,30.96,47.5615,0.6509466690495463,3.1085271317829455,0.6147076281053024,1.1,1.01,1.05,1.1,1.12,1.14,1.05,0.78,0.87,0.95,1.13,1.21,1.32,1.28,1.2,1.11,2.84,4.01,1.13,1.14,1.16,1.1,1.09,1.07
BN139_2019-10-03,BN139,2019-10-03,2,peak dominant,34.126999999999995,47.5615,0.7175341400081998,5.611978785126147,0.4644637161498151,1.07,1.03,1.06,1.0,1.0,0.97,0.91,0.72,0.97,0.99,1.06,1.06,1.17,1.21,1.18,1.2,1.18,7.98,1.601,1.601,1.58,1.36,1.12,1.105
BN139_2019-10-04,BN139,2019-10-04,2,peak dominant,33.631,47.5615,0.7071055370415147,3.0043709672623473,-0.1519772813841186,1.09,1.16,1.07,1.07,1.06,1.04,1.03,0.72,0.83,4.21,4.08,1.22,1.28,1.25,1.31,1.25,1.25,1.19,1.33,1.386,1.31,1.225,1.14,1.13
BN139_2019-11-07,BN139,2019-11-07,2,peak dominant,31.35,47.5615,0.6591465786402868,3.245933014354067,0.4450937911634672,0.87,0.96,0.85,0.93,0.92,0.86,0.81,0.72,0.74,0.8,0.68,0.75,0.81,4.24,4.24,1.96,0.96,0.81,0.855,0.91,1.048,1.707,2.3,1.62
BN139_2019-11-27,BN139,2019-11-27,2,peak dominant,36.965,47.5615,0.7772042513377417,2.8113079940484242,-0.12817843541563237,0.8,0.8,0.79,0.79,0.79,0.78,0.78,0.69,0.73,4.02,4.09,4.29,4.33,1.08,0.99,0.91,0.78,0.66,0.8,0.8,0.97,2.155,3.34,0.8
BN139_2019-12-10,BN139,2019-12-10,2,peak dominant,31.489999999999995,47.5615,0.6620901359292704,5.487456335344556,0.5745727112599844,0.82,0.82,0.81,0.81,0.86,0.83,0.8,0.76,0.51,0.66,0.73,0.7,0.85,0.87,3.59,7.2,4.31,0.67,0.81,0.82,0.81,0.81,0.82,0.82
BN139_2019-12-19,BN139,2019-12-19,2,peak dominant,37.686,47.5615,0.7923635713760079,2.6492596720267474,-0.325707781291139,0.86,0.91,0.89,0.86,0.79,0.81,0.785,1.953,3.12,3.87,4.14,4.16,4.13,2.4,0.83,0.76,0.8,0.633,0.865,0.825,0.85,0.82,0.815,0.81
BN139_2019-12-31,BN139,2019-12-31,2,peak dominant,39.07,47.5615,0.8214627377185328,4.16483235218838,-0.21085662832126284,0.8,0.79,0.89,0.85,0.8,0.87,0.89,0.79,0.53,6.77,6.78,6.66,0.77,0.86,0.9,0.86,1.73,1.04,0.99,0.91,0.9,0.9,0.89,0.9
BN139_2020-01-15,BN139,2020-01-15,2,peak dominant,35.620000000000005,47.5615,0.7489250759542908,2.829870859067939,0.28996374038958606,0.96,0.9,0.9,0.89,0.89,0.88,0.94,0.92,0.82,0.81,0.97,4.11,4.15,4.2,4.11,2.26,0.76,0.76,0.86,0.9,0.9,0.91,0.91,0.91
BN139_2020-02-01,BN139,2020-02-01,2,peak dominant,34.79,47.5615,0.7314739863124585,5.070422535211268,0.28298169755044217,0.91,0.95,0.93,0.9,0.9,0.89,0.94,0.88,0.73,0.84,0.86,0.79,4.25,7.35,4.22,1.21,0.95,0.82,0.81,0.9,0.9,0.91,0.96,0.99
BN139_2020-02-17,BN139,2020-02-17,2,peak dominant,38.643,47.5615,0.8124848879871325,3.5897834019097896,0.37724388210169335,1.07,0.93,1.0,0.94,0.95,0.88,0.87,0.79,0.69,0.75,0.75,4.6,5.59,2.32,5.78,3.01,0.96,1.49,0.775,0.885,0.885,0.898,0.91,0.92
BN139_2020-02-18,BN139,2020-02-18,2,peak dominant,37.459999999999994,47.5615,0.7876118288952197,2.8510411105178863,0.16325174087064648,0.97,0.91,0.91,0.9,0.88,0.88,0.88,0.82,0.75,4.19,4.18,1.2,0.98,4.17,4.45,3.3,0.93,0.84,0.77,0.89,0.89,0.9,0.9,0.97
BN139_2020-02-26,BN139,2020-02-26,2,peak dominant,49.33,47.5615,1.0371834361826267,3.454287451854855,0.5284309592128941,0.94,0.94,1.01,0.98,0.99,0.98,0.96,0.74,0.78,0.86,0.87,3.12,5.43,7.1,6.95,6.96,3.68,0.76,0.75,0.945,0.9,0.895,0.89,0.9
BN139_2020-02-29,BN139,2020-02-29,2,peak dominant,44.599999999999994,47.5615,0.9377332506333903,4.148878923766817,0.5016559966360626,0.91,0.91,0.91,0.91,0.9,0.9,0.9,0.87,0.75,0.89,0.97,4.78,3.89,2.13,7.56,7.71,1.8,1.47,0.82,0.97,0.94,0.92,0.9,0.89
BN139_2020-03-03,BN139,2020-03-03,2,peak dominant,37.28,47.5615,0.783827255237955,2.819742489270386,-0.3954854227596467,0.96,0.96,0.9,0.9,0.9,0.88,2.18,3.48,1.13,4.16,4.38,3.25,1.11,1.14,1.21,1.27,1.26,1.1,0.94,1.03,1.06,1.03,1.02,1.03
BN139_2020-05-08,BN139,2020-05-08,2,peak dominant,35.14,47.5615,0.7388328795349179,1.9191804211724532,0.5816667134157014,1.41,1.38,1.36,1.28,1.28,1.21,1.03,1.02,1.08,1.09,1.32,1.52,1.51,2.81,1.44,1.65,1.64,1.65,1.68,1.47,1.57,1.65,1.59,1.5
BN139_2020-05-27,BN139,2020-05-27,2,peak dominant,45.33,47.5615,0.9530817993545199,4.129715420251489,0.22731996345667183,1.37,1.34,1.26,1.29,1.25,1.16,1.01,1.09,1.08,1.08,1.32,1.41,1.34,1.45,1.56,1.76,1.85,1.9,2.06,4.48,7.8,3.11,1.77,1.59
BN139_2020-05-28,BN139,2020-05-28,2,peak dominant,41.050000000000004,47.5615,0.8630930479484458,1.7364190012180267,0.8641476949206666,1.58,1.53,1.55,1.43,1.44,1.35,1.17,1.26,1.3,1.29,1.42,1.52,1.61,1.63,1.79,1.98,2.41,2.97,2.66,1.94,1.96,1.83,1.7,1.73
BN139_2020-06-24,BN139,2020-06-24,2,peak dominant,49.620000000000005,47.5615,1.0432808048526645,3.8984280532043525,0.6451453284603906,1.66,1.55,1.6,1.52,1.44,1.51,1.25,1.28,1.31,1.33,1.52,1.64,1.75,1.91,2.14,2.46,2.52,8.06,3.91,1.82,1.92,1.9,1.82,1.8
BN139_2020-06-27,BN139,2020-06-27,2,peak dominant,48.81999999999999,47.5615,1.026460477487043,2.92011470708726,0.6757233706535659,1.71,1.68,1.64,1.65,1.65,1.51,1.34,1.38,1.38,1.34,1.57,1.62,1.72,1.87,1.88,4.14,5.94,2.15,2.19,2.35,2.01,2.07,2.0,2.03
BN139_2020-06-28,BN139,2020-06-28,2,peak dominant,46.17,47.5615,0.9707431430884224,3.1760883690708255,0.2384269780981943,1.98,1.72,1.66,1.54,1.54,1.5,1.39,1.52,1.58,1.6,1.55,1.62,1.74,1.69,1.87,1.93,2.13,2.19,1.97,6.11,1.9,1.92,1.77,1.75
BN147_2019-07-31,BN147,2019-07-31,2,peak dominant,20102.36,16864.53,1.1919905268631859,2.05405136511335,0.9906709082390666,1720.47,1696.73,1666.47,1599.69,1575.31,1596.15,1323.22,1131.41,1097.57,1105.18,762.25,170.47,153.79,135.66,135.59,141.28,135.09,125.86,117.97,139.02,186.22,185.81,1493.92,1707.23
BN147_2019-08-01,BN147,2019-08-01,2,peak dominant,19288.46,16864.53,1.1437294724489802,2.1374272492464406,0.9904219688992236,1667.96,1663.52,1614.21,1472.76,1411.4,1238.27,1141.22,1142.85,1132.2,1129.89,688.65,167.94,149.06,135.83,136.19,135.65,131.13,122.93,116.69,137.2,182.8,196.3,1655.99,1717.82
BN147_2019-08-02,BN147,2019-08-02,2,peak dominant,18424.39,16864.53,1.0924935352482399,2.2053115462710027,0.953442962590072,1692.98,1673.55,1619.05,1490.27,1395.45,1287.47,1152.42,1101.38,1122.9,1151.96,732.4,167.16,145.21,132.46,134.21,134.06,130.84,126.25,117.26,139.12,177.67,176.4,768.54,1655.38
BN147_2019-08-03,BN147,2019-08-03,2,peak dominant,17056.26,16864.53,1.0113688315061256,2.2941207509735433,0.8585815802865643,1630.38,1626.82,1574.76,1529.6,1461.06,1256.28,1107.52,1032.45,1006.19,1010.12,898.03,421.99,129.3,114.36,109.68,110.51,109.9,108.89,107.52,133.26,174.07,175.55,175.86,1052.16
BN147_2019-08-04,BN147,2019-08-04,2,peak dominant,15140.529999999999,16864.53,0.8977736112420566,2.654554365005717,0.9375769754917131,1392.58,1364.51,1343.5,1342.3,1323.1,1285.7,1137.9,938.21,627.33,565.94,124.58,124.23,111.83,112.27,111.85,111.24,108.19,106.71,106.44,133.98,170.43,169.44,653.63,1674.64
BN147_2019-08-05,BN147,2019-08-05,2,peak dominant,19519.190000000002,16864.53,1.157410849872484,2.09304177068823,0.9880959360364818,1650.24,1620.4,1583.83,1520.89,1367.14,1336.04,1217.25,1180.82,1164.88,1182.66,689.07,174.37,149.78,142.39,140.69,140.28,137.68,131.12,120.69,144.85,183.13,195.15,1643.57,1702.27
BN147_2019-08-06,BN147,2019-08-06,2,peak dominant,19046.07,16864.53,1.1293567030922298,2.1051145984447186,0.9828625826956312,1670.59,1651.46,1627.51,1570.9,1552.56,1472.63,1170.24,1114.19,1090.59,1094.45,649.38,169.73,145.2,137.25,145.31,134.93,131.44,123.94,116.09,142.88,178.68,189.26,1342.27,1424.59
BN147_2019-08-07,BN147,2019-08-07,2,peak dominant,18994.59,16864.53,1.1263041424812907,2.0512577528654212,0.973356716194954,1401.31,1387.98,1441.78,1527.87,1384.84,1523.15,1311.63,1284.59,1129.3,1114.37,705.08,170.37,152.34,138.54,137.27,137.42,132.96,125.75,116.28,144.37,177.78,180.17,1545.99,1623.45
BN147_2019-08-08,BN147,2019-08-08,2,peak dominant,18324.100000000002,16864.53,1.0865467344776287,2.1903220349157664,0.9923334357819432,1609.86,1531.16,1545.87,1557.41,1387.45,1175.95,1024.68,1008.17,1047.98,1069.97,633.89,164.84,142.05,132.25,132.17,132.48,128.17,121.92,114.79,143.43,181.34,178.76,1487.19,1672.32
BN147_2019-08-09,BN147,2019-08-09,2,peak dominant,17591.730000000003,16864.53,1.0431200869517268,2.2584111966247775,0.9546828353238069,1655.39,1624.77,1568.03,1535.72,1316.27,1243.58,1117.36,911.27,1094.31,1048.49,616.72,172.62,147.98,132.92,131.14,131.08,132.37,123.68,115.75,145.26,177.04,175.9,734.96,1539.12
BN147_2019-08-10,BN147,2019-08-10,2,peak dominant,16504.16,16864.53,0.9786314827629351,2.2150488119358998,0.8836188165037179,1523.23,1522.11,1506.93,1481.2,1282.01,1086.88,823.65,674.0,656.46,650.07,668.2,731.06,820.24,201.4,134.17,120.32,116.61,112.6,111.15,150.4,185.99,179.6,808.93,956.95
BN147_2019-08-11,BN147,2019-08-11,2,peak dominant,13479.720000000001,16864.53,0.7992941398307574,2.751600181606146,0.9415343408397464,989.88,975.33,1027.93,1013.24,1009.36,982.64,834.25,571.15,638.66,697.08,754.91,430.85,136.61,120.98,113.52,111.9,110.6,109.92,108.5,143.21,174.82,173.73,705.2,1545.45
BN147_2019-08-12,BN147,2019-08-12,2,peak dominant,15716.98,16864.53,0.9319548187823794,2.340632869673436,0.9891816849110079,1501.83,1478.68,1320.88,1140.52,1078.23,1032.6,720.19,747.76,766.26,780.46,493.36,156.82,142.86,132.46,130.93,130.75,129.39,124.18,117.67,151.63,184.41,201.53,1532.82,1520.76
BN147_2019-08-13,BN147,2019-08-13,2,peak dominant,16769.85,16864.53,0.994385850065196,2.2475335199778175,0.9888117390904811,1508.09,1477.99,1405.38,1310.53,1003.28,1037.93,905.61,886.54,924.02,932.46,643.64,160.31,147.48,131.56,130.71,131.58,128.12,124.18,116.38,149.8,177.25,211.15,1555.41,1570.45
BN147_2019-08-14,BN147,2019-08-14,2,peak dominant,17066.809999999998,16864.53,1.0119944048248009,2.2370437123281977,0.9908813221582592,1564.46,1522.32,1446.51,1295.58,1036.66,1099.55,937.67,916.89,926.35,949.25,648.06,161.01,145.92,131.91,131.26,133.7,131.46,127.16,120.08,156.49,180.1,184.73,1528.89,1590.8
BN147_2019-08-15,BN147,2019-08-15,2,peak dominant,17369.989999999998,16864.53,1.029971781010203,2.2136523970364985,0.9896627422820796,1558.14,1526.83,1467.81,1209.66,1092.12,1122.53,986.88,940.16,954.84,1005.68,715.11,164.03,151.39,135.26,138.62,138.41,134.81,129.12,122.0,160.1,184.04,204.0,1526.32,1602.13
BN147_2019-08-16,BN147,2019-08-16,2,peak dominant,18031.010000000002,16864.53,1.0691676554282867,2.1292118411558754,0.996135355885611,1589.57,1571.86,1511.89,1323.87,1347.97,1280.28,1044.13,968.69,970.3,993.79,606.49,165.82,148.79,137.27,136.99,138.8,137.55,131.55,123.84,162.6,183.47,184.72,1571.11,1599.66
BN147_2019-08-17,BN147,2019-08-17,2,peak dominant,19428.620000000003,16864.53,1.1520404066997423,1.9898562018300832,0.7314688667155114,1610.84,1597.35,1556.65,1520.11,1301.5,1237.06,1190.36,1056.94,1026.29,1023.95,1029.13,1015.19,1018.28,845.23,147.71,137.98,115.23,116.27,115.31,157.57,179.55,176.74,164.41,1088.97
BN147_2019-08-18,BN147,2019-08-18,2,peak dominant,14877.119999999999,16864.53,0.8821544389318884,2.506049557978964,0.875739950322979,1553.45,1511.73,1151.03,881.06,929.95,883.26,598.38,532.21,596.02,607.26,595.21,601.51,627.77,634.46,228.34,124.2,113.83,108.58,108.18,147.45,170.44,166.75,814.61,1191.44
BN147_2019-08-19,BN147,2019-08-19,2,peak dominant,13883.34,16864.53,0.8232272111941454,2.686419838453859,0.9309926465732585,1281.83,1211.69,893.76,643.53,661.67,893.89,777.28,741.96,761.3,792.66,478.91,157.87,141.85,133.52,133.8,135.27,134.41,126.64,117.04,156.61,183.57,234.98,1554.02,1535.28
BN147_2019-08-20,BN147,2019-08-20,2,peak dominant,16863.06,16864.53,0.9999128348077297,2.168944426456408,0.9925204463294724,1517.57,1492.06,1332.36,1203.33,1149.29,1135.27,978.46,926.18,938.47,969.62,600.73,164.89,147.58,136.9,136.68,138.66,137.34,132.05,121.07,163.85,181.34,204.75,1430.65,1523.96
BN147_2019-08-21,BN147,2019-08-21,2,peak dominant,17189.64,16864.53,1.0192777385435585,2.1087771471653856,0.9863096304711817,1493.52,1336.07,1235.91,1220.03,1289.35,1306.62,1076.05,997.96,987.38,1008.41,552.36,167.41,142.56,137.13,138.41,139.52,137.09,133.5,123.99,166.13,183.03,199.41,1510.38,1507.42
BN147_2019-08-22,BN147,2019-08-22,2,peak dominant,18337.75,16864.53,1.087356125548711,2.357549862987553,0.9757971726557583,1489.7,1344.95,1238.14,1229.54,1218.74,1290.27,1128.18,1055.54,1034.08,1062.41,715.11,191.46,176.73,164.54,153.14,170.32,166.54,158.04,143.92,174.27,189.03,329.72,1801.34,1712.04
BN147_2019-08-23,BN147,2019-08-23,2,peak dominant,19122.0,16864.53,1.1338590521052174,2.1684719171634765,0.9948018828031372,1723.14,1727.73,1544.37,1488.13,1510.79,1307.18,1043.82,1011.54,1016.15,1050.73,657.78,181.45,163.52,149.55,146.47,147.91,143.48,134.32,126.7,165.38,178.42,277.65,1623.76,1602.03
BN147_2019-08-24,BN147,2019-08-24,2,peak dominant,21676.6,16864.53,1.2853367392983972,1.7527951800559127,0.7793729817469792,1583.11,1566.38,1536.37,1514.69,1512.5,1366.84,1230.63,1108.81,1101.03,1114.4,1101.58,1087.08,1088.76,1092.25,639.75,154.29,131.18,118.25,118.82,172.74,188.66,179.74,805.15,1163.59
BN147_2019-08-25,BN147,2019-08-25,2,peak dominant,17395.92,16864.53,1.0315093275650136,2.1315756798145773,0.8336116022942645,1174.86,1203.3,1200.91,1268.4,1204.39,734.53,879.39,768.8,792.5,790.27,789.08,864.87,890.71,901.47,342.21,138.61,117.73,110.76,108.51,162.18,173.67,175.16,1058.58,1545.03
BN147_2019-08-26,BN147,2019-08-26,2,peak dominant,18913.21,16864.53,1.1214786300003616,2.431088112488573,0.94899751790267,1520.75,1416.73,1154.13,1058.97,1115.08,1300.65,1206.24,1162.0,1160.09,1184.68,882.65,196.95,179.39,168.56,166.43,168.08,165.64,159.81,150.84,197.91,201.44,263.31,1915.82,1817.06
BN147_2019-08-27,BN147,2019-08-27,2,peak dominant,21674.1,16864.53,1.2851884991754885,2.1986463105734493,0.9922922031569578,1784.44,1772.48,1813.1,1840.51,1619.76,1479.48,1178.76,1140.21,1123.2,1145.93,707.07,206.36,182.94,173.57,171.17,170.21,167.5,161.04,154.89,202.13,208.18,454.32,1985.57,1831.28
BN147_2019-08-28,BN147,2019-08-28,2,peak dominant,22166.39,16864.53,1.3143793512182078,2.18247175115118,0.9938448359354628,1824.5,1829.86,1809.24,1818.48,1797.77,1603.85,1194.57,1110.89,1095.65,1127.53,751.08,188.81,177.62,176.13,169.59,171.42,170.45,161.0,150.81,192.49,196.35,487.76,2015.73,1944.81
BN147_2019-08-29,BN147,2019-08-29,2,peak dominant,22109.800000000003,16864.53,1.3110237877960431,2.148762991976408,0.9926491782027425,1936.55,1925.82,1921.1,1770.43,1431.42,1543.39,1332.93,1175.52,1132.5,1147.02,716.3,196.56,176.6,170.0,163.72,170.79,163.0,147.97,130.91,188.83,197.24,475.89,1979.53,1915.78
BN147_2019-08-30,BN147,2019-08-30,2,peak dominant,20374.059999999998,16864.53,1.2081012634209194,2.1976179514539567,0.9920411349517761,1865.6,1823.82,1764.55,1520.51,1374.92,1496.14,1294.11,1118.87,1110.63,1134.25,727.92,192.24,171.08,155.16,154.78,153.81,151.89,144.36,136.38,182.38,190.06,194.7,1553.5,1762.4
BN147_2019-08-31,BN147,2019-08-31,2,peak dominant,20935.67,16864.53,1.2414025175916554,1.9986367763725739,0.8541631665424723,1741.85,1736.06,1743.45,1532.37,1296.63,1169.59,1099.28,1048.55,1034.35,1040.49,1032.03,1030.22,1028.96,834.8,155.6,147.7,127.42,125.07,123.73,177.87,183.65,234.76,1146.09,1145.15
BN147_2019-09-01,BN147,2019-09-01,2,peak dominant,15295.720000000001,16864.53,0.9069757651117465,1.9782475097609002,0.7886979617303573,1209.01,1260.78,1226.83,1097.3,699.06,645.06,701.49,792.31,752.71,753.62,771.75,841.1,862.29,642.05,150.94,132.97,117.27,114.92,118.53,179.47,186.45,183.91,596.24,1259.66
BN147_2019-09-02,BN147,2019-09-02,2,peak dominant,19846.57,16864.53,1.1768231904476438,1.861935840802718,0.8360682660615424,1539.59,1490.65,1190.51,1087.88,1108.39,1248.27,1112.91,1031.98,1020.64,1034.46,1050.84,1046.55,1056.75,837.88,167.81,157.62,137.11,135.01,129.15,185.6,194.45,192.42,1150.39,1539.71
BN147_2019-09-03,BN147,2019-09-03,2,peak dominant,17991.82,16864.53,1.0668438432615674,2.4365872935589614,0.9704546021450999,1531.95,1485.88,1283.82,1087.29,1063.84,1175.62,1077.34,1047.72,1063.2,1117.72,693.14,190.17,167.35,152.76,152.27,153.66,146.17,137.3,130.17,186.08,194.53,210.92,1716.31,1826.61
BN147_2019-09-04,BN147,2019-09-04,2,peak dominant,20097.120000000003,16864.53,1.191679815565569,2.2006615873319157,0.9948298338256412,1787.52,1748.05,1697.13,1524.3,1379.9,1397.62,1119.34,1098.78,1107.57,1141.36,652.96,196.0,167.89,159.57,159.55,163.14,156.87,146.52,142.59,195.17,197.02,206.89,1708.59,1842.79
BN147_2019-09-05,BN147,2019-09-05,2,peak dominant,20923.26,16864.53,1.2406666536215358,2.1394753972373333,0.9939507923046541,1815.02,1786.85,1709.68,1592.11,1422.04,1579.25,1260.1,1164.22,1129.68,1183.67,714.55,188.88,156.62,148.38,146.87,148.12,151.29,141.2,139.27,192.31,195.08,269.72,1865.2,1823.15
BN147_2019-09-06,BN147,2019-09-06,2,peak dominant,20594.600000000002,16864.53,1.221178414103447,2.2223068182921732,0.9959605675811994,1784.97,1781.12,1741.41,1688.26,1496.63,1433.2,1098.0,1039.02,1050.88,1090.01,714.65,191.01,172.61,162.78,151.47,147.92,144.62,140.18,139.07,190.13,197.77,347.01,1906.98,1784.9
BN147_2019-09-07,BN147,2019-09-07,2,peak dominant,21493.93,16864.53,1.2745051299976935,1.9743843959666751,0.7556757518832461,1768.22,1755.0,1731.41,1484.12,1173.06,1140.77,1207.99,1078.66,1069.45,1077.24,1072.08,1088.62,1067.4,1059.95,790.65,158.75,142.65,121.38,129.99,187.21,185.98,182.15,908.67,912.53
BN147_2019-09-08,BN147,2019-09-08,2,peak dominant,16328.0,16864.53,0.9681858907422858,1.7942822146006858,0.781820919731315,903.48,988.22,1012.85,975.79,956.19,917.1,841.59,748.82,798.98,774.94,772.77,834.16,887.4,880.88,607.63,146.53,126.3,114.82,124.82,180.22,181.73,180.99,1151.08,1220.71
BN147_2019-09-09,BN147,2019-09-09,2,peak dominant,17332.13,16864.53,1.0277268325888715,2.463789505386816,0.9416285776335409,1206.31,1142.09,1067.08,1060.81,1074.27,1222.29,1136.96,1093.64,1088.87,1121.17,814.55,193.77,176.48,153.88,150.74,152.84,151.19,145.65,143.99,189.72,194.65,214.75,1657.15,1779.28
BN147_2019-09-10,BN147,2019-09-10,2,peak dominant,20175.92,16864.53,1.1963523442396555,2.1108093212106316,0.9919081363357514,1744.01,1718.2,1667.66,1574.58,1322.33,1362.54,1212.41,1131.74,1110.8,1138.75,771.22,196.93,175.84,166.68,165.19,160.38,154.97,148.6,147.62,200.38,200.31,250.17,1774.48,1680.13
BN147_2019-09-11,BN147,2019-09-11,2,peak dominant,18675.59,16864.53,1.1073887027981213,2.1060989237823273,0.9937408683445015,1633.29,1595.95,1596.06,1559.25,1241.6,1170.45,1011.5,950.45,987.13,1029.89,749.28,187.12,171.99,157.43,157.03,157.18,155.16,145.68,146.43,196.01,197.65,232.92,1607.28,1638.86
BN147_2019-09-12,BN147,2019-09-12,2,peak dominant,16043.599999999999,16864.53,0.9513220943601749,2.5498466678301632,0.9676014312903245,1623.47,1555.32,1466.63,1164.72,909.3,958.34,784.43,601.18,631.31,673.9,453.2,169.74,159.5,150.9,149.62,147.01,147.39,138.71,146.0,196.19,197.79,267.04,1704.53,1647.38
BN147_2019-09-13,BN147,2019-09-13,2,peak dominant,16087.79,16864.53,0.9539423867727118,2.4442188765517203,0.9781699148464379,1638.42,1615.65,1565.47,1107.62,1054.66,919.33,767.01,731.21,734.09,761.9,505.39,173.01,156.35,145.35,144.95,141.9,138.89,132.39,142.37,188.71,186.99,190.81,1475.09,1470.23
BN147_2019-09-14,BN147,2019-09-14,2,peak dominant,16156.99,16864.53,0.9580456733748287,2.170429021742293,0.6729093612166209,1461.15,1459.49,1440.17,1111.13,875.64,858.35,837.63,747.78,757.18,754.24,778.75,792.43,791.24,809.29,658.59,150.34,137.34,122.34,140.94,193.9,189.67,183.03,173.24,733.13
BN147_2019-09-15,BN147,2019-09-15,2,peak dominant,13862.650000000001,16864.53,0.8220003759369519,1.65263640068818,0.7409359094852166,896.57,954.58,951.61,947.36,834.56,672.66,627.98,555.29,597.57,602.56,733.58,712.29,798.82,778.13,557.19,151.4,133.93,118.81,136.63,182.98,181.52,180.63,696.01,859.99
BN147_2019-09-16,BN147,2019-09-16,2,peak dominant,14308.630000000001,16864.53,0.8484452279429076,2.566333744041183,0.943333095428694,950.93,953.52,886.69,881.85,858.24,1005.33,882.33,778.44,809.55,849.32,558.31,182.46,166.99,157.44,156.35,157.83,153.83,144.69,154.86,200.83,201.64,243.71,1530.03,1443.46
BN147_2019-09-17,BN147,2019-09-17,2,peak dominant,16918.5,16864.53,1.0032002077733564,2.525911871619824,0.9769177814086795,1435.3,1422.29,1443.67,1483.82,1351.66,1007.53,865.61,781.44,671.51,690.22,348.52,172.46,165.17,163.01,158.75,157.63,153.01,146.73,158.71,200.62,197.08,284.35,1780.61,1678.8
BN147_2019-09-18,BN147,2019-09-18,2,peak dominant,16829.4,16864.53,0.9979169297928849,2.3546650504474314,0.9792242981285038,1651.15,1617.22,1573.72,1219.52,1016.69,986.4,840.66,661.93,660.71,882.07,578.57,178.63,165.11,149.08,148.32,153.96,155.68,142.99,155.47,192.72,190.42,233.48,1628.3,1646.6
BN147_2019-09-19,BN147,2019-09-19,2,peak dominant,15633.640000000001,16864.53,0.92701308604509,2.5125050851880943,0.9632764084796588,1636.65,1613.99,1628.67,1050.77,888.08,907.18,813.29,683.01,608.96,643.74,421.21,171.33,171.21,158.54,169.34,156.6,154.53,146.24,155.76,192.94,189.95,232.87,1418.86,1419.92
BN147_2019-09-20,BN147,2019-09-20,2,peak dominant,15044.25,16864.53,0.892064587628591,2.3139737773567974,0.9799136980593106,1398.42,1385.92,1367.54,1361.31,1333.24,1006.58,782.39,678.85,582.55,597.32,391.93,153.54,152.49,136.75,135.31,134.76,131.56,128.18,148.59,188.28,187.93,188.46,1021.85,1450.5
BN147_2019-09-21,BN147,2019-09-21,2,peak dominant,12077.900000000001,16864.53,0.7161717521923233,2.838592801728777,0.7295226503591327,1428.51,1420.09,1058.75,791.33,615.42,602.7,576.3,504.03,503.39,518.6,533.72,539.45,547.87,432.0,129.39,129.03,114.84,114.34,145.16,187.38,186.68,182.47,173.48,642.97
BN147_2019-09-23,BN147,2019-09-23,2,peak dominant,16137.82,16864.53,0.9569089681123637,2.295908617149032,0.9580994460244481,1149.85,1130.37,1123.73,1115.16,970.09,1002.66,1088.36,999.51,992.41,1036.43,578.09,192.79,166.53,149.56,148.66,146.4,141.93,134.49,166.32,196.03,199.4,228.0,1537.26,1543.79
BN147_2019-09-24,BN147,2019-09-24,2,peak dominant,14831.789999999999,16864.53,0.8794665490233051,2.5032069628817566,0.9815995836015804,1546.96,1458.08,1335.08,1147.15,992.52,976.4,820.47,726.43,555.44,577.85,374.57,159.14,158.15,143.76,143.37,142.57,138.98,132.33,157.54,197.1,194.78,190.73,1180.51,1381.88
BN147_2019-09-25,BN147,2019-09-25,2,peak dominant,14574.25,16864.53,0.864195444521727,2.4854905055148637,0.9719668569181075,1389.08,1358.76,1316.94,1042.99,866.02,868.06,828.51,562.19,564.93,582.97,396.7,163.68,159.54,148.84,146.04,144.25,142.3,137.37,164.6,200.27,199.72,269.52,1509.34,1411.63
BN147_2019-09-26,BN147,2019-09-26,2,peak dominant,14999.66,16864.53,0.8894205767963886,2.2747555611260526,0.9771026586490031,1404.48,1390.49,999.23,940.0,944.86,1036.66,902.37,815.06,786.21,662.12,440.04,172.54,163.09,155.32,151.39,149.97,143.55,136.99,168.23,199.67,200.92,206.73,1421.69,1408.05
BN147_2019-09-27,BN147,2019-09-27,2,peak dominant,13739.539999999999,16864.53,0.8147004393244283,2.5052541788153024,0.9320670192063697,1384.12,1196.73,1179.59,1179.64,1113.4,913.89,818.47,643.77,609.53,635.83,437.24,162.06,157.75,145.59,141.82,140.36,137.61,133.23,165.39,198.47,197.93,192.4,420.51,1434.21
BN147_2019-09-28,BN147,2019-09-28,2,peak dominant,14875.24,16864.53,0.882042962359461,2.3207585222154403,0.8772375326121763,1420.53,1438.41,1320.64,884.24,877.87,926.25,859.89,624.67,636.16,744.42,751.19,689.05,618.47,299.06,132.0,122.17,116.92,115.15,151.18,180.46,178.72,182.41,715.02,890.36
BN147_2019-09-29,BN147,2019-09-29,2,peak dominant,12656.15,16864.53,0.7504596926211404,2.184569557092797,0.8511653435345771,923.36,912.86,920.49,702.98,602.05,621.27,583.54,525.97,557.79,527.1,532.38,598.12,627.33,600.85,138.64,128.99,115.94,112.1,148.3,181.48,181.5,199.27,1152.01,1061.83
BN147_2019-10-01,BN147,2019-10-01,2,peak dominant,11965.23,16864.53,0.7094908663330671,1.8735486070890404,0.9734545019444651,890.78,880.77,875.27,884.35,896.27,897.06,832.03,761.05,521.92,524.27,383.6,151.37,153.95,139.16,138.09,136.81,134.66,128.47,165.76,193.82,195.07,283.74,934.06,862.9
BN147_2019-10-02,BN147,2019-10-02,2,peak dominant,11807.66,16864.53,0.7001475878663681,1.905237786318373,0.9787425319789581,873.68,867.31,863.0,874.02,890.74,897.1,831.87,701.78,531.96,552.96,379.59,157.4,153.64,138.75,137.23,138.65,137.62,130.56,167.61,191.56,189.95,193.16,937.35,870.17
BN147_2019-10-03,BN147,2019-10-03,2,peak dominant,11863.61,16864.53,0.7034652018170682,1.9696871357032133,0.9791598497748567,877.04,860.5,853.5,856.31,856.08,872.27,857.57,702.86,543.62,560.47,416.69,151.5,147.66,136.5,136.14,134.92,132.81,128.08,168.06,188.24,187.49,215.98,973.65,905.67
BN147_2019-10-04,BN147,2019-10-04,2,peak dominant,12942.42,16864.53,0.7674343726151871,1.8244934100423258,0.9426200095860637,906.93,898.73,891.43,908.2,925.17,983.89,931.66,865.29,842.35,835.0,521.76,160.41,146.27,132.25,134.39,133.29,132.03,124.52,165.6,185.11,184.22,185.25,834.77,913.9
BN147_2019-10-05,BN147,2019-10-05,2,peak dominant,12390.81,16864.53,0.7347260789360865,1.775554624758188,0.7040219947592725,916.69,910.07,900.91,902.64,894.11,906.65,854.7,774.63,739.99,530.44,533.5,535.7,552.22,582.4,193.13,125.68,115.27,108.51,157.96,180.91,177.87,174.25,170.53,452.05
BN147_2019-10-07,BN147,2019-10-07,2,peak dominant,11308.32,16864.53,0.6705386986770459,1.9074663610509783,0.9940369269441478,884.45,897.17,856.86,856.39,869.19,822.66,627.66,478.51,524.7,611.53,456.64,146.89,137.19,134.49,134.89,136.72,135.16,126.87,171.91,189.38,188.94,188.17,833.19,898.76
BN147_2019-10-08,BN147,2019-10-08,2,peak dominant,12698.09,16864.53,0.7529465689230593,1.8002329484198016,0.9592848141164587,895.54,884.56,877.7,893.06,911.37,947.98,909.76,818.54,764.88,744.12,467.1,167.07,137.81,137.09,134.69,133.86,133.4,127.8,174.03,188.08,188.72,213.42,952.48,895.03
BN147_2019-10-09,BN147,2019-10-09,2,peak dominant,12591.23,16864.53,0.7466101931094433,1.7831840098227099,0.9541915798486914,897.0,881.3,871.66,885.06,903.39,918.35,909.05,829.84,802.7,761.67,383.13,153.73,143.2,130.39,130.25,132.75,129.98,122.06,169.45,182.15,182.47,227.45,935.52,908.68
BN147_2019-10-10,BN147,2019-10-10,2,peak dominant,12183.73,16864.53,0.7224470530753007,1.8665022944533405,0.9695684225709834,912.42,907.27,898.66,911.04,927.8,947.54,874.11,757.14,647.79,569.8,368.53,149.21,147.47,134.09,132.22,132.74,133.23,126.49,177.91,190.75,192.24,212.2,883.78,849.3
BN147_2019-10-11,BN147,2019-10-11,2,peak dominant,11515.2,16864.53,0.6828058653279991,1.8547936640266776,0.9543780329735251,861.83,855.53,853.7,863.99,882.68,889.93,859.2,792.82,587.86,527.91,303.73,148.12,149.98,130.85,130.44,130.57,128.84,122.74,176.33,185.79,185.64,188.17,679.64,878.91
BN147_2019-10-15,BN147,2019-10-15,2,peak dominant,11809.029999999999,16864.53,0.7002288234537221,1.8737999649420827,0.977434385571808,876.62,885.38,837.64,868.26,879.38,888.43,834.16,659.35,556.62,556.66,347.28,134.4,134.53,133.68,131.03,160.17,191.2,126.19,180.49,185.25,186.56,269.85,921.99,863.91
BN147_2019-10-16,BN147,2019-10-16,2,peak dominant,11900.51,16864.53,0.7056532260312028,1.8310408545516117,0.9762174928548041,872.44,860.92,855.88,864.74,875.08,875.92,840.56,737.22,527.56,552.89,542.98,134.89,135.72,134.69,135.61,134.36,133.02,128.63,181.08,187.06,185.33,200.05,895.95,907.93
BN147_2019-10-17,BN147,2019-10-17,2,peak dominant,11775.42,16864.53,0.6982358832413356,1.8653704071701902,0.9761376400487806,880.73,869.14,856.78,855.3,869.64,880.21,854.1,729.7,533.41,573.28,361.08,137.09,138.53,136.97,138.97,137.23,135.91,131.72,184.13,189.43,188.01,191.83,915.23,887.0
BN147_2019-10-18,BN147,2019-10-18,2,peak dominant,12140.42,16864.53,0.7198789411860278,1.9694541045532197,0.9064703400883796,892.04,885.97,882.33,900.72,916.79,952.08,925.85,826.54,781.6,711.72,393.7,135.74,134.41,132.04,132.18,129.47,127.37,127.9,183.18,186.26,187.06,186.85,412.37,996.25
BN147_2019-10-19,BN147,2019-10-19,2,peak dominant,11111.14,16864.53,0.6588467037029789,2.1509008076579,0.7249520158572355,995.79,985.09,990.73,980.1,960.16,833.02,656.04,555.21,560.37,569.12,585.44,597.66,236.28,125.89,111.22,112.05,109.11,112.93,171.97,176.78,176.31,172.76,167.8,169.31
BN147_2019-10-22,BN147,2019-10-22,2,peak dominant,11322.06,16864.53,0.6713534263925529,1.8636043264211635,0.9814274469637848,850.51,840.94,836.01,839.46,852.96,860.71,817.88,538.52,519.46,519.78,356.54,138.65,137.44,139.02,137.12,137.68,134.56,138.99,190.4,195.36,194.68,216.34,879.16,849.89
BN147_2019-10-23,BN147,2019-10-23,2,peak dominant,11379.8,16864.53,0.6747771802712557,1.8345770575932794,0.9777653186026959,852.5,846.03,841.72,848.94,864.57,869.88,832.15,612.27,536.28,531.34,333.7,139.45,139.54,136.02,135.93,137.26,133.22,137.1,187.51,190.26,190.37,192.36,847.61,843.79
BN147_2019-10-24,BN147,2019-10-24,2,peak dominant,11273.17,16864.53,0.6684544425489475,1.855847113101284,0.9729350229684716,850.7,848.24,841.27,852.15,867.31,871.72,846.35,592.31,525.01,526.13,306.9,137.75,138.46,136.47,135.68,134.47,131.13,138.58,188.18,190.71,192.6,204.8,775.47,840.78
BN147_2019-11-21,BN147,2019-11-21,2,peak dominant,11423.95,16864.53,0.6773951008418261,1.930701727511062,0.9419445925066234,919.01,891.9,784.27,731.52,724.47,741.43,731.69,689.1,653.08,647.08,278.52,219.83,191.06,180.3,170.12,170.32,179.22,181.69,211.19,234.56,267.15,264.28,538.95,823.21
BN147_2020-01-24,BN147,2020-01-24,2,peak dominant,11109.35,16864.53,0.6587405637749763,1.8762357833716643,0.9877677403422084,846.19,837.39,855.76,863.52,734.92,648.46,631.24,613.4,563.35,539.1,394.96,162.15,158.37,145.22,141.8,142.5,140.16,138.14,205.3,222.66,238.25,236.24,781.78,868.49
BN147_2020-03-30,BN147,2020-03-30,2,peak dominant,11944.98,16864.53,0.7082901213375055,2.175755840528825,0.9598432936682729,1082.89,995.56,879.09,874.46,885.24,896.62,512.16,243.48,302.25,573.56,538.47,192.65,176.21,167.51,163.73,164.82,162.6,156.95,155.59,226.44,233.92,250.94,1040.12,1069.72
BN147_2020-04-02,BN147,2020-04-02,2,peak dominant,11460.990000000002,16864.53,0.6795914265028437,2.254506809621158,0.9623293008589504,1075.29,1049.09,891.3,695.73,627.18,591.43,561.75,524.89,531.09,545.18,325.88,175.43,164.91,151.33,152.03,150.37,148.34,144.02,147.58,214.37,221.83,270.43,1076.62,1024.92
BN147_2020-04-20,BN147,2020-04-20,2,peak dominant,10988.0,16864.53,0.6515449882089807,2.6605533309064433,0.9145984957863165,845.15,843.18,848.0,859.44,867.88,872.41,723.25,444.95,169.47,154.23,148.76,148.81,147.38,146.69,146.37,145.98,145.37,141.76,142.43,192.03,211.97,240.47,1183.93,1218.09
BN147_2020-04-23,BN147,2020-04-23,2,peak dominant,11194.179999999998,16864.53,0.6637706476255193,2.5477453462424227,0.8941983862414741,1188.33,1172.06,1159.01,1117.61,793.13,707.1,321.77,167.89,151.37,150.28,159.94,154.95,150.18,149.92,147.27,147.14,146.07,144.99,143.31,190.2,212.49,220.16,1115.21,1183.8
BN147_2020-04-24,BN147,2020-04-24,2,peak dominant,13338.41,16864.53,0.7909150151234574,2.725854131039607,0.9290621525264501,1164.33,1139.92,1132.0,1131.02,1129.27,1028.58,710.57,665.93,175.1,162.04,148.45,147.38,148.17,148.63,148.1,148.1,147.54,144.83,143.13,187.98,211.59,216.84,1443.97,1514.94
BN147_2020-04-25,BN147,2020-04-25,2,peak dominant,13658.75,16864.53,0.8099099115125059,2.1147059577194103,0.920025171245268,1203.51,1170.36,1137.87,860.47,801.72,798.52,739.31,684.19,671.74,688.63,734.74,744.28,270.36,143.5,132.21,132.32,133.32,133.73,132.14,177.16,200.46,200.36,856.19,911.66
BN147_2020-04-26,BN147,2020-04-26,2,peak dominant,13066.7,16864.53,0.7748036856052319,1.9814275983989837,0.9341219127638924,893.36,878.54,869.71,861.32,850.92,835.2,756.64,747.46,703.12,656.75,659.34,691.7,227.16,143.15,132.04,132.49,133.05,132.96,131.55,176.54,202.49,199.69,972.74,1078.78
BN147_2020-04-27,BN147,2020-04-27,2,peak dominant,13076.15,16864.53,0.7753640332698273,2.276101145979512,0.9578126380093873,1131.31,1118.68,1104.04,1085.37,936.4,814.49,725.38,690.09,699.78,253.02,163.29,150.81,164.22,152.86,151.82,152.02,149.16,146.49,145.09,190.21,214.52,298.1,1240.11,1198.89
BN147_2020-04-28,BN147,2020-04-28,2,peak dominant,12815.619999999999,16864.53,0.7599156335812501,2.2967722201500984,0.9260134025710988,1181.33,1176.98,1176.09,1182.58,1193.28,1030.17,797.18,389.24,168.31,161.69,160.9,154.62,161.23,160.37,151.1,149.42,149.16,146.72,144.17,188.16,215.99,238.2,1226.44,1112.29
BN147_2020-04-29,BN147,2020-04-29,2,peak dominant,15101.36,16864.53,0.8954509849963208,2.515704545815741,0.9594590567834737,1061.22,1041.04,1036.56,1036.71,1051.3,978.76,889.8,890.56,891.01,890.2,407.38,155.77,148.85,149.63,149.81,151.27,148.16,146.64,143.09,186.2,211.33,230.39,1522.74,1582.94
BN147_2020-04-30,BN147,2020-04-30,2,peak dominant,14336.869999999999,16864.53,0.8501197483712858,2.5303765745242863,0.9534551718356337,1511.57,1419.66,1342.8,1234.81,915.55,787.38,718.7,689.68,690.88,323.7,174.1,154.31,152.51,151.01,150.04,150.24,148.57,146.14,144.12,184.25,213.4,260.35,1337.75,1335.35
BN147_2020-05-01,BN147,2020-05-01,2,peak dominant,13882.4,16864.53,0.8231714729079317,2.242955108626751,0.9930800582923727,1297.4,1227.3,1081.71,1072.11,1072.23,1032.12,759.33,652.42,640.75,658.27,306.95,149.19,133.84,134.48,133.02,132.84,131.31,129.03,125.88,165.33,193.95,193.86,1170.93,1288.15
BN147_2020-05-02,BN147,2020-05-02,2,peak dominant,11458.17,16864.53,0.6794242116442024,2.656382301885903,0.9219039846274006,1268.22,1130.42,1050.18,1013.3,1021.48,707.63,633.89,415.59,130.11,119.74,115.21,114.7,116.31,116.38,116.0,116.13,116.32,115.34,115.48,154.74,184.34,285.28,1147.43,1153.95
BN147_2020-05-04,BN147,2020-05-04,2,peak dominant,13326.830000000002,16864.53,0.7902283668741437,2.781924883862103,0.9532915844307895,1135.29,1118.32,1096.08,1068.9,862.04,729.9,642.7,610.55,618.59,634.94,145.61,139.45,134.15,139.22,131.88,131.79,131.21,128.14,126.24,162.35,194.33,286.83,1544.76,1413.56
BN147_2020-05-05,BN147,2020-05-05,2,peak dominant,12980.58,16864.53,0.7696971098512677,2.483241889037316,0.971274429640919,1343.08,1292.58,1227.35,1162.68,1028.3,739.95,566.55,531.27,627.12,623.11,196.01,133.51,114.5,119.55,116.8,113.48,112.86,110.1,108.08,143.47,172.39,183.8,1125.0,1089.04
BN147_2020-05-06,BN147,2020-05-06,2,peak dominant,13908.939999999999,16864.53,0.824745190052732,2.0578419347556323,0.98073568566129,1048.3,1018.6,1017.46,1020.94,1023.22,1013.16,897.53,891.8,793.03,787.79,533.11,146.98,123.34,120.51,118.39,117.3,115.73,115.38,112.9,143.32,175.84,195.87,1185.84,1192.6
BN147_2020-05-07,BN147,2020-05-07,2,peak dominant,13100.369999999999,16864.53,0.7768001835805682,2.185239042866728,0.9793884355439831,1154.01,1169.9,1192.81,1186.34,1170.8,815.87,639.1,607.17,623.2,657.75,253.99,133.11,134.19,118.67,118.17,116.07,113.81,111.65,110.01,143.71,176.32,217.55,1088.21,1047.96
BN147_2020-05-08,BN147,2020-05-08,2,peak dominant,13978.740000000002,16864.53,0.8288840542843472,2.229127947154035,0.9642864444358822,1005.42,988.47,981.16,985.95,1129.16,1193.27,1145.96,812.29,681.88,668.2,410.53,131.65,115.93,114.27,112.43,112.5,112.57,108.98,107.76,139.94,172.18,190.91,1258.98,1298.35
BN147_2020-05-09,BN147,2020-05-09,2,peak dominant,13772.21,16864.53,0.8166376412506011,2.2115491994385796,0.9767476043390136,1269.08,1131.82,1041.53,1028.2,1041.45,976.78,736.7,666.48,663.1,688.46,714.65,495.28,117.94,105.37,101.51,102.47,102.33,102.38,102.23,132.83,165.74,164.36,1016.17,1105.35
BN147_2020-05-11,BN147,2020-05-11,2,peak dominant,12911.3,16864.53,0.7655890795652177,2.5565698264311107,0.9480226209774651,1375.36,1101.72,1058.02,1040.02,1043.69,960.85,759.6,725.16,496.98,131.68,118.53,113.76,115.01,116.05,115.71,113.49,112.33,108.92,107.53,136.06,173.97,215.55,1372.49,1298.82
BN147_2020-05-12,BN147,2020-05-12,2,peak dominant,14430.759999999998,16864.53,0.8556870544272506,2.076730539486486,0.9794478051151889,1248.7,1216.78,1180.72,1155.6,1157.48,1144.86,1060.84,879.28,736.91,651.15,260.3,129.52,116.88,115.75,114.36,114.08,113.76,111.46,108.55,138.08,175.33,181.22,1122.52,1196.63
BN147_2020-05-13,BN147,2020-05-13,2,peak dominant,12386.23,16864.53,0.7344545030309175,2.2880763557595816,0.9778639256049205,1175.23,1146.35,1132.87,1109.57,829.62,647.15,595.21,586.46,568.47,584.18,259.33,132.0,115.95,115.19,115.13,114.75,111.47,110.0,107.45,137.69,175.02,189.03,1147.25,1180.86
BN147_2020-05-14,BN147,2020-05-14,2,peak dominant,11234.73,16864.53,0.6661751024191009,2.560809205027624,0.9522497058973498,1139.77,1125.48,1092.33,898.86,613.79,583.8,565.12,547.56,551.7,348.65,132.66,118.24,116.06,116.1,114.28,113.18,109.62,108.47,107.9,136.4,174.23,172.37,1049.41,1198.75
BN147_2020-05-15,BN147,2020-05-15,2,peak dominant,11395.57,16864.53,0.6757122789665647,2.5293407876920595,0.9554146846336591,1157.66,1130.18,1105.79,964.49,640.28,590.84,547.94,537.82,550.03,569.36,353.5,127.75,114.63,111.2,110.15,110.13,109.22,106.17,105.08,141.8,171.88,170.25,668.45,1200.97
BN147_2020-05-18,BN147,2020-05-18,2,peak dominant,12921.74,16864.53,0.766208130318485,2.8933564674726466,0.9562843439047768,1098.5,1069.48,1049.39,1009.04,755.5,705.93,641.31,625.89,634.3,655.4,276.61,130.74,114.54,112.35,113.1,112.53,111.37,109.26,107.81,131.09,173.35,174.5,1451.95,1557.8
BN147_2020-05-19,BN147,2020-05-19,2,peak dominant,17421.39,16864.53,1.033019597937209,2.1404996960632876,0.9649998413368668,1553.77,1550.2,1544.89,1491.14,1252.06,1175.9,1199.36,1173.94,1135.07,992.75,389.05,146.5,113.83,112.0,112.48,112.67,112.01,107.72,105.97,130.7,175.44,220.58,1297.87,1215.49
BN147_2020-05-20,BN147,2020-05-20,2,peak dominant,11252.78,16864.53,0.6672453961065029,2.4961085171841977,0.9657466302692935,1170.34,1111.95,965.8,821.84,665.98,587.28,516.56,511.0,507.21,499.38,247.67,132.88,118.01,115.72,113.35,114.02,112.83,109.27,109.1,132.73,178.63,196.23,1094.22,1120.78
BN147_2020-05-25,BN147,2020-05-25,2,peak dominant,12205.78,16864.53,0.7237545309593568,2.4850456095390867,0.9770477902946043,1022.48,1013.15,1011.76,982.59,745.61,683.36,631.61,610.46,612.02,630.5,356.69,106.52,107.62,107.3,108.0,107.51,108.5,108.11,107.07,127.05,173.13,259.54,1263.83,1221.37
BN147_2020-05-26,BN147,2020-05-26,2,peak dominant,12122.74,16864.53,0.7188305870368163,2.441725220535951,0.9714681222805391,1208.26,1043.8,1061.19,952.04,706.22,643.28,601.19,592.34,607.07,636.25,247.71,114.92,114.67,116.35,112.8,114.37,111.84,111.37,108.13,125.5,171.85,175.87,1212.37,1233.35
BN147_2020-05-27,BN147,2020-05-27,2,peak dominant,12561.420000000002,16864.53,0.7448425778838783,2.4957178408173597,0.9747871316379266,1188.66,1165.18,1149.88,957.5,994.22,788.32,673.65,629.75,643.17,668.68,242.69,116.12,114.93,115.21,113.69,114.57,113.67,111.7,109.38,126.7,172.07,172.01,773.43,1306.24
BN147_2020-05-28,BN147,2020-05-28,2,peak dominant,14997.79,16864.53,0.889309693184453,2.187746327958986,0.9917071569555043,1251.32,1226.51,1222.16,1221.17,1240.49,1219.7,965.55,683.26,699.85,713.37,415.96,115.26,116.63,117.02,116.2,118.26,116.2,114.49,111.52,127.78,174.98,243.93,1367.14,1299.04
BN147_2020-05-29,BN147,2020-05-29,2,peak dominant,15276.86,16864.53,0.9058574416245221,2.366983791171746,0.9918468583848425,1272.62,1257.56,1251.45,1253.46,1264.1,1189.83,793.77,688.41,711.4,735.84,432.33,112.6,114.14,115.02,113.15,113.42,112.8,109.09,107.88,124.06,171.63,222.81,1506.67,1502.82
BN147_2020-05-30,BN147,2020-05-30,2,peak dominant,15202.330000000002,16864.53,0.9014381070803635,2.1918429609145442,0.8837179567628309,1353.18,1293.65,1268.66,1255.84,1136.88,908.54,876.88,815.02,803.25,812.18,848.69,832.25,104.3,105.66,106.57,106.79,107.31,104.81,103.54,118.9,166.97,166.25,417.83,1388.38
BN147_2020-05-31,BN147,2020-05-31,2,peak dominant,14911.09,16864.53,0.8841687257219739,2.079622616455269,0.9677818326604053,1292.06,1260.08,1247.41,1126.63,980.06,1004.98,945.8,660.46,622.67,650.31,653.38,684.65,192.81,101.48,102.22,102.99,102.32,101.34,101.75,116.39,164.67,210.79,1256.05,1229.79
BN147_2020-06-01,BN147,2020-06-01,2,peak dominant,13113.44,16864.53,0.7775751829431358,2.4872009175319367,0.9818195376326037,1204.38,1118.19,996.16,1021.91,909.53,866.31,537.89,636.9,652.13,642.75,384.0,119.58,118.96,121.48,118.01,117.55,116.05,114.28,112.68,126.66,175.75,208.85,1358.99,1334.45
BN147_2020-06-02,BN147,2020-06-02,2,peak dominant,15975.84,16864.53,0.9473041940688535,2.202400624943665,0.9851789626768487,1285.56,1259.63,1246.42,1249.3,1279.55,1318.66,1137.64,849.64,767.99,798.84,443.43,118.68,119.41,120.39,119.02,118.41,119.23,117.05,113.2,126.93,176.84,284.53,1466.05,1339.44
BN147_2020-06-03,BN147,2020-06-03,2,peak dominant,15809.560000000001,16864.53,0.93744444701394,2.049726874119204,0.9714588110375302,1292.65,1273.75,1275.9,1282.97,1309.92,1350.22,1263.23,916.94,751.85,791.97,279.6,119.73,119.98,120.04,119.55,120.78,119.61,117.56,114.77,127.79,177.2,207.61,1325.96,1229.98
BN147_2020-06-04,BN147,2020-06-04,2,peak dominant,14707.25,16864.53,0.8720818190604779,2.1593758180489213,0.9701003927955733,1150.72,1119.65,1116.67,1121.13,1156.66,1215.85,1211.51,913.85,663.87,668.33,366.65,123.75,121.26,121.52,120.85,119.61,118.96,117.18,112.76,124.88,175.56,203.28,1323.27,1219.48
BN147_2020-06-05,BN147,2020-06-05,2,peak dominant,14467.31,16864.53,0.857854325024178,2.1069016976894805,0.9724750695247925,1155.74,1127.05,1119.28,1128.74,1042.69,933.39,665.7,888.46,982.9,958.81,524.28,117.91,116.67,118.79,117.71,119.99,118.74,118.48,114.25,121.67,173.94,227.82,1270.05,1204.25
BN147_2020-06-06,BN147,2020-06-06,2,peak dominant,13568.8,16864.53,0.8045762318902454,2.0255173633630092,0.9720280057480318,1145.16,1125.29,1111.04,1090.04,1078.97,964.97,867.45,649.63,534.78,541.91,561.9,562.02,167.31,102.79,102.48,102.48,103.31,101.24,101.51,113.41,166.2,165.8,1015.76,1093.35
BN147_2020-06-09,BN147,2020-06-09,2,peak dominant,12507.14,16864.53,0.7416239883352812,2.27764301031251,0.9734246966896037,1125.94,1109.98,1099.35,1098.08,1100.55,812.53,607.6,561.67,566.89,473.91,117.37,117.89,117.84,118.26,119.84,118.68,114.85,111.67,110.08,121.52,174.46,245.53,1186.95,1175.7
BN147_2020-06-10,BN147,2020-06-10,2,peak dominant,11752.0,16864.53,0.6968471697699254,2.3237644656228724,0.9595733203508016,1137.87,1120.52,1104.56,1091.14,895.17,654.54,592.87,583.38,606.89,272.28,118.83,119.71,119.41,119.29,117.63,116.82,114.66,113.68,111.99,120.17,174.08,179.75,1083.42,1083.34
BN147_2020-06-11,BN147,2020-06-11,2,peak dominant,12039.609999999999,16864.53,0.7139013064698512,2.8177789812128466,0.9305350492513081,1047.98,1028.13,1018.29,1021.51,1030.47,1005.7,664.45,531.67,248.32,117.98,117.46,118.69,117.87,117.1,117.99,117.92,117.02,115.27,113.45,122.05,177.8,253.54,1413.54,1305.41
BN147_2020-06-12,BN147,2020-06-12,2,peak dominant,15108.14,16864.53,0.8958530122096495,2.1595828473922007,0.9771055448959258,1247.41,1226.88,1225.67,1227.98,1233.75,1273.8,1167.42,843.1,718.13,739.98,221.64,119.27,118.61,117.79,118.62,118.83,117.1,115.34,113.1,121.0,175.02,173.37,1214.86,1359.47
BN147_2020-06-13,BN147,2020-06-13,2,peak dominant,13894.95,16864.53,0.8239156383249342,2.031552470501873,0.9034429171311189,1176.18,1156.53,1139.74,1126.36,1119.57,1077.07,1071.27,755.53,545.47,562.72,584.25,593.84,346.19,106.08,106.85,107.35,108.96,106.66,105.73,112.51,168.39,165.22,464.36,1088.12
BN147_2020-06-14,BN147,2020-06-14,2,peak dominant,10978.800000000001,16864.53,0.6509994645566761,2.033839763908624,0.9581942775869358,930.38,908.73,915.89,890.93,687.4,596.5,550.99,491.8,471.44,480.32,494.03,520.45,153.31,103.76,102.93,102.34,104.5,102.88,102.68,109.88,166.09,207.81,902.32,881.44
BN147_2020-06-15,BN147,2020-06-15,2,peak dominant,11320.28,16864.53,0.6712478794250418,2.5664948216828556,0.9681520063592183,864.45,896.39,884.49,862.18,754.47,626.49,581.52,562.48,568.32,586.52,282.46,119.13,122.73,123.4,121.1,120.52,120.9,117.66,115.62,121.9,175.72,176.69,1204.58,1210.56
BN147_2020-06-16,BN147,2020-06-16,2,peak dominant,13727.39,16864.53,0.8139799923270913,2.040160584058587,0.9600369190597886,1146.35,1119.66,1105.08,1109.75,1122.99,1166.92,1122.06,903.13,559.61,578.92,127.33,118.29,120.79,120.32,119.57,119.97,118.48,115.94,114.35,121.2,176.65,178.4,1081.93,1159.7
BN147_2020-06-17,BN147,2020-06-17,2,peak dominant,14412.470000000001,16864.53,0.8546025296880495,2.411728177057784,0.936088509167307,1119.32,1107.46,1104.89,1110.14,1129.88,1169.38,1147.57,1028.25,855.18,261.78,116.9,118.93,120.2,119.72,118.13,118.05,117.6,114.56,111.26,119.44,173.4,219.77,1448.29,1362.37
BN147_2020-06-18,BN147,2020-06-18,2,peak dominant,13810.939999999999,16864.53,0.818934177234705,2.362683495837358,0.9711216343820561,1323.07,1296.09,1276.36,1269.94,1263.26,848.27,573.63,548.27,552.21,571.81,167.21,121.08,121.12,120.57,120.52,119.84,120.22,119.37,115.39,121.81,175.99,205.01,1300.28,1359.62
BN147_2020-06-19,BN147,2020-06-19,2,peak dominant,13795.170000000002,16864.53,0.8179990785393961,2.457955936751776,0.9671395301874337,1312.43,1295.22,1289.04,1293.54,1206.08,681.03,562.81,534.86,544.83,569.85,309.27,118.23,119.25,119.82,119.2,118.3,115.72,114.37,112.84,118.84,174.58,192.95,1412.83,1359.28
BN147_2020-06-20,BN147,2020-06-20,2,peak dominant,13352.849999999999,16864.53,0.7917712500733788,2.430348577270021,0.923995907207249,1309.52,1288.03,1258.89,1048.61,700.24,512.31,521.87,503.62,511.11,531.67,561.89,573.27,166.06,106.86,107.55,107.87,109.0,107.1,108.06,112.89,166.97,245.0,1352.17,1342.29
BN147_2020-06-22,BN147,2020-06-22,2,peak dominant,14851.57,16864.53,0.88063942487576,2.4961078189039947,0.9737012923883855,1308.32,1285.98,1273.56,1266.71,1275.57,1259.31,705.25,625.59,623.47,597.84,122.47,122.72,123.27,121.4,122.04,122.32,120.46,117.3,115.48,121.49,176.59,249.35,1544.63,1450.45
BN147_2020-06-23,BN147,2020-06-23,2,peak dominant,15290.369999999999,16864.53,0.9066585312487214,2.4510172088706814,0.9833104732202611,1391.02,1374.67,1354.8,1355.7,1358.98,963.69,696.97,662.2,592.61,613.26,453.07,132.93,123.54,123.21,122.95,124.36,122.84,118.44,115.19,121.38,175.5,185.53,1561.54,1445.99
BN147_2020-06-24,BN147,2020-06-24,2,peak dominant,15060.29,16864.53,0.8930156962571741,2.258522246251566,0.9923272643431229,1383.9,1349.65,1314.97,1285.92,1149.78,892.58,813.78,712.15,673.19,683.51,495.69,131.63,122.44,123.67,121.32,122.97,122.01,117.54,115.92,121.2,175.83,219.24,1417.25,1394.15
BN147_2020-06-25,BN147,2020-06-25,2,peak dominant,14583.08,16864.53,0.864719028635841,2.289244796023885,0.9805839810119479,1357.72,1335.23,1329.28,1331.8,1261.36,798.05,642.18,662.72,651.33,656.08,345.18,129.09,122.26,122.13,123.55,123.34,119.63,116.5,114.38,119.08,173.76,179.19,1378.23,1391.01
BN147_2020-06-26,BN147,2020-06-26,2,peak dominant,14891.169999999998,16864.53,0.8829875484226362,2.7372033225058883,0.97259522368191,1349.6,1327.88,1328.09,1335.2,1060.52,899.28,739.48,569.91,564.67,583.04,381.4,119.3,120.47,118.87,118.93,121.21,121.92,117.29,116.18,120.48,175.63,216.06,1698.34,1587.42
BN147_2020-06-27,BN147,2020-06-27,2,peak dominant,13818.16,16864.53,0.8193622947096658,2.5063713258494618,0.9205078771582664,1443.06,1073.06,971.79,823.02,800.51,621.13,735.9,898.83,787.9,619.57,639.46,646.98,186.58,108.52,109.01,109.46,110.83,108.19,108.34,112.82,167.36,195.79,1244.44,1195.61
BN147_2020-06-28,BN147,2020-06-28,2,peak dominant,13500.029999999999,16864.53,0.8004984425892687,2.0761198308448208,0.972278908438604,1167.82,1147.64,1119.59,1091.76,1056.29,731.2,722.36,642.81,629.12,651.86,652.38,490.16,122.96,110.03,106.29,106.8,107.98,106.63,104.93,112.71,169.09,238.49,1074.66,1036.47
BN147_2020-06-29,BN147,2020-06-29,2,peak dominant,12646.31,16864.53,0.7498762194973712,2.704137412415163,0.95967055596632,1008.63,988.87,949.9,802.93,828.01,891.07,758.83,627.52,617.51,612.62,237.02,120.65,121.9,121.79,121.12,120.53,120.36,116.21,114.23,120.41,176.68,260.45,1424.89,1384.18
BN147_2020-06-30,BN147,2020-06-30,2,peak dominant,13008.060000000001,16864.53,0.7713265652822819,2.686316022527571,0.9192044521710548,1341.05,1316.54,1298.58,1300.23,1148.89,641.88,579.21,552.09,215.69,124.06,123.42,120.41,119.81,120.53,122.55,122.13,121.27,117.46,115.17,121.39,176.52,273.26,1455.99,1379.93
BN029_2019-10-31,BN029,2019-10-31,2,peak dominant,7187.530000000001,4325.0,1.661856647398844,1.694735187192262,0.3951115096995381,224.27,235.78,244.28,266.85,287.74,327.5,457.36,507.54,448.86,342.9,273.91,278.06,291.58,294.79,275.88,282.79,275.55,270.32,268.94,240.48,280.93,275.28,291.0,244.94
BN029_2019-11-01,BN029,2019-11-01,2,peak dominant,6536.13,4325.0,1.5112439306358383,1.6770657866352108,0.24897068543107467,239.57,251.94,234.92,248.92,282.17,264.1,403.29,456.73,401.71,289.11,241.24,252.85,259.94,216.46,247.35,269.92,251.47,253.41,250.69,232.6,242.7,246.47,255.82,242.75
BN029_2019-12-10,BN029,2019-12-10,2,peak dominant,7332.23,4325.0,1.6953132947976877,1.645971280224434,0.3634462278450578,261.67,263.83,276.06,281.63,294.0,315.66,461.85,502.86,460.38,403.96,342.2,290.32,259.74,297.6,286.81,268.71,256.95,244.93,259.19,254.89,276.38,255.82,276.39,240.4
BN029_2019-12-11,BN029,2019-12-11,2,peak dominant,6664.139999999999,4325.0,1.5408416184971097,1.6853307403505933,0.44461845053302435,218.23,224.81,234.58,221.85,253.62,293.54,432.75,467.97,422.07,372.77,332.48,276.98,264.63,282.43,257.07,226.34,228.2,218.26,227.06,227.54,233.69,264.58,253.78,228.91
BN029_2019-12-12,BN029,2019-12-12,2,peak dominant,7109.900000000001,4325.0,1.6439075144508672,1.6635170677506013,0.5341536633553059,211.66,216.0,229.68,243.26,282.94,300.12,424.3,492.81,419.84,344.46,312.66,273.14,251.3,263.97,274.06,258.98,268.98,272.96,278.68,291.52,306.41,301.56,309.67,280.94
BN029_2019-12-13,BN029,2019-12-13,2,peak dominant,7280.75,4325.0,1.6834104046242775,1.6198001579507606,0.37943428389990674,265.72,265.2,273.55,278.69,291.05,304.94,444.45,491.39,422.85,361.54,302.56,270.99,253.76,278.54,270.01,256.01,258.34,261.79,273.42,270.88,279.11,305.94,324.77,275.25
BN029_2019-12-19,BN029,2019-12-19,2,peak dominant,7700.52,4325.0,1.7804670520231214,1.6177712673949292,0.4932960802196824,246.66,271.39,253.19,280.5,290.47,314.73,460.15,519.07,485.6,422.66,356.91,331.04,292.84,283.42,276.02,289.19,265.95,270.77,274.63,296.72,300.73,303.39,320.64,293.85
BN029_2019-12-23,BN029,2019-12-23,2,peak dominant,6462.72,4325.0,1.4942705202312139,1.6649584076054662,0.5108227894531362,125.26,154.28,212.66,227.98,242.82,274.96,418.27,448.34,410.69,395.96,345.62,307.5,294.87,289.62,280.92,274.67,249.68,241.4,196.94,276.37,225.28,202.59,196.28,169.76
BN029_2020-01-01,BN029,2020-01-01,2,peak dominant,7893.32,4325.0,1.8250450867052022,1.6211885493049822,0.28693992627486703,309.32,295.3,314.71,314.09,312.06,345.04,488.7,533.19,508.71,454.02,385.7,376.38,356.25,338.63,301.48,286.17,260.76,239.95,231.12,245.4,242.5,257.08,260.79,235.97
BN029_2020-01-03,BN029,2020-01-03,2,peak dominant,7301.630000000001,4325.0,1.6882381502890176,1.7650853302618728,0.21306997604270406,298.93,307.48,311.87,318.2,315.27,331.38,491.57,537.0,518.81,433.93,347.79,317.16,268.75,241.17,231.1,218.18,199.96,205.33,232.43,244.39,238.23,246.21,253.98,192.51
BN029_2020-01-06,BN029,2020-01-06,2,peak dominant,5455.27,4325.0,1.261334104046243,1.6390462800191374,0.7036630464072633,139.36,145.16,144.15,147.78,141.84,170.72,332.42,372.56,357.98,355.66,330.11,303.01,261.67,258.13,249.99,209.84,164.08,168.93,182.73,208.0,206.84,214.41,220.46,169.44
BN029_2020-01-07,BN029,2020-01-07,2,peak dominant,4994.6,4325.0,1.154820809248555,1.690946221919673,0.6584661173693082,143.24,148.39,160.67,134.56,138.72,145.66,314.69,351.9,325.41,246.59,236.91,222.01,201.05,204.62,251.15,209.3,204.3,182.29,182.41,185.68,199.98,214.18,222.78,168.11
BN029_2020-01-08,BN029,2020-01-08,2,peak dominant,4664.18,4325.0,1.0784231213872832,1.7572735186034845,0.628243476706068,139.96,137.54,132.66,140.0,143.02,156.12,300.86,341.51,305.44,226.05,214.5,205.4,189.28,173.96,190.49,175.84,167.92,176.39,177.03,188.23,196.11,209.78,204.43,171.66
BN029_2020-01-09,BN029,2020-01-09,2,peak dominant,4732.31,4325.0,1.0941757225433526,1.7111305049753713,0.6973292529760663,132.53,128.74,136.9,139.19,143.3,150.85,298.85,337.4,283.91,239.61,219.23,220.21,199.24,181.93,192.16,193.17,190.75,178.11,191.78,197.67,208.5,209.0,202.6,156.68
BN029_2020-01-10,BN029,2020-01-10,2,peak dominant,4759.43,4325.0,1.1004462427745665,1.727702687086479,0.6366179482988406,135.59,131.88,132.67,133.26,144.35,152.53,291.34,342.62,291.4,224.4,147.07,200.9,191.56,196.33,202.99,201.74,193.79,193.74,202.3,209.72,220.13,212.93,227.61,178.58
BN029_2020-01-14,BN029,2020-01-14,2,peak dominant,4972.91,4325.0,1.1498057803468207,1.6840361076311456,0.6597318137460212,137.35,136.28,137.25,145.66,140.75,164.32,309.63,348.94,340.94,279.86,247.44,225.55,216.56,198.08,203.58,196.25,193.95,178.35,191.08,196.53,199.7,203.59,206.8,174.47
BN029_2020-01-15,BN029,2020-01-15,2,peak dominant,4673.77,4325.0,1.0806404624277457,1.708171347755666,0.6114453036152975,143.08,132.45,176.86,145.41,134.59,148.47,282.33,332.65,272.27,220.22,217.71,201.77,197.77,198.12,201.0,204.2,184.03,184.04,180.29,183.01,181.72,191.04,199.93,160.81
BN029_2020-01-16,BN029,2020-01-16,2,peak dominant,4357.75,4325.0,1.00757225433526,1.6403878148126902,0.6924635675443304,137.86,131.29,136.16,134.97,128.58,148.79,256.96,297.85,225.69,210.83,215.2,204.81,189.0,185.57,176.94,173.62,172.1,160.11,178.96,168.58,183.1,182.14,196.16,162.48
BN029_2020-01-17,BN029,2020-01-17,2,peak dominant,4711.02,4325.0,1.0892531791907516,1.6278767655412203,0.7411401853008149,135.73,130.32,131.77,135.96,137.57,160.9,267.01,319.54,260.91,205.81,214.99,226.55,209.49,194.95,190.22,191.29,176.37,189.96,194.51,209.95,209.42,215.02,220.84,181.94
BN029_2020-01-20,BN029,2020-01-20,2,peak dominant,4681.889999999999,4325.0,1.0825179190751444,1.7464741802989818,0.627165115969725,127.96,128.17,137.9,141.89,127.27,146.01,293.4,340.7,313.36,262.06,220.16,206.8,201.2,203.08,201.48,192.98,200.58,185.9,176.52,177.9,180.35,187.15,179.31,149.76
BN029_2020-01-23,BN029,2020-01-23,2,peak dominant,4968.6900000000005,4325.0,1.1488300578034683,1.6446508033304552,0.6461875165077503,142.74,141.47,141.06,143.36,139.55,160.98,295.13,340.49,301.16,240.41,292.86,290.27,258.2,208.38,188.31,188.26,194.89,178.02,189.34,185.64,184.3,190.43,200.55,172.89
BN029_2020-01-24,BN029,2020-01-24,2,peak dominant,4641.030000000001,4325.0,1.073070520231214,1.7070348607959869,0.6581050294623405,136.66,132.3,135.3,136.65,142.34,151.7,285.18,330.1,274.21,221.76,207.6,211.76,214.34,191.21,184.7,187.19,188.21,185.7,179.32,183.21,192.51,195.37,204.55,169.16
BN029_2020-01-27,BN029,2020-01-27,2,peak dominant,4822.47,4325.0,1.1150219653179192,1.6790897610560562,0.6765231859347477,134.5,129.64,133.05,135.55,132.0,142.42,294.08,337.39,301.31,245.31,215.3,215.13,222.84,211.17,208.66,214.99,208.75,202.79,181.49,180.89,194.1,199.44,214.6,167.07
BN029_2020-01-28,BN029,2020-01-28,2,peak dominant,4814.570000000001,4325.0,1.1131953757225435,1.7468475897120614,0.67585139588063,134.13,139.57,142.6,137.15,135.9,156.04,291.64,350.43,300.47,229.52,231.67,212.75,218.93,215.5,191.63,209.07,191.72,174.04,189.83,182.86,200.61,200.34,210.72,167.45
BN029_2020-01-29,BN029,2020-01-29,2,peak dominant,4811.219999999999,4325.0,1.1124208092485548,1.684811752528465,0.6540988189988044,140.07,136.36,137.58,137.03,138.28,150.16,301.4,337.75,293.77,233.12,216.74,214.15,226.29,209.32,203.14,194.38,191.72,182.85,197.3,195.16,194.03,197.08,211.17,172.37
BN029_2020-01-30,BN029,2020-01-30,2,peak dominant,4721.24,4325.0,1.0916161849710981,1.7238860977200905,0.6115577561644017,146.0,139.27,141.74,148.22,153.95,157.53,298.72,339.12,269.48,216.6,214.49,211.13,207.53,196.69,189.97,191.65,189.88,174.19,187.09,189.52,185.74,195.59,209.72,167.42
BN029_2020-01-31,BN029,2020-01-31,2,peak dominant,4728.75,4325.0,1.0933526011560695,1.791543219666931,0.6086584018692744,142.79,132.49,132.48,140.51,141.58,154.88,302.63,352.99,299.05,229.41,199.46,198.39,208.92,199.9,172.03,196.76,199.59,186.34,181.12,182.97,192.35,211.75,200.29,170.07
BN029_2020-02-05,BN029,2020-02-05,2,peak dominant,5581.26,4325.0,1.2904647398843931,1.7181926661721545,0.8524217830902583,88.36,82.12,79.64,83.27,81.29,99.17,249.75,298.11,295.26,381.19,399.57,359.22,316.11,284.95,275.78,271.86,211.04,214.8,234.47,257.8,267.85,276.62,286.1,186.93
BN029_2020-02-06,BN029,2020-02-06,2,peak dominant,5541.58,4325.0,1.2812901734104045,1.812999180739067,0.7948290636314145,89.95,82.07,84.89,88.36,83.37,100.78,245.04,301.08,294.77,412.27,418.62,337.37,299.51,268.71,245.59,244.67,246.37,228.41,241.2,250.81,242.9,250.87,262.53,221.44
BN029_2020-02-07,BN029,2020-02-07,2,peak dominant,5360.57,4325.0,1.2394381502890173,1.776572267501404,0.6247259375449731,161.79,166.99,174.77,169.6,167.34,132.35,337.03,396.81,359.84,326.09,266.46,236.4,246.15,228.46,215.15,200.83,180.91,177.61,190.56,187.89,213.72,216.15,224.75,182.92
BN029_2020-02-10,BN029,2020-02-10,2,peak dominant,4503.889999999999,4325.0,1.0413618497109824,1.6934161358292503,0.6639262453284395,126.67,121.36,122.57,127.76,120.38,137.33,276.68,317.79,268.49,221.93,200.0,189.68,203.18,216.98,217.33,201.07,196.48,169.72,161.22,176.77,179.02,190.92,195.17,165.39
BN029_2020-02-11,BN029,2020-02-11,2,peak dominant,4662.24,4325.0,1.0779745664739884,1.6952537835890045,0.7082498785314697,130.84,123.26,128.66,130.29,133.11,143.56,278.01,329.32,248.44,213.21,199.07,193.75,206.56,189.87,191.49,197.82,200.92,189.83,197.1,213.53,209.56,212.56,222.97,178.51
BN029_2020-02-12,BN029,2020-02-12,2,peak dominant,4930.16,4325.0,1.139921387283237,1.718548688075032,0.6538995168513424,136.38,135.28,141.8,144.89,140.8,160.24,305.71,353.03,307.34,250.6,227.88,221.24,210.69,208.06,196.91,201.43,201.21,196.07,199.44,212.05,198.35,204.1,205.2,171.46
BN029_2020-02-13,BN029,2020-02-13,2,peak dominant,4762.129999999999,4325.0,1.1010705202312137,1.7345347565060176,0.6478221084163859,133.7,136.86,143.41,139.18,146.34,159.86,302.47,344.17,304.48,239.16,224.04,217.28,214.43,192.34,193.42,184.23,179.08,167.04,183.87,191.71,194.27,199.65,204.2,166.94
BN029_2020-02-14,BN029,2020-02-14,2,peak dominant,4483.799999999999,4325.0,1.03671676300578,1.7527632811454572,0.5854502348633635,138.44,135.92,138.11,137.29,142.95,152.53,284.48,327.46,257.19,202.4,180.66,192.93,203.43,198.49,189.16,183.07,181.49,179.18,167.01,180.9,183.27,187.7,185.25,154.49
BN029_2020-02-17,BN029,2020-02-17,2,peak dominant,4737.879999999999,4325.0,1.0954635838150286,1.6620091686577123,0.6258156001643448,129.97,126.39,133.92,129.3,131.8,149.1,297.35,328.1,322.09,271.4,235.75,210.26,201.15,212.3,209.15,201.48,198.2,192.11,188.67,172.35,169.91,183.69,191.16,152.28
BN029_2020-02-18,BN029,2020-02-18,2,peak dominant,4260.04,4325.0,0.9849803468208093,1.7231387498708932,0.5671568650732906,123.71,123.09,126.88,123.01,124.72,144.69,263.66,305.86,238.32,183.55,186.14,188.15,192.38,191.89,179.56,184.94,197.63,175.34,183.02,170.69,157.31,167.9,177.44,150.16
BN029_2020-02-20,BN029,2020-02-20,2,peak dominant,4097.98,4325.0,0.9475098265895953,1.6226140683946728,0.5857402340813911,127.55,129.9,131.88,122.29,129.17,143.01,244.24,277.06,204.22,186.64,177.45,181.48,192.16,179.39,176.63,185.51,187.42,169.28,170.73,163.21,171.83,157.69,155.09,134.15
BN029_2020-02-24,BN029,2020-02-24,2,peak dominant,4631.1,4325.0,1.0707745664739885,1.7302325581395348,0.6293263595071239,132.77,125.9,129.4,135.77,131.91,144.66,289.09,333.87,310.61,255.65,224.71,198.83,190.18,208.29,205.13,194.8,190.0,181.14,171.47,171.53,178.56,178.26,190.58,157.99
BN029_2020-02-25,BN029,2020-02-25,2,peak dominant,4603.78,4325.0,1.064457803468208,1.6741894703917215,0.6809990408435359,128.17,126.82,127.94,132.51,136.06,143.35,283.94,321.15,261.25,221.32,212.07,211.61,211.45,198.8,186.08,188.68,188.32,179.98,170.58,185.26,185.98,203.83,213.15,185.48
BN029_2020-02-26,BN029,2020-02-26,2,peak dominant,4573.95,4325.0,1.0575606936416184,1.7129701898796446,0.670097871308397,137.19,130.18,128.33,141.13,131.24,147.63,275.42,326.46,266.27,225.87,217.44,220.24,210.64,197.98,190.3,191.91,182.34,169.56,170.99,171.25,181.4,185.33,205.35,169.5
BN029_2020-02-27,BN029,2020-02-27,2,peak dominant,4339.88,4325.0,1.0034404624277458,1.7600670986294549,0.5574409189200592,134.43,129.91,129.06,128.12,134.55,144.8,278.4,318.27,260.39,217.87,192.16,193.29,195.77,193.41,185.31,181.02,184.82,169.07,173.85,165.84,157.25,161.74,171.06,139.49
BN029_2020-02-28,BN029,2020-02-28,2,peak dominant,3956.2,4325.0,0.9147283236994219,1.6773671705171629,0.5040493541041926,118.55,124.52,131.89,120.11,122.63,129.1,238.71,276.5,208.62,176.58,166.22,169.6,184.16,178.96,170.51,172.51,177.71,171.22,166.16,141.1,141.03,148.69,166.97,154.15
BN029_2020-03-02,BN029,2020-03-02,2,peak dominant,4162.0599999999995,4325.0,0.9623260115606935,1.6517782059845365,0.632328249194954,121.88,118.86,121.67,122.0,123.26,132.84,256.49,286.45,231.97,187.78,189.46,196.08,194.64,192.5,187.36,178.08,176.9,174.85,159.79,158.22,161.6,169.75,173.36,146.27
BN029_2020-03-04,BN029,2020-03-04,2,peak dominant,4061.3599999999997,4325.0,0.9390427745664739,1.633344495439951,0.6106438923038283,123.44,122.19,120.56,128.16,127.7,131.34,246.57,276.4,196.2,172.99,178.3,171.86,187.16,190.55,186.24,182.96,176.13,161.23,169.0,164.45,166.92,170.37,166.68,143.96
BN029_2020-03-05,BN029,2020-03-05,2,peak dominant,3886.6,4325.0,0.898635838150289,1.6922760253177587,0.5464466258381688,122.0,117.05,119.42,124.75,125.13,128.58,236.38,274.05,191.21,179.09,172.86,169.11,170.05,175.31,172.63,174.72,177.69,163.69,156.48,161.59,160.15,138.9,143.27,132.49
BN029_2020-03-16,BN029,2020-03-16,2,peak dominant,4090.78,4325.0,0.9458450867052024,1.716288825114037,0.4820576963132369,124.76,113.18,124.14,117.7,124.21,137.37,262.52,292.54,214.81,180.13,165.26,185.83,192.84,184.93,195.88,186.31,178.7,171.54,178.33,188.88,148.16,137.47,149.17,136.12
BN029_2020-03-19,BN029,2020-03-19,2,peak dominant,4461.129999999999,4325.0,1.0314751445086703,1.6684382656412167,0.7048805401160722,136.27,128.48,124.76,127.65,128.05,145.71,274.43,310.13,248.58,215.39,204.31,188.46,195.83,194.13,204.54,185.93,171.78,163.72,185.49,185.43,194.58,201.39,192.79,153.3
BN029_2020-03-20,BN029,2020-03-20,2,peak dominant,4265.5599999999995,4325.0,0.9862566473988438,1.7427957876574238,0.6033876764783195,125.31,118.45,127.09,117.2,128.13,137.47,283.37,309.75,244.09,198.65,188.66,180.4,181.43,162.78,178.09,195.49,190.82,174.91,171.5,174.41,182.63,175.41,176.98,142.54
BN029_2020-03-27,BN029,2020-03-27,2,peak dominant,4174.96,4325.0,0.9653086705202312,1.6270143905570351,0.7123496879065948,121.87,130.16,118.26,130.02,127.38,139.01,240.71,283.03,214.13,190.91,183.67,173.09,186.28,164.71,175.1,165.99,174.93,167.56,173.63,185.2,188.24,191.51,191.05,158.52
BN029_2020-03-30,BN029,2020-03-30,2,peak dominant,4007.31,4325.0,0.9265456647398844,1.7414974134768708,0.4446968016018716,135.16,119.43,122.02,125.38,123.63,137.68,270.47,290.78,233.51,193.3,176.19,164.15,149.49,173.98,198.74,172.41,169.64,165.65,156.99,154.04,138.65,146.19,147.11,142.72
BN051_2019-10-22,BN051,2019-10-22,2,peak dominant,2358.49,2142.0999999999995,1.1010176929181645,1.6040432649703835,0.90338430354517,74.62,71.63,73.6,63.66,64.88,62.41,74.74,81.85,93.37,102.21,113.13,129.47,116.9,122.33,150.09,157.63,138.11,110.52,113.66,112.47,94.42,79.06,80.99,76.74
BN051_2019-10-23,BN051,2019-10-23,2,peak dominant,2453.4399999999996,2142.0999999999995,1.1453433546519771,1.634896308856137,0.9396237258462299,76.38,75.87,72.82,76.9,71.46,73.07,74.69,80.69,96.45,116.85,126.95,149.57,155.34,167.13,147.44,137.78,131.19,117.89,111.1,102.48,77.24,81.38,67.05,65.72
BN051_2019-10-29,BN051,2019-10-29,2,peak dominant,2373.6800000000003,2142.0999999999995,1.1081088651323472,1.6176401199824744,0.8867414463790807,72.8,69.72,75.04,68.9,66.73,67.11,76.92,83.81,95.07,101.55,108.08,119.46,124.6,117.5,142.72,159.99,152.16,151.48,119.07,101.96,84.98,74.58,71.47,67.98
BN051_2019-11-20,BN051,2019-11-20,2,peak dominant,1509.08,2142.0999999999995,0.7044862518089726,2.183900124579214,0.6717037669734041,2.11,2.21,0.0,2.14,0.0,0.0,2.25,3.93,0.0,1.7,95.91,130.6,120.35,137.32,124.93,121.9,134.95,114.16,102.4,98.65,87.39,77.55,76.2,72.43
BN051_2019-11-26,BN051,2019-11-26,2,peak dominant,2298.08,2142.0999999999995,1.0728163951262781,1.6345122885191115,0.9218441713987833,70.07,70.89,69.48,66.83,69.29,66.0,74.02,84.6,106.54,107.5,112.91,156.51,110.56,116.75,144.49,129.05,130.05,118.79,102.32,93.28,82.39,75.15,71.1,69.51
BN051_2019-12-02,BN051,2019-12-02,2,peak dominant,1474.7600000000002,2142.0999999999995,0.6884645908220908,2.3040494724565352,0.6063842948592375,0.0,0.0,0.0,0.0,0.0,0.0,0.0,0.0,0.0,0.0,41.56,116.21,114.53,123.61,124.8,138.78,141.58,129.01,113.69,101.03,90.97,83.27,78.69,77.03
BN051_2019-12-09,BN051,2019-12-09,2,peak dominant,2348.49,2142.0999999999995,1.0963493767797956,1.6109755630213456,0.865578885373866,76.26,72.99,71.92,72.52,69.93,69.48,77.56,82.25,91.59,97.73,104.05,116.14,148.14,157.64,132.66,116.53,110.47,105.54,118.06,116.98,99.08,84.29,79.08,77.6
BN051_2020-01-30,BN051,2020-01-30,2,peak dominant,2266.3900000000003,2142.0999999999995,1.0580225012837874,1.6433888254007472,0.9055936292808545,67.56,69.86,68.23,65.5,63.98,63.83,71.52,79.32,94.83,99.17,104.01,106.36,118.15,129.62,155.19,124.0,129.18,108.4,131.51,111.63,83.3,77.53,72.68,71.03
BN051_2020-02-20,BN051,2020-02-20,2,peak dominant,2183.79,2142.0999999999995,1.0194622099808601,1.6109241273199348,0.9235529873516047,68.72,68.44,65.01,64.45,63.02,63.04,72.67,80.68,91.79,98.35,98.2,119.75,108.36,121.83,146.58,130.57,111.47,101.59,101.09,106.68,80.73,76.97,73.18,70.62
BN051_2020-03-05,BN051,2020-03-05,2,peak dominant,2510.1499999999996,2142.0999999999995,1.171817375472667,1.628938509650818,0.9156150380201087,71.89,69.37,69.85,69.37,67.62,66.9,75.34,83.3,97.4,114.74,126.37,127.05,166.62,170.37,166.37,145.9,134.99,115.21,109.32,115.58,93.75,87.59,83.94,81.31
BN114_2019-08-02,BN114,2019-08-02,2,peak dominant,2228.05,2423.425,0.9193806286557249,1.890980902582976,0.08877805255949936,162.5,162.23,162.54,164.54,163.59,173.61,58.2,14.79,40.16,114.39,56.44,75.6,70.64,67.54,59.17,53.58,37.46,22.02,134.01,174.9,175.55,80.38,2.22,1.99
BN114_2019-08-14,BN114,2019-08-14,2,peak dominant,1917.02,2423.425,0.7910374779495961,2.2335917204828326,0.23724848035032164,2.05,3.95,9.52,3.99,2.13,4.19,2.8,13.97,33.1,44.73,58.48,61.11,65.02,65.89,82.23,103.95,178.41,172.83,171.15,172.59,173.52,167.28,163.1,161.03
BN114_2019-08-17,BN114,2019-08-17,2,peak dominant,1713.94,2423.425,0.7072387220565934,2.3318902645366815,-0.22450824790738008,159.29,157.42,159.71,159.01,160.7,166.53,161.8,16.98,28.83,51.03,58.34,63.46,68.89,70.96,60.82,59.63,42.92,22.36,6.85,2.12,14.14,2.54,11.43,8.18
BN114_2019-08-21,BN114,2019-08-21,2,peak dominant,2372.35,2423.425,0.9789244560900378,1.910814171601998,0.3641596131403134,0.0,0.0,0.0,0.0,0.0,0.0,0.41,9.33,26.75,43.2,53.94,102.33,188.88,188.52,188.21,185.27,180.28,178.42,174.44,177.24,179.76,171.23,163.62,160.52
BN114_2019-10-02,BN114,2019-10-02,2,peak dominant,1903.73,2423.425,0.7855535038220699,2.191697352040468,-0.33173851155332784,159.42,158.75,155.88,154.64,158.71,166.1,170.02,168.22,173.85,46.42,59.18,63.65,66.24,64.05,57.75,46.7,28.33,5.73,0.09,0.0,0.0,0.0,0.0,0.0
